instrument_id,isin,symbol,resolution_status
NSE-ISIN:INE482D01024,INE482D01024,ACRYSIL,CERTIFIED
NSE-ISIN:INE144J01019,INE144J01019,20MICRONS,CERTIFIED
NSE-ISIN:INE144J01027,INE144J01027,20MICRONS,CERTIFIED
NSE-ISIN:INE253B01015,INE253B01015,21STCENMGM,CERTIFIED
NSE-ISIN:INE466L01038,INE466L01038,360ONE,CERTIFIED
NSE-ISIN:INE994E01018,INE994E01018,3BBLACKBIO,CERTIFIED
NSE-ISIN:INE748C01038,INE748C01038,3IINFOLTD,CERTIFIED
NSE-ISIN:INE748C01020,INE748C01020,3IINFOTECH,CERTIFIED
NSE-ISIN:INE470A01017,INE470A01017,3MINDIA,CERTIFIED
NSE-ISIN:INE105C01023,INE105C01023,3PLAND,CERTIFIED
NSE-ISIN:INE382T01030,INE382T01030,GVPTECH,CERTIFIED
NSE-ISIN:INE618L01018,INE618L01018,5PAISA,CERTIFIED
NSE-ISIN:INE111B01023,INE111B01023,63MOONS,CERTIFIED
NSE-ISIN:INE650K01021,INE650K01021,SECURKLOUD,CERTIFIED
NSE-ISIN:INE619I01012,INE619I01012,A2ZINFRA,CERTIFIED
NSE-ISIN:INE619I01012,INE619I01012,A2ZINFRA,CERTIFIED
NSE-ISIN:INE0D0U01013,INE0D0U01013,AAATECH,CERTIFIED
NSE-ISIN:INE883F01010,INE883F01010,AADHARHFC,CERTIFIED
NSE-ISIN:INE087Z01016,INE087Z01016,AAKASH,CERTIFIED
NSE-ISIN:INE087Z01024,INE087Z01024,AAKASH,CERTIFIED
NSE-ISIN:INE928K01013,INE928K01013,AANJANEYA,CERTIFIED
NSE-ISIN:INE198H01019,INE198H01019,AAREYDRUGS,CERTIFIED
NSE-ISIN:INE750R01016,INE750R01016,AARNAV,CERTIFIED
NSE-ISIN:INE721Z01010,INE721Z01010,AARON,CERTIFIED
NSE-ISIN:INE01C001026,INE01C001026,AARTECH,CERTIFIED
NSE-ISIN:INE767A01016,INE767A01016,AARTIDRUGS,CERTIFIED
NSE-ISIN:INE769A01020,INE769A01020,AARTIIND,CERTIFIED
NSE-ISIN:INE0LRU01027,INE0LRU01027,AARTIPHARM,CERTIFIED
NSE-ISIN:INE09EO01013,INE09EO01013,AARTISURF,CERTIFIED
NSE-ISIN:INE273D01019,INE273D01019,AARVEEDEN,CERTIFIED
NSE-ISIN:INE273D01027,INE273D01027,VGL,CERTIFIED
NSE-ISIN:INE754X01016,INE754X01016,AARVI,CERTIFIED
NSE-ISIN:INE2FMX01012,INE2FMX01012,AASTHA,CERTIFIED
NSE-ISIN:INE216P01012,INE216P01012,AAVAS,CERTIFIED
NSE-ISIN:INE421A01028,INE421A01028,ABAN,CERTIFIED
NSE-ISIN:INE421A01028,INE421A01028,ABAN,CERTIFIED
NSE-ISIN:INE421A01028,INE421A01028,ABAN,CERTIFIED
NSE-ISIN:INE365O01028,INE365O01028,ABANSENT,CERTIFIED
NSE-ISIN:INE117A01022,INE117A01022,ABB,CERTIFIED
NSE-ISIN:INE878A01011,INE878A01011,APIL,CERTIFIED
NSE-ISIN:INE358A01014,INE358A01014,ABBOTINDIA,CERTIFIED
NSE-ISIN:INE674K01013,INE674K01013,ABCAPITAL,CERTIFIED
NSE-ISIN:INE605B01016,INE605B01016,ABCIL,CERTIFIED
NSE-ISIN:INE08PH01015,INE08PH01015,ABCOTS,CERTIFIED
NSE-ISIN:INE552Z01027,INE552Z01027,ABDL,CERTIFIED
NSE-ISIN:INE647O01011,INE647O01011,ABFRL,CERTIFIED
NSE-ISIN:INE067H01016,INE067H01016,ABGSHIP,CERTIFIED
NSE-ISIN:INE004I01017,INE004I01017,ABHISHEK,CERTIFIED
NSE-ISIN:INE00YB01025,INE00YB01025,ABINFRA,CERTIFIED
NSE-ISIN:INE069A01017,INE069A01017,ABIRLANUVO,CERTIFIED
NSE-ISIN:INE14LE01019,INE14LE01019,ABLBL,CERTIFIED
NSE-ISIN:INE251C01025,INE251C01025,ABMINTLLTD,CERTIFIED
NSE-ISIN:INE251C01017,INE251C01017,ABMINTLTD,CERTIFIED
NSE-ISIN:INE850B01026,INE850B01026,ABMKNO,CERTIFIED
NSE-ISIN:INE055A01016,INE055A01016,ABREL,CERTIFIED
NSE-ISIN:INE189B01011,INE189B01011,INEABS,CERTIFIED
NSE-ISIN:INE404A01024,INE404A01024,ABSLAMC,CERTIFIED
NSE-ISIN:INE012A01025,INE012A01025,ACC,CERTIFIED
NSE-ISIN:INE793A01012,INE793A01012,ACCELYA,CERTIFIED
NSE-ISIN:INE648Z01015,INE648Z01015,ACCURACY,CERTIFIED
NSE-ISIN:INE648Z01023,INE648Z01023,ACCURACY,CERTIFIED
NSE-ISIN:INE731H01025,INE731H01025,ACE,CERTIFIED
NSE-ISIN:INE543V01017,INE543V01017,ACEINTEG,CERTIFIED
NSE-ISIN:INE451C01013,INE451C01013,ACGL,CERTIFIED
NSE-ISIN:INE128X01021,INE128X01021,ACI,CERTIFIED
NSE-ISIN:INE703H01016,INE703H01016,HUBTOWN,CERTIFIED
NSE-ISIN:INE666E01020,INE666E01020,ACL,CERTIFIED
NSE-ISIN:INE622W01025,INE622W01025,ACMESOLAR,CERTIFIED
NSE-ISIN:INE055L01013,INE055L01013,ACROPETAL,CERTIFIED
NSE-ISIN:INE482D01024,INE482D01024,CARYSIL,CERTIFIED
NSE-ISIN:INE366C01021,INE366C01021,ACSTECH,CERTIFIED
NSE-ISIN:INE00FF01025,INE00FF01025,ACUTAAS,CERTIFIED
NSE-ISIN:INE931S01010,INE931S01010,ADANIENSOL,CERTIFIED
NSE-ISIN:INE423A01024,INE423A01024,ADANIENT,CERTIFIED
NSE-ISIN:INE423A01024,INE423A01024,ADANIENT,CERTIFIED
NSE-ISIN:INE399L01023,INE399L01023,ATGL,CERTIFIED
NSE-ISIN:INE364U01010,INE364U01010,ADANIGREEN,CERTIFIED
NSE-ISIN:INE742F01042,INE742F01042,ADANIPORTS,CERTIFIED
NSE-ISIN:INE814H01011,INE814H01011,ADANIPOWER,CERTIFIED
NSE-ISIN:INE814H01029,INE814H01029,ADANIPOWER,CERTIFIED
NSE-ISIN:INE931S01010,INE931S01010,ADANIENSOL,CERTIFIED
NSE-ISIN:INE757C01021,INE757C01021,ADDIND,CERTIFIED
NSE-ISIN:INE982B01019,INE982B01019,ADFFOODS,CERTIFIED
NSE-ISIN:INE982B01027,INE982B01027,ADFFOODS,CERTIFIED
NSE-ISIN:INE400H01019,INE400H01019,ADHUNIK,CERTIFIED
NSE-ISIN:INE452L01012,INE452L01012,INCREDIBLE,CERTIFIED
NSE-ISIN:INE959A01019,INE959A01019,FAIRCHEM,CERTIFIED
NSE-ISIN:INE0CHO01012,INE0CHO01012,ADL,CERTIFIED
NSE-ISIN:INE172N01012,INE172N01012,IMAGICAA,CERTIFIED
NSE-ISIN:INE540B01015,INE540B01015,RELMEDIA,CERTIFIED
NSE-ISIN:INE045A01017,INE045A01017,ADOR,CERTIFIED
NSE-ISIN:INE045A01017,INE045A01017,ADOR,CERTIFIED
NSE-ISIN:INE737B01033,INE737B01033,ADROITINFO,CERTIFIED
NSE-ISIN:INE102I01027,INE102I01027,ADSL,CERTIFIED
NSE-ISIN:INE0ALI01010,INE0ALI01010,ADVAIT,CERTIFIED
NSE-ISIN:INE1B0W01010,INE1B0W01010,ADVANCE,CERTIFIED
NSE-ISIN:INE199C01026,INE199C01026,ADVANIHOTR,CERTIFIED
NSE-ISIN:INE045A01017,INE045A01017,ADORWELD,CERTIFIED
NSE-ISIN:INE517H01010,INE517H01010,ADVANTA,CERTIFIED
NSE-ISIN:INE28GN01010,INE28GN01010,ADVENTHTL,CERTIFIED
NSE-ISIN:INE837H01020,INE837H01020,ADVENZYMES,CERTIFIED
NSE-ISIN:INE178T01024,INE178T01024,ADVIKCA,CERTIFIED
NSE-ISIN:INE208C01017,INE208C01017,AEGISCHEM,CERTIFIED
NSE-ISIN:INE208C01025,INE208C01025,AEGISLOG,CERTIFIED
NSE-ISIN:INE208C01025,INE208C01025,AEGISLOG,CERTIFIED
NSE-ISIN:INE0INX01018,INE0INX01018,AEGISVOPAK,CERTIFIED
NSE-ISIN:INE757T01025,INE757T01025,AEPL,CERTIFIED
NSE-ISIN:INE947N01017,INE947N01017,AEQUS,CERTIFIED
NSE-ISIN:INE065D01027,INE065D01027,AEROENTER,CERTIFIED
NSE-ISIN:INE024001021,INE024001021,AEROFLEX,CERTIFIED
NSE-ISIN:INE035801013,INE035801013,AERONEU,CERTIFIED
NSE-ISIN:INE05TO01019,INE05TO01019,AEROPLANE,CERTIFIED
NSE-ISIN:INE0BWX01014,INE0BWX01014,AETHER,CERTIFIED
NSE-ISIN:INE101I01011,INE101I01011,AFCONS,CERTIFIED
NSE-ISIN:INE00WC01019,INE00WC01019,AFFLE,CERTIFIED
NSE-ISIN:INE00WC01027,INE00WC01027,AFFLE,CERTIFIED
NSE-ISIN:INE692Z01013,INE692Z01013,AFFORDABLE,CERTIFIED
NSE-ISIN:INE916Y01027,INE916Y01027,AFIL,CERTIFIED
NSE-ISIN:INE020G01017,INE020G01017,INSPIRISYS,CERTIFIED
NSE-ISIN:INE00ZE01026,INE00ZE01026,AFSL,CERTIFIED
NSE-ISIN:INE796A01023,INE796A01023,AFTEK,CERTIFIED
NSE-ISIN:INE796A01023,INE796A01023,AFTEK,CERTIFIED
NSE-ISIN:INE204E01012,INE204E01012,AGARIND,CERTIFIED
NSE-ISIN:INE943P01029,INE943P01029,AGARWALEYE,CERTIFIED
NSE-ISIN:INE676A01019,INE676A01019,AGCNET,CERTIFIED
NSE-ISIN:INE676A01027,INE676A01027,BBOX,CERTIFIED
NSE-ISIN:INE196B01016,INE196B01016,SHIRPUR-G,CERTIFIED
NSE-ISIN:INE415A01038,INE415A01038,AGI,CERTIFIED
NSE-ISIN:INE976R01033,INE976R01033,AGIIL,CERTIFIED
NSE-ISIN:INE1YPB01014,INE1YPB01014,AGL,CERTIFIED
NSE-ISIN:INE360L01017,INE360L01017,FMNL,CERTIFIED
NSE-ISIN:INE449G01018,INE449G01018,AGRITECH,CERTIFIED
NSE-ISIN:INE135B01014,INE135B01014,AGRODUTCH,CERTIFIED
NSE-ISIN:INE740V01019,INE740V01019,AGROPHOS,CERTIFIED
NSE-ISIN:INE583L01014,INE583L01014,AGSTRA,CERTIFIED
NSE-ISIN:INE0Y8W01025,INE0Y8W01025,AHCL,CERTIFIED
NSE-ISIN:INE00ZE01026,INE00ZE01026,AFSL,CERTIFIED
NSE-ISIN:INE00PV01013,INE00PV01013,AHLADA,CERTIFIED
NSE-ISIN:INE926K01017,INE926K01017,AHLEAST,CERTIFIED
NSE-ISIN:INE758C01029,INE758C01029,AHLUCONT,CERTIFIED
NSE-ISIN:INE915K01010,INE915K01010,AHLWEST,CERTIFIED
NSE-ISIN:INE425A01011,INE425A01011,METALFORGE,CERTIFIED
NSE-ISIN:INE212H01026,INE212H01026,AIAENG,CERTIFIED
NSE-ISIN:INE768E01024,INE768E01024,AICHAMP,CERTIFIED
NSE-ISIN:INE428O01016,INE428O01016,AIFL,CERTIFIED
NSE-ISIN:INE206F01022,INE206F01022,AIIL,CERTIFIED
NSE-ISIN:INE878A01011,INE878A01011,GEPIL,CERTIFIED
NSE-ISIN:INE743C01021,INE743C01021,JSWISPL,CERTIFIED
NSE-ISIN:INE645W01026,INE645W01026,AIRAN,CERTIFIED
NSE-ISIN:INE438H01019,INE438H01019,KFA,CERTIFIED
NSE-ISIN:INE801L01010,INE801L01010,AIROLAM,CERTIFIED
NSE-ISIN:INE031B01015,INE031B01015,AJANTPHARM,CERTIFIED
NSE-ISIN:INE031B01049,INE031B01049,AJANTPHARM,CERTIFIED
NSE-ISIN:INE274Y01021,INE274Y01021,AJAXENGG,CERTIFIED
NSE-ISIN:INE298G01027,INE298G01027,AJMERA,CERTIFIED
NSE-ISIN:INE298G01035,INE298G01035,AJMERA,CERTIFIED
NSE-ISIN:INE820Y01013,INE820Y01013,AJOONI,CERTIFIED
NSE-ISIN:INE820Y01021,INE820Y01021,AJOONI,CERTIFIED
NSE-ISIN:INE737W01013,INE737W01013,AKASH,CERTIFIED
NSE-ISIN:INE701G01012,INE701G01012,AKCAPIT,CERTIFIED
NSE-ISIN:INE00Y801016,INE00Y801016,AKG,CERTIFIED
NSE-ISIN:INE642Z01026,INE642Z01026,AKI,CERTIFIED
NSE-ISIN:INE703H01016,INE703H01016,ACKRUTI,CERTIFIED
NSE-ISIN:INE256Z01025,INE256Z01025,AKSHAR,CERTIFIED
NSE-ISIN:INE542B01011,INE542B01011,AKSHARCHEM,CERTIFIED
NSE-ISIN:INE523B01011,INE523B01011,AKSHOPTFBR,CERTIFIED
NSE-ISIN:INE09XN01023,INE09XN01023,AKUMS,CERTIFIED
NSE-ISIN:INE133A01011,INE133A01011,JSWDULUX,CERTIFIED
NSE-ISIN:INE914E01040,INE914E01040,ALANKIT,CERTIFIED
NSE-ISIN:INE155C01010,INE155C01010,ALBERTDAVD,CERTIFIED
NSE-ISIN:INE428A01015,INE428A01015,ALBK,CERTIFIED
NSE-ISIN:INE964B01033,INE964B01033,ALCHEM,CERTIFIED
NSE-ISIN:INE426A01027,INE426A01027,ALEMBICLTD,CERTIFIED
NSE-ISIN:INE427A01017,INE427A01017,ALFALAVAL,CERTIFIED
NSE-ISIN:INE782D01027,INE782D01027,ALFREDHE,CERTIFIED
NSE-ISIN:INE598D01035,INE598D01035,ALGOQUANT,CERTIFIED
NSE-ISIN:INE062D01024,INE062D01024,ALICON,CERTIFIED
NSE-ISIN:INE03Q201024,INE03Q201024,ALIVUS,CERTIFIED
NSE-ISIN:INE773I01017,INE773I01017,ALKALI,CERTIFIED
NSE-ISIN:INE540L01014,INE540L01014,ALKEM,CERTIFIED
NSE-ISIN:INE150B01013,INE150B01013,ALKYLAMINE,CERTIFIED
NSE-ISIN:INE150B01021,INE150B01021,ALKYLAMINE,CERTIFIED
NSE-ISIN:INE150B01039,INE150B01039,ALKYLAMINE,CERTIFIED
NSE-ISIN:INE418H01029,INE418H01029,ALLCARGO,CERTIFIED
NSE-ISIN:INE835G01018,INE835G01018,ALLDIGI,CERTIFIED
NSE-ISIN:INE835G01018,INE835G01018,ALLDIGI,CERTIFIED
NSE-ISIN:INE0GV601021,INE0GV601021,ALLTIME,CERTIFIED
NSE-ISIN:INE426A01027,INE426A01027,ALEMBICLTD,CERTIFIED
NSE-ISIN:INE326B01027,INE326B01027,ALMONDZ,CERTIFIED
NSE-ISIN:INE326B01035,INE326B01035,ALMONDZ,CERTIFIED
NSE-ISIN:INE270A01029,INE270A01029,ALOKINDS,CERTIFIED
NSE-ISIN:INE270A01011,INE270A01011,ALOKTEXT,CERTIFIED
NSE-ISIN:INE385I01010,INE385I01010,ALPA,CERTIFIED
NSE-ISIN:INE137C01018,INE137C01018,ALPHAGEO,CERTIFIED
NSE-ISIN:INE1JCQ01037,INE1JCQ01037,ALPINETEX,CERTIFIED
NSE-ISIN:INE093B01015,INE093B01015,ALPSINDUS,CERTIFIED
NSE-ISIN:INE200A01026,INE200A01026,GET&D,CERTIFIED
NSE-ISIN:INE058F01019,INE058F01019,ALUFLUOR,CERTIFIED
NSE-ISIN:INE121R01077,INE121R01077,AMAGI,CERTIFIED
NSE-ISIN:INE841D01013,INE841D01013,AMAL,CERTIFIED
NSE-ISIN:INE084K01015,INE084K01015,AMANTA,CERTIFIED
NSE-ISIN:INE787G01011,INE787G01011,AMAR,CERTIFIED
NSE-ISIN:INE885A01024,INE885A01024,AMARAJABAT,CERTIFIED
NSE-ISIN:INE885A01032,INE885A01032,ARE&M,CERTIFIED
NSE-ISIN:INE484D01012,INE484D01012,AMARJOTHI,CERTIFIED
NSE-ISIN:INE432A01017,INE432A01017,AMBALALSA,CERTIFIED
NSE-ISIN:INE371P01015,INE371P01015,AMBER,CERTIFIED
NSE-ISIN:INE792B01012,INE792B01012,AMBICAAGAR,CERTIFIED
NSE-ISIN:INE540G01014,INE540G01014,AMBIKCO,CERTIFIED
NSE-ISIN:INE079A01024,INE079A01024,AMBUJACEM,CERTIFIED
NSE-ISIN:INE005I01014,INE005I01014,AMDIND,CERTIFIED
NSE-ISIN:INE005I01014,INE005I01014,AMDIND,CERTIFIED
NSE-ISIN:INE00FF01025,INE00FF01025,ACUTAAS,CERTIFIED
NSE-ISIN:INE05TO01019,INE05TO01019,AEROPLANE,CERTIFIED
NSE-ISIN:INE606A01024,INE606A01024,AMJLAND,CERTIFIED
NSE-ISIN:INE004I01017,INE004I01017,ABHISHEK,CERTIFIED
NSE-ISIN:INE577F01018,INE577F01018,AMLSTEEL,CERTIFIED
NSE-ISIN:INE275D01022,INE275D01022,AMNPLST,CERTIFIED
NSE-ISIN:INE098F01015,INE098F01015,AMRUTANJAN,CERTIFIED
NSE-ISIN:INE098F01023,INE098F01023,AMRUTANJAN,CERTIFIED
NSE-ISIN:INE098F01031,INE098F01031,AMRUTANJAN,CERTIFIED
NSE-ISIN:INE130C01021,INE130C01021,AMTEKAUTO,CERTIFIED
NSE-ISIN:INE068D01021,INE068D01021,CASTEXTECH,CERTIFIED
NSE-ISIN:INE782A01015,INE782A01015,HITACHIHOM,CERTIFIED
NSE-ISIN:INE705C01012,INE705C01012,SHIVTEX,CERTIFIED
NSE-ISIN:INE618N01014,INE618N01014,ANANDAMRUB,CERTIFIED
NSE-ISIN:INE463V01026,INE463V01026,ANANDRATHI,CERTIFIED
NSE-ISIN:INE242C01024,INE242C01024,ANANTRAJ,CERTIFIED
NSE-ISIN:INE434A01013,INE434A01013,ANDHRABANK,CERTIFIED
NSE-ISIN:INE666E01012,INE666E01012,ANDHRACEMT,CERTIFIED
NSE-ISIN:INE435A01028,INE435A01028,ANDHRAPAP,CERTIFIED
NSE-ISIN:INE435A01051,INE435A01051,ANDHRAPAP,CERTIFIED
NSE-ISIN:INE715B01013,INE715B01013,ANDHRSUGAR,CERTIFIED
NSE-ISIN:INE715B01021,INE715B01021,ANDHRSUGAR,CERTIFIED
NSE-ISIN:INE449C01025,INE449C01025,ANDREWYU,CERTIFIED
NSE-ISIN:INE017D01010,INE017D01010,ANGIND,CERTIFIED
NSE-ISIN:INE732I01013,INE732I01013,ANGELBRKG,CERTIFIED
NSE-ISIN:INE732I01021,INE732I01021,ANGELONE,CERTIFIED
NSE-ISIN:INE732I01021,INE732I01021,ANGELONE,CERTIFIED
NSE-ISIN:INE017D01010,INE017D01010,ANGIND,CERTIFIED
NSE-ISIN:INE087B01017,INE087B01017,ANIKINDS,CERTIFIED
NSE-ISIN:INE106I01010,INE106I01010,ANKITMETAL,CERTIFIED
NSE-ISIN:INE02AR01019,INE02AR01019,ANMOL,CERTIFIED
NSE-ISIN:INE0MGM01017,INE0MGM01017,ANNAPURNA,CERTIFIED
NSE-ISIN:INE103001017,INE103001017,ANNU,CERTIFIED
NSE-ISIN:INE436A01026,INE436A01026,ANSALAPI,CERTIFIED
NSE-ISIN:INE030C01015,INE030C01015,ANSALBU,CERTIFIED
NSE-ISIN:INE880B01015,INE880B01015,ANSALHSG,CERTIFIED
NSE-ISIN:INE436A01026,INE436A01026,ANSALAPI,CERTIFIED
NSE-ISIN:INE436A01026,INE436A01026,ANSALAPI,CERTIFIED
NSE-ISIN:INE818A01017,INE818A01017,ANTELOPUS,CERTIFIED
NSE-ISIN:INE414B01021,INE414B01021,ANTGRAPHIC,CERTIFIED
NSE-ISIN:INE0CZ201020,INE0CZ201020,ANTHEM,CERTIFIED
NSE-ISIN:INE489G01022,INE489G01022,ANUHPHR,CERTIFIED
NSE-ISIN:INE294Z01018,INE294Z01018,ANUP,CERTIFIED
NSE-ISIN:INE930P01018,INE930P01018,ANURAS,CERTIFIED
NSE-ISIN:INE372A01015,INE372A01015,APARINDS,CERTIFIED
NSE-ISIN:INE071F01012,INE071F01012,APCL,CERTIFIED
NSE-ISIN:INE116A01016,INE116A01016,APCOTEXIND,CERTIFIED
NSE-ISIN:INE116A01024,INE116A01024,APCOTEXIND,CERTIFIED
NSE-ISIN:INE116A01032,INE116A01032,APCOTEXIND,CERTIFIED
NSE-ISIN:INE346W01013,INE346W01013,APEX,CERTIFIED
NSE-ISIN:INE878A01011,INE878A01011,GEPIL,CERTIFIED
NSE-ISIN:INE273A01015,INE273A01015,APLAB,CERTIFIED
NSE-ISIN:INE702C01019,INE702C01019,APLAPOLLO,CERTIFIED
NSE-ISIN:INE702C01027,INE702C01027,APLAPOLLO,CERTIFIED
NSE-ISIN:INE901L01018,INE901L01018,APLLTD,CERTIFIED
NSE-ISIN:INE713T01010,INE713T01010,APOLLO,CERTIFIED
NSE-ISIN:INE713T01028,INE713T01028,APOLLO,CERTIFIED
NSE-ISIN:INE437A01024,INE437A01024,APOLLOHOSP,CERTIFIED
NSE-ISIN:INE126J01016,INE126J01016,APOLLOPIPE,CERTIFIED
NSE-ISIN:INE865C01022,INE865C01022,BIRLAMONEY,CERTIFIED
NSE-ISIN:INE438A01022,INE438A01022,APOLLOTYRE,CERTIFIED
NSE-ISIN:INE451F01016,INE451F01016,APOLSINHOT,CERTIFIED
NSE-ISIN:INE451F01024,INE451F01024,APOLSINHOT,CERTIFIED
NSE-ISIN:INE217S01014,INE217S01014,APOORVA,CERTIFIED
NSE-ISIN:INE435A01028,INE435A01028,IPAPPM,CERTIFIED
NSE-ISIN:INE266F01018,INE266F01018,APTECHT,CERTIFIED
NSE-ISIN:INE852O01025,INE852O01025,APTUS,CERTIFIED
NSE-ISIN:INE544K01026,INE544K01026,AQUA,CERTIFIED
NSE-ISIN:INE416A01051,INE416A01051,AQYLON,CERTIFIED
NSE-ISIN:INE877I01016,INE877I01016,ARCHIDPLY,CERTIFIED
NSE-ISIN:INE731A01020,INE731A01020,ARCHIES,CERTIFIED
NSE-ISIN:INE372M01010,INE372M01010,ARCL,CERTIFIED
NSE-ISIN:INE574I01035,INE574I01035,ARCOTECH,CERTIFIED
NSE-ISIN:INE0XNF01022,INE0XNF01022,ARDEE,CERTIFIED
NSE-ISIN:INE885A01032,INE885A01032,ARE&M,CERTIFIED
NSE-ISIN:INE610C01014,INE610C01014,ARENTERP,CERTIFIED
NSE-ISIN:INE200A01026,INE200A01026,AREVAT&D,CERTIFIED
NSE-ISIN:INE200A01026,INE200A01026,ALSTOMT&D,CERTIFIED
NSE-ISIN:INE784R01023,INE784R01023,ARFIN,CERTIFIED
NSE-ISIN:INE737B01033,INE737B01033,SPHEREGSL,CERTIFIED
NSE-ISIN:INE298I01015,INE298I01015,ARIES,CERTIFIED
NSE-ISIN:INE413D01011,INE413D01011,ARIHANT,CERTIFIED
NSE-ISIN:INE420B01036,INE420B01036,ARIHANTCAP,CERTIFIED
NSE-ISIN:INE643K01018,INE643K01018,ARIHANTSUP,CERTIFIED
NSE-ISIN:INE0H9P01028,INE0H9P01028,ARIS,CERTIFIED
NSE-ISIN:INE0H9P01028,INE0H9P01028,ARIS,CERTIFIED
NSE-ISIN:INE0QRL01017,INE0QRL01017,ARKADE,CERTIFIED
NSE-ISIN:INE211C01029,INE211C01029,ARL,CERTIFIED
NSE-ISIN:INE109C01017,INE109C01017,ARMANFIN,CERTIFIED
NSE-ISIN:INE210C01013,INE210C01013,AROGRANITE,CERTIFIED
NSE-ISIN:INE570D01018,INE570D01018,ARROWGREEN,CERTIFIED
NSE-ISIN:INE570D01018,INE570D01018,ARROWGREEN,CERTIFIED
NSE-ISIN:INE124G01033,INE124G01033,DELTACORP,CERTIFIED
NSE-ISIN:INE933J01015,INE933J01015,ARROWTEX,CERTIFIED
NSE-ISIN:INE968D01022,INE968D01022,ARSHIYA,CERTIFIED
NSE-ISIN:INE549H01021,INE549H01021,ARSSBL,CERTIFIED
NSE-ISIN:INE267I01010,INE267I01010,ARSSINFRA,CERTIFIED
NSE-ISIN:INE025R01013,INE025R01013,ARTEMISMED,CERTIFIED
NSE-ISIN:INE025R01021,INE025R01021,ARTEMISMED,CERTIFIED
NSE-ISIN:INE738V01013,INE738V01013,ARTNIRMAN,CERTIFIED
NSE-ISIN:INE006Z01016,INE006Z01016,ARVEE,CERTIFIED
NSE-ISIN:INE034A01011,INE034A01011,ARVIND,CERTIFIED
NSE-ISIN:INE955V01021,INE955V01021,ARVINDFASN,CERTIFIED
NSE-ISIN:INE034A01011,INE034A01011,ARVIND,CERTIFIED
NSE-ISIN:INE034S01021,INE034S01021,ARVSMART,CERTIFIED
NSE-ISIN:INE034S01021,INE034S01021,ARVSMART,CERTIFIED
NSE-ISIN:INE032E01017,INE032E01017,ARYAMAN,CERTIFIED
NSE-ISIN:INE439A01020,INE439A01020,ASAHIINDIA,CERTIFIED
NSE-ISIN:INE228I01012,INE228I01012,ASAHISONG,CERTIFIED
NSE-ISIN:INE900C01027,INE900C01027,ASAL,CERTIFIED
NSE-ISIN:INE073G01016,INE073G01016,ASALCBR,CERTIFIED
NSE-ISIN:INE348A01023,INE348A01023,ASHAPURMIN,CERTIFIED
NSE-ISIN:INE714F01033,INE714F01033,ASHCONIUL,CERTIFIED
NSE-ISIN:INE365D01013,INE365D01013,ASHIANA,CERTIFIED
NSE-ISIN:INE365D01021,INE365D01021,ASHIANA,CERTIFIED
NSE-ISIN:INE094B01013,INE094B01013,ASHIKAG,CERTIFIED
NSE-ISIN:INE094B01013,INE094B01013,ASHIKAG,CERTIFIED
NSE-ISIN:INE440A01010,INE440A01010,ASHIMASYN,CERTIFIED
NSE-ISIN:INE442H01011,INE442H01011,ASHOKA,CERTIFIED
NSE-ISIN:INE442H01029,INE442H01029,ASHOKA,CERTIFIED
NSE-ISIN:INE760Y01011,INE760Y01011,ASHOKAMET,CERTIFIED
NSE-ISIN:INE208A01029,INE208A01029,ASHOKLEY,CERTIFIED
NSE-ISIN:INE276G01015,INE276G01015,ASIANENE,CERTIFIED
NSE-ISIN:INE363A01022,INE363A01022,ASIANHOTNR,CERTIFIED
NSE-ISIN:INE021A01018,INE021A01018,ASIANPAINT,CERTIFIED
NSE-ISIN:INE021A01026,INE021A01026,ASIANPAINT,CERTIFIED
NSE-ISIN:INE022I01019,INE022I01019,ASIANTILES,CERTIFIED
NSE-ISIN:INE822B01017,INE822B01017,ASIANTNE,CERTIFIED
NSE-ISIN:INE988A01026,INE988A01026,ASIL,CERTIFIED
NSE-ISIN:INE491J01022,INE491J01022,ASKAUTOLTD,CERTIFIED
NSE-ISIN:INE855F01042,INE855F01042,ASMS,CERTIFIED
NSE-ISIN:INE991I01015,INE991I01015,ASPINWALL,CERTIFIED
NSE-ISIN:INE442A01024,INE442A01024,ASSAMCO,CERTIFIED
NSE-ISIN:INE165G01010,INE165G01010,ASSAMENT,CERTIFIED
NSE-ISIN:INE194D01017,INE194D01017,ASTAR,CERTIFIED
NSE-ISIN:INE563J01010,INE563J01010,ASTEC,CERTIFIED
NSE-ISIN:INE914M01019,INE914M01019,ASTERDM,CERTIFIED
NSE-ISIN:INE900K01012,INE900K01012,ASTERSILI,CERTIFIED
NSE-ISIN:INE203A01020,INE203A01020,ASTRAZEN,CERTIFIED
NSE-ISIN:INE006I01020,INE006I01020,ASTRAL,CERTIFIED
NSE-ISIN:INE006I01046,INE006I01046,ASTRAL,CERTIFIED
NSE-ISIN:INE386C01029,INE386C01029,ASTRAMICRO,CERTIFIED
NSE-ISIN:INE203A01020,INE203A01020,ASTRAZEN,CERTIFIED
NSE-ISIN:INE646X01014,INE646X01014,ASTRON,CERTIFIED
NSE-ISIN:INE0ALR01029,INE0ALR01029,ATALREAL,CERTIFIED
NSE-ISIN:INE09KD01013,INE09KD01013,ATAM,CERTIFIED
NSE-ISIN:INE209A01019,INE209A01019,SUNDROP,CERTIFIED
NSE-ISIN:INE399L01023,INE399L01023,ATGL,CERTIFIED
NSE-ISIN:INE0LEZ01016,INE0LEZ01016,ATHERENERG,CERTIFIED
NSE-ISIN:INE0NN701020,INE0NN701020,ATL,CERTIFIED
NSE-ISIN:INE285H01022,INE285H01022,ATLANTAA,CERTIFIED
NSE-ISIN:INE285H01022,INE285H01022,ATLANTAA,CERTIFIED
NSE-ISIN:INE0Z4F01028,INE0Z4F01028,ATLANTAELE,CERTIFIED
NSE-ISIN:INE446A01017,INE446A01017,ATLASCYCLE,CERTIFIED
NSE-ISIN:INE446A01025,INE446A01025,ATLASCYCLE,CERTIFIED
NSE-ISIN:INE803A01027,INE803A01027,ATNINTER,CERTIFIED
NSE-ISIN:INE100A01010,INE100A01010,ATUL,CERTIFIED
NSE-ISIN:INE951D01028,INE951D01028,ATULAUTO,CERTIFIED
NSE-ISIN:INE100A01010,INE100A01010,ATUL,CERTIFIED
NSE-ISIN:INE949L01017,INE949L01017,AUBANK,CERTIFIED
NSE-ISIN:INE16W401027,INE16W401027,AUGMONT,CERTIFIED
NSE-ISIN:INE132H01018,INE132H01018,AURIONPRO,CERTIFIED
NSE-ISIN:INE406A01037,INE406A01037,AUROPHARMA,CERTIFIED
NSE-ISIN:INE898S01029,INE898S01029,AURUM,CERTIFIED
NSE-ISIN:INE142K01011,INE142K01011,AURUS,CERTIFIED
NSE-ISIN:INE218C01016,INE218C01016,AUSOMENT,CERTIFIED
NSE-ISIN:INE759F01012,INE759F01012,AUSTENG,CERTIFIED
NSE-ISIN:INE455J01027,INE455J01027,AUSTRAL,CERTIFIED
NSE-ISIN:INE449A01011,INE449A01011,AUTOAXLES,CERTIFIED
NSE-ISIN:INE718H01014,INE718H01014,AUTOIND,CERTIFIED
NSE-ISIN:INE448A01013,INE448A01013,AUTOLITIND,CERTIFIED
NSE-ISIN:INE349W01017,INE349W01017,AVADHSUGAR,CERTIFIED
NSE-ISIN:INE0LCL01028,INE0LCL01028,AVALON,CERTIFIED
NSE-ISIN:INE758A01072,INE758A01072,AVANCE,CERTIFIED
NSE-ISIN:INE005B01027,INE005B01027,AVANTEL,CERTIFIED
NSE-ISIN:INE871C01020,INE871C01020,AVANTIFEED,CERTIFIED
NSE-ISIN:INE871C01038,INE871C01038,AVANTIFEED,CERTIFIED
NSE-ISIN:INE676A01019,INE676A01019,AGCNET,CERTIFIED
NSE-ISIN:INE058A01010,INE058A01010,SANOFI,CERTIFIED
NSE-ISIN:INE680Z01018,INE680Z01018,AVG,CERTIFIED
NSE-ISIN:INE679V01027,INE679V01027,AVL,CERTIFIED
NSE-ISIN:INE323B01024,INE323B01024,AVONMORE,CERTIFIED
NSE-ISIN:INE652Z01025,INE652Z01025,AVROIND,CERTIFIED
NSE-ISIN:INE652Z01025,INE652Z01025,AVROIND,CERTIFIED
NSE-ISIN:INE488D01013,INE488D01013,AVTNPL,CERTIFIED
NSE-ISIN:INE488D01021,INE488D01021,AVTNPL,CERTIFIED
NSE-ISIN:INE108V01019,INE108V01019,AWFIS,CERTIFIED
NSE-ISIN:INE01BK01022,INE01BK01022,AWHCL,CERTIFIED
NSE-ISIN:INE699H01024,INE699H01024,AWL,CERTIFIED
NSE-ISIN:INE555B01013,INE555B01013,AXISCADES,CERTIFIED
NSE-ISIN:INE238A01026,INE238A01026,AXISBANK,CERTIFIED
NSE-ISIN:INE238A01034,INE238A01034,AXISBANK,CERTIFIED
NSE-ISIN:INE555B01013,INE555B01013,AXISCADES,CERTIFIED
NSE-ISIN:INE02EZ01022,INE02EZ01022,AXITA,CERTIFIED
NSE-ISIN:INE767C01012,INE767C01012,AXTEL,CERTIFIED
NSE-ISIN:INE501X01029,INE501X01029,AYE,CERTIFIED
NSE-ISIN:INE193B01039,INE193B01039,AYMSYNTEX,CERTIFIED
NSE-ISIN:INE02IJ01035,INE02IJ01035,AZAD,CERTIFIED
NSE-ISIN:INE566M01017,INE566M01017,AZADIND,CERTIFIED
NSE-ISIN:INE878I01022,INE878I01022,BAFNAPH,CERTIFIED
NSE-ISIN:INE878I01014,INE878I01014,BAFNAPHARM,CERTIFIED
NSE-ISIN:INE116D01028,INE116D01028,BAGFILMS,CERTIFIED
NSE-ISIN:INE458B01028,INE458B01028,BHAGYNAGAR,CERTIFIED
NSE-ISIN:INE020D01022,INE020D01022,BAIDFIN,CERTIFIED
NSE-ISIN:INE917I01010,INE917I01010,BAJAJ-AUTO,CERTIFIED
NSE-ISIN:INE118A01012,INE118A01012,BAJAJHLDNG,CERTIFIED
NSE-ISIN:INE933K01021,INE933K01021,BAJAJCON,CERTIFIED
NSE-ISIN:INE933K01021,INE933K01021,BAJAJCON,CERTIFIED
NSE-ISIN:INE193E01025,INE193E01025,BAJAJELEC,CERTIFIED
NSE-ISIN:INE918I01018,INE918I01018,BAJAJFINSV,CERTIFIED
NSE-ISIN:INE918I01026,INE918I01026,BAJAJFINSV,CERTIFIED
NSE-ISIN:INE411U01027,INE411U01027,BAJAJHCARE,CERTIFIED
NSE-ISIN:INE377Y01014,INE377Y01014,BAJAJHFL,CERTIFIED
NSE-ISIN:INE306A01021,INE306A01021,BAJAJHIND,CERTIFIED
NSE-ISIN:INE118A01012,INE118A01012,BAJAJHLDNG,CERTIFIED
NSE-ISIN:INE0O9T01021,INE0O9T01021,BAJAJINDEF,CERTIFIED
NSE-ISIN:INE704G01024,INE704G01024,BAJAJST,CERTIFIED
NSE-ISIN:INE451A01017,INE451A01017,FORCEMOT,CERTIFIED
NSE-ISIN:INE0KQN01018,INE0KQN01018,BAJEL,CERTIFIED
NSE-ISIN:INE296A01016,INE296A01016,BAJFINANCE,CERTIFIED
NSE-ISIN:INE296A01016,INE296A01024,BAJFINANCE,CERTIFIED
NSE-ISIN:INE296A01032,INE296A01032,BAJFINANCE,CERTIFIED
NSE-ISIN:INE0S2G01011,INE0S2G01011,BALAJEE,CERTIFIED
NSE-ISIN:INE794B01026,INE794B01026,BALAJITELE,CERTIFIED
NSE-ISIN:INE050E01027,INE050E01027,BALAMINES,CERTIFIED
NSE-ISIN:INE618N01014,INE618N01014,BALAXI,CERTIFIED
NSE-ISIN:INE618N01022,INE618N01022,BALAXI,CERTIFIED
NSE-ISIN:INE875R01011,INE875R01011,BALKRISHNA,CERTIFIED
NSE-ISIN:INE787D01026,INE787D01026,BALKRISIND,CERTIFIED
NSE-ISIN:INE294A01037,INE294A01037,BALLARPUR,CERTIFIED
NSE-ISIN:INE164A01016,INE164A01016,BALMLAWRIE,CERTIFIED
NSE-ISIN:INE083D01012,INE083D01012,BALPHARMA,CERTIFIED
NSE-ISIN:INE119A01028,INE119A01028,BALRAMCHIN,CERTIFIED
NSE-ISIN:INE011E01029,INE011E01029,BALUFORGE,CERTIFIED
NSE-ISIN:INE655B01011,INE655B01011,BANARBEADS,CERTIFIED
NSE-ISIN:INE459A01010,INE459A01010,BANARISUG,CERTIFIED
NSE-ISIN:INE213C01025,INE213C01025,BANCOINDIA,CERTIFIED
NSE-ISIN:INE213C01025,INE213C01025,BANCOINDIA,CERTIFIED
NSE-ISIN:INE545U01014,INE545U01014,BANDHANBNK,CERTIFIED
NSE-ISIN:INE863I01016,INE863I01016,BANG,CERTIFIED
NSE-ISIN:INE862Y01015,INE862Y01015,BANKA,CERTIFIED
NSE-ISIN:INE028A01013,INE028A01013,BANKBARODA,CERTIFIED
NSE-ISIN:INE028A01039,INE028A01039,BANKBARODA,CERTIFIED
NSE-ISIN:INE084A01016,INE084A01016,BANKINDIA,CERTIFIED
NSE-ISIN:INE0B9K01025,INE0B9K01025,BANSALWIRE,CERTIFIED
NSE-ISIN:INE629D01012,INE629D01012,BANSWRAS,CERTIFIED
NSE-ISIN:INE629D01020,INE629D01020,BANSWRAS,CERTIFIED
NSE-ISIN:INE382M01027,INE382M01027,UFBL,CERTIFIED
NSE-ISIN:INE855F01034,INE855F01034,BARTRONICS,CERTIFIED
NSE-ISIN:INE373A01013,INE373A01013,BASF,CERTIFIED
NSE-ISIN:INE186H01014,INE186H01014,BASML,CERTIFIED
NSE-ISIN:INE186H01022,INE186H01022,BASML,CERTIFIED
NSE-ISIN:INE176A01010,INE176A01010,BATAINDIA,CERTIFIED
NSE-ISIN:INE176A01010,INE176A01028,BATAINDIA,CERTIFIED
NSE-ISIN:INE177C01022,INE177C01022,BATLIBOI,CERTIFIED
NSE-ISIN:INE462A01022,INE462A01022,BAYERCROP,CERTIFIED
NSE-ISIN:INE464A01028,INE464A01028,BBL,CERTIFIED
NSE-ISIN:INE464A01036,INE464A01036,BBL,CERTIFIED
NSE-ISIN:INE676A01027,INE676A01027,BBOX,CERTIFIED
NSE-ISIN:INE050A01017,INE050A01017,BBTC,CERTIFIED
NSE-ISIN:INE050A01025,INE050A01025,BBTC,CERTIFIED
NSE-ISIN:INE01EE01011,INE01EE01011,BBTCL,CERTIFIED
NSE-ISIN:INE605B01016,INE605B01016,ABCIL,CERTIFIED
NSE-ISIN:INE425B01027,INE425B01027,BCG,CERTIFIED
NSE-ISIN:INE412G01016,INE412G01016,BCLIND,CERTIFIED
NSE-ISIN:INE412G01024,INE412G01024,BCLIND,CERTIFIED
NSE-ISIN:INE977Y01011,INE977Y01011,BCONCEPTS,CERTIFIED
NSE-ISIN:INE905P01028,INE905P01028,BCP,CERTIFIED
NSE-ISIN:INE00SW01015,INE00SW01015,BCPL,CERTIFIED
NSE-ISIN:INE171Z01018,INE171Z01018,BDL,CERTIFIED
NSE-ISIN:INE171Z01026,INE171Z01026,BDL,CERTIFIED
NSE-ISIN:INE520H01014,INE520H01014,BEARDSELL,CERTIFIED
NSE-ISIN:INE520H01022,INE520H01022,BEARDSELL,CERTIFIED
NSE-ISIN:INE495P01012,INE495P01012,BECTORFOOD,CERTIFIED
NSE-ISIN:INE495P01020,INE495P01020,BECTORFOOD,CERTIFIED
NSE-ISIN:INE844K01012,INE844K01012,BEDMUTHA,CERTIFIED
NSE-ISIN:INE213D01015,INE213D01015,BEEKAY,CERTIFIED
NSE-ISIN:INE263A01016,INE263A01016,BEL,CERTIFIED
NSE-ISIN:INE263A01024,INE263A01024,BEL,CERTIFIED
NSE-ISIN:INE344T01014,INE344T01014,BELLACASA,CERTIFIED
NSE-ISIN:INE403A01026,INE403A01026,BELLCERATL,CERTIFIED
NSE-ISIN:INE894V01022,INE894V01022,BELRISE,CERTIFIED
NSE-ISIN:INE258A01016,INE258A01016,BEML,CERTIFIED
NSE-ISIN:INE258A01024,INE258A01024,BEML,CERTIFIED
NSE-ISIN:INE664D01019,INE664D01019,BENARAS,CERTIFIED
NSE-ISIN:INE083K01017,INE083K01017,BENGALASM,CERTIFIED
NSE-ISIN:INE922A01025,INE922A01025,BEPL,CERTIFIED
NSE-ISIN:INE463A01020,INE463A01020,BERGEPAINT,CERTIFIED
NSE-ISIN:INE463A01038,INE463A01038,BERGEPAINT,CERTIFIED
NSE-ISIN:INE052T01013,INE052T01013,BESTAGRO,CERTIFIED
NSE-ISIN:INE052T01021,INE052T01021,BESTAGRO,CERTIFIED
NSE-ISIN:INE351Y01019,INE351Y01019,BETA,CERTIFIED
NSE-ISIN:INE878K01010,INE878K01010,BFINVEST,CERTIFIED
NSE-ISIN:INE356A01018,INE356A01018,MPHASIS,CERTIFIED
NSE-ISIN:INE243D01012,INE243D01012,BFUTILITIE,CERTIFIED
NSE-ISIN:INE224M01013,INE224M01013,BGLOBAL,CERTIFIED
NSE-ISIN:INE661I01014,INE661I01014,BGRENERGY,CERTIFIED
NSE-ISIN:INE414D01027,INE414D01027,BHAGCHEM,CERTIFIED
NSE-ISIN:INE354C01027,INE354C01027,BHAGERIA,CERTIFIED
NSE-ISIN:INE797H01018,INE797H01018,TGBHOTELS,CERTIFIED
NSE-ISIN:INE458B01036,INE458B01036,BHAGYANGR,CERTIFIED
NSE-ISIN:INE363W01018,INE363W01018,BHAGYAPROP,CERTIFIED
NSE-ISIN:INE458B01028,INE458B01028,BHAGYNAGAR,CERTIFIED
NSE-ISIN:INE474E01029,INE474E01029,BHANDARI,CERTIFIED
NSE-ISIN:INE922A01025,INE922A01025,BEPL,CERTIFIED
NSE-ISIN:INE05XR01022,INE05XR01022,BHARATCOAL,CERTIFIED
NSE-ISIN:INE180K01011,INE180K01011,BHARATFIN,CERTIFIED
NSE-ISIN:INE465A01025,INE465A01025,BHARATFORG,CERTIFIED
NSE-ISIN:INE561C01019,INE561C01019,BHARATGEAR,CERTIFIED
NSE-ISIN:INE673G01013,INE673G01013,BHARATIDIL,CERTIFIED
NSE-ISIN:INE838B01013,INE838B01013,BHARATRAS,CERTIFIED
NSE-ISIN:INE838B01021,INE838B01021,BHARATRAS,CERTIFIED
NSE-ISIN:INE415D01024,INE415D01024,BHARATSE,CERTIFIED
NSE-ISIN:INE316L01019,INE316L01019,BHARATWIRE,CERTIFIED
NSE-ISIN:INE397D01024,INE397D01024,BHARTIARTL,CERTIFIED
NSE-ISIN:INE397D01024,INE397D01024,BHARTIARTL,CERTIFIED
NSE-ISIN:INE343G01021,INE343G01021,BHARTIHEXA,CERTIFIED
NSE-ISIN:INE673G01013,INE673G01013,BHARATIDIL,CERTIFIED
NSE-ISIN:INE257A01026,INE257A01026,BHEL,CERTIFIED
NSE-ISIN:INE824B01021,INE824B01021,TATASTLBSL,CERTIFIED
NSE-ISIN:INE986A01012,INE986A01012,BI,CERTIFIED
NSE-ISIN:INE412U01017,INE412U01017,BIGBLOC,CERTIFIED
NSE-ISIN:INE412U01025,INE412U01025,BIGBLOC,CERTIFIED
NSE-ISIN:INE605B01016,INE605B01016,ABCIL,CERTIFIED
NSE-ISIN:INE00E101023,INE00E101023,BIKAJI,CERTIFIED
NSE-ISIN:INE828A01016,INE828A01016,BIL,CERTIFIED
NSE-ISIN:INE607L01029,INE607L01029,BILENERGY,CERTIFIED
NSE-ISIN:INE952D01018,INE952D01018,BILPOWER,CERTIFIED
NSE-ISIN:INE071A01013,INE071A01013,BILVYAPAR,CERTIFIED
NSE-ISIN:INE469A01019,INE469A01019,BIMETAL,CERTIFIED
NSE-ISIN:INE071A01013,INE071A01013,BILVYAPAR,CERTIFIED
NSE-ISIN:INE143A01010,INE143A01010,OSWALGREEN,CERTIFIED
NSE-ISIN:INE376G01013,INE376G01013,BIOCON,CERTIFIED
NSE-ISIN:INE829A01014,INE829A01014,BIOFILCHEM,CERTIFIED
NSE-ISIN:INE470A01017,INE470A01017,3MINDIA,CERTIFIED
NSE-ISIN:INE800A01015,INE800A01015,BIRLACABLE,CERTIFIED
NSE-ISIN:INE340A01012,INE340A01012,BIRLACORPN,CERTIFIED
NSE-ISIN:INE655I01024,INE655I01024,BIRLACOT,CERTIFIED
NSE-ISIN:INE800A01015,INE800A01015,BIRLACABLE,CERTIFIED
NSE-ISIN:INE340A01012,INE340A01012,BIRLACORPN,CERTIFIED
NSE-ISIN:INE865C01022,INE865C01022,BIRLAMONEY,CERTIFIED
NSE-ISIN:INE557A01011,INE557A01011,BIRLANU,CERTIFIED
NSE-ISIN:INE224B01024,INE224B01024,BIRLAPOWER,CERTIFIED
NSE-ISIN:INE372E01025,INE372E01025,BIRLAPREC,CERTIFIED
NSE-ISIN:INE0AEJ01013,INE0AEJ01013,BIRLATYRE,CERTIFIED
NSE-ISIN:INE224B01024,INE224B01024,BIRLAPOWER,CERTIFIED
NSE-ISIN:INE831Q01016,INE831Q01016,BKMINDST,CERTIFIED
NSE-ISIN:INE0UIZ01018,INE0UIZ01018,BLACKBUCK,CERTIFIED
NSE-ISIN:INE761G01016,INE761G01016,BLACKROSE,CERTIFIED
NSE-ISIN:INE0N7W01012,INE0N7W01012,BLAL,CERTIFIED
NSE-ISIN:INE791A01024,INE791A01024,BLBLIMITED,CERTIFIED
NSE-ISIN:INE1EEM01017,INE1EEM01017,BLEL,CERTIFIED
NSE-ISIN:INE525F01025,INE525F01025,BLIL,CERTIFIED
NSE-ISIN:INE416D01022,INE416D01022,BLISSGVS,CERTIFIED
NSE-ISIN:INE350H01032,INE350H01032,BLKASHYAP,CERTIFIED
NSE-ISIN:INE153T01027,INE153T01027,BLS,CERTIFIED
NSE-ISIN:INE0NLT01010,INE0NLT01010,BLSE,CERTIFIED
NSE-ISIN:INE113O01014,INE113O01014,BLUEBLENDS,CERTIFIED
NSE-ISIN:INE657B01025,INE657B01025,BLUECHIP,CERTIFIED
NSE-ISIN:INE373T01047,INE373T01047,BLUECLOUDS,CERTIFIED
NSE-ISIN:INE472B01011,INE472B01011,BLUECOAST,CERTIFIED
NSE-ISIN:INE233B01017,INE233B01017,BLUEDART,CERTIFIED
NSE-ISIN:INE0KBH01020,INE0KBH01020,BLUEJET,CERTIFIED
NSE-ISIN:INE472A01039,INE472A01039,BLUESTARCO,CERTIFIED
NSE-ISIN:INE504B01011,INE504B01011,BLUESTINFO,CERTIFIED
NSE-ISIN:INE304W01038,INE304W01038,BLUESTONE,CERTIFIED
NSE-ISIN:INE0U4101014,INE0U4101014,BLUSPRING,CERTIFIED
NSE-ISIN:INE965W01036,INE965W01036,BMWVENTLTD,CERTIFIED
NSE-ISIN:INE00HZ01011,INE00HZ01011,BNAGROCHEM,CERTIFIED
NSE-ISIN:INE489D01011,INE489D01011,BNALTD,CERTIFIED
NSE-ISIN:INE473A01011,INE473A01011,LINDEINDIA,CERTIFIED
NSE-ISIN:INE338D01028,INE338D01028,BODALCHEM,CERTIFIED
NSE-ISIN:INE802W01023,INE802W01023,BOHRAIND,CERTIFIED
NSE-ISIN:INE032A01015,INE032A01015,BOMDYEING,CERTIFIED
NSE-ISIN:INE032A01023,INE032A01023,BOMDYEING,CERTIFIED
NSE-ISIN:INE0B9A01018,INE0B9A01018,BONLON,CERTIFIED
NSE-ISIN:INE16SF01016,INE16SF01016,BORANA,CERTIFIED
NSE-ISIN:INE02PY01013,INE02PY01013,BOROLTD,CERTIFIED
NSE-ISIN:INE666D01022,INE666D01022,BORORENEW,CERTIFIED
NSE-ISIN:INE02L001032,INE02L001032,BOROSCI,CERTIFIED
NSE-ISIN:INE666D01022,INE666D01022,BORORENEW,CERTIFIED
NSE-ISIN:INE782A01015,INE782A01015,BOSCH-HCIL,CERTIFIED
NSE-ISIN:INE323A01026,INE323A01026,BOSCHLTD,CERTIFIED
NSE-ISIN:INE029A01011,INE029A01011,BPCL,CERTIFIED
NSE-ISIN:INE110A01019,INE110A01019,BPL,CERTIFIED
NSE-ISIN:INE365Y01019,INE365Y01019,BPLPHARMA,CERTIFIED
NSE-ISIN:INE320I01017,INE320I01017,BRAHMINFRA,CERTIFIED
NSE-ISIN:INE317J01011,INE317J01011,BRANDHOUSE,CERTIFIED
NSE-ISIN:INE589G01011,INE589G01011,BRFL,CERTIFIED
NSE-ISIN:INE791I01019,INE791I01019,BRIGADE,CERTIFIED
NSE-ISIN:INE03NU01014,INE03NU01014,BRIGHOTEL,CERTIFIED
NSE-ISIN:INE630D01010,INE630D01010,BRIGHTBR,CERTIFIED
NSE-ISIN:INE216A01022,INE216A01022,BRITANNIA,CERTIFIED
NSE-ISIN:INE216A01030,INE216A01030,BRITANNIA,CERTIFIED
NSE-ISIN:INE727S01012,INE727S01012,BRNL,CERTIFIED
NSE-ISIN:INE698H01018,INE698H01018,BROADCAST,CERTIFIED
NSE-ISIN:INE650L01011,INE650L01011,BROOKS,CERTIFIED
NSE-ISIN:INE118H01025,INE118H01025,BSE,CERTIFIED
NSE-ISIN:INE395A01016,INE395A01016,BSELINFRA,CERTIFIED
NSE-ISIN:INE395A01016,INE395A01016,BSELINFRA,CERTIFIED
NSE-ISIN:INE036A01016,INE036A01016,RELINFRA,CERTIFIED
NSE-ISIN:INE032Z01012,INE032Z01012,BSHSL,CERTIFIED
NSE-ISIN:INE032Z01020,INE032Z01020,BSHSL,CERTIFIED
NSE-ISIN:INE594B01012,INE594B01012,BSL,CERTIFIED
NSE-ISIN:INE043K01029,INE043K01029,BSLIMITED,CERTIFIED
NSE-ISIN:INE836A01035,INE836A01035,BSOFT,CERTIFIED
NSE-ISIN:INE043K01011,INE043K01011,BSTRANSCOM,CERTIFIED
NSE-ISIN:INE043K01029,INE043K01029,BSLIMITED,CERTIFIED
NSE-ISIN:INE0EEJ01023,INE0EEJ01023,BTML,CERTIFIED
NSE-ISIN:INE274K01012,INE274K01012,BTTL,CERTIFIED
NSE-ISIN:INE24OJ01011,INE24OJ01011,BUILDPRO,CERTIFIED
NSE-ISIN:INE07T201019,INE07T201019,BURGERKING,CERTIFIED
NSE-ISIN:INE817H01014,INE817H01014,BURNPUR,CERTIFIED
NSE-ISIN:INE817H01022,INE817H01022,BURNPUR,CERTIFIED
NSE-ISIN:INE295F01017,INE295F01017,BUTTERFLY,CERTIFIED
NSE-ISIN:INE139I01011,INE139I01011,BVCL,CERTIFIED
NSE-ISIN:INE471A01023,INE471A01023,DIGJAM,CERTIFIED
NSE-ISIN:INE319B01014,INE319B01014,BYKE,CERTIFIED
NSE-ISIN:INE010B01019,INE010B01019,CADILAHC,CERTIFIED
NSE-ISIN:INE010B01027,INE010B01027,ZYDUSLIFE,CERTIFIED
NSE-ISIN:INE910H01017,INE910H01017,CAIRN,CERTIFIED
NSE-ISIN:INE526B01014,INE526B01014,CALSOFT,CERTIFIED
NSE-ISIN:INE692G01013,INE692G01013,XCHANGING,CERTIFIED
NSE-ISIN:INE760A01029,INE760A01029,KOKUYOCMLN,CERTIFIED
NSE-ISIN:INE052I01032,INE052I01032,CAMLINFINE,CERTIFIED
NSE-ISIN:INE278Y01022,INE278Y01022,CAMPUS,CERTIFIED
NSE-ISIN:INE596I01012,INE596I01012,CAMS,CERTIFIED
NSE-ISIN:INE596I01020,INE596I01020,CAMS,CERTIFIED
NSE-ISIN:INE476A01014,INE476A01014,CANBK,CERTIFIED
NSE-ISIN:INE476A01022,INE476A01022,CANBK,CERTIFIED
NSE-ISIN:INE874H01015,INE874H01015,CANDC,CERTIFIED
NSE-ISIN:INE477A01012,INE477A01012,CANFINHOME,CERTIFIED
NSE-ISIN:INE477A01020,INE477A01020,CANFINHOME,CERTIFIED
NSE-ISIN:INE01TY01017,INE01TY01017,CANHLIFE,CERTIFIED
NSE-ISIN:INE068L01016,INE068L01016,CANTABIL,CERTIFIED
NSE-ISIN:INE068L01024,INE068L01024,CANTABIL,CERTIFIED
NSE-ISIN:INE264T01014,INE264T01014,CAPACITE,CERTIFIED
NSE-ISIN:INE688I01017,INE688I01017,CAPF,CERTIFIED
NSE-ISIN:INE0ILV01024,INE0ILV01024,CAPILLARY,CERTIFIED
NSE-ISIN:INE646H01017,INE646H01017,CAPITALSFB,CERTIFIED
NSE-ISIN:INE475E01026,INE475E01026,CAPLIPOINT,CERTIFIED
NSE-ISIN:INE707C01018,INE707C01018,CAPTRUST,CERTIFIED
NSE-ISIN:INE371A01025,INE371A01025,GRAPHITE,CERTIFIED
NSE-ISIN:INE120A01034,INE120A01034,CARBORUNIV,CERTIFIED
NSE-ISIN:INE521J01018,INE521J01018,CPCAP,CERTIFIED
NSE-ISIN:INE752H01013,INE752H01013,CARERATING,CERTIFIED
NSE-ISIN:INE198A01014,INE198A01014,CAROLINFO,CERTIFIED
NSE-ISIN:INE0V7W01012,INE0V7W01012,CARRARO,CERTIFIED
NSE-ISIN:INE290S01011,INE290S01011,CARTRADE,CERTIFIED
NSE-ISIN:INE482D01024,INE482D01024,CARYSIL,CERTIFIED
NSE-ISIN:INE068D01021,INE068D01021,CASTEXTECH,CERTIFIED
NSE-ISIN:INE172A01019,INE172A01019,CASTROL,CERTIFIED
NSE-ISIN:INE172A01027,INE172A01027,CASTROLIND,CERTIFIED
NSE-ISIN:INE483S01020,INE483S01020,CCAVENUE,CERTIFIED
NSE-ISIN:INE429I01024,INE429I01024,CCCL,CERTIFIED
NSE-ISIN:INE652F01027,INE652F01027,CCHHL,CERTIFIED
NSE-ISIN:INE421D01014,INE421D01014,CCL,CERTIFIED
NSE-ISIN:INE421D01022,INE421D01022,CCL,CERTIFIED
NSE-ISIN:INE736A01011,INE736A01011,CDSL,CERTIFIED
NSE-ISIN:INE482A01020,INE482A01020,CEATLTD,CERTIFIED
NSE-ISIN:INE209L01016,INE209L01016,JWL,CERTIFIED
NSE-ISIN:INE0AG901020,INE0AG901020,CEIGALL,CERTIFIED
NSE-ISIN:INE016Q01014,INE016Q01014,CEINSYS,CERTIFIED
NSE-ISIN:INE185H01016,INE185H01016,CELEBRITY,CERTIFIED
NSE-ISIN:INE221I01017,INE221I01017,CELESTIAL,CERTIFIED
NSE-ISIN:INE0LMW01024,INE0LMW01024,CELLO,CERTIFIED
NSE-ISIN:INE686A01026,INE686A01026,CEMPRO,CERTIFIED
NSE-ISIN:INE485A01015,INE485A01015,CENTENKA,CERTIFIED
NSE-ISIN:INE281A01026,INE281A01026,CENTEXT,CERTIFIED
NSE-ISIN:INE483A01010,INE483A01010,CENTRALBK,CERTIFIED
NSE-ISIN:INE660C01027,INE660C01027,CENTRUM,CERTIFIED
NSE-ISIN:INE320B01020,INE320B01020,CENTUM,CERTIFIED
NSE-ISIN:INE348B01021,INE348B01021,CENTURYPLY,CERTIFIED
NSE-ISIN:INE055A01016,INE055A01016,ABREL,CERTIFIED
NSE-ISIN:INE739E01017,INE739E01017,CERA,CERTIFIED
NSE-ISIN:INE345B01019,INE345B01019,CEREBRAINT,CERTIFIED
NSE-ISIN:INE486A01013,INE486A01013,CESC,CERTIFIED
NSE-ISIN:INE486A01021,INE486A01021,CESC,CERTIFIED
NSE-ISIN:INE425Y01011,INE425Y01011,RPSGVENT,CERTIFIED
NSE-ISIN:INE037Z01029,INE037Z01029,CEWATER,CERTIFIED
NSE-ISIN:INE700F01024,INE700F01024,CFEL,CERTIFIED
NSE-ISIN:INE180C01026,INE180C01026,CGCL,CERTIFIED
NSE-ISIN:INE180C01042,INE180C01042,CGCL,CERTIFIED
NSE-ISIN:INE188B01013,INE188B01013,IGARASHI,CERTIFIED
NSE-ISIN:INE067A01029,INE067A01029,CGPOWER,CERTIFIED
NSE-ISIN:INE084D01010,INE084D01010,CGVAK,CERTIFIED
NSE-ISIN:INE427F01016,INE427F01016,CHALET,CERTIFIED
NSE-ISIN:INE085A01013,INE085A01013,CHAMBLFERT,CERTIFIED
NSE-ISIN:INE995D01025,INE995D01025,CHEMBOND,CERTIFIED
NSE-ISIN:INE0TGX01019,INE0TGX01019,CHEMBONDCH,CERTIFIED
NSE-ISIN:INE0TGX01019,INE0TGX01019,CHEMBONDCH,CERTIFIED
NSE-ISIN:INE03YM01018,INE03YM01018,CHEMCON,CERTIFIED
NSE-ISIN:INE298W01016,INE298W01016,CHEMCRUX,CERTIFIED
NSE-ISIN:INE783X01023,INE783X01023,CHEMFAB,CERTIFIED
NSE-ISIN:INE479E01028,INE479E01028,CHEMFALKAL,CERTIFIED
NSE-ISIN:INE488A01027,INE488A01027,CHEMPLAST,CERTIFIED
NSE-ISIN:INE488A01050,INE488A01050,CHEMPLASTS,CERTIFIED
NSE-ISIN:INE178A01016,INE178A01016,CHENNPETRO,CERTIFIED
NSE-ISIN:INE217C01018,INE217C01018,CHESLINTEX,CERTIFIED
NSE-ISIN:INE132B01011,INE132B01011,CHETTINAD,CERTIFIED
NSE-ISIN:INE132B01011,INE132B01011,CHETTINAD,CERTIFIED
NSE-ISIN:INE974B01016,INE974B01016,CHEVIOT,CERTIFIED
NSE-ISIN:INE302A01020,INE302A01020,EXIDEIND,CERTIFIED
NSE-ISIN:INE102B01014,INE102B01014,CHOICEIN,CERTIFIED
NSE-ISIN:INE121A01016,INE121A01016,CHOLAFIN,CERTIFIED
NSE-ISIN:INE121A01024,INE121A01024,CHOLAFIN,CERTIFIED
NSE-ISIN:INE149A01033,INE149A01033,CHOLAHLDNG,CERTIFIED
NSE-ISIN:INE662C01015,INE662C01015,CHROMATIC,CERTIFIED
NSE-ISIN:INE536H01010,INE536H01010,CIEINDIA,CERTIFIED
NSE-ISIN:INE345H01024,INE345H01024,CIFL,CERTIFIED
NSE-ISIN:INE675C01017,INE675C01017,CIGNITITEC,CERTIFIED
NSE-ISIN:INE672K01017,INE672K01017,CILNOVA,CERTIFIED
NSE-ISIN:INE184C01028,INE184C01028,CIMMCO,CERTIFIED
NSE-ISIN:INE704H01022,INE704H01022,CINELINE,CERTIFIED
NSE-ISIN:INE704H01014,INE704H01014,CINEMAX,CERTIFIED
NSE-ISIN:INE704H01022,INE704H01022,CINELINE,CERTIFIED
NSE-ISIN:INE039B01026,INE039B01026,CINEVISTA,CERTIFIED
NSE-ISIN:INE059A01026,INE059A01026,CIPLA,CERTIFIED
NSE-ISIN:INE987C01024,INE987C01024,CLASSIC,CERTIFIED
NSE-ISIN:INE227W01023,INE227W01023,CLEAN,CERTIFIED
NSE-ISIN:INE647U01026,INE647U01026,CLEANMAX,CERTIFIED
NSE-ISIN:INE201M01011,INE201M01011,CLEDUCATE,CERTIFIED
NSE-ISIN:INE201M01029,INE201M01029,CLEDUCATE,CERTIFIED
NSE-ISIN:INE492A01029,INE492A01029,SUDARCOLOR,CERTIFIED
NSE-ISIN:INE419D01026,INE419D01026,CLSEL,CERTIFIED
NSE-ISIN:INE779B01019,INE779B01019,CLUTCHAUTO,CERTIFIED
NSE-ISIN:INE378J01013,INE378J01013,CMAHENDRA,CERTIFIED
NSE-ISIN:INE314A01017,INE314A01017,CMC,CERTIFIED
NSE-ISIN:INE981B01011,INE981B01011,CMICABLES,CERTIFIED
NSE-ISIN:INE11XY01018,INE11XY01018,CMLL,CERTIFIED
NSE-ISIN:INE05HV01027,INE05HV01027,CMPDI,CERTIFIED
NSE-ISIN:INE00WV01027,INE00WV01027,CMRGREEN,CERTIFIED
NSE-ISIN:INE925R01014,INE925R01014,CMSINFO,CERTIFIED
NSE-ISIN:INE985W01018,INE985W01018,CNL,CERTIFIED
NSE-ISIN:INE672K01025,INE672K01025,CNOVAPETRO,CERTIFIED
NSE-ISIN:INE522F01014,INE522F01014,COALINDIA,CERTIFIED
NSE-ISIN:INE377E01024,INE377E01024,COASTCORP,CERTIFIED
NSE-ISIN:INE303A01010,INE303A01010,DICIND,CERTIFIED
NSE-ISIN:INE704P01017,INE704P01017,COCHINSHIP,CERTIFIED
NSE-ISIN:INE704P01025,INE704P01025,COCHINSHIP,CERTIFIED
NSE-ISIN:INE515A01019,INE515A01019,COCKERILL,CERTIFIED
NSE-ISIN:INE335K01011,INE335K01011,COFFEEDAY,CERTIFIED
NSE-ISIN:INE591G01017,INE591G01017,COFORGE,CERTIFIED
NSE-ISIN:INE591G01025,INE591G01025,COFORGE,CERTIFIED
NSE-ISIN:INE03QK01018,INE03QK01018,COHANCE,CERTIFIED
NSE-ISIN:INE492A01029,INE492A01029,CLNINDIA,CERTIFIED
NSE-ISIN:INE737B01033,INE737B01033,SPHEREGSL,CERTIFIED
NSE-ISIN:INE259A01022,INE259A01022,COLPAL,CERTIFIED
NSE-ISIN:INE819A01049,INE819A01049,COMFINTE,CERTIFIED
NSE-ISIN:INE823B01015,INE823B01015,COMPEAU,CERTIFIED
NSE-ISIN:INE070C01037,INE070C01037,COMPINFO,CERTIFIED
NSE-ISIN:INE070C01029,INE070C01029,COMPUAGE,CERTIFIED
NSE-ISIN:INE453B01029,INE453B01029,COMPUSOFT,CERTIFIED
NSE-ISIN:INE073V01015,INE073V01015,COMSYN,CERTIFIED
NSE-ISIN:INE111A01017,INE111A01017,CONCOR,CERTIFIED
NSE-ISIN:INE111A01025,INE111A01025,CONCOR,CERTIFIED
NSE-ISIN:INE338H01029,INE338H01029,CONCORDBIO,CERTIFIED
NSE-ISIN:INE552D01024,INE552D01024,CONFIPET,CERTIFIED
NSE-ISIN:INE025A01027,INE025A01027,CONSOFINVT,CERTIFIED
NSE-ISIN:INE663B01015,INE663B01015,CONTROLPR,CERTIFIED
NSE-ISIN:INE108J01030,INE108J01030,CORAL-HUB,CERTIFIED
NSE-ISIN:INE558D01013,INE558D01013,CORALFINAC,CERTIFIED
NSE-ISIN:INE558D01021,INE558D01021,CORALFINAC,CERTIFIED
NSE-ISIN:INE0LZF01039,INE0LZF01039,CORDELIA,CERTIFIED
NSE-ISIN:INE792I01017,INE792I01017,CORDSCABLE,CERTIFIED
NSE-ISIN:INE218C01016,INE218C01016,AUSOMENT,CERTIFIED
NSE-ISIN:INE247G01024,INE247G01024,COREEDUTEC,CERTIFIED
NSE-ISIN:INE218C01016,INE218C01016,AUSOMENT,CERTIFIED
NSE-ISIN:INE247G01024,INE247G01024,COREEDUTEC,CERTIFIED
NSE-ISIN:INE312J01012,INE312J01012,COROENGG,CERTIFIED
NSE-ISIN:INE169A01031,INE169A01031,COROMANDEL,CERTIFIED
NSE-ISIN:INE169A01031,INE169A01031,COROMANDEL,CERTIFIED
NSE-ISIN:INE02ZQ01018,INE02ZQ01018,CORONA,CERTIFIED
NSE-ISIN:INE112A01015,INE112A01015,CORPBANK,CERTIFIED
NSE-ISIN:INE112A01023,INE112A01023,CORPBANK,CERTIFIED
NSE-ISIN:INE757A01017,INE757A01017,COSMOFIRST,CERTIFIED
NSE-ISIN:INE757A01017,INE757A01017,COSMOFIRST,CERTIFIED
NSE-ISIN:INE695B01025,INE695B01025,COUNCODOS,CERTIFIED
NSE-ISIN:INE008I01026,INE008I01026,COX&KINGS,CERTIFIED
NSE-ISIN:INE521J01018,INE521J01018,CPCAP,CERTIFIED
NSE-ISIN:INE0P6P01016,INE0P6P01016,CPEDU,CERTIFIED
NSE-ISIN:INE521J01018,INE521J01018,CAREERP,CERTIFIED
NSE-ISIN:INE536P01021,INE536P01021,CPL,CERTIFIED
NSE-ISIN:INE819V01029,INE819V01029,CPPLUS,CERTIFIED
NSE-ISIN:INE00LO01017,INE00LO01017,CRAFTSMAN,CERTIFIED
NSE-ISIN:INE218I01013,INE218I01013,CRAMC,CERTIFIED
NSE-ISIN:INE145E01017,INE145E01017,CRAVATEX,CERTIFIED
NSE-ISIN:INE985W01018,INE985W01018,CNL,CERTIFIED
NSE-ISIN:INE230B01021,INE230B01021,CREATIVEYE,CERTIFIED
NSE-ISIN:INE741K01010,INE741K01010,CREDITACC,CERTIFIED
NSE-ISIN:INE559D01011,INE559D01011,CREST,CERTIFIED
NSE-ISIN:INE774A01012,INE774A01012,CRESTANI,CERTIFIED
NSE-ISIN:INE774A01012,INE774A01012,CRESTANI,CERTIFIED
NSE-ISIN:INE203Y01012,INE203Y01012,CRESTO,CERTIFIED
NSE-ISIN:INE514G01019,INE514G01019,CREWBOS,CERTIFIED
NSE-ISIN:INE007A01025,INE007A01025,CRISIL,CERTIFIED
NSE-ISIN:INE0S4R01014,INE0S4R01014,CRIZAC,CERTIFIED
NSE-ISIN:INE067A01029,INE067A01029,CGPOWER,CERTIFIED
NSE-ISIN:INE299U01018,INE299U01018,CROMPTON,CERTIFIED
NSE-ISIN:INE592I01011,INE592I01011,CRONIMET,CERTIFIED
NSE-ISIN:INE592I01029,INE592I01029,METKORE,CERTIFIED
NSE-ISIN:INE491V01019,INE491V01019,CROWN,CERTIFIED
NSE-ISIN:INE716D01033,INE716D01033,CRSL,CERTIFIED
NSE-ISIN:INE679A01013,INE679A01013,CSBBANK,CERTIFIED
NSE-ISIN:INE718F01018,INE718F01018,CSLFINANCE,CERTIFIED
NSE-ISIN:INE0ZK601013,INE0ZK601013,CSM,CERTIFIED
NSE-ISIN:INE627H01017,INE627H01017,CTE,CERTIFIED
NSE-ISIN:INE491A01021,INE491A01021,CUB,CERTIFIED
NSE-ISIN:INE144D01012,INE144D01012,CUBEXTUB,CERTIFIED
NSE-ISIN:INE298A01020,INE298A01020,CUMMINSIND,CERTIFIED
NSE-ISIN:INE509F01011,INE509F01011,CUPID,CERTIFIED
NSE-ISIN:INE509F01029,INE509F01029,CUPID,CERTIFIED
NSE-ISIN:INE117B01020,INE117B01020,CURAA,CERTIFIED
NSE-ISIN:INE117B01012,INE117B01012,CURATECH,CERTIFIED
NSE-ISIN:INE278G01037,INE278G01037,CYBERMEDIA,CERTIFIED
NSE-ISIN:INE214A01019,INE214A01019,CYBERTECH,CERTIFIED
NSE-ISIN:INE136B01020,INE136B01020,CYIENT,CERTIFIED
NSE-ISIN:INE055S01018,INE055S01018,CYIENTDLM,CERTIFIED
NSE-ISIN:INE178C01020,INE178C01020,SMARTLINK,CERTIFIED
NSE-ISIN:INE818H01012,INE818H01012,DAAWAT,CERTIFIED
NSE-ISIN:INE818H01020,INE818H01020,LTFOODS,CERTIFIED
NSE-ISIN:INE016A01026,INE016A01026,DABUR,CERTIFIED
NSE-ISIN:INE575G01010,INE575G01010,FKONCO,CERTIFIED
NSE-ISIN:INE928C01010,INE928C01010,DAICHI,CERTIFIED
NSE-ISIN:INE055C01020,INE055C01020,DALALSTCOM,CERTIFIED
NSE-ISIN:INE00R701025,INE00R701025,DALBHARAT,CERTIFIED
NSE-ISIN:INE439L01019,INE439L01019,DALMIABHA,CERTIFIED
NSE-ISIN:INE439L01019,INE439L01019,DALMIABHA,CERTIFIED
NSE-ISIN:INE495A01022,INE495A01022,DALMIASUG,CERTIFIED
NSE-ISIN:INE495A01022,INE495A01022,DALMIASUG,CERTIFIED
NSE-ISIN:INE284H01025,INE284H01025,DAMCAPITAL,CERTIFIED
NSE-ISIN:INE497D01014,INE497D01014,DAMODARIND,CERTIFIED
NSE-ISIN:INE497D01022,INE497D01022,DAMODARIND,CERTIFIED
NSE-ISIN:INE688Y01014,INE688Y01014,DANGEE,CERTIFIED
NSE-ISIN:INE688Y01022,INE688Y01022,DANGEE,CERTIFIED
NSE-ISIN:INE365B01017,INE365B01017,DATAMATICS,CERTIFIED
NSE-ISIN:INE0IX101010,INE0IX101010,DATAPATTNS,CERTIFIED
NSE-ISIN:INE365B01017,INE365B01017,DATAMATICS,CERTIFIED
NSE-ISIN:INE179G01029,INE179G01029,DAVANGERE,CERTIFIED
NSE-ISIN:INE950I01011,INE950I01011,DBCORP,CERTIFIED
NSE-ISIN:INE0OPA01027,INE0OPA01027,DBEIL,CERTIFIED
NSE-ISIN:INE917M01012,INE917M01012,DBL,CERTIFIED
NSE-ISIN:INE0I3401014,INE0I3401014,DBOL,CERTIFIED
NSE-ISIN:INE879I01012,INE879I01012,DBREALTY,CERTIFIED
NSE-ISIN:INE921B01025,INE921B01025,DBSTOCKBRO,CERTIFIED
NSE-ISIN:INE385W01011,INE385W01011,DCAL,CERTIFIED
NSE-ISIN:INE503A01015,INE503A01015,DCBBANK,CERTIFIED
NSE-ISIN:INE503A01015,INE503A01015,DCBBANK,CERTIFIED
NSE-ISIN:INE137G01027,INE137G01027,DCHL,CERTIFIED
NSE-ISIN:INE0A1101019,INE0A1101019,DCI,CERTIFIED
NSE-ISIN:INE498A01018,INE498A01018,DCM,CERTIFIED
NSE-ISIN:INE891B01012,INE891B01012,DCMFINSERV,CERTIFIED
NSE-ISIN:INE08KP01019,INE08KP01019,DCMNVL,CERTIFIED
NSE-ISIN:INE499A01024,INE499A01024,DCMSHRIRAM,CERTIFIED
NSE-ISIN:INE0OU201013,INE0OU201013,DCMSIL,CERTIFIED
NSE-ISIN:INE843D01027,INE843D01027,DCMSRIND,CERTIFIED
NSE-ISIN:INE499A01024,INE499A01024,DCMSHRIRAM,CERTIFIED
NSE-ISIN:INE500A01029,INE500A01029,DCW,CERTIFIED
NSE-ISIN:INE0KL801015,INE0KL801015,DCXINDIA,CERTIFIED
NSE-ISIN:INE0HR601026,INE0HR601026,DDEVPLSTIK,CERTIFIED
NSE-ISIN:INE583C01013,INE583C01013,DECCANCE,CERTIFIED
NSE-ISIN:INE583C01021,INE583C01021,DECCANCE,CERTIFIED
NSE-ISIN:INE945F01025,INE945F01025,DECNGOLD,CERTIFIED
NSE-ISIN:INE172I01012,INE172I01012,DECOLIGHT,CERTIFIED
NSE-ISIN:INE841L01016,INE841L01016,DEEDEV,CERTIFIED
NSE-ISIN:INE00IY01012,INE00IY01012,DEEP,CERTIFIED
NSE-ISIN:INE1M2N01020,INE1M2N01020,DEEPA,CERTIFIED
NSE-ISIN:INE501A01019,INE501A01019,DEEPAKFERT,CERTIFIED
NSE-ISIN:INE288B01011,INE288B01011,DEEPAKNTR,CERTIFIED
NSE-ISIN:INE288B01029,INE288B01029,DEEPAKNTR,CERTIFIED
NSE-ISIN:INE677H01012,INE677H01012,DEEPENR,CERTIFIED
NSE-ISIN:INE677H01012,INE677H01012,DEEPENR,CERTIFIED
NSE-ISIN:INE0FHS01016,INE0FHS01016,DEEPINDS,CERTIFIED
NSE-ISIN:INE0FHS01024,INE0FHS01024,DEEPINDS,CERTIFIED
NSE-ISIN:INE148O01028,INE148O01028,DELHIVERY,CERTIFIED
NSE-ISIN:INE726L01027,INE726L01027,DELPHIFX,CERTIFIED
NSE-ISIN:INE124G01033,INE124G01033,DELTACORP,CERTIFIED
NSE-ISIN:INE393A01011,INE393A01011,DELTAMAGNT,CERTIFIED
NSE-ISIN:INE947J01015,INE947J01015,DEN,CERTIFIED
NSE-ISIN:INE077A01010,INE077A01010,DENABANK,CERTIFIED
NSE-ISIN:INE244A01016,INE244A01016,DENORA,CERTIFIED
NSE-ISIN:INE502A01017,INE502A01017,DENSO,CERTIFIED
NSE-ISIN:INE0R4L01018,INE0R4L01018,DENTA,CERTIFIED
NSE-ISIN:INE060X01034,INE060X01034,DEVIT,CERTIFIED
NSE-ISIN:INE0VOV01021,INE0VOV01021,DEVX,CERTIFIED
NSE-ISIN:INE872J01023,INE872J01023,DEVYANI,CERTIFIED
NSE-ISIN:INE202B01012,INE202B01012,DHFL,CERTIFIED
NSE-ISIN:INE456C01012,INE456C01012,DFMFOODS,CERTIFIED
NSE-ISIN:INE456C01020,INE456C01020,DFMFOODS,CERTIFIED
NSE-ISIN:INE03JI01017,INE03JI01017,DGCONTENT,CERTIFIED
NSE-ISIN:INE260R01016,INE260R01016,DHABRIYA,CERTIFIED
NSE-ISIN:INE041A01016,INE041A01016,DHAMPURSUG,CERTIFIED
NSE-ISIN:INE680A01011,INE680A01011,DHANBANK,CERTIFIED
NSE-ISIN:INE274G01010,INE274G01010,DHANI,CERTIFIED
NSE-ISIN:INE435G01025,INE435G01025,DHANUKA,CERTIFIED
NSE-ISIN:INE615R01029,INE615R01029,TRU,CERTIFIED
NSE-ISIN:INE505A01010,INE505A01010,DMCC,CERTIFIED
NSE-ISIN:INE278R01034,INE278R01034,DHARAN,CERTIFIED
NSE-ISIN:INE00OQ01016,INE00OQ01016,DHARMAJ,CERTIFIED
NSE-ISIN:INE988C01014,INE988C01014,DHARSUGAR,CERTIFIED
NSE-ISIN:INE715T01031,INE715T01031,DHATRE,CERTIFIED
NSE-ISIN:INE202B01012,INE202B01012,DHFL,CERTIFIED
NSE-ISIN:INE01NH01023,INE01NH01023,DHOOTTRANS,CERTIFIED
NSE-ISIN:INE506Z01015,INE506Z01015,DHRUV,CERTIFIED
NSE-ISIN:INE320L01011,INE320L01011,DHUNINV,CERTIFIED
NSE-ISIN:INE989C01038,INE989C01038,DIACABS,CERTIFIED
NSE-ISIN:INE591D01014,INE591D01014,DIAMINESQ,CERTIFIED
NSE-ISIN:INE393P01035,INE393P01035,DIAMONDYD,CERTIFIED
NSE-ISIN:INE989C01012,INE989C01012,DIAPOWER,CERTIFIED
NSE-ISIN:INE303A01010,INE303A01010,DICIND,CERTIFIED
NSE-ISIN:INE184O01015,INE184O01015,DIFFNKG,CERTIFIED
NSE-ISIN:INE0PSC01024,INE0PSC01024,DIGIDRIVE,CERTIFIED
NSE-ISIN:INE927C01020,INE927C01020,DIGISPICE,CERTIFIED
NSE-ISIN:INE0U4701011,INE0U4701011,DIGITIDE,CERTIFIED
NSE-ISIN:INE471A01023,INE471A01023,DIGJAM,CERTIFIED
NSE-ISIN:INE731U01028,INE731U01028,DIGJAMLMTD,CERTIFIED
NSE-ISIN:INE731U01010,INE731U01010,DIGJAMLTD,CERTIFIED
NSE-ISIN:INE131C01011,INE131C01011,DISAQ,CERTIFIED
NSE-ISIN:INE353G01020,INE353G01020,DISHMAN,CERTIFIED
NSE-ISIN:INE836F01026,INE836F01026,DISHTV,CERTIFIED
NSE-ISIN:INE753U01022,INE753U01022,DIVGIITTS,CERTIFIED
NSE-ISIN:INE361B01024,INE361B01024,DIVISLAB,CERTIFIED
NSE-ISIN:INE935N01020,INE935N01020,DIXON,CERTIFIED
NSE-ISIN:INE0B1K01014,INE0B1K01014,DJML,CERTIFIED
NSE-ISIN:INE271C01023,INE271C01023,DLF,CERTIFIED
NSE-ISIN:INE250K01012,INE250K01012,DLINKINDIA,CERTIFIED
NSE-ISIN:INE192R01011,INE192R01011,DMART,CERTIFIED
NSE-ISIN:INE505A01010,INE505A01010,DMCC,CERTIFIED
NSE-ISIN:INE016M01021,INE016M01021,DNAMEDIA,CERTIFIED
NSE-ISIN:INE021O01019,INE021O01019,DODLA,CERTIFIED
NSE-ISIN:INE966A01022,INE966A01022,DOLATALGO,CERTIFIED
NSE-ISIN:INE966A01022,INE966A01022,DOLATALGO,CERTIFIED
NSE-ISIN:INE325C01027,INE325C01027,DOLLAR,CERTIFIED
NSE-ISIN:INE325C01035,INE325C01035,DOLLAR,CERTIFIED
NSE-ISIN:INE0JHH01011,INE0JHH01011,DOLLEX,CERTIFIED
NSE-ISIN:INE920A01037,INE920A01037,DOLPHIN,CERTIFIED
NSE-ISIN:INE920A01011,INE920A01011,DOLPHINOFF,CERTIFIED
NSE-ISIN:INE321T01012,INE321T01012,DOMS,CERTIFIED
NSE-ISIN:INE668D01028,INE668D01028,DONEAR,CERTIFIED
NSE-ISIN:INE266Y01019,INE266Y01019,DPABHUSHAN,CERTIFIED
NSE-ISIN:INE477B01010,INE477B01010,DVL,CERTIFIED
NSE-ISIN:INE360C01016,INE360C01016,DPSCLTD,CERTIFIED
NSE-ISIN:INE360C01024,INE360C01024,DPSCLTD,CERTIFIED
NSE-ISIN:INE477B01010,INE477B01010,DPL,CERTIFIED
NSE-ISIN:INE864X01013,INE864X01013,DPWIRES,CERTIFIED
NSE-ISIN:INE656K01010,INE656K01010,DQE,CERTIFIED
NSE-ISIN:INE934C01018,INE934C01018,DRAGARWQ,CERTIFIED
NSE-ISIN:INE03RS01019,INE03RS01019,DRCSYSTEMS,CERTIFIED
NSE-ISIN:INE03RS01027,INE03RS01027,DRCSYSTEMS,CERTIFIED
NSE-ISIN:INE0JS101016,INE0JS101016,DREAMFOLKS,CERTIFIED
NSE-ISIN:INE506A01018,INE506A01018,DREDGECORP,CERTIFIED
NSE-ISIN:INE089A01023,INE089A01023,DRREDDY,CERTIFIED
NSE-ISIN:INE089A01031,INE089A01031,DRREDDY,CERTIFIED
NSE-ISIN:INE0OFM01015,INE0OFM01015,DSFCL,CERTIFIED
NSE-ISIN:INE891A01014,INE891A01014,DSKULKARNI,CERTIFIED
NSE-ISIN:INE891A01022,INE891A01022,DSKULKARNI,CERTIFIED
NSE-ISIN:INE417B01040,INE417B01040,DSSL,CERTIFIED
NSE-ISIN:INE341R01014,INE341R01014,DTIL,CERTIFIED
NSE-ISIN:INE477B01010,INE477B01010,DPTL,CERTIFIED
NSE-ISIN:INE741L01018,INE741L01018,DUCON,CERTIFIED
NSE-ISIN:INE477B01010,INE477B01010,DVL,CERTIFIED
NSE-ISIN:INE366A01033,INE366A01033,DWARKESH,CERTIFIED
NSE-ISIN:INE366A01041,INE366A01041,DWARKESH,CERTIFIED
NSE-ISIN:INE600Y01019,INE600Y01019,DYCL,CERTIFIED
NSE-ISIN:INE221B01012,INE221B01012,DYNAMATECH,CERTIFIED
NSE-ISIN:INE417B01032,INE417B01032,DYNASYS,CERTIFIED
NSE-ISIN:INE741L01018,INE741L01018,DUCON,CERTIFIED
NSE-ISIN:INE256H01015,INE256H01015,DYNPRO,CERTIFIED
NSE-ISIN:INE255Z01027,INE255Z01027,E2E,CERTIFIED
NSE-ISIN:INE07O001018,INE07O001018,EASEMYTRIP,CERTIFIED
NSE-ISIN:INE07O001026,INE07O001026,EASEMYTRIP,CERTIFIED
NSE-ISIN:INE962C01027,INE962C01027,EASTSILK,CERTIFIED
NSE-ISIN:INE962C01035,INE962C01035,EASTSILK,CERTIFIED
NSE-ISIN:INE595R01023,INE595R01023,EASTWEST,CERTIFIED
NSE-ISIN:INE268C01029,INE268C01029,EASUNREYRL,CERTIFIED
NSE-ISIN:INE18JU01028,INE18JU01028,EBGNG,CERTIFIED
NSE-ISIN:INE432F01032,INE432F01032,EBIX,CERTIFIED
NSE-ISIN:INE726L01019,INE726L01019,EBIXFOREX,CERTIFIED
NSE-ISIN:INE726L01027,INE726L01027,DELPHIFX,CERTIFIED
NSE-ISIN:INE588B01014,INE588B01014,ECEIND,CERTIFIED
NSE-ISIN:INE738I01010,INE738I01010,ECLERX,CERTIFIED
NSE-ISIN:INE316A01038,INE316A01038,ECORECO,CERTIFIED
NSE-ISIN:INE06HJ01020,INE06HJ01020,ECOSMOBLTY,CERTIFIED
NSE-ISIN:INE532F01054,INE532F01054,EDELWEISS,CERTIFIED
NSE-ISIN:INE180G01019,INE180G01019,EDL,CERTIFIED
NSE-ISIN:INE889J01019,INE889J01019,EDSERV,CERTIFIED
NSE-ISIN:INE216H01027,INE216H01027,EDUCOMP,CERTIFIED
NSE-ISIN:INE886D01026,INE886D01026,EFCIL,CERTIFIED
NSE-ISIN:INE066A01013,INE066A01013,EICHERMOT,CERTIFIED
NSE-ISIN:INE066A01021,INE066A01021,EICHERMOT,CERTIFIED
NSE-ISIN:INE126A01031,INE126A01031,EIDPARRY,CERTIFIED
NSE-ISIN:INE0LLY01014,INE0LLY01014,EIEL,CERTIFIED
NSE-ISIN:INE546V01010,INE546V01010,EIFFL,CERTIFIED
NSE-ISIN:INE276C01014,INE276C01014,EIHAHOTELS,CERTIFIED
NSE-ISIN:INE230A01023,INE230A01023,EIHOTEL,CERTIFIED
NSE-ISIN:INE158B01016,INE158B01016,EIMCOELECO,CERTIFIED
NSE-ISIN:INE184H01027,INE184H01027,EKC,CERTIFIED
NSE-ISIN:INE0CPR01018,INE0CPR01018,EKI,CERTIFIED
NSE-ISIN:INE311H01018,INE311H01018,ELAND,CERTIFIED
NSE-ISIN:INE280B01018,INE280B01018,ELANTAS,CERTIFIED
NSE-ISIN:INE927X01018,INE927X01018,ELCIDIN,CERTIFIED
NSE-ISIN:INE668G01021,INE668G01021,ELDEHSG,CERTIFIED
NSE-ISIN:INE975A01015,INE975A01015,ELDERPHARM,CERTIFIED
NSE-ISIN:INE205B01023,INE205B01023,ELECON,CERTIFIED
NSE-ISIN:INE205B01031,INE205B01031,ELECON,CERTIFIED
NSE-ISIN:INE086A01029,INE086A01029,ELECTCAST,CERTIFIED
NSE-ISIN:INE822G01016,INE822G01016,ELECTHERM,CERTIFIED
NSE-ISIN:INE158F01017,INE158F01017,ELFORGE,CERTIFIED
NSE-ISIN:INE285A01027,INE285A01027,ELGIEQUIP,CERTIFIED
NSE-ISIN:INE819L01012,INE819L01012,ELGIRUBCO,CERTIFIED
NSE-ISIN:INE050401020,INE050401020,ELIN,CERTIFIED
NSE-ISIN:INE669R01026,INE669R01026,ELITECON,CERTIFIED
NSE-ISIN:INE236E01022,INE236E01022,ELLEN,CERTIFIED
NSE-ISIN:INE033C01019,INE033C01019,ELNET,CERTIFIED
NSE-ISIN:INE579B01039,INE579B01039,ELPROINTL,CERTIFIED
NSE-ISIN:INE778K01012,INE778K01012,EMAMIREAL,CERTIFIED
NSE-ISIN:INE548C01032,INE548C01032,EMAMILTD,CERTIFIED
NSE-ISIN:INE830C01026,INE830C01026,EMAMIPAP,CERTIFIED
NSE-ISIN:INE778K01012,INE778K01012,EMAMIREAL,CERTIFIED
NSE-ISIN:INE069I01010,INE069I01010,EMBDL,CERTIFIED
NSE-ISIN:INE078A01026,INE078A01026,EMCO,CERTIFIED
NSE-ISIN:INE168P01015,INE168P01015,EMCURE,CERTIFIED
NSE-ISIN:INE199A01012,INE199A01012,MERCK,CERTIFIED
NSE-ISIN:INE02YR01019,INE02YR01019,EMIL,CERTIFIED
NSE-ISIN:INE296H01011,INE296H01011,EMKAY,CERTIFIED
NSE-ISIN:INE753K01015,INE753K01015,EMMBI,CERTIFIED
NSE-ISIN:INE1C6T01020,INE1C6T01020,EMMVEE,CERTIFIED
NSE-ISIN:INE928B01012,INE928B01012,EMPEESUG,CERTIFIED
NSE-ISIN:INE515H01014,INE515H01014,EMPIND,CERTIFIED
NSE-ISIN:INE507F01023,INE507F01023,EMPOWER,CERTIFIED
NSE-ISIN:INE0OV601013,INE0OV601013,EMSLIMITED,CERTIFIED
NSE-ISIN:INE01QM01018,INE01QM01018,EMUDHRA,CERTIFIED
NSE-ISIN:INE913H01037,INE913H01037,ENDURANCE,CERTIFIED
NSE-ISIN:INE306C01019,INE306C01019,ENERGYDEV,CERTIFIED
NSE-ISIN:INE510A01028,INE510A01028,ENGINERSIN,CERTIFIED
NSE-ISIN:INE265F01028,INE265F01028,ENIL,CERTIFIED
NSE-ISIN:INE062D01024,INE062D01024,ALICON,CERTIFIED
NSE-ISIN:INE130L01014,INE130L01014,ENKEIWHEL,CERTIFIED
NSE-ISIN:INE291F01016,INE291F01016,HINDUJAFO,CERTIFIED
NSE-ISIN:INE1NPP01017,INE1NPP01017,ENRIN,CERTIFIED
NSE-ISIN:INE010601016,INE010601016,ENTERO,CERTIFIED
NSE-ISIN:INE076H01025,INE076H01025,EON,CERTIFIED
NSE-ISIN:INE076H01017,INE076H01017,EONELECT,CERTIFIED
NSE-ISIN:INE0G5901015,INE0G5901015,EPACK,CERTIFIED
NSE-ISIN:INE0MLS01022,INE0MLS01022,EPACKPEB,CERTIFIED
NSE-ISIN:INE071N01016,INE071N01016,EPIGRAL,CERTIFIED
NSE-ISIN:INE255A01020,INE255A01020,EPL,CERTIFIED
NSE-ISIN:INE217G01035,INE217G01035,EQUIPPP,CERTIFIED
NSE-ISIN:INE988K01017,INE988K01017,EQUITAS,CERTIFIED
NSE-ISIN:INE063P01018,INE063P01018,EQUITASBNK,CERTIFIED
NSE-ISIN:INE039E01020,INE039E01020,ERAINFRA,CERTIFIED
NSE-ISIN:INE039E01020,INE039E01020,ERAINFRA,CERTIFIED
NSE-ISIN:INE406M01024,INE406M01024,ERIS,CERTIFIED
NSE-ISIN:INE416L01017,INE416L01017,EROSMEDIA,CERTIFIED
NSE-ISIN:INE284A01012,INE284A01012,ESABINDIA,CERTIFIED
NSE-ISIN:INE818W01011,INE818W01011,ESAFSFB,CERTIFIED
NSE-ISIN:INE042A01014,INE042A01014,ESCORTS,CERTIFIED
NSE-ISIN:INE0DRI01029,INE0DRI01029,ESDS,CERTIFIED
NSE-ISIN:INE481K01013,INE481K01013,ESL,CERTIFIED
NSE-ISIN:INE011A01019,INE011A01019,ESSAROIL,CERTIFIED
NSE-ISIN:INE282A01024,INE282A01024,ESSARPORTS,CERTIFIED
NSE-ISIN:INE122M01019,INE122M01019,ESSARSHPNG,CERTIFIED
NSE-ISIN:INE825H01017,INE825H01017,ESSDEE,CERTIFIED
NSE-ISIN:INE255A01020,INE255A01020,EPL,CERTIFIED
NSE-ISIN:INE418N01035,INE418N01035,ESSENTIA,CERTIFIED
NSE-ISIN:INE778B01029,INE778B01029,ESTER,CERTIFIED
NSE-ISIN:INE758T01015,INE758T01015,ETERNAL,CERTIFIED
NSE-ISIN:INE295A01018,INE295A01018,EVERESTIND,CERTIFIED
NSE-ISIN:INE04TZ01018,INE04TZ01018,ETHOSLTD,CERTIFIED
NSE-ISIN:INE0KCE01017,INE0KCE01017,EUREKAFORB,CERTIFIED
NSE-ISIN:INE505V01016,INE505V01016,EUROBOND,CERTIFIED
NSE-ISIN:INE649H01011,INE649H01011,EUROCERA,CERTIFIED
NSE-ISIN:INE063J01011,INE063J01011,EUROMULTI,CERTIFIED
NSE-ISIN:INE198501012,INE198501012,EUROPRATIK,CERTIFIED
NSE-ISIN:INE022C01012,INE022C01012,EUROTEXIND,CERTIFIED
NSE-ISIN:INE128A01029,INE128A01029,EVEREADY,CERTIFIED
NSE-ISIN:INE295A01018,INE295A01018,EVERESTIND,CERTIFIED
NSE-ISIN:INE678H01010,INE678H01010,EVERONN,CERTIFIED
NSE-ISIN:INE688J01015,INE688J01015,EXCEL,CERTIFIED
NSE-ISIN:INE688J01023,INE688J01023,LANDSMILL,CERTIFIED
NSE-ISIN:INE223G01017,INE223G01017,EXCELCROP,CERTIFIED
NSE-ISIN:INE369A01029,INE369A01029,EXCELINDUS,CERTIFIED
NSE-ISIN:INE688J01015,INE688J01015,EXCEL,CERTIFIED
NSE-ISIN:INE606N01019,INE606N01019,EXCELSOFT,CERTIFIED
NSE-ISIN:INE777F01014,INE777F01014,EXICOM,CERTIFIED
NSE-ISIN:INE302A01020,INE302A01020,EXIDEIND,CERTIFIED
NSE-ISIN:INE201K01015,INE201K01015,EXPLEOSOL,CERTIFIED
NSE-ISIN:INE0GFE01026,INE0GFE01026,EXXARO,CERTIFIED
NSE-ISIN:INE0HF201011,INE0HF201011,FABTECH,CERTIFIED
NSE-ISIN:INE188A01015,INE188A01015,FACT,CERTIFIED
NSE-ISIN:INE513A01014,INE513A01014,FAGBEARING,CERTIFIED
NSE-ISIN:INE513A01014,INE513A01014,FAGBEARING,CERTIFIED
NSE-ISIN:INE959A01019,INE959A01019,PRIVISCL,CERTIFIED
NSE-ISIN:INE0DNW01011,INE0DNW01011,FAIRCHEMOR,CERTIFIED
NSE-ISIN:INE886G01011,INE886G01011,FAME,CERTIFIED
NSE-ISIN:INE890I01035,INE890I01035,FARMAXIND,CERTIFIED
NSE-ISIN:INE963C01033,INE963C01033,FAZE3Q,CERTIFIED
NSE-ISIN:INE220J01025,INE220J01025,FCONSUMER,CERTIFIED
NSE-ISIN:INE688I01017,INE688I01017,CAPF,CERTIFIED
NSE-ISIN:INE045J01026,INE045J01026,FCL,CERTIFIED
NSE-ISIN:INE045J01034,INE045J01034,FCL,CERTIFIED
NSE-ISIN:INE220J01025,INE220J01025,FCONSUMER,CERTIFIED
NSE-ISIN:INE512B01022,INE512B01022,FCSSOFT,CERTIFIED
NSE-ISIN:INE258B01022,INE258B01022,FDC,CERTIFIED
NSE-ISIN:INE249C01011,INE249C01011,FEDDERELEC,CERTIFIED
NSE-ISIN:INE249C01011,INE249C01011,FEDDERELEC,CERTIFIED
NSE-ISIN:INE417D01020,INE417D01020,FEDDERSHOL,CERTIFIED
NSE-ISIN:INE171A01011,INE171A01011,FEDERALBNK,CERTIFIED
NSE-ISIN:INE171A01029,INE171A01029,FEDERALBNK,CERTIFIED
NSE-ISIN:INE007N01010,INE007N01010,FEDFINA,CERTIFIED
NSE-ISIN:INE623B01027,INE623B01027,FEL,CERTIFIED
NSE-ISIN:IN9623B01058,IN9623B01058,FELDVR,CERTIFIED
NSE-ISIN:INE225B01021,INE225B01021,FERMENTA,CERTIFIED
NSE-ISIN:INE296C01020,INE296C01020,FIBERWEB,CERTIFIED
NSE-ISIN:INE737H01014,INE737H01014,FIEMIND,CERTIFIED
NSE-ISIN:INE816B01019,INE816B01019,FILATEX,CERTIFIED
NSE-ISIN:INE816B01027,INE816B01027,FILATEX,CERTIFIED
NSE-ISIN:INE816B01035,INE816B01035,FILATEX,CERTIFIED
NSE-ISIN:INE185E01021,INE185E01021,FILATFASH,CERTIFIED
NSE-ISIN:INE111B01023,INE111B01023,63MOONS,CERTIFIED
NSE-ISIN:INE235A01022,INE235A01022,FINCABLES,CERTIFIED
NSE-ISIN:INE686Y01026,INE686Y01026,FINEORG,CERTIFIED
NSE-ISIN:INE734I01027,INE734I01027,FINKURVE,CERTIFIED
NSE-ISIN:INE02NC01014,INE02NC01014,FINOPB,CERTIFIED
NSE-ISIN:INE183A01016,INE183A01016,FINPIPE,CERTIFIED
NSE-ISIN:INE183A01024,INE183A01024,FINPIPE,CERTIFIED
NSE-ISIN:INE02RE01045,INE02RE01045,FIRSTCRY,CERTIFIED
NSE-ISIN:INE492B01019,INE492B01019,FIRSTLEASE,CERTIFIED
NSE-ISIN:INE315J01015,INE315J01015,FIRSTWIN,CERTIFIED
NSE-ISIN:INE771F01041,INE771F01041,FISCHER,CERTIFIED
NSE-ISIN:INE128S01021,INE128S01021,FIVESTAR,CERTIFIED
NSE-ISIN:INE575G01010,INE575G01010,FKONCO,CERTIFIED
NSE-ISIN:INE00Y201027,INE00Y201027,FLAIR,CERTIFIED
NSE-ISIN:INE516A01017,INE516A01017,UFLEX,CERTIFIED
NSE-ISIN:INE060J01017,INE060J01017,FLEXITUFF,CERTIFIED
NSE-ISIN:INE452O01016,INE452O01016,FLFL,CERTIFIED
NSE-ISIN:INE09N301011,INE09N301011,FLUOROCHEM,CERTIFIED
NSE-ISIN:INE529A01010,INE529A01010,FMGOETZE,CERTIFIED
NSE-ISIN:INE360L01017,INE360L01017,FMNL,CERTIFIED
NSE-ISIN:INE593W01028,INE593W01028,FOCUS,CERTIFIED
NSE-ISIN:INE976E01023,INE976E01023,FOODSIN,CERTIFIED
NSE-ISIN:INE451A01017,INE451A01017,FORCEMOT,CERTIFIED
NSE-ISIN:INE061F01013,INE061F01013,FORTIS,CERTIFIED
NSE-ISIN:INE924D01017,INE924D01017,THEINVEST,CERTIFIED
NSE-ISIN:INE519A01011,INE519A01011,FOSECOIND,CERTIFIED
NSE-ISIN:INE212S01015,INE212S01015,FRACTAL,CERTIFIED
NSE-ISIN:INE194R01017,INE194R01017,FREDUN,CERTIFIED
NSE-ISIN:INE752P01024,INE752P01024,FRETAIL,CERTIFIED
NSE-ISIN:INE623B01027,INE623B01027,FEL,CERTIFIED
NSE-ISIN:IN9623B01058,IN9623B01058,FELDVR,CERTIFIED
NSE-ISIN:INE572D01014,INE572D01014,FRONTSP,CERTIFIED
NSE-ISIN:INE935Q01015,INE935Q01015,FSC,CERTIFIED
NSE-ISIN:INE684F01012,INE684F01012,FSL,CERTIFIED
NSE-ISIN:INF090I01080,INF090I01080,FTCPOF5YDV,CERTIFIED
NSE-ISIN:INF090I01072,INF090I01072,FTCPOF5YGR,CERTIFIED
NSE-ISIN:INF090I01049,INF090I01049,FTCSF5YDIV,CERTIFIED
NSE-ISIN:INF090I01031,INF090I01031,FTCSF5YGRO,CERTIFIED
NSE-ISIN:INE139R01012,INE139R01012,FUSION,CERTIFIED
NSE-ISIN:INE220J01017,INE220J01017,FUTUREVENT,CERTIFIED
NSE-ISIN:INE220J01025,INE220J01025,FCONSUMER,CERTIFIED
NSE-ISIN:INE524A01029,INE524A01029,GABRIEL,CERTIFIED
NSE-ISIN:INE036B01022,INE036B01022,GAEL,CERTIFIED
NSE-ISIN:INE036B01030,INE036B01030,GAEL,CERTIFIED
NSE-ISIN:INE129A01019,INE129A01019,GAIL,CERTIFIED
NSE-ISIN:INE18UN01038,INE18UN01038,GAJA,CERTIFIED
NSE-ISIN:INE482J01013,INE482J01013,GAL,CERTIFIED
NSE-ISIN:INE482J01021,INE482J01021,SHAH,CERTIFIED
NSE-ISIN:INE0RE001014,INE0RE001014,GALAPREC,CERTIFIED
NSE-ISIN:INE600K01018,INE600K01018,GALAXYSURF,CERTIFIED
NSE-ISIN:INE297H01019,INE297H01019,GALLANTT,CERTIFIED
NSE-ISIN:INE528K01011,INE528K01011,GALLISPAT,CERTIFIED
NSE-ISIN:INE528K01029,INE528K01029,GALLISPAT,CERTIFIED
NSE-ISIN:INE181G01025,INE181G01025,GAMMNINFRA,CERTIFIED
NSE-ISIN:INE259B01020,INE259B01020,GAMMONIND,CERTIFIED
NSE-ISIN:INE717W01049,INE717W01049,GANDHAR,CERTIFIED
NSE-ISIN:INE524B01027,INE524B01027,GANDHITUBE,CERTIFIED
NSE-ISIN:INE845D01014,INE845D01014,GANECOS,CERTIFIED
NSE-ISIN:INE388A01029,INE388A01029,GANESHBE,CERTIFIED
NSE-ISIN:INE652V01016,INE652V01016,GANESHCP,CERTIFIED
NSE-ISIN:INE460C01014,INE460C01014,GANESHHOU,CERTIFIED
NSE-ISIN:INE460C01014,INE460C01014,GANESHHOU,CERTIFIED
NSE-ISIN:INE691Z01023,INE691Z01023,GANGAFORGE,CERTIFIED
NSE-ISIN:INE335W01016,INE335W01016,GANGESSECU,CERTIFIED
NSE-ISIN:INE670B01028,INE670B01028,GANGOTRI,CERTIFIED
NSE-ISIN:INE460C01014,INE460C01014,GANESHHOUC,CERTIFIED
NSE-ISIN:INE526A01016,INE526A01016,GARDENSILK,CERTIFIED
NSE-ISIN:INE276A01018,INE276A01018,GARFIBRES,CERTIFIED
NSE-ISIN:INE0JVO01026,INE0JVO01026,GARUDA,CERTIFIED
NSE-ISIN:INE276A01018,INE276A01018,GARFIBRES,CERTIFIED
NSE-ISIN:INE446C01013,INE446C01013,GLOBOFFS,CERTIFIED
NSE-ISIN:INE224E01028,INE224E01028,GATECH,CERTIFIED
NSE-ISIN:INE224E01036,INE224E01036,GATECHDVR,CERTIFIED
NSE-ISIN:INE079J01017,INE079J01017,GATEWAY,CERTIFIED
NSE-ISIN:INE152B01027,INE152B01027,GATI,CERTIFIED
NSE-ISIN:INE0P8B01020,INE0P8B01020,GAUDIUMIVF,CERTIFIED
NSE-ISIN:INE287Z01012,INE287Z01012,GAYAHWS,CERTIFIED
NSE-ISIN:INE336H01015,INE336H01015,GAYAPROJ,CERTIFIED
NSE-ISIN:INE336H01023,INE336H01023,GAYAPROJ,CERTIFIED
NSE-ISIN:INE087J01028,INE087J01028,GBGLOBAL,CERTIFIED
NSE-ISIN:INE886H01027,INE886H01027,TV18BRDCST,CERTIFIED
NSE-ISIN:INE199P01028,INE199P01028,GCSL,CERTIFIED
NSE-ISIN:INE852F01015,INE852F01015,GDL,CERTIFIED
NSE-ISIN:INE200A01026,INE200A01026,AREVAT&D,CERTIFIED
NSE-ISIN:INE916G01016,INE916G01016,GEECEE,CERTIFIED
NSE-ISIN:INE669X01016,INE669X01016,GEEKAYWIRE,CERTIFIED
NSE-ISIN:INE669X01032,INE669X01032,GEEKAYWIRE,CERTIFIED
NSE-ISIN:INE599B01011,INE599B01011,GEINDSYS,CERTIFIED
NSE-ISIN:INE06XZ01023,INE06XZ01023,GEMAROMA,CERTIFIED
NSE-ISIN:INE878C01033,INE878C01033,GEMINI,CERTIFIED
NSE-ISIN:INE854S01022,INE854S01022,GENCON,CERTIFIED
NSE-ISIN:INE727B01026,INE727B01026,GENESYS,CERTIFIED
NSE-ISIN:INE06H201014,INE06H201014,GENSOL,CERTIFIED
NSE-ISIN:INE955D01029,INE955D01029,GENUSPOWER,CERTIFIED
NSE-ISIN:INE949P01018,INE949P01018,GENUSPAPER,CERTIFIED
NSE-ISIN:INE955D01029,INE955D01029,GENUSPOWER,CERTIFIED
NSE-ISIN:INE371D01029,INE371D01029,GEODESIC,CERTIFIED
NSE-ISIN:INE371D01029,INE371D01029,GEODESIC,CERTIFIED
NSE-ISIN:INE007B01023,INE007B01023,GEOJITBNPP,CERTIFIED
NSE-ISIN:INE007B01023,INE007B01023,GEOJITFSL,CERTIFIED
NSE-ISIN:INE007B01023,INE007B01023,GEOJITFSL,CERTIFIED
NSE-ISIN:INE797A01021,INE797A01021,GEOMETRIC,CERTIFIED
NSE-ISIN:INE878A01011,INE878A01011,GVPIL,CERTIFIED
NSE-ISIN:INE813A01018,INE813A01018,MAHLIFE,CERTIFIED
NSE-ISIN:INE017A01032,INE017A01032,GESHIP,CERTIFIED
NSE-ISIN:INE200A01026,INE200A01026,GVT&D,CERTIFIED
NSE-ISIN:INE538A01037,INE538A01037,GFLLIMITED,CERTIFIED
NSE-ISIN:INE534A01028,INE534A01028,GFSTEELS,CERTIFIED
NSE-ISIN:INE539A01019,INE539A01019,GHCL,CERTIFIED
NSE-ISIN:INE0PA801013,INE0PA801013,GHCLTEXTIL,CERTIFIED
NSE-ISIN:INE289B01019,INE289B01019,GICHSGFIN,CERTIFIED
NSE-ISIN:INE947T01022,INE947T01022,GICL,CERTIFIED
NSE-ISIN:INE481Y01014,INE481Y01014,GICRE,CERTIFIED
NSE-ISIN:INE047B01011,INE047B01011,GILLANDERS,CERTIFIED
NSE-ISIN:INE322A01010,INE322A01010,GILLETTE,CERTIFIED
NSE-ISIN:INE424C01010,INE424C01010,GINNIFILA,CERTIFIED
NSE-ISIN:INE162A01010,INE162A01010,GIPCL,CERTIFIED
NSE-ISIN:INE065J01016,INE065J01016,GISOLUTION,CERTIFIED
NSE-ISIN:INE065J01024,INE065J01024,TPHQ,CERTIFIED
NSE-ISIN:INE346H01014,INE346H01014,GITANJALI,CERTIFIED
NSE-ISIN:INE265D01015,INE265D01015,GKB,CERTIFIED
NSE-ISIN:INE1AG301022,INE1AG301022,GKENERGY,CERTIFIED
NSE-ISIN:INE0V0W01025,INE0V0W01025,GKSL,CERTIFIED
NSE-ISIN:INE528A01020,INE528A01020,GKWLIMITED,CERTIFIED
NSE-ISIN:INE068V01023,INE068V01023,GLAND,CERTIFIED
NSE-ISIN:INE159A01016,INE159A01016,GLAXO,CERTIFIED
NSE-ISIN:INE935A01035,INE935A01035,GLENMARK,CERTIFIED
NSE-ISIN:INE540A01017,INE540A01017,GLFL,CERTIFIED
NSE-ISIN:INE291W01011,INE291W01011,GLOBAL,CERTIFIED
NSE-ISIN:INE291W01037,INE291W01037,GLOBAL,CERTIFIED
NSE-ISIN:INE0URU01010,INE0URU01010,GLOBALE,CERTIFIED
NSE-ISIN:INE043A01012,INE043A01012,GTL,CERTIFIED
NSE-ISIN:INE792H01019,INE792H01019,GLOBALVECT,CERTIFIED
NSE-ISIN:INE581X01013,INE581X01013,GLOBE,CERTIFIED
NSE-ISIN:INE581X01021,INE581X01021,GLOBE,CERTIFIED
NSE-ISIN:INE0V3U01015,INE0V3U01015,GLOBECIVIL,CERTIFIED
NSE-ISIN:INE446C01013,INE446C01013,GLOBOFFS,CERTIFIED
NSE-ISIN:INE615I01010,INE615I01010,GLOBUSSPR,CERTIFIED
NSE-ISIN:INE932G01021,INE932G01021,GLODYNE,CERTIFIED
NSE-ISIN:INE408H01012,INE408H01012,GLORY,CERTIFIED
NSE-ISIN:INE350Z01018,INE350Z01018,GLOSTERLTD,CERTIFIED
NSE-ISIN:INE0TQE01026,INE0TQE01026,GLOTTIS,CERTIFIED
NSE-ISIN:INE03Q201024,INE03Q201024,ALIVUS,CERTIFIED
NSE-ISIN:INE075D01018,INE075D01018,GMBREW,CERTIFIED
NSE-ISIN:INE131A01031,INE131A01031,GMDCLTD,CERTIFIED
NSE-ISIN:INE541A01023,INE541A01023,GMMPFAUDLR,CERTIFIED
NSE-ISIN:INE776C01039,INE776C01039,GMRAIRPORT,CERTIFIED
NSE-ISIN:INE592I01011,INE592I01011,CRONIMET,CERTIFIED
NSE-ISIN:INE353B01021,INE353B01021,PARRYSUGAR,CERTIFIED
NSE-ISIN:INE776C01039,INE776C01039,GMRAIRPORT,CERTIFIED
NSE-ISIN:INE0CU601026,INE0CU601026,GMRP&UI,CERTIFIED
NSE-ISIN:INE934S01014,INE934S01014,GNA,CERTIFIED
NSE-ISIN:INE113A01013,INE113A01013,GNFC,CERTIFIED
NSE-ISIN:INE207H01018,INE207H01018,GNRL,CERTIFIED
NSE-ISIN:INE426D01013,INE426D01013,GOACARBON,CERTIFIED
NSE-ISIN:INE077F01035,INE077F01035,GOCLCORP,CERTIFIED
NSE-ISIN:INE0BJS01011,INE0BJS01011,GOCOLORS,CERTIFIED
NSE-ISIN:INE497S01012,INE497S01012,GODAVARIB,CERTIFIED
NSE-ISIN:INE260B01010,INE260B01010,GODFRYPHLP,CERTIFIED
NSE-ISIN:INE260B01028,INE260B01028,GODFRYPHLP,CERTIFIED
NSE-ISIN:INE925Y01010,INE925Y01010,GODHA,CERTIFIED
NSE-ISIN:INE03JT01014,INE03JT01014,GODIGIT,CERTIFIED
NSE-ISIN:INE850D01014,INE850D01014,GODREJAGRO,CERTIFIED
NSE-ISIN:INE102D01028,INE102D01028,GODREJCP,CERTIFIED
NSE-ISIN:INE233A01035,INE233A01035,GODREJIND,CERTIFIED
NSE-ISIN:INE484J01019,INE484J01019,GODREJPROP,CERTIFIED
NSE-ISIN:INE484J01027,INE484J01027,GODREJPROP,CERTIFIED
NSE-ISIN:INE516K01016,INE516K01016,GOENKA,CERTIFIED
NSE-ISIN:INE516K01024,INE516K01024,GOENKA,CERTIFIED
NSE-ISIN:INE529A01010,INE529A01010,FMGOETZE,CERTIFIED
NSE-ISIN:INE887G01027,INE887G01027,GOKEX,CERTIFIED
NSE-ISIN:INE020J01029,INE020J01029,GOKUL,CERTIFIED
NSE-ISIN:INE314T01025,INE314T01025,GOKULAGRO,CERTIFIED
NSE-ISIN:INE314T01033,INE314T01033,GOKULAGRO,CERTIFIED
NSE-ISIN:INE973A01010,INE973A01010,GOLDENTOBC,CERTIFIED
NSE-ISIN:INE025B01017,INE025B01017,GOLDIAM,CERTIFIED
NSE-ISIN:INE025B01025,INE025B01025,GOLDIAM,CERTIFIED
NSE-ISIN:INE260D01016,INE260D01016,OLECTRA,CERTIFIED
NSE-ISIN:INE805A01014,INE805A01014,GOLDTECH,CERTIFIED
NSE-ISIN:INE260D01016,INE260D01016,GOLDINFRA,CERTIFIED
NSE-ISIN:INE127I01024,INE127I01024,GOODLUCK,CERTIFIED
NSE-ISIN:INE533A01012,INE533A01012,GOODYEAR,CERTIFIED
NSE-ISIN:INE0L9R01028,INE0L9R01028,GOPAL,CERTIFIED
NSE-ISIN:INE705X01026,INE705X01026,GOYALALUM,CERTIFIED
NSE-ISIN:INE393A01011,INE393A01011,DELTAMAGNT,CERTIFIED
NSE-ISIN:INE177H01013,INE177H01013,GPIL,CERTIFIED
NSE-ISIN:INE177H01039,INE177H01039,GPIL,CERTIFIED
NSE-ISIN:INE517F01014,INE517F01014,GPPL,CERTIFIED
NSE-ISIN:INE486R01017,INE486R01017,GPTHEALTH,CERTIFIED
NSE-ISIN:INE390G01014,INE390G01014,GPTINFRA,CERTIFIED
NSE-ISIN:INE012D01011,INE012D01011,GRABALALK,CERTIFIED
NSE-ISIN:INE361K01017,INE361K01017,GRADIENTE,CERTIFIED
NSE-ISIN:INE926B01016,INE926B01016,GRANDOAK,CERTIFIED
NSE-ISIN:INE101D01012,INE101D01012,GRANULES,CERTIFIED
NSE-ISIN:INE101D01020,INE101D01020,GRANULES,CERTIFIED
NSE-ISIN:INE371A01025,INE371A01025,GRAPHITE,CERTIFIED
NSE-ISIN:INE047A01013,INE047A01013,GRASIM,CERTIFIED
NSE-ISIN:INE047A01021,INE047A01021,GRASIM,CERTIFIED
NSE-ISIN:INE266D01021,INE266D01021,GRAUWEIL,CERTIFIED
NSE-ISIN:INE214F01026,INE214F01026,GRAVISSHO,CERTIFIED
NSE-ISIN:INE024L01019,INE024L01019,GRAVITA,CERTIFIED
NSE-ISIN:INE024L01027,INE024L01027,GRAVITA,CERTIFIED
NSE-ISIN:INE224A01026,INE224A01026,GREAVESCOT,CERTIFIED
NSE-ISIN:INE224A01026,INE224A01026,GREAVESCOT,CERTIFIED
NSE-ISIN:INE217G01027,INE217G01027,GREENFIRE,CERTIFIED
NSE-ISIN:INE544R01013,INE544R01013,GREENLAM,CERTIFIED
NSE-ISIN:INE544R01021,INE544R01021,GREENLAM,CERTIFIED
NSE-ISIN:INE08ZM01014,INE08ZM01014,GREENPANEL,CERTIFIED
NSE-ISIN:INE461C01020,INE461C01020,GREENPLY,CERTIFIED
NSE-ISIN:INE461C01038,INE461C01038,GREENPLY,CERTIFIED
NSE-ISIN:INE999K01014,INE999K01014,GREENPOWER,CERTIFIED
NSE-ISIN:INE536A01023,INE536A01023,GRINDWELL,CERTIFIED
NSE-ISIN:INE201P01022,INE201P01022,GRINFRA,CERTIFIED
NSE-ISIN:INE192H01020,INE192H01020,GRMOVER,CERTIFIED
NSE-ISIN:INE646C01018,INE646C01018,GROBTEA,CERTIFIED
NSE-ISIN:INE0HOQ01053,INE0HOQ01053,GROWW,CERTIFIED
NSE-ISIN:INE137I01015,INE137I01015,GRPLTD,CERTIFIED
NSE-ISIN:INE382Z01011,INE382Z01011,GRSE,CERTIFIED
NSE-ISIN:INE580B01011,INE580B01011,GRUH,CERTIFIED
NSE-ISIN:INE580B01029,INE580B01029,GRUH,CERTIFIED
NSE-ISIN:INE291A01017,INE291A01017,GRWRHITECH,CERTIFIED
NSE-ISIN:INE542A01039,INE542A01039,GSCLCEMENT,CERTIFIED
NSE-ISIN:INE026A01017,INE026A01017,GSFC,CERTIFIED
NSE-ISIN:INE026A01025,INE026A01025,GSFC,CERTIFIED
NSE-ISIN:INE264A01014,INE264A01014,GSKCONS,CERTIFIED
NSE-ISIN:INE787A01022,INE787A01022,GSLNOVA,CERTIFIED
NSE-ISIN:INE0JSX01015,INE0JSX01015,GSLSU,CERTIFIED
NSE-ISIN:INE713R01022,INE713R01022,GSPCROP,CERTIFIED
NSE-ISIN:INE246F01010,INE246F01010,GSPL,CERTIFIED
NSE-ISIN:INE871H01011,INE871H01011,GSS,CERTIFIED
NSE-ISIN:INE871H01011,INE871H01011,GSS,CERTIFIED
NSE-ISIN:INE973A01010,INE973A01010,GOLDENTOBC,CERTIFIED
NSE-ISIN:INE586X01012,INE586X01012,GTECJAINX,CERTIFIED
NSE-ISIN:INE043A01012,INE043A01012,GTL,CERTIFIED
NSE-ISIN:INE221H01019,INE221H01019,GTLINFRA,CERTIFIED
NSE-ISIN:INE537A01013,INE537A01013,GTNIND,CERTIFIED
NSE-ISIN:INE302H01017,INE302H01017,GTNTEX,CERTIFIED
NSE-ISIN:INE537A01013,INE537A01013,GTNIND,CERTIFIED
NSE-ISIN:INE892H01017,INE892H01017,GTOFFSHORE,CERTIFIED
NSE-ISIN:INE869I01013,INE869I01013,GTPL,CERTIFIED
NSE-ISIN:INE742B01025,INE742B01025,GUFICBIO,CERTIFIED
NSE-ISIN:INE186A01019,INE186A01019,GUJALKALI,CERTIFIED
NSE-ISIN:INE079A01024,INE079A01024,AMBUJACEM,CERTIFIED
NSE-ISIN:INE826C01016,INE826C01016,GUJAPOLLO,CERTIFIED
NSE-ISIN:INE826C01016,INE826C01016,GUJAPOLLO,CERTIFIED
NSE-ISIN:INE826C01016,INE826C01016,GUJAPOLLO,CERTIFIED
NSE-ISIN:INE844O01030,INE844O01030,GUJENERGY,CERTIFIED
NSE-ISIN:INE538A01037,INE538A01037,GFLLIMITED,CERTIFIED
NSE-ISIN:INE844O01022,INE844O01022,GUJGASLTD,CERTIFIED
NSE-ISIN:INE844O01030,INE844O01030,GUJENERGY,CERTIFIED
NSE-ISIN:INE748E01018,INE748E01018,PIRGLASS,CERTIFIED
NSE-ISIN:INE110D01013,INE110D01013,GUJNRECOKE,CERTIFIED
NSE-ISIN:IN9110D01011,IN9110D01011,GUJNREDVR,CERTIFIED
NSE-ISIN:INE610B01024,INE610B01024,GUJRAFFIA,CERTIFIED
NSE-ISIN:INE374A01029,INE374A01029,GUJRATGAS,CERTIFIED
NSE-ISIN:INE542A01013,INE542A01013,GUJSIDHCEM,CERTIFIED
NSE-ISIN:INE944A01011,INE944A01011,GUJSTATFIN,CERTIFIED
NSE-ISIN:INE942C01045,INE942C01045,GUJTHEM,CERTIFIED
NSE-ISIN:INE077F01035,INE077F01035,GOCLCORP,CERTIFIED
NSE-ISIN:INE077F01027,INE077F01027,GULFOILCOR,CERTIFIED
NSE-ISIN:INE635Q01029,INE635Q01029,GULFOILLUB,CERTIFIED
NSE-ISIN:INE586G01017,INE586G01017,GULFPETRO,CERTIFIED
NSE-ISIN:INE255D01024,INE255D01024,GULPOLY,CERTIFIED
NSE-ISIN:INE251H01024,INE251H01024,GVKPIL,CERTIFIED
NSE-ISIN:INE878A01011,INE878A01011,GVPIL,CERTIFIED
NSE-ISIN:INE382T01030,INE382T01030,GVPTECH,CERTIFIED
NSE-ISIN:INE200A01026,INE200A01026,GVT&D,CERTIFIED
NSE-ISIN:INE916G01016,INE916G01016,GEECEE,CERTIFIED
NSE-ISIN:INE724A01017,INE724A01017,GYFTR,CERTIFIED
NSE-ISIN:INE066F01012,INE066F01012,HAL,CERTIFIED
NSE-ISIN:INE066F01020,INE066F01020,HAL,CERTIFIED
NSE-ISIN:INE115S01010,INE115S01010,HALDER,CERTIFIED
NSE-ISIN:INE506D01020,INE506D01020,HALDYNGL,CERTIFIED
NSE-ISIN:INE320X01016,INE320X01016,HALEOSLABS,CERTIFIED
NSE-ISIN:INE455B01016,INE455B01016,PHOENIXLL,CERTIFIED
NSE-ISIN:INE299D01022,INE299D01022,HAMPTON,CERTIFIED
NSE-ISIN:INE648H01013,INE648H01013,HANUNG,CERTIFIED
NSE-ISIN:INE419U01012,INE419U01012,HAPPSTMNDS,CERTIFIED
NSE-ISIN:INE330T01021,INE330T01021,HAPPYFORGE,CERTIFIED
NSE-ISIN:INE626Z01029,INE626Z01029,HARDWYN,CERTIFIED
NSE-ISIN:INE00EV01017,INE00EV01017,HARIOMPIPE,CERTIFIED
NSE-ISIN:INE939D01015,INE939D01015,HARITASEAT,CERTIFIED
NSE-ISIN:INE544A01019,INE544A01019,HARRMALAYA,CERTIFIED
NSE-ISIN:INE0JUS01029,INE0JUS01029,HARSHA,CERTIFIED
NSE-ISIN:INE982F01028,INE982F01028,HATHWAY,CERTIFIED
NSE-ISIN:INE982F01036,INE982F01036,HATHWAY,CERTIFIED
NSE-ISIN:INE473B01035,INE473B01035,HATSUN,CERTIFIED
NSE-ISIN:INE176B01026,INE176B01026,HAVELLS,CERTIFIED
NSE-ISIN:INE176B01034,INE176B01034,HAVELLS,CERTIFIED
NSE-ISIN:INE293B01029,INE293B01029,HAVISHA,CERTIFIED
NSE-ISIN:INE979B01015,INE979B01015,HAWKINCOOK,CERTIFIED
NSE-ISIN:INE550F01049,INE550F01049,HAZOOR,CERTIFIED
NSE-ISIN:INE640B01021,INE640B01021,HBESD,CERTIFIED
NSE-ISIN:INE292B01021,INE292B01021,HBLENGINE,CERTIFIED
NSE-ISIN:INE292B01021,INE292B01021,HBLENGINE,CERTIFIED
NSE-ISIN:INE638B01025,INE638B01025,HBPOR,CERTIFIED
NSE-ISIN:INE550B01022,INE550B01022,HBSL,CERTIFIED
NSE-ISIN:INE550B01014,INE550B01014,HBSTOCK,CERTIFIED
NSE-ISIN:INE549A01026,INE549A01026,HCC,CERTIFIED
NSE-ISIN:INE075I01017,INE075I01017,HCG,CERTIFIED
NSE-ISIN:INE019C01026,INE019C01026,HSCL,CERTIFIED
NSE-ISIN:INE236A01020,INE236A01020,HCL-INSYS,CERTIFIED
NSE-ISIN:INE236A01020,INE236A01020,HCL-INSYS,CERTIFIED
NSE-ISIN:INE860A01027,INE860A01027,HCLTECH,CERTIFIED
NSE-ISIN:INE756I01012,INE756I01012,HDBFS,CERTIFIED
NSE-ISIN:INE001A01036,INE001A01036,HDFC,CERTIFIED
NSE-ISIN:INE127D01025,INE127D01025,HDFCAMC,CERTIFIED
NSE-ISIN:INE040A01026,INE040A01026,HDFCBANK,CERTIFIED
NSE-ISIN:INE040A01034,INE040A01034,HDFCBANK,CERTIFIED
NSE-ISIN:INE795G01014,INE795G01014,HDFCLIFE,CERTIFIED
NSE-ISIN:INE191I01012,INE191I01012,HDIL,CERTIFIED
NSE-ISIN:INE759V01019,INE759V01019,HEADSUP,CERTIFIED
NSE-ISIN:INE019J01013,INE019J01013,HEALTHX,CERTIFIED
NSE-ISIN:INE558R01013,INE558R01013,HECPROJECT,CERTIFIED
NSE-ISIN:INE545A01016,INE545A01016,HEG,CERTIFIED
NSE-ISIN:INE545A01024,INE545A01024,HEG,CERTIFIED
NSE-ISIN:INE578A01017,INE578A01017,HEIDELBERG,CERTIFIED
NSE-ISIN:INE674B01012,INE674B01012,HELIOSMATH,CERTIFIED
NSE-ISIN:INE0AJG01018,INE0AJG01018,HEMIPROP,CERTIFIED
NSE-ISIN:INE694N01015,INE694N01015,HERANBA,CERTIFIED
NSE-ISIN:INE688E01024,INE688E01024,HERCULES,CERTIFIED
NSE-ISIN:INE978A01019,INE978A01019,HERITGFOOD,CERTIFIED
NSE-ISIN:INE978A01027,INE978A01027,HERITGFOOD,CERTIFIED
NSE-ISIN:INE158A01026,INE158A01026,HEROMOTOCO,CERTIFIED
NSE-ISIN:INE158A01026,INE158A01026,HEROMOTOCO,CERTIFIED
NSE-ISIN:INE782E01017,INE782E01017,HESTERBIO,CERTIFIED
NSE-ISIN:INE492A01029,INE492A01029,SUDARCOLOR,CERTIFIED
NSE-ISIN:INE0JUI01012,INE0JUI01012,HEXAGON,CERTIFIED
NSE-ISIN:INE750M01017,INE750M01017,HEXATRADEX,CERTIFIED
NSE-ISIN:INE093A01033,INE093A01033,HEXAWARE,CERTIFIED
NSE-ISIN:INE093A01041,INE093A01041,HEXT,CERTIFIED
NSE-ISIN:INE548A01028,INE548A01028,HFCL,CERTIFIED
NSE-ISIN:INE926X01010,INE926X01010,HGINFRA,CERTIFIED
NSE-ISIN:INE596H01014,INE596H01014,HGM,CERTIFIED
NSE-ISIN:INE170I01016,INE170I01016,HGS,CERTIFIED
NSE-ISIN:INE170I01016,INE170I01016,HGS,CERTIFIED
NSE-ISIN:INE361M01021,INE361M01021,HIGHGROUND,CERTIFIED
NSE-ISIN:INE475B01014,INE475B01014,HIKAL,CERTIFIED
NSE-ISIN:INE475B01022,INE475B01022,HIKAL,CERTIFIED
NSE-ISIN:INE557A01011,INE557A01011,BIRLANU,CERTIFIED
NSE-ISIN:INE00RL01028,INE00RL01028,HILINFRA,CERTIFIED
NSE-ISIN:INE788H01017,INE788H01017,HILTON,CERTIFIED
NSE-ISIN:INE019C01026,INE019C01026,HCIL,CERTIFIED
NSE-ISIN:INE049A01027,INE049A01027,HIMATSEIDE,CERTIFIED
NSE-ISIN:INE074C01013,INE074C01013,HINDADH,CERTIFIED
NSE-ISIN:INE038A01020,INE038A01020,HINDALCO,CERTIFIED
NSE-ISIN:INE038A01020,INE038A01020,HINDALCO,CERTIFIED
NSE-ISIN:INE227B01019,INE227B01019,HINDALUMI,CERTIFIED
NSE-ISIN:INE310C01011,INE310C01011,HINDCOMPOS,CERTIFIED
NSE-ISIN:INE310C01029,INE310C01029,HINDCOMPOS,CERTIFIED
NSE-ISIN:INE642Y01029,INE642Y01029,HINDCON,CERTIFIED
NSE-ISIN:INE549A01026,INE549A01026,HCC,CERTIFIED
NSE-ISIN:INE531E01026,INE531E01026,HINDCOPPER,CERTIFIED
NSE-ISIN:INE551A01022,INE551A01022,HINDDORROL,CERTIFIED
NSE-ISIN:INE030A01027,INE030A01027,HINDUNILVR,CERTIFIED
NSE-ISIN:INE253A01025,INE253A01025,HINDMOTORS,CERTIFIED
NSE-ISIN:INE952A01022,INE952A01022,HINDNATGLS,CERTIFIED
NSE-ISIN:INE345A01011,INE345A01011,HINDOILEXP,CERTIFIED
NSE-ISIN:INE094A01015,INE094A01015,HINDPETRO,CERTIFIED
NSE-ISIN:INE415A01038,INE415A01038,HSIL,CERTIFIED
NSE-ISIN:INE155B01012,INE155B01012,HINDSYNTEX,CERTIFIED
NSE-ISIN:INE291F01016,INE291F01016,HINDUJAFO,CERTIFIED
NSE-ISIN:INE353A01023,INE353A01023,HINDUJAVEN,CERTIFIED
NSE-ISIN:INE353A01023,INE353A01023,NXTDIGITAL,CERTIFIED
NSE-ISIN:INE030A01027,INE030A01027,HINDUNILVR,CERTIFIED
NSE-ISIN:INE05AN01011,INE05AN01011,HINDWAREAP,CERTIFIED
NSE-ISIN:INE267A01025,INE267A01025,HINDZINC,CERTIFIED
NSE-ISIN:INE573I01011,INE573I01011,HIRAFERRO,CERTIFIED
NSE-ISIN:INE835D01023,INE835D01023,HIRECT,CERTIFIED
NSE-ISIN:INE598C01011,INE598C01011,HISARMETAL,CERTIFIED
NSE-ISIN:INE782A01015,INE782A01015,JCHAC,CERTIFIED
NSE-ISIN:INE106T01017,INE106T01017,HITECH,CERTIFIED
NSE-ISIN:INE106T01025,INE106T01025,HITECH,CERTIFIED
NSE-ISIN:INE120D01012,INE120D01012,HITECHCORP,CERTIFIED
NSE-ISIN:INE127B01011,INE127B01011,HITECHGEAR,CERTIFIED
NSE-ISIN:INE120D01012,INE120D01012,HITECHCORP,CERTIFIED
NSE-ISIN:INE461D01010,INE461D01010,HLEGLAS,CERTIFIED
NSE-ISIN:INE461D01028,INE461D01028,HLEGLAS,CERTIFIED
NSE-ISIN:INE102A01024,INE102A01024,HLVLTD,CERTIFIED
NSE-ISIN:INE0ECP01024,INE0ECP01024,HMAAGRO,CERTIFIED
NSE-ISIN:INE262A01018,INE262A01018,HMT,CERTIFIED
NSE-ISIN:INE871K01015,INE871K01015,HMVL,CERTIFIED
NSE-ISIN:INE254N01018,INE254N01018,HNDFDS,CERTIFIED
NSE-ISIN:INE254N01026,INE254N01026,HNDFDS,CERTIFIED
NSE-ISIN:INE048A01011,INE048A01011,HOCL,CERTIFIED
NSE-ISIN:INE058A01010,INE058A01010,AVENTIS,CERTIFIED
NSE-ISIN:INE481N01025,INE481N01025,HOMEFIRST,CERTIFIED
NSE-ISIN:INE0J5401028,INE0J5401028,HONASA,CERTIFIED
NSE-ISIN:INE671A01010,INE671A01010,HONAUT,CERTIFIED
NSE-ISIN:INE634A01018,INE634A01018,HONDAPOWER,CERTIFIED
NSE-ISIN:INE940H01014,INE940H01014,HOPFL,CERTIFIED
NSE-ISIN:INE429F01012,INE429F01012,HORIZONINF,CERTIFIED
NSE-ISIN:INE685T01010,INE685T01010,HORIZONIND,CERTIFIED
NSE-ISIN:INE429F01012,INE429F01012,SKIL,CERTIFIED
NSE-ISIN:INE102A01024,INE102A01024,HLVLTD,CERTIFIED
NSE-ISIN:INE275F01019,INE275F01019,HOTELRUGBY,CERTIFIED
NSE-ISIN:INE596H01014,INE596H01014,HGM,CERTIFIED
NSE-ISIN:INE0GSL01024,INE0GSL01024,HPAL,CERTIFIED
NSE-ISIN:INE05X901010,INE05X901010,HPIL,CERTIFIED
NSE-ISIN:INE495S01016,INE495S01016,HPL,CERTIFIED
NSE-ISIN:INE400G01011,INE400G01011,HRYNSHP,CERTIFIED
NSE-ISIN:INE019C01026,INE019C01026,HSCL,CERTIFIED
NSE-ISIN:INE415A01038,INE415A01038,AGI,CERTIFIED
NSE-ISIN:INE0LEG01024,INE0LEG01024,HTEL,CERTIFIED
NSE-ISIN:INE501G01024,INE501G01024,HTMEDIA,CERTIFIED
NSE-ISIN:INE170I01016,INE170I01016,HGSL,CERTIFIED
NSE-ISIN:INE703H01016,INE703H01016,HUBTOWN,CERTIFIED
NSE-ISIN:INE031A01017,INE031A01017,HUDCO,CERTIFIED
NSE-ISIN:INE517B01013,INE517B01013,TTML,CERTIFIED
NSE-ISIN:INE275B01026,INE275B01026,HUHTAMAKI,CERTIFIED
NSE-ISIN:INE965B01022,INE965B01022,HYBRIDFIN,CERTIFIED
NSE-ISIN:INE557A01011,INE557A01011,HIL,CERTIFIED
NSE-ISIN:INE473D01015,INE473D01015,HYDROS&S,CERTIFIED
NSE-ISIN:INE0V6F01027,INE0V6F01027,HYUNDAI,CERTIFIED
NSE-ISIN:INE881D01027,INE881D01027,OFSS,CERTIFIED
NSE-ISIN:INE834M01019,INE834M01019,RTNINFRA,CERTIFIED
NSE-ISIN:INE886H01027,INE886H01027,TV18BRDCST,CERTIFIED
NSE-ISIN:INE399K01017,INE399K01017,RTNPOWER,CERTIFIED
NSE-ISIN:INE069I01010,INE069I01010,EMBDL,CERTIFIED
NSE-ISIN:INE034H01016,INE034H01016,STOREONE,CERTIFIED
NSE-ISIN:INE274G01010,INE274G01010,IBVENTURES,CERTIFIED
NSE-ISIN:INE148I01020,INE148I01020,SAMMAANCAP,CERTIFIED
NSE-ISIN:INE126M01010,INE126M01010,YAARII,CERTIFIED
NSE-ISIN:INE126M01010,INE126M01010,IBULLSLTD,CERTIFIED
NSE-ISIN:INE274G01010,INE274G01010,DHANI,CERTIFIED
NSE-ISIN:INE126M01010,INE126M01010,SORILHOLD,CERTIFIED
NSE-ISIN:INE613B01010,INE613B01010,ICDSLTD,CERTIFIED
NSE-ISIN:INE520Y01019,INE520Y01019,ICEMAKE,CERTIFIED
NSE-ISIN:INE133A01011,INE133A01011,AKZOINDIA,CERTIFIED
NSE-ISIN:INE346A01027,INE346A01027,ICICIAMC,CERTIFIED
NSE-ISIN:INE090A01013,INE090A01013,ICICIBANK,CERTIFIED
NSE-ISIN:INE090A01021,INE090A01021,ICICIBANK,CERTIFIED
NSE-ISIN:INE765G01017,INE765G01017,ICICIGI,CERTIFIED
NSE-ISIN:INE726G01019,INE726G01019,ICICIPRULI,CERTIFIED
NSE-ISIN:INE483B01018,INE483B01018,ICIL,CERTIFIED
NSE-ISIN:INE483B01026,INE483B01026,ICIL,CERTIFIED
NSE-ISIN:INE725G01011,INE725G01011,ICRA,CERTIFIED
NSE-ISIN:INE306B01029,INE306B01029,ICSA,CERTIFIED
NSE-ISIN:INE008A01015,INE008A01015,IDBI,CERTIFIED
NSE-ISIN:INE669E01016,INE669E01016,IDEA,CERTIFIED
NSE-ISIN:INE349Y01013,INE349Y01013,IDEAFORGE,CERTIFIED
NSE-ISIN:INE043D01016,INE043D01016,IDFC,CERTIFIED
NSE-ISIN:INE092T01019,INE092T01019,IDFCFIRSTB,CERTIFIED
NSE-ISIN:INE092T01019,INE092T01019,IDFCFIRSTB,CERTIFIED
NSE-ISIN:INE077F01027,INE077F01027,GULFOILCOR,CERTIFIED
NSE-ISIN:INE022Q01020,INE022Q01020,IEX,CERTIFIED
NSE-ISIN:INE076C01018,INE076C01018,IFBAGRO,CERTIFIED
NSE-ISIN:INE559A01017,INE559A01017,IFBIND,CERTIFIED
NSE-ISIN:INE039A01010,INE039A01010,IFCI,CERTIFIED
NSE-ISIN:INE133Y01011,INE133Y01011,IFGLEXPOR,CERTIFIED
NSE-ISIN:INE023B01012,INE023B01012,IFGLREFRAC,CERTIFIED
NSE-ISIN:INE188B01013,INE188B01013,IGARASHI,CERTIFIED
NSE-ISIN:INE05J901018,INE05J901018,IGCL,CERTIFIED
NSE-ISIN:INE0Q9301021,INE0Q9301021,IGIL,CERTIFIED
NSE-ISIN:INE203G01019,INE203G01019,IGL,CERTIFIED
NSE-ISIN:INE203G01027,INE203G01027,IGL,CERTIFIED
NSE-ISIN:INE204A01010,INE204A01010,IGPL,CERTIFIED
NSE-ISIN:INE204A01010,INE204A01010,IGPL,CERTIFIED
NSE-ISIN:INE530B01024,INE530B01024,IIFL,CERTIFIED
NSE-ISIN:INE489L01022,INE489L01022,IIFLCAPS,CERTIFIED
NSE-ISIN:INE489L01022,INE489L01022,IIFLCAPS,CERTIFIED
NSE-ISIN:INE466L01020,INE466L01020,IIFLWAM,CERTIFIED
NSE-ISIN:INE466L01038,INE466L01038,360ONE,CERTIFIED
NSE-ISIN:INE070I01018,INE070I01018,INSECTICID,CERTIFIED
NSE-ISIN:INE886A01014,INE886A01014,IITL,CERTIFIED
NSE-ISIN:INE0LOJ01019,INE0LOJ01019,IKIO,CERTIFIED
NSE-ISIN:INE115Q01022,INE115Q01022,IKS,CERTIFIED
NSE-ISIN:INE369I01014,INE369I01014,IL&FSENGG,CERTIFIED
NSE-ISIN:INE975G01012,INE975G01012,IL&FSTRANS,CERTIFIED
NSE-ISIN:INE975G01012,INE975G01012,IL&FSTRANS,CERTIFIED
NSE-ISIN:INE172N01012,INE172N01012,IMAGICAA,CERTIFIED
NSE-ISIN:INE919H01018,INE919H01018,IMFA,CERTIFIED
NSE-ISIN:INE547E01014,INE547E01014,IMPAL,CERTIFIED
NSE-ISIN:INE691G01015,INE691G01015,IMPEXFERRO,CERTIFIED
NSE-ISIN:INE0LGX01024,INE0LGX01024,INA,CERTIFIED
NSE-ISIN:INE452L01012,INE452L01012,INCREDIBLE,CERTIFIED
NSE-ISIN:INE841B01017,INE841B01017,INDBANK,CERTIFIED
NSE-ISIN:INE841B01017,INE841B01017,INDBANK,CERTIFIED
NSE-ISIN:INE065X01017,INE065X01017,INDGN,CERTIFIED
NSE-ISIN:INE053A01029,INE053A01029,INDHOTEL,CERTIFIED
NSE-ISIN:INE894F01025,INE894F01025,INDIABULLS,CERTIFIED
NSE-ISIN:INE383A01012,INE383A01012,INDIACEM,CERTIFIED
NSE-ISIN:INE560A01015,INE560A01015,INDIAGLYCO,CERTIFIED
NSE-ISIN:INE560A01023,INE560A01023,INDIAGLYCO,CERTIFIED
NSE-ISIN:INE530B01024,INE530B01024,IIFL,CERTIFIED
NSE-ISIN:INE933S01016,INE933S01016,INDIAMART,CERTIFIED
NSE-ISIN:INE562A01011,INE562A01011,INDIANB,CERTIFIED
NSE-ISIN:INE061A01014,INE061A01014,INDIANCARD,CERTIFIED
NSE-ISIN:INE323C01030,INE323C01030,INDIANHUME,CERTIFIED
NSE-ISIN:INE922K01024,INE922K01024,INDIASHLTR,CERTIFIED
NSE-ISIN:INE646L01027,INE646L01027,INDIGO,CERTIFIED
NSE-ISIN:INE09VQ01012,INE09VQ01012,INDIGOPNTS,CERTIFIED
NSE-ISIN:INE06ST01018,INE06ST01018,INDIQUBE,CERTIFIED
NSE-ISIN:INE065B01013,INE065B01013,INDLMETER,CERTIFIED
NSE-ISIN:INE092B01017,INE092B01017,INDNIPPON,CERTIFIED
NSE-ISIN:INE092B01025,INE092B01025,INDNIPPON,CERTIFIED
NSE-ISIN:INE760F01028,INE760F01028,INDOAMIN,CERTIFIED
NSE-ISIN:INE076H01017,INE076H01017,EONELECT,CERTIFIED
NSE-ISIN:INE803D01021,INE803D01021,INDOBORAX,CERTIFIED
NSE-ISIN:INE873D01016,INE873D01016,INDOCO,CERTIFIED
NSE-ISIN:INE873D01024,INE873D01024,INDOCO,CERTIFIED
NSE-ISIN:INE622H01018,INE622H01018,INDOFARM,CERTIFIED
NSE-ISIN:INE716F01012,INE716F01012,INDOKEM,CERTIFIED
NSE-ISIN:INE084101034,INE084101034,INDOMIM,CERTIFIED
NSE-ISIN:INE156A01020,INE156A01020,INDORAMA,CERTIFIED
NSE-ISIN:INE866K01015,INE866K01015,INDOSOLAR,CERTIFIED
NSE-ISIN:INE866K01023,INE866K01023,WAAREEINDO,CERTIFIED
NSE-ISIN:INE896L01010,INE896L01010,INDOSTAR,CERTIFIED
NSE-ISIN:INE332H01014,INE332H01014,INDOTECH,CERTIFIED
NSE-ISIN:INE337M01013,INE337M01013,INDOTHAI,CERTIFIED
NSE-ISIN:INE337M01021,INE337M01021,INDOTHAI,CERTIFIED
NSE-ISIN:INE250Z01010,INE250Z01010,INDOUS,CERTIFIED
NSE-ISIN:INE227G01018,INE227G01018,INDOWIND,CERTIFIED
NSE-ISIN:INE620D01011,INE620D01011,INDPRUD,CERTIFIED
NSE-ISIN:INE681B01017,INE681B01017,INDRAMEDCO,CERTIFIED
NSE-ISIN:INE069A01017,INE069A01017,ABIRLANUVO,CERTIFIED
NSE-ISIN:INE322A01010,INE322A01010,GILLETTE,CERTIFIED
NSE-ISIN:INE915B01019,INE915B01019,INDSWFTLAB,CERTIFIED
NSE-ISIN:INE788B01028,INE788B01028,INDSWFTLTD,CERTIFIED
NSE-ISIN:INE611L01013,INE611L01013,INDTERRAIN,CERTIFIED
NSE-ISIN:INE611L01021,INE611L01021,INDTERRAIN,CERTIFIED
NSE-ISIN:INE025I01012,INE025I01012,INDUSFILA,CERTIFIED
NSE-ISIN:INE095A01012,INE095A01012,INDUSINDBK,CERTIFIED
NSE-ISIN:INE121J01017,INE121J01017,INDUSTOWER,CERTIFIED
NSE-ISIN:INE189B01011,INE189B01011,INEOSSTYRO,CERTIFIED
NSE-ISIN:INE189B01011,INE189B01011,STYRENIX,CERTIFIED
NSE-ISIN:INE483S01012,INE483S01012,INFIBEAM,CERTIFIED
NSE-ISIN:INE483S01020,INE483S01020,CCAVENUE,CERTIFIED
NSE-ISIN:INE486J01014,INE486J01014,INFINITE,CERTIFIED
NSE-ISIN:INE344S01016,INE344S01016,INFOBEAN,CERTIFIED
NSE-ISIN:INE804D01011,INE804D01011,INFODRIVE,CERTIFIED
NSE-ISIN:INE669A01022,INE669A01022,INFOMEDIA,CERTIFIED
NSE-ISIN:INE009A01021,INE009A01021,INFY,CERTIFIED
NSE-ISIN:INE136B01020,INE136B01020,CYIENT,CERTIFIED
NSE-ISIN:INE121J01017,INE121J01017,INDUSTOWER,CERTIFIED
NSE-ISIN:INE009A01021,INE009A01021,INFY,CERTIFIED
NSE-ISIN:INE177A01018,INE177A01018,INGERRAND,CERTIFIED
NSE-ISIN:INE166A01011,INE166A01011,INGVYSYABK,CERTIFIED
NSE-ISIN:INE549I01011,INE549I01011,INNOIND,CERTIFIED
NSE-ISIN:INE0DUT01020,INE0DUT01020,INNOVACAP,CERTIFIED
NSE-ISIN:INE403Y01018,INE403Y01018,INNOVANA,CERTIFIED
NSE-ISIN:INE0ADB01012,INE0ADB01012,INNOVISION,CERTIFIED
NSE-ISIN:INE510W01014,INE510W01014,INOXGREEN,CERTIFIED
NSE-ISIN:INE616N01034,INE616N01034,INOXINDIA,CERTIFIED
NSE-ISIN:INE312H01016,INE312H01016,INOXLEISUR,CERTIFIED
NSE-ISIN:INE066P01011,INE066P01011,INOXWIND,CERTIFIED
NSE-ISIN:INE070I01018,INE070I01018,INSECTICID,CERTIFIED
NSE-ISIN:INE020G01017,INE020G01017,INSPIRISYS,CERTIFIED
NSE-ISIN:INE418N01027,INE418N01027,INTEGRA,CERTIFIED
NSE-ISIN:INE306R01017,INE306R01017,INTELLECT,CERTIFIED
NSE-ISIN:INE781A01025,INE781A01025,INTENTECH,CERTIFIED
NSE-ISIN:INE00M901018,INE00M901018,INTERARCH,CERTIFIED
NSE-ISIN:INE575C01027,INE575C01027,INTLCONV,CERTIFIED
NSE-ISIN:INE878H01016,INE878H01016,INVENTURE,CERTIFIED
NSE-ISIN:INE878H01024,INE878H01024,INVENTURE,CERTIFIED
NSE-ISIN:INE155E01016,INE155E01016,INVPRECQ,CERTIFIED
NSE-ISIN:INE565A01014,INE565A01014,IOB,CERTIFIED
NSE-ISIN:INE242A01010,INE242A01010,IOC,CERTIFIED
NSE-ISIN:INE473A01011,INE473A01011,BOC,CERTIFIED
NSE-ISIN:INE517C01011,INE517C01011,IOLN,CERTIFIED
NSE-ISIN:INE485C01011,INE485C01011,IOLCP,CERTIFIED
NSE-ISIN:INE485C01029,INE485C01029,IOLCP,CERTIFIED
NSE-ISIN:INE517C01011,INE517C01011,IOLN,CERTIFIED
NSE-ISIN:INE570A01022,INE570A01022,IONEXCHANG,CERTIFIED
NSE-ISIN:INE435A01028,INE435A01028,IPAPPM,CERTIFIED
NSE-ISIN:INE571A01020,INE571A01020,IPCALAB,CERTIFIED
NSE-ISIN:INE571A01038,INE571A01038,IPCALAB,CERTIFIED
NSE-ISIN:INE674A01014,INE674A01014,TATASPONGE,CERTIFIED
NSE-ISIN:INE0D6701023,INE0D6701023,IPL,CERTIFIED
NSE-ISIN:INE558A01019,INE558A01019,IPRINGLTD,CERTIFIED
NSE-ISIN:INE821I01014,INE821I01014,IRB,CERTIFIED
NSE-ISIN:INE821I01022,INE821I01022,IRB,CERTIFIED
NSE-ISIN:INE962Y01021,INE962Y01021,IRCON,CERTIFIED
NSE-ISIN:INE335Y01012,INE335Y01012,IRCTC,CERTIFIED
NSE-ISIN:INE335Y01020,INE335Y01020,IRCTC,CERTIFIED
NSE-ISIN:INE202E01016,INE202E01016,IREDA,CERTIFIED
NSE-ISIN:INE053F01010,INE053F01010,IRFC,CERTIFIED
NSE-ISIN:INE864K01010,INE864K01010,IRIS,CERTIFIED
NSE-ISIN:INE01GN01017,INE01GN01017,IRISDOREME,CERTIFIED
NSE-ISIN:INE01GN01025,INE01GN01025,IRISDOREME,CERTIFIED
NSE-ISIN:INE07U701015,INE07U701015,IRMENERGY,CERTIFIED
NSE-ISIN:INE763G01038,INE763G01038,ISEC,CERTIFIED
NSE-ISIN:INE566K01011,INE566K01011,ISFT,CERTIFIED
NSE-ISIN:INE858B01029,INE858B01029,ISGEC,CERTIFIED
NSE-ISIN:INE561M01018,INE561M01018,ISHANCH,CERTIFIED
NSE-ISIN:INE732F01019,INE732F01019,ISMTLTD,CERTIFIED
NSE-ISIN:INE136A01022,INE136A01022,JSWISPAT,CERTIFIED
NSE-ISIN:INE684B01029,INE684B01029,ISTLTD,CERTIFIED
NSE-ISIN:INE555B01013,INE555B01013,AXIS-IT&T,CERTIFIED
NSE-ISIN:INE154A01025,INE154A01025,ITC,CERTIFIED
NSE-ISIN:INE209A01019,INE209A01019,ATFL,CERTIFIED
NSE-ISIN:INE379A01028,INE379A01028,ITCHOTELS,CERTIFIED
NSE-ISIN:INE353K01014,INE353K01014,ITDC,CERTIFIED
NSE-ISIN:INE686A01018,INE686A01018,ITDCEM,CERTIFIED
NSE-ISIN:INE686A01026,INE686A01026,CEMPRO,CERTIFIED
NSE-ISIN:INE248A01017,INE248A01017,ITI,CERTIFIED
NSE-ISIN:INE478D01014,INE478D01014,ITL,CERTIFIED
NSE-ISIN:INE056801025,INE056801025,IVALUE,CERTIFIED
NSE-ISIN:INE050B01023,INE050B01023,IVC,CERTIFIED
NSE-ISIN:INE043C01018,INE043C01018,IVP,CERTIFIED
NSE-ISIN:INE414I01018,INE414I01018,IVRCLAH,CERTIFIED
NSE-ISIN:INE875A01025,INE875A01025,IVRCLINFRA,CERTIFIED
NSE-ISIN:INE414I01018,INE414I01018,IVRCLAH,CERTIFIED
NSE-ISIN:INE586E01020,INE586E01020,IWP,CERTIFIED
NSE-ISIN:INE0HV901016,INE0HV901016,IXIGO,CERTIFIED
NSE-ISIN:INE848A01014,INE848A01014,IZMO,CERTIFIED
NSE-ISIN:INE168A01017,INE168A01017,J&KBANK,CERTIFIED
NSE-ISIN:INE168A01017,INE168A01041,J&KBANK,CERTIFIED
NSE-ISIN:INE03CC01015,INE03CC01015,JUBLCPL,CERTIFIED
NSE-ISIN:INE199G01027,INE199G01027,JAGRAN,CERTIFIED
NSE-ISIN:INE048B01027,INE048B01027,JAGSNPHARM,CERTIFIED
NSE-ISIN:INE048B01035,INE048B01035,JAGSNPHARM,CERTIFIED
NSE-ISIN:INE091G01018,INE091G01018,JAIBALAJI,CERTIFIED
NSE-ISIN:INE091G01026,INE091G01026,JAIBALAJI,CERTIFIED
NSE-ISIN:INE070D01027,INE070D01027,JAICORPLTD,CERTIFIED
NSE-ISIN:INE343D01010,INE343D01010,JAIHINDPRO,CERTIFIED
NSE-ISIN:INE0YD401026,INE0YD401026,JAINREC,CERTIFIED
NSE-ISIN:INE486B01011,INE486B01011,JAINSTUDIO,CERTIFIED
NSE-ISIN:INE696V01013,INE696V01013,JAIPURKURT,CERTIFIED
NSE-ISIN:INE039C01016,INE039C01016,JAMNAAUTO,CERTIFIED
NSE-ISIN:INE039C01024,INE039C01024,JAMNAAUTO,CERTIFIED
NSE-ISIN:INE039C01032,INE039C01032,JAMNAAUTO,CERTIFIED
NSE-ISIN:INE00YJ01010,INE00YJ01010,JARO,CERTIFIED
NSE-ISIN:INE039O01011,INE039O01011,JASH,CERTIFIED
NSE-ISIN:INE039O01029,INE039O01029,JASH,CERTIFIED
NSE-ISIN:INE785A01026,INE785A01026,JAYAGROGN,CERTIFIED
NSE-ISIN:INE571B01028,INE571B01028,JAYBARMARU,CERTIFIED
NSE-ISIN:INE571B01036,INE571B01036,JAYBARMARU,CERTIFIED
NSE-ISIN:INE903A01025,INE903A01025,JAYKAY,CERTIFIED
NSE-ISIN:INE903A20025,INE903A20025,JAYKAY-RE1,CERTIFIED
NSE-ISIN:INE854B01010,INE854B01010,JAYNECOIND,CERTIFIED
NSE-ISIN:INE364A01020,INE364A01020,JAYSREETEA,CERTIFIED
NSE-ISIN:INE572A01028,INE572A01028,JBCHEPHARM,CERTIFIED
NSE-ISIN:INE187A01017,INE187A01017,JBFIND,CERTIFIED
NSE-ISIN:INE927D01010,INE927D01010,JBMA,CERTIFIED
NSE-ISIN:INE927D01028,INE927D01028,JBMA,CERTIFIED
NSE-ISIN:INE927D01051,INE927D01051,JBMA,CERTIFIED
NSE-ISIN:INE900C01027,INE900C01027,ASAL,CERTIFIED
NSE-ISIN:INE782A01015,INE782A01015,BOSCH-HCIL,CERTIFIED
NSE-ISIN:INE264B01020,INE264B01020,JCTEL,CERTIFIED
NSE-ISIN:INE354A01013,INE354A01013,JENBURPH,CERTIFIED
NSE-ISIN:INE819B01021,INE819B01021,JENSONICOL,CERTIFIED
NSE-ISIN:INE802G01018,INE802G01018,JETAIRWAYS,CERTIFIED
NSE-ISIN:INE982V01025,INE982V01025,JETFREIGHT,CERTIFIED
NSE-ISIN:INE0MB501011,INE0MB501011,JGCHEM,CERTIFIED
NSE-ISIN:INE544H01014,INE544H01014,JHS,CERTIFIED
NSE-ISIN:INE026B01049,INE026B01049,JIKIND,CERTIFIED
NSE-ISIN:INE796G01012,INE796G01012,JINDALPHOT,CERTIFIED
NSE-ISIN:INE197D01010,INE197D01010,JINDALPOLY,CERTIFIED
NSE-ISIN:INE324A01024,INE324A01024,JINDALSAW,CERTIFIED
NSE-ISIN:INE324A01032,INE324A01032,JINDALSAW,CERTIFIED
NSE-ISIN:INE749A01030,INE749A01030,JINDALSTEL,CERTIFIED
NSE-ISIN:INE824G01012,INE824G01012,JSWHL,CERTIFIED
NSE-ISIN:INE904J01016,INE904J01016,JINDCOT,CERTIFIED
NSE-ISIN:INE742C01031,INE742C01031,JINDRILL,CERTIFIED
NSE-ISIN:INE247D01013,INE247D01013,JINDWORLD,CERTIFIED
NSE-ISIN:INE247D01039,INE247D01039,JINDWORLD,CERTIFIED
NSE-ISIN:INE758E01017,INE758E01017,JIOFIN,CERTIFIED
NSE-ISIN:IN9175A01010,IN9175A01010,JISLDVREQS,CERTIFIED
NSE-ISIN:INE175A01038,INE175A01038,JISLJALEQS,CERTIFIED
NSE-ISIN:INE863T01013,INE863T01013,JITFINFRA,CERTIFIED
NSE-ISIN:INE023S01016,INE023S01016,JIYAECO,CERTIFIED
NSE-ISIN:INE823G01014,INE823G01014,JKCEMENT,CERTIFIED
NSE-ISIN:INE576I01014,INE576I01014,JKIL,CERTIFIED
NSE-ISIN:INE576I01022,INE576I01022,JKIL,CERTIFIED
NSE-ISIN:INE1FF001016,INE1FF001016,JKIPL,CERTIFIED
NSE-ISIN:INE786A01032,INE786A01032,JKLAKSHMI,CERTIFIED
NSE-ISIN:INE789E01012,INE789E01012,JKPAPER,CERTIFIED
NSE-ISIN:INE573A01034,INE573A01034,JKTYRE,CERTIFIED
NSE-ISIN:INE573A01042,INE573A01042,JKTYRE,CERTIFIED
NSE-ISIN:INE682M01020,INE682M01020,JLHL,CERTIFIED
NSE-ISIN:INE412C01015,INE412C01015,JMA,CERTIFIED
NSE-ISIN:INE412C01023,INE412C01023,JMA,CERTIFIED
NSE-ISIN:INE890A01016,INE890A01016,JMCPROJECT,CERTIFIED
NSE-ISIN:INE890A01024,INE890A01024,JMCPROJECT,CERTIFIED
NSE-ISIN:INE780C01023,INE780C01023,JMFINANCIL,CERTIFIED
NSE-ISIN:INE988E01010,INE988E01010,JMTAUTOLTD,CERTIFIED
NSE-ISIN:INE988E01036,INE988E01036,JMTAUTOLTD,CERTIFIED
NSE-ISIN:INE0OAF01028,INE0OAF01028,JNKINDIA,CERTIFIED
NSE-ISIN:INE05C901015,INE05C901015,JNPR,CERTIFIED
NSE-ISIN:INE839G01010,INE839G01010,JOCIL,CERTIFIED
NSE-ISIN:INE455F01025,INE455F01025,JPASSOCIAT,CERTIFIED
NSE-ISIN:INE351F01018,INE351F01018,JPPOWER,CERTIFIED
NSE-ISIN:INE099J01015,INE099J01015,JPINFRATEC,CERTIFIED
NSE-ISIN:INE147P01019,INE147P01019,JPOLYINVST,CERTIFIED
NSE-ISIN:INE351F01018,INE351F01018,JPPOWER,CERTIFIED
NSE-ISIN:INE953L01027,INE953L01027,JSFB,CERTIFIED
NSE-ISIN:INE220G01021,INE220G01021,JSL,CERTIFIED
NSE-ISIN:INE455T01018,INE455T01018,JSLHISAR,CERTIFIED
NSE-ISIN:INE0J5801029,INE0J5801029,JSLL,CERTIFIED
NSE-ISIN:INE220G01021,INE220G01021,JSL,CERTIFIED
NSE-ISIN:INE023A01030,INE023A01030,NSIL,CERTIFIED
NSE-ISIN:INE718I01012,INE718I01012,JSWCEMENT,CERTIFIED
NSE-ISIN:INE133A01011,INE133A01011,JSWDULUX,CERTIFIED
NSE-ISIN:INE121E01018,INE121E01018,JSWENERGY,CERTIFIED
NSE-ISIN:INE824G01012,INE824G01012,JSWHL,CERTIFIED
NSE-ISIN:INE880J01026,INE880J01026,JSWINFRA,CERTIFIED
NSE-ISIN:INE136A01022,INE136A01022,JSWISPAT,CERTIFIED
NSE-ISIN:INE743C01021,INE743C01021,JSWISPL,CERTIFIED
NSE-ISIN:INE019A01020,INE019A01020,JSWSTEEL,CERTIFIED
NSE-ISIN:INE019A01038,INE019A01038,JSWSTEEL,CERTIFIED
NSE-ISIN:INE643A01035,INE643A01035,JTEKTINDIA,CERTIFIED
NSE-ISIN:INE391J01032,INE391J01032,JTLIND,CERTIFIED
NSE-ISIN:INE391J01032,INE391J01032,JTLIND,CERTIFIED
NSE-ISIN:INE700A01033,INE700A01033,JUBLPHARMA,CERTIFIED
NSE-ISIN:INE03CC01015,INE03CC01015,JUBLCPL,CERTIFIED
NSE-ISIN:INE797F01012,INE797F01012,JUBLFOOD,CERTIFIED
NSE-ISIN:INE797F01020,INE797F01020,JUBLFOOD,CERTIFIED
NSE-ISIN:INE645L01011,INE645L01011,JUBLINDS,CERTIFIED
NSE-ISIN:INE0BY001018,INE0BY001018,JUBLINGREA,CERTIFIED
NSE-ISIN:INE700A01033,INE700A01033,JUBLPHARMA,CERTIFIED
NSE-ISIN:INE699D01015,INE699D01015,JUMBO,CERTIFIED
NSE-ISIN:INE974C01022,INE974C01022,JUMPNET,CERTIFIED
NSE-ISIN:INE696F01016,INE696F01016,JUNIPER,CERTIFIED
NSE-ISIN:INE918B01013,INE918B01013,JUPITER,CERTIFIED
NSE-ISIN:INE599M01018,INE599M01018,JUSTDIAL,CERTIFIED
NSE-ISIN:INE430G01026,INE430G01026,JVLAGRO,CERTIFIED
NSE-ISIN:INE209L01016,INE209L01016,JWL,CERTIFIED
NSE-ISIN:INE668F01031,INE668F01031,JYOTHYLAB,CERTIFIED
NSE-ISIN:INE980O01024,INE980O01024,JYOTICNC,CERTIFIED
NSE-ISIN:INE577D01013,INE577D01013,JYOTIRES,CERTIFIED
NSE-ISIN:INE197A01024,INE197A01024,JYOTISTRUC,CERTIFIED
NSE-ISIN:INE900B01029,INE900B01029,KABRAEXTRU,CERTIFIED
NSE-ISIN:INE217B01028,INE217B01028,KAJARIACER,CERTIFIED
NSE-ISIN:INE217B01036,INE217B01036,KAJARIACER,CERTIFIED
NSE-ISIN:INE437B01014,INE437B01014,KAKATCEM,CERTIFIED
NSE-ISIN:INE438K01021,INE438K01021,KALAMANDIR,CERTIFIED
NSE-ISIN:INE793A01012,INE793A01012,ACCELYA,CERTIFIED
NSE-ISIN:INE178D01010,INE178D01010,KALINDEE,CERTIFIED
NSE-ISIN:INE227J01012,INE227J01012,KALPATARU,CERTIFIED
NSE-ISIN:INE220B01022,INE220B01022,KPIL,CERTIFIED
NSE-ISIN:INE610E01010,INE610E01010,KALYANI,CERTIFIED
NSE-ISIN:INE314G01014,INE314G01014,KALYANIFRG,CERTIFIED
NSE-ISIN:INE303R01014,INE303R01014,KALYANKJIL,CERTIFIED
NSE-ISIN:INE411F01010,INE411F01010,KAMAHOLD,CERTIFIED
NSE-ISIN:INE344D01018,INE344D01018,KAMANWALA,CERTIFIED
NSE-ISIN:INE967C01018,INE967C01018,KAMATHOTEL,CERTIFIED
NSE-ISIN:INE390H01012,INE390H01012,KAMDHENU,CERTIFIED
NSE-ISIN:INE390H01020,INE390H01020,KAMDHENU,CERTIFIED
NSE-ISIN:INE0BTI01037,INE0BTI01037,KAMOPAINTS,CERTIFIED
NSE-ISIN:INE879E01037,INE879E01037,KANANIIND,CERTIFIED
NSE-ISIN:INE081G01019,INE081G01019,KANCHI,CERTIFIED
NSE-ISIN:INE398L01017,INE398L01017,KANCOTEA,CERTIFIED
NSE-ISIN:INE292D01019,INE292D01019,KANDAGIRI,CERTIFIED
NSE-ISIN:INE138C01024,INE138C01024,KANORICHEM,CERTIFIED
NSE-ISIN:INE694E01014,INE694E01014,KANPRPLA,CERTIFIED
NSE-ISIN:INE531A01016,INE531A01016,KANSAINER,CERTIFIED
NSE-ISIN:INE531A01024,INE531A01024,KANSAINER,CERTIFIED
NSE-ISIN:INE542Z01010,INE542Z01010,KAPSTON,CERTIFIED
NSE-ISIN:INE542Z01028,INE542Z01028,KAPSTON,CERTIFIED
NSE-ISIN:INE278R01026,INE278R01026,KARDA,CERTIFIED
NSE-ISIN:INE278R01034,INE278R01034,DHARAN,CERTIFIED
NSE-ISIN:INE725L01011,INE725L01011,KARMAENG,CERTIFIED
NSE-ISIN:INE727F01019,INE727F01019,KARURKCP,CERTIFIED
NSE-ISIN:INE036D01010,INE036D01010,KARURVYSYA,CERTIFIED
NSE-ISIN:INE036D01010,INE036D01028,KARURVYSYA,CERTIFIED
NSE-ISIN:INE234I01010,INE234I01010,KAUSHALYA,CERTIFIED
NSE-ISIN:INE234I01028,INE234I01028,KAUSHALYA,CERTIFIED
NSE-ISIN:INE641C01019,INE641C01019,KAVDEFENCE,CERTIFIED
NSE-ISIN:INE641C01019,INE641C01019,KAVDEFENCE,CERTIFIED
NSE-ISIN:INE587G01015,INE587G01015,KAYA,CERTIFIED
NSE-ISIN:INE918Z01012,INE918Z01012,KAYNES,CERTIFIED
NSE-ISIN:INE278R01034,INE278R01034,DHARAN,CERTIFIED
NSE-ISIN:INE920K01010,INE920K01010,KBIL,CERTIFIED
NSE-ISIN:INE805C01028,INE805C01028,KCP,CERTIFIED
NSE-ISIN:INE790B01024,INE790B01024,KCPSUGIND,CERTIFIED
NSE-ISIN:INE291D01011,INE291D01011,KDDL,CERTIFIED
NSE-ISIN:INE291D20011,INE291D20011,KDDL-RE,CERTIFIED
NSE-ISIN:INE348N01042,INE348N01042,KDGREEN,CERTIFIED
NSE-ISIN:INE389H01022,INE389H01022,KEC,CERTIFIED
NSE-ISIN:INE134B01017,INE134B01017,KECL,CERTIFIED
NSE-ISIN:INE055C01020,INE055C01020,KEEPLEARN,CERTIFIED
NSE-ISIN:INE586X01012,INE586X01012,GTECJAINX,CERTIFIED
NSE-ISIN:INE878B01027,INE878B01027,KEI,CERTIFIED
NSE-ISIN:INE164B01022,INE164B01022,KELLTONTEC,CERTIFIED
NSE-ISIN:INE164B01030,INE164B01030,KELLTONTEC,CERTIFIED
NSE-ISIN:INE990B01012,INE990B01012,KEMROCK,CERTIFIED
NSE-ISIN:INE717A01029,INE717A01029,KENNAMET,CERTIFIED
NSE-ISIN:INE202H01019,INE202H01019,KERNEX,CERTIFIED
NSE-ISIN:INE133B01019,INE133B01019,KESARENT,CERTIFIED
NSE-ISIN:INE133B01019,INE133B01019,KESARENT,CERTIFIED
NSE-ISIN:INE087A01019,INE087A01019,KESORAMIND,CERTIFIED
NSE-ISIN:INE681C01015,INE681C01015,KEYFINSERV,CERTIFIED
NSE-ISIN:INE681C01015,INE681C01015,KEYFINSERV,CERTIFIED
NSE-ISIN:INE438H01019,INE438H01019,KFA,CERTIFIED
NSE-ISIN:INE138Y01010,INE138Y01010,KFINTECH,CERTIFIED
NSE-ISIN:INE299C01024,INE299C01024,KGL,CERTIFIED
NSE-ISIN:INE834I01025,INE834I01025,KHADIM,CERTIFIED
NSE-ISIN:INE745B01028,INE745B01028,KHAICHEM,CERTIFIED
NSE-ISIN:INE761A01019,INE761A01019,KHAITANELE,CERTIFIED
NSE-ISIN:INE731C01018,INE731C01018,KHAITANLTD,CERTIFIED
NSE-ISIN:INE060B01014,INE060B01014,KHANDSE,CERTIFIED
NSE-ISIN:INE029L01018,INE029L01018,KICL,CERTIFIED
NSE-ISIN:INE390H01012,INE390H01012,KIL,CERTIFIED
NSE-ISIN:INE729D01010,INE729D01010,KILITCH,CERTIFIED
NSE-ISIN:INE967H01025,INE967H01025,KIMS,CERTIFIED
NSE-ISIN:INE267B01015,INE267B01015,KINETICMOT,CERTIFIED
NSE-ISIN:INE473D01015,INE473D01015,KINGFA,CERTIFIED
NSE-ISIN:INE267B01015,INE267B01015,KINETICMOT,CERTIFIED
NSE-ISIN:INE880L01014,INE880L01014,KIOCL,CERTIFIED
NSE-ISIN:INE555P01013,INE555P01013,KIRANVYPAR,CERTIFIED
NSE-ISIN:INE134B01017,INE134B01017,KECL,CERTIFIED
NSE-ISIN:INE415I01015,INE415I01015,KIRIINDUS,CERTIFIED
NSE-ISIN:INE415I01015,INE415I01015,KIRIINDUS,CERTIFIED
NSE-ISIN:INE884B01025,INE884B01025,KIRLFER,CERTIFIED
NSE-ISIN:INE732A01036,INE732A01036,KIRLOSBROS,CERTIFIED
NSE-ISIN:INE146L01010,INE146L01010,KIRLOSENG,CERTIFIED
NSE-ISIN:INE250A01039,INE250A01039,KIRLOSIND,CERTIFIED
NSE-ISIN:INE298A01020,INE298A01020,CUMMINSIND,CERTIFIED
NSE-ISIN:INE811A01038,INE811A01038,KIRLPNU,CERTIFIED
NSE-ISIN:INE12F801023,INE12F801023,KISSHT,CERTIFIED
NSE-ISIN:INE602G01020,INE602G01020,KITEX,CERTIFIED
NSE-ISIN:INE147B01019,INE147B01019,KITPLYIND,CERTIFIED
NSE-ISIN:INE533C01018,INE533C01018,KJMCFIN,CERTIFIED
NSE-ISIN:INE401H01017,INE401H01017,KKCL,CERTIFIED
NSE-ISIN:INE338F01015,INE338F01015,KLBRENG-B,CERTIFIED
NSE-ISIN:INE799A01019,INE799A01019,KLGSYSTEL,CERTIFIED
NSE-ISIN:INE014E01015,INE014E01015,KLRF,CERTIFIED
NSE-ISIN:INE879K01018,INE879K01018,KMCSHIL,CERTIFIED
NSE-ISIN:INE0CJD01029,INE0CJD01029,KMEW,CERTIFIED
NSE-ISIN:INE157H01023,INE157H01023,KMSUGAR,CERTIFIED
NSE-ISIN:INE17QZ01016,INE17QZ01016,KNACK,CERTIFIED
NSE-ISIN:INE0KNW01016,INE0KNW01016,KNAGRI,CERTIFIED
NSE-ISIN:INE299C01024,INE299C01024,KGL,CERTIFIED
NSE-ISIN:INE634I01011,INE634I01011,KNRCON,CERTIFIED
NSE-ISIN:INE634I01029,INE634I01029,KNRCON,CERTIFIED
NSE-ISIN:INE080B01012,INE080B01012,KOHINOOR,CERTIFIED
NSE-ISIN:INE760A01029,INE760A01029,KOKUYOCMLN,CERTIFIED
NSE-ISIN:INE094I01018,INE094I01018,KOLTEPATIL,CERTIFIED
NSE-ISIN:INE746A01010,INE746A01010,KOPDRUGS,CERTIFIED
NSE-ISIN:INE082A01010,INE082A01010,KOPRAN,CERTIFIED
NSE-ISIN:INE237A01028,INE237A01028,KOTAKBANK,CERTIFIED
NSE-ISIN:INE237A01036,INE237A01036,KOTAKBANK,CERTIFIED
NSE-ISIN:INE419A01022,INE419A01022,KOTARISUG,CERTIFIED
NSE-ISIN:INE720A01015,INE720A01015,KOTHARIPET,CERTIFIED
NSE-ISIN:INE823A01017,INE823A01017,KOTHARIPRO,CERTIFIED
NSE-ISIN:INE972A01020,INE972A01020,KOTIC,CERTIFIED
NSE-ISIN:INE0J0B01017,INE0J0B01017,KOTYARK,CERTIFIED
NSE-ISIN:INE406I01014,INE406I01014,KOUTONS,CERTIFIED
NSE-ISIN:INE177F01017,INE177F01017,KOVAI,CERTIFIED
NSE-ISIN:INE127T01021,INE127T01021,KPEL,CERTIFIED
NSE-ISIN:INE542W01025,INE542W01025,KPIGREEN,CERTIFIED
NSE-ISIN:INE542W01025,INE542W01025,KPIGREEN,CERTIFIED
NSE-ISIN:INE220B01022,INE220B01022,KPIL,CERTIFIED
NSE-ISIN:INE836A01035,INE836A01035,BSOFT,CERTIFIED
NSE-ISIN:INE04I401011,INE04I401011,KPITTECH,CERTIFIED
NSE-ISIN:INE552U01010,INE552U01010,KPL,CERTIFIED
NSE-ISIN:INE930H01015,INE930H01015,KPRMILL,CERTIFIED
NSE-ISIN:INE930H01023,INE930H01023,KPRMILL,CERTIFIED
NSE-ISIN:INE930H01031,INE930H01031,KPRMILL,CERTIFIED
NSE-ISIN:INE001B01026,INE001B01026,KRBL,CERTIFIED
NSE-ISIN:INE268B01013,INE268B01013,KREBSBIO,CERTIFIED
NSE-ISIN:INE524L01026,INE524L01026,KRIDHANINF,CERTIFIED
NSE-ISIN:INE506W01012,INE506W01012,KRISHANA,CERTIFIED
NSE-ISIN:INE506W01020,INE506W01020,KRISHANA,CERTIFIED
NSE-ISIN:INE0GGO01015,INE0GGO01015,KRISHIVAL,CERTIFIED
NSE-ISIN:INE0J5601015,INE0J5601015,KRISHNADEF,CERTIFIED
NSE-ISIN:INE409C01011,INE409C01011,KRISHNAENG,CERTIFIED
NSE-ISIN:INE479D01038,INE479D01038,KRITI,CERTIFIED
NSE-ISIN:INE479D01038,INE479D01038,KRITIIND,CERTIFIED
NSE-ISIN:INE00Z501029,INE00Z501029,KRITIKA,CERTIFIED
NSE-ISIN:INE798K01010,INE798K01010,KRITINUT,CERTIFIED
NSE-ISIN:INE0Q3J01015,INE0Q3J01015,KRN,CERTIFIED
NSE-ISIN:INE0ATZ01017,INE0ATZ01017,KRONOX,CERTIFIED
NSE-ISIN:INE0O6601022,INE0O6601022,KROSS,CERTIFIED
NSE-ISIN:INE08LI01020,INE08LI01020,KRSNAA,CERTIFIED
NSE-ISIN:INE0QN801017,INE0QN801017,KRYSTAL,CERTIFIED
NSE-ISIN:INE999A01015,INE999A01015,KSB,CERTIFIED
NSE-ISIN:INE999A01023,INE999A01023,KSB,CERTIFIED
NSE-ISIN:INE999A01015,INE999A01015,KSBPUMPS,CERTIFIED
NSE-ISIN:INE455I01011,INE455I01011,KSCL,CERTIFIED
NSE-ISIN:INE455I01029,INE455I01029,KSCL,CERTIFIED
NSE-ISIN:INE953E01014,INE953E01014,KSE,CERTIFIED
NSE-ISIN:INE953E01022,INE953E01022,KSE,CERTIFIED
NSE-ISIN:INE216D01026,INE216D01026,KSERASERA,CERTIFIED
NSE-ISIN:INE216D01026,INE216D01026,KSERASERA,CERTIFIED
NSE-ISIN:INE987S01020,INE987S01020,KSHINTL,CERTIFIED
NSE-ISIN:INE013801027,INE013801027,KSHITIJPOL,CERTIFIED
NSE-ISIN:INE143H01015,INE143H01015,KSK,CERTIFIED
NSE-ISIN:INE907A01026,INE907A01026,KSL,CERTIFIED
NSE-ISIN:INE727D01022,INE727D01022,KSOILS,CERTIFIED
NSE-ISIN:INE0D6I01023,INE0D6I01023,KSOLVES,CERTIFIED
NSE-ISIN:INE1SPP01016,INE1SPP01016,KSR,CERTIFIED
NSE-ISIN:INE096L01017,INE096L01017,KTIL,CERTIFIED
NSE-ISIN:INE096L01025,INE096L01025,KTIL,CERTIFIED
NSE-ISIN:INE614B01018,INE614B01018,KTKBANK,CERTIFIED
NSE-ISIN:INE529I01021,INE529I01021,KUANTUM,CERTIFIED
NSE-ISIN:INE0ISX01025,INE0ISX01025,KUSUMGAR,CERTIFIED
NSE-ISIN:INE775B01025,INE775B01025,KWALITY,CERTIFIED
NSE-ISIN:INE2KCE01013,INE2KCE01013,KWIL,CERTIFIED
NSE-ISIN:INE498L01015,INE498L01015,LTF,CERTIFIED
NSE-ISIN:INE519D01015,INE519D01015,LADDERUP,CERTIFIED
NSE-ISIN:INE548Z01017,INE548Z01017,LAGNAM,CERTIFIED
NSE-ISIN:INE515C01023,INE515C01023,LAHOTIOV,CERTIFIED
NSE-ISIN:INE651C01018,INE651C01018,LAKPRE,CERTIFIED
NSE-ISIN:INE992B01026,INE992B01026,LAKSHMIEFL,CERTIFIED
NSE-ISIN:INE938C01019,INE938C01019,LAKSHMIMIL,CERTIFIED
NSE-ISIN:INE694C01018,INE694C01018,LAKSHVILAS,CERTIFIED
NSE-ISIN:INE740X01023,INE740X01023,LAL,CERTIFIED
NSE-ISIN:INE0K9O01026,INE0K9O01026,LALITHAA,CERTIFIED
NSE-ISIN:INE600L01024,INE600L01024,LALPATHLAB,CERTIFIED
NSE-ISIN:INE112F01022,INE112F01022,LAMBODHARA,CERTIFIED
NSE-ISIN:INE189B01011,INE189B01011,INEABS,CERTIFIED
NSE-ISIN:INE359U01028,INE359U01028,LANCER,CERTIFIED
NSE-ISIN:INE943C01027,INE943C01027,SRIPIPES,CERTIFIED
NSE-ISIN:INE943C01027,INE943C01027,LANCOIN,CERTIFIED
NSE-ISIN:INE572G01025,INE572G01025,LANCORHOL,CERTIFIED
NSE-ISIN:INE559R01029,INE559R01029,LANDMARK,CERTIFIED
NSE-ISIN:INE688J01023,INE688J01023,LANDSMILL,CERTIFIED
NSE-ISIN:INE059D01012,INE059D01012,LAOPALA,CERTIFIED
NSE-ISIN:INE059D01020,INE059D01020,LAOPALA,CERTIFIED
NSE-ISIN:INE670X01014,INE670X01014,LASA,CERTIFIED
NSE-ISIN:INE17IR01028,INE17IR01028,LASERPOWER,CERTIFIED
NSE-ISIN:INE0I7C01011,INE0I7C01011,LATENTVIEW,CERTIFIED
NSE-ISIN:INE262Z01023,INE262Z01023,LATTEYS,CERTIFIED
NSE-ISIN:INE947Q01010,INE947Q01010,LAURUSLABS,CERTIFIED
NSE-ISIN:INE947Q01028,INE947Q01028,LAURUSLABS,CERTIFIED
NSE-ISIN:INE801V01019,INE801V01019,LAXMICOT,CERTIFIED
NSE-ISIN:INE0WO601020,INE0WO601020,LAXMIDENTL,CERTIFIED
NSE-ISIN:INE06WU01026,INE06WU01026,LAXMIINDIA,CERTIFIED
NSE-ISIN:INE269B01029,INE269B01029,LMW,CERTIFIED
NSE-ISIN:INE938A01021,INE938A01021,LCCINFOTEC,CERTIFIED
NSE-ISIN:INE0QJW01029,INE0QJW01029,LCL,CERTIFIED
NSE-ISIN:INE948A01012,INE948A01012,TRIGYN,CERTIFIED
NSE-ISIN:INE00GO01025,INE00GO01025,LEAPIND,CERTIFIED
NSE-ISIN:INE00GO01025,INE00GO01025,LEAPIND,CERTIFIED
NSE-ISIN:INE245C01019,INE245C01019,LEEL,CERTIFIED
NSE-ISIN:INE791B01014,INE791B01014,LEENEE,CERTIFIED
NSE-ISIN:INE0G1L01025,INE0G1L01025,LEMERITE,CERTIFIED
NSE-ISIN:INE970X01018,INE970X01018,LEMONTREE,CERTIFIED
NSE-ISIN:INE956O01016,INE956O01016,LENSKART,CERTIFIED
NSE-ISIN:INE500X01013,INE500X01013,LEXUS,CERTIFIED
NSE-ISIN:INE850E01012,INE850E01012,LFIC,CERTIFIED
NSE-ISIN:INE337A01034,INE337A01034,LGBBROSLTD,CERTIFIED
NSE-ISIN:INE201J01017,INE201J01017,LGBFORGE,CERTIFIED
NSE-ISIN:INE324D01010,INE324D01010,LGEINDIA,CERTIFIED
NSE-ISIN:INE258Y01016,INE258Y01016,LGHL,CERTIFIED
NSE-ISIN:INE908V01012,INE908V01012,LIBAS,CERTIFIED
NSE-ISIN:INE557B01019,INE557B01019,LIBERTSHOE,CERTIFIED
NSE-ISIN:INE115A01026,INE115A01026,LICHSGFIN,CERTIFIED
NSE-ISIN:INE0J1Y01017,INE0J1Y01017,LICI,CERTIFIED
NSE-ISIN:INE060901019,INE060901019,LIKHITHA,CERTIFIED
NSE-ISIN:INE060901027,INE060901027,LIKHITHA,CERTIFIED
NSE-ISIN:INE802B01027,INE802B01027,LINC,CERTIFIED
NSE-ISIN:INE405C01035,INE405C01035,LINCOLN,CERTIFIED
NSE-ISIN:INE802B01019,INE802B01019,LINCPEN,CERTIFIED
NSE-ISIN:INE802B01027,INE802B01027,LINC,CERTIFIED
NSE-ISIN:INE473A01011,INE473A01011,LINDEINDIA,CERTIFIED
NSE-ISIN:INE343G01021,INE343G01021,BHARTIHEXA,CERTIFIED
NSE-ISIN:INE785C01048,INE785C01048,LITL,CERTIFIED
NSE-ISIN:INE341H01023,INE341H01023,LKPSEC,CERTIFIED
NSE-ISIN:INE245C01019,INE245C01019,LEEL,CERTIFIED
NSE-ISIN:INE174A01015,INE174A01015,LLOYDFIN,CERTIFIED
NSE-ISIN:INE093R01011,INE093R01011,LLOYDSENGG,CERTIFIED
NSE-ISIN:INE080I01025,INE080I01025,LLOYDSENT,CERTIFIED
NSE-ISIN:INE281B01032,INE281B01032,LLOYDSME,CERTIFIED
NSE-ISIN:INE292A01015,INE292A01015,LLOYDSTEEL,CERTIFIED
NSE-ISIN:INE862A01015,INE862A01015,LML,CERTIFIED
NSE-ISIN:INE269B01029,INE269B01029,LMW,CERTIFIED
NSE-ISIN:INE670K01029,INE670K01029,LODHA,CERTIFIED
NSE-ISIN:INE848A01014,INE848A01014,IZMO,CERTIFIED
NSE-ISIN:INE397H01017,INE397H01017,LOKESHMACH,CERTIFIED
NSE-ISIN:INE846D01012,INE846D01012,LORDSCHLO,CERTIFIED
NSE-ISIN:INE026D01011,INE026D01011,LOTUSCHO,CERTIFIED
NSE-ISIN:INE0V9Q01010,INE0V9Q01010,LOTUSDEV,CERTIFIED
NSE-ISIN:INE947I01017,INE947I01017,LOTUSEYE,CERTIFIED
NSE-ISIN:INE597L01014,INE597L01014,LOVABLE,CERTIFIED
NSE-ISIN:INE970D01010,INE970D01010,LOYALTEX,CERTIFIED
NSE-ISIN:INE197J01017,INE197J01017,LPDC,CERTIFIED
NSE-ISIN:INE093R01011,INE093R01011,LLOYDSENGG,CERTIFIED
NSE-ISIN:INE018A01030,INE018A01030,LT,CERTIFIED
NSE-ISIN:INE498L01015,INE498L01015,LTF,CERTIFIED
NSE-ISIN:INE818H01020,INE818H01020,LTFOODS,CERTIFIED
NSE-ISIN:INE214T01019,INE214T01019,LTM,CERTIFIED
NSE-ISIN:INE214T01019,INE214T01019,LTM,CERTIFIED
NSE-ISIN:INE214T01019,INE214T01019,LTM,CERTIFIED
NSE-ISIN:INE010V01017,INE010V01017,LTTS,CERTIFIED
NSE-ISIN:INE547G01019,INE547G01019,LUMAXAUTO,CERTIFIED
NSE-ISIN:INE162B01018,INE162B01018,LUMAXIND,CERTIFIED
NSE-ISIN:INE872H01019,INE872H01019,LUMAXTECH,CERTIFIED
NSE-ISIN:INE872H01027,INE872H01027,LUMAXTECH,CERTIFIED
NSE-ISIN:INE185Q01025,INE185Q01025,LUMINO,CERTIFIED
NSE-ISIN:INE326A01037,INE326A01037,LUPIN,CERTIFIED
NSE-ISIN:INE150G01020,INE150G01020,LUXIND,CERTIFIED
NSE-ISIN:INE576O01020,INE576O01020,LXCHEM,CERTIFIED
NSE-ISIN:INE425B01027,INE425B01027,BCG,CERTIFIED
NSE-ISIN:INE933A01014,INE933A01014,LYKALABS,CERTIFIED
NSE-ISIN:INE142K01011,INE142K01011,AURUS,CERTIFIED
NSE-ISIN:INE101A01026,INE101A01026,M&M,CERTIFIED
NSE-ISIN:INE774D01016,INE774D01016,M&MFIN,CERTIFIED
NSE-ISIN:INE774D01024,INE774D01024,M&MFIN,CERTIFIED
NSE-ISIN:INE215I01019,INE215I01019,MAANALU,CERTIFIED
NSE-ISIN:INE215I01027,INE215I01027,MAANALU,CERTIFIED
NSE-ISIN:INE943D01017,INE943D01017,MPSLTD,CERTIFIED
NSE-ISIN:INE155Z01011,INE155Z01011,MACPOWER,CERTIFIED
NSE-ISIN:INE925C01016,INE925C01016,MADHAV,CERTIFIED
NSE-ISIN:INE631R01026,INE631R01026,MADHAVIPL,CERTIFIED
NSE-ISIN:INE378D01032,INE378D01032,MADHUCON,CERTIFIED
NSE-ISIN:INE331A01037,INE331A01037,RAMCOCEM,CERTIFIED
NSE-ISIN:INE414A01015,INE414A01015,MADRASFERT,CERTIFIED
NSE-ISIN:INE178A01016,INE178A01016,CHENNPETRO,CERTIFIED
NSE-ISIN:INE270B01035,INE270B01035,MAFATIND,CERTIFIED
NSE-ISIN:INE347W01011,INE347W01011,MAGADSUGAR,CERTIFIED
NSE-ISIN:INE511C01022,INE511C01022,POONAWALLA,CERTIFIED
NSE-ISIN:INE387I01016,INE387I01016,MAGNUM,CERTIFIED
NSE-ISIN:INE457A01014,INE457A01014,MAHABANK,CERTIFIED
NSE-ISIN:INE843B01013,INE843B01013,MAHAPEXLTD,CERTIFIED
NSE-ISIN:INE451L01014,INE451L01014,MAHASTEEL,CERTIFIED
NSE-ISIN:INE215D01010,INE215D01010,MAHEPC,CERTIFIED
NSE-ISIN:INE263W01010,INE263W01010,MAHESHWARI,CERTIFIED
NSE-ISIN:INE536H01010,INE536H01010,CIEINDIA,CERTIFIED
NSE-ISIN:INE536H01010,INE536H01010,MAHINDCIE,CERTIFIED
NSE-ISIN:INE850A01010,INE850A01010,MAHINDUGIN,CERTIFIED
NSE-ISIN:INE813A01018,INE813A01018,MAHLIFE,CERTIFIED
NSE-ISIN:INE766P01016,INE766P01016,MAHLOG,CERTIFIED
NSE-ISIN:INE288A01013,INE288A01013,MAHSCOOTER,CERTIFIED
NSE-ISIN:INE271B01025,INE271B01025,MAHSEAMLES,CERTIFIED
NSE-ISIN:INE683C01011,INE683C01011,MAITHANALL,CERTIFIED
NSE-ISIN:INE201B01022,INE201B01022,MAJESAUT,CERTIFIED
NSE-ISIN:INE898S01029,INE898S01029,AURUM,CERTIFIED
NSE-ISIN:INE987A01010,INE987A01010,MAKERSL,CERTIFIED
NSE-ISIN:INE389C01015,INE389C01015,MALLCOM,CERTIFIED
NSE-ISIN:INE383H01017,INE383H01017,MALUPAPER,CERTIFIED
NSE-ISIN:INE272B01015,INE272B01015,MALWACOTT,CERTIFIED
NSE-ISIN:INE0TO701015,INE0TO701015,MAMATA,CERTIFIED
NSE-ISIN:INE859Q01017,INE859Q01017,MANAKALUCO,CERTIFIED
NSE-ISIN:INE830Q01018,INE830Q01018,MANAKCOAT,CERTIFIED
NSE-ISIN:INE831Q01016,INE831Q01016,BKMINDST,CERTIFIED
NSE-ISIN:INE015D01022,INE015D01022,MANAKSIA,CERTIFIED
NSE-ISIN:INE824Q01011,INE824Q01011,MANAKSTEEL,CERTIFIED
NSE-ISIN:INE201A01024,INE201A01024,MANALIPETC,CERTIFIED
NSE-ISIN:INE993A01026,INE993A01026,MANINDS,CERTIFIED
NSE-ISIN:INE522D01027,INE522D01027,MANAPPURAM,CERTIFIED
NSE-ISIN:INE939X01013,INE939X01013,MANBA,CERTIFIED
NSE-ISIN:INE348N01042,INE348N01042,KDGREEN,CERTIFIED
NSE-ISIN:INE545L01039,INE545L01039,MANCREDIT,CERTIFIED
NSE-ISIN:INE087J01010,INE087J01010,MANDHANA,CERTIFIED
NSE-ISIN:INE584F01014,INE584F01014,MANGALAM,CERTIFIED
NSE-ISIN:INE558B01017,INE558B01017,MANGCHEFER,CERTIFIED
NSE-ISIN:INE347A01017,INE347A01017,MANGLMCEM,CERTIFIED
NSE-ISIN:INE805B01012,INE805B01012,MANGTIMBER,CERTIFIED
NSE-ISIN:INE993A01026,INE993A01026,MANINDS,CERTIFIED
NSE-ISIN:INE949H01015,INE949H01015,MANINFRA,CERTIFIED
NSE-ISIN:INE949H01023,INE949H01023,MANINFRA,CERTIFIED
NSE-ISIN:INE459N01021,INE459N01021,MANIPALHOS,CERTIFIED
NSE-ISIN:INE320D01018,INE320D01018,MANJEERA,CERTIFIED
NSE-ISIN:INE435H01015,INE435H01015,MANJUSHREE,CERTIFIED
NSE-ISIN:INE634S01028,INE634S01028,MANKIND,CERTIFIED
NSE-ISIN:INE784W01015,INE784W01015,MANOMAY,CERTIFIED
NSE-ISIN:INE00VM01036,INE00VM01036,MANORAMA,CERTIFIED
NSE-ISIN:INE370D01013,INE370D01013,MANORG,CERTIFIED
NSE-ISIN:INE122R01018,INE122R01018,MANPASAND,CERTIFIED
NSE-ISIN:INE867A01022,INE867A01022,MANUGRAPH,CERTIFIED
NSE-ISIN:INE825V01034,INE825V01034,MANYAVAR,CERTIFIED
NSE-ISIN:INE0BV301023,INE0BV301023,MAPMYINDIA,CERTIFIED
NSE-ISIN:INE882A01013,INE882A01013,MARALOVER,CERTIFIED
NSE-ISIN:INE182D01012,INE182D01012,MARATHON,CERTIFIED
NSE-ISIN:INE182D01020,INE182D01020,MARATHON,CERTIFIED
NSE-ISIN:INE941E01019,INE941E01019,MARG,CERTIFIED
NSE-ISIN:INE196A01026,INE196A01026,MARICO,CERTIFIED
NSE-ISIN:INE196A01026,INE196A01026,MARICO,CERTIFIED
NSE-ISIN:INE01JE01028,INE01JE01028,MARINE,CERTIFIED
NSE-ISIN:INE0FW001016,INE0FW001016,MARKOLINES,CERTIFIED
NSE-ISIN:INE750C01026,INE750C01026,MARKSANS,CERTIFIED
NSE-ISIN:INE415B01044,INE415B01044,MARSONS,CERTIFIED
NSE-ISIN:INE585B01010,INE585B01010,MARUTI,CERTIFIED
NSE-ISIN:INE348L01012,INE348L01012,MASFIN,CERTIFIED
NSE-ISIN:INE885F01015,INE885F01015,MASKINVEST,CERTIFIED
NSE-ISIN:INE759A01021,INE759A01021,MASTEK,CERTIFIED
NSE-ISIN:INE677D01037,INE677D01037,MASTERTR,CERTIFIED
NSE-ISIN:INE866R01028,INE866R01028,MATRIMONY,CERTIFIED
NSE-ISIN:INE636A01039,INE636A01039,MAWANASUG,CERTIFIED
NSE-ISIN:INE180A01020,INE180A01020,MFSL,CERTIFIED
NSE-ISIN:INE03EI01018,INE03EI01018,MAXESTATES,CERTIFIED
NSE-ISIN:INE027H01010,INE027H01010,MAXHEALTH,CERTIFIED
NSE-ISIN:INE0CG601016,INE0CG601016,MAXIND,CERTIFIED
NSE-ISIN:INE153U01017,INE153U01017,MAXINDIA,CERTIFIED
NSE-ISIN:INE154U01015,INE154U01015,MAXVIL,CERTIFIED
NSE-ISIN:INE450G01024,INE450G01024,VIPCLOTHNG,CERTIFIED
NSE-ISIN:INE369I01014,INE369I01014,IL&FSENGG,CERTIFIED
NSE-ISIN:INE040D01038,INE040D01038,MAYURUNIQ,CERTIFIED
NSE-ISIN:INE885E01034,INE885E01034,MAZDA,CERTIFIED
NSE-ISIN:INE885E01042,INE885E01042,MAZDA,CERTIFIED
NSE-ISIN:INE249Z01012,INE249Z01012,MAZDOCK,CERTIFIED
NSE-ISIN:INE249Z01020,INE249Z01020,MAZDOCK,CERTIFIED
NSE-ISIN:INE900L01010,INE900L01010,MBAPL,CERTIFIED
NSE-ISIN:INE900L01028,INE900L01028,MBAPL,CERTIFIED
NSE-ISIN:INE748A01016,INE748A01016,MBECL,CERTIFIED
NSE-ISIN:INE748A01024,INE748A01024,MBECL,CERTIFIED
NSE-ISIN:INE08N601015,INE08N601015,MBEL,CERTIFIED
NSE-ISIN:INE912H01013,INE912H01013,MBLINFRA,CERTIFIED
NSE-ISIN:INE899L01014,INE899L01014,MBSWITCH,CERTIFIED
NSE-ISIN:INE899L01022,INE899L01022,UJAAS,CERTIFIED
NSE-ISIN:INE435D01014,INE435D01014,MCCHRLS-B,CERTIFIED
NSE-ISIN:INE836H01014,INE836H01014,MCDHOLDING,CERTIFIED
NSE-ISIN:INE854D01016,INE854D01016,MCDOWELL-N,CERTIFIED
NSE-ISIN:INE854D01024,INE854D01024,UNITDSPR,CERTIFIED
NSE-ISIN:INE813V01022,INE813V01022,MCL,CERTIFIED
NSE-ISIN:INE942G01012,INE942G01012,MCLEODRUSS,CERTIFIED
NSE-ISIN:INE613C01026,INE613C01026,MCLOUD,CERTIFIED
NSE-ISIN:INE745G01035,INE745G01035,MCX,CERTIFIED
NSE-ISIN:INE745G01043,INE745G01043,MCX,CERTIFIED
NSE-ISIN:INE474Q01031,INE474Q01031,MEDANTA,CERTIFIED
NSE-ISIN:INE141B01020,INE141B01020,MVLIND,CERTIFIED
NSE-ISIN:INE456Z01021,INE456Z01021,MEDIASSIST,CERTIFIED
NSE-ISIN:INE646B01010,INE646B01010,MEDICAMEQ,CERTIFIED
NSE-ISIN:INE442D01010,INE442D01010,MEDICAPQ,CERTIFIED
NSE-ISIN:INE630Y01024,INE630Y01024,MEDICO,CERTIFIED
NSE-ISIN:INE804L01022,INE804L01022,MEDPLUS,CERTIFIED
NSE-ISIN:INE0VDM01015,INE0VDM01015,MEESHO,CERTIFIED
NSE-ISIN:INE933B01012,INE933B01012,SIGMAADV,CERTIFIED
NSE-ISIN:INE00EM01016,INE00EM01016,MEGASTAR,CERTIFIED
NSE-ISIN:INE974H01013,INE974H01013,MEGH,CERTIFIED
NSE-ISIN:INE0PKD01011,INE0PKD01011,MEIL,CERTIFIED
NSE-ISIN:INE817A01019,INE817A01019,MELSTAR,CERTIFIED
NSE-ISIN:INE650G01029,INE650G01029,MENNPIS,CERTIFIED
NSE-ISIN:INE071D01033,INE071D01033,MENONBE,CERTIFIED
NSE-ISIN:INE776I01010,INE776I01010,MEP,CERTIFIED
NSE-ISIN:INE689O01013,INE689O01013,MERCANTILE,CERTIFIED
NSE-ISIN:INE934B01028,INE934B01028,MERCATOR,CERTIFIED
NSE-ISIN:INE199A01012,INE199A01012,PGHL,CERTIFIED
NSE-ISIN:INE763M01028,INE763M01028,MERCURYEV,CERTIFIED
NSE-ISIN:INE425A01011,INE425A01011,METALFORGE,CERTIFIED
NSE-ISIN:INE592I01029,INE592I01029,METKORE,CERTIFIED
NSE-ISIN:INE317I01021,INE317I01021,METROBRAND,CERTIFIED
NSE-ISIN:INE085D01033,INE085D01033,METROGLOBL,CERTIFIED
NSE-ISIN:INE112L01020,INE112L01020,METROPOLIS,CERTIFIED
NSE-ISIN:INE071N01016,INE071N01016,EPIGRAL,CERTIFIED
NSE-ISIN:INE0US801024,INE0US801024,MFML,CERTIFIED
NSE-ISIN:INE180A01020,INE180A01020,MFSL,CERTIFIED
NSE-ISIN:INE0APB01016,INE0APB01016,MGEL,CERTIFIED
NSE-ISIN:INE0APB01032,INE0APB01032,MGEL,CERTIFIED
NSE-ISIN:INE002S01010,INE002S01010,MGL,CERTIFIED
NSE-ISIN:INE112D01035,INE112D01035,MHLXMIRU,CERTIFIED
NSE-ISIN:INE998I01010,INE998I01010,MHRIL,CERTIFIED
NSE-ISIN:INE287C01029,INE287C01029,MIC,CERTIFIED
NSE-ISIN:INE287C01037,INE287C01037,MICEL,CERTIFIED
NSE-ISIN:INE323A01026,INE323A01026,BOSCHLTD,CERTIFIED
NSE-ISIN:INE019J01013,INE019J01013,SASTASUNDR,CERTIFIED
NSE-ISIN:INE358B01012,INE358B01012,MICROTECH,CERTIFIED
NSE-ISIN:INE747B01016,INE747B01016,NEXTMEDIA,CERTIFIED
NSE-ISIN:INE099Z01011,INE099Z01011,MIDHANI,CERTIFIED
NSE-ISIN:INE0XAD01024,INE0XAD01024,MIDWESTLTD,CERTIFIED
NSE-ISIN:INE898Q01015,INE898Q01015,MIIL,CERTIFIED
NSE-ISIN:INE087J01028,INE087J01028,GBGLOBAL,CERTIFIED
NSE-ISIN:INE00IT01020,INE00IT01020,MILKYMIST,CERTIFIED
NSE-ISIN:INE097E01028,INE097E01028,MINALIND,CERTIFIED
NSE-ISIN:INE842C01021,INE842C01021,MINDACORP,CERTIFIED
NSE-ISIN:INE405E01015,INE405E01015,MINDAIND,CERTIFIED
NSE-ISIN:INE405E01023,INE405E01023,UNOMINDA,CERTIFIED
NSE-ISIN:INE110B01017,INE110B01017,MINDTECK,CERTIFIED
NSE-ISIN:INE018I01017,INE018I01017,MINDTREE,CERTIFIED
NSE-ISIN:INE831A01028,INE831A01028,ONIDA,CERTIFIED
NSE-ISIN:INE771A01026,INE771A01026,MIRZAINT,CERTIFIED
NSE-ISIN:INE771A01026,INE771A01026,MIRZAINT,CERTIFIED
NSE-ISIN:INE828O01033,INE828O01033,MITCON,CERTIFIED
NSE-ISIN:INE997Y01019,INE997Y01019,MITTAL,CERTIFIED
NSE-ISIN:INE997Y01027,INE997Y01027,MITTAL,CERTIFIED
NSE-ISIN:INE227F01010,INE227F01010,MKEXIM,CERTIFIED
NSE-ISIN:INE964W01021,INE964W01021,MKPL,CERTIFIED
NSE-ISIN:INE588G01021,INE588G01021,MLKFOOD,CERTIFIED
NSE-ISIN:INE934B01028,INE934B01028,MERCATOR,CERTIFIED
NSE-ISIN:INE227C01017,INE227C01017,MMFL,CERTIFIED
NSE-ISIN:INE227C01017,INE227C01017,MMFL,CERTIFIED
NSE-ISIN:INE180C01018,INE180C01018,MMFSL,CERTIFIED
NSE-ISIN:INE511Y01018,INE511Y01018,MMP,CERTIFIED
NSE-ISIN:INE123F01029,INE123F01029,MMTC,CERTIFIED
NSE-ISIN:INE200D01020,INE200D01020,MMWL,CERTIFIED
NSE-ISIN:INE0HLU01028,INE0HLU01028,MOBIKWIK,CERTIFIED
NSE-ISIN:INE285B01017,INE285B01017,SPICEJET,CERTIFIED
NSE-ISIN:INE537F01012,INE537F01012,MODINATUR,CERTIFIED
NSE-ISIN:INE832A01018,INE832A01018,MODIRUBBER,CERTIFIED
NSE-ISIN:INE0L0L01012,INE0L0L01012,MODIS,CERTIFIED
NSE-ISIN:INE737D01021,INE737D01021,MODISONLTD,CERTIFIED
NSE-ISIN:INE737D01021,INE737D01021,MODISONLTD,CERTIFIED
NSE-ISIN:INE794W01014,INE794W01014,MODTHREAD,CERTIFIED
NSE-ISIN:INE154B01023,INE154B01023,MOHITE,CERTIFIED
NSE-ISIN:INE954E01012,INE954E01012,MOHITIND,CERTIFIED
NSE-ISIN:INE313D01013,INE313D01013,MOHOTAIND,CERTIFIED
NSE-ISIN:INE313D01013,INE313D01013,MOHOTAIND,CERTIFIED
NSE-ISIN:INE490G01020,INE490G01020,MOIL,CERTIFIED
NSE-ISIN:INE514Y01020,INE514Y01020,MOKSH,CERTIFIED
NSE-ISIN:INE0CT101020,INE0CT101020,MOL,CERTIFIED
NSE-ISIN:INE869T01028,INE869T01028,MOLBIO,CERTIFIED
NSE-ISIN:INE835B01035,INE835B01035,MOLDTECH,CERTIFIED
NSE-ISIN:INE893J01029,INE893J01029,MOLDTKPAC,CERTIFIED
NSE-ISIN:INE1FCO01014,INE1FCO01014,MOMSBELIEF,CERTIFIED
NSE-ISIN:INE903D01011,INE903D01011,MONARCH,CERTIFIED
NSE-ISIN:INE296Q01012,INE296Q01012,MONEYBOXX,CERTIFIED
NSE-ISIN:INE743C01013,INE743C01013,MONNETISPA,CERTIFIED
NSE-ISIN:INE274B01011,INE274B01011,MONSANTO,CERTIFIED
NSE-ISIN:INE950M01013,INE950M01013,MONTECARLO,CERTIFIED
NSE-ISIN:INE138A01028,INE138A01028,PENINLAND,CERTIFIED
NSE-ISIN:INE161G01027,INE161G01027,MORARJEE,CERTIFIED
NSE-ISIN:INE138A01028,INE138A01028,PENINLAND,CERTIFIED
NSE-ISIN:INE161G01019,INE161G01019,MORARJETEX,CERTIFIED
NSE-ISIN:INE472B01011,INE472B01011,BLUECOAST,CERTIFIED
NSE-ISIN:INE083A01026,INE083A01026,MOREPENLAB,CERTIFIED
NSE-ISIN:INE935B01025,INE935B01025,MOSCHIP,CERTIFIED
NSE-ISIN:INE739A01015,INE739A01015,MOSERBAER,CERTIFIED
NSE-ISIN:INE775A01035,INE775A01035,MOTHERSON,CERTIFIED
NSE-ISIN:INE775A01035,INE775A01035,MOTHERSON,CERTIFIED
NSE-ISIN:INE338I01027,INE338I01027,MOTILALOFS,CERTIFIED
NSE-ISIN:INE0FRK01020,INE0FRK01020,MOTISONS,CERTIFIED
NSE-ISIN:INE861B01015,INE861B01015,MOTOGENFIN,CERTIFIED
NSE-ISIN:INE861B01023,INE861B01023,MOTOGENFIN,CERTIFIED
NSE-ISIN:INE493H01014,INE493H01014,MPDL,CERTIFIED
NSE-ISIN:INE087B01017,INE087B01017,ANIKINDS,CERTIFIED
NSE-ISIN:INE356A01018,INE356A01018,MPHASIS,CERTIFIED
NSE-ISIN:INE356A01018,INE356A01018,MPHASIS,CERTIFIED
NSE-ISIN:INE943D01017,INE943D01017,MPSLTD,CERTIFIED
NSE-ISIN:INE883A01011,INE883A01011,MRF,CERTIFIED
NSE-ISIN:INE398B01018,INE398B01018,UMIYA-MRO,CERTIFIED
NSE-ISIN:INE103A01014,INE103A01014,MRPL,CERTIFIED
NSE-ISIN:INE625G01013,INE625G01013,WELPROJ,CERTIFIED
NSE-ISIN:INE829S01016,INE829S01016,MSL,CERTIFIED
NSE-ISIN:INE752G01015,INE752G01015,MSPL,CERTIFIED
NSE-ISIN:INE255X01014,INE255X01014,MSTCLTD,CERTIFIED
NSE-ISIN:INE0FS801015,INE0FS801015,MSUMI,CERTIFIED
NSE-ISIN:INE864I01014,INE864I01014,MTARTECH,CERTIFIED
NSE-ISIN:INE472M01018,INE472M01018,MTEDUCARE,CERTIFIED
NSE-ISIN:INE153A01019,INE153A01019,MTNL,CERTIFIED
NSE-ISIN:INE311H01018,INE311H01018,ELAND,CERTIFIED
NSE-ISIN:INE08KJ01020,INE08KJ01020,MUFIN,CERTIFIED
NSE-ISIN:INE220Q01020,INE220Q01020,MUFTI,CERTIFIED
NSE-ISIN:INE022B01014,INE022B01014,MUKANDENGG,CERTIFIED
NSE-ISIN:INE304A01026,INE304A01026,MUKANDLTD,CERTIFIED
NSE-ISIN:INE596B01017,INE596B01017,MUKESHB,CERTIFIED
NSE-ISIN:INE0CG401037,INE0CG401037,MUKKA,CERTIFIED
NSE-ISIN:INE374B01019,INE374B01019,MUKTAARTS,CERTIFIED
NSE-ISIN:INE742F01042,INE742F01042,ADANIPORTS,CERTIFIED
NSE-ISIN:INE672B01024,INE672B01024,MUNJALAU,CERTIFIED
NSE-ISIN:INE672B01032,INE672B01032,MUNJALAU,CERTIFIED
NSE-ISIN:INE577A01027,INE577A01027,MUNJALSHOW,CERTIFIED
NSE-ISIN:INE806B01028,INE806B01028,MURLIIND,CERTIFIED
NSE-ISIN:INE692B01014,INE692B01014,MURUDCERA,CERTIFIED
NSE-ISIN:INE296G01013,INE296G01013,MUTHOOTCAP,CERTIFIED
NSE-ISIN:INE414G01012,INE414G01012,MUTHOOTFIN,CERTIFIED
NSE-ISIN:INE046W01019,INE046W01019,MUTHOOTMF,CERTIFIED
NSE-ISIN:INE0OWZ01020,INE0OWZ01020,MVELECTRO,CERTIFIED
NSE-ISIN:INE0KNT01012,INE0KNT01012,MVGJL,CERTIFIED
NSE-ISIN:INE744I01034,INE744I01034,MVL,CERTIFIED
NSE-ISIN:INE141B01020,INE141B01020,NOESISIND,CERTIFIED
NSE-ISIN:INE0JYY01029,INE0JYY01029,MWL,CERTIFIED
NSE-ISIN:INE651A01020,INE651A01020,MYSOREBANK,CERTIFIED
NSE-ISIN:INE578A01017,INE578A01017,HEIDELBERG,CERTIFIED
NSE-ISIN:INE741A01011,INE741A01011,MYSORPETRO,CERTIFIED
NSE-ISIN:INE295D01020,INE295D01020,NACLIND,CERTIFIED
NSE-ISIN:INE295D01020,INE295D01020,NACLIND,CERTIFIED
NSE-ISIN:INE454M01024,INE454M01024,NAGAFERT,CERTIFIED
NSE-ISIN:INE868B01028,INE868B01028,NCC,CERTIFIED
NSE-ISIN:INE453M01018,INE453M01018,NAGAROIL,CERTIFIED
NSE-ISIN:INE854B01010,INE854B01010,JAYNECOIND,CERTIFIED
NSE-ISIN:INE245I01016,INE245I01016,NAGREEKCAP,CERTIFIED
NSE-ISIN:INE123B01028,INE123B01028,NAGREEKEXP,CERTIFIED
NSE-ISIN:INE049I01012,INE049I01012,NAHARCAP,CERTIFIED
NSE-ISIN:INE308A01027,INE308A01027,NAHARPOLY,CERTIFIED
NSE-ISIN:INE289A01011,INE289A01011,NAHARINDUS,CERTIFIED
NSE-ISIN:INE308A01027,INE308A01027,NAHARPOLY,CERTIFIED
NSE-ISIN:INE308A01027,INE308A01027,NAHARPOLY,CERTIFIED
NSE-ISIN:INE290A01027,INE290A01027,NAHARSPING,CERTIFIED
NSE-ISIN:INE559B01023,INE559B01023,NAKODA,CERTIFIED
NSE-ISIN:INE298J01013,INE298J01013,NAM-INDIA,CERTIFIED
NSE-ISIN:INE875G01022,INE875G01022,NANDAN,CERTIFIED
NSE-ISIN:INE696V01013,INE696V01013,JAIPURKURT,CERTIFIED
NSE-ISIN:INE117Z01029,INE117Z01029,NARMADA,CERTIFIED
NSE-ISIN:INE936B01015,INE936B01015,NATCAPSUQ,CERTIFIED
NSE-ISIN:INE987B01018,INE987B01018,NATCOPHARM,CERTIFIED
NSE-ISIN:INE987B01018,INE987B01026,NATCOPHARM,CERTIFIED
NSE-ISIN:INE448G01010,INE448G01010,NATHBIOGEN,CERTIFIED
NSE-ISIN:INE778A01021,INE778A01021,TECHIN,CERTIFIED
NSE-ISIN:INE139A01034,INE139A01034,NATIONALUM,CERTIFIED
NSE-ISIN:INE166R01015,INE166R01015,NATIONSTD,CERTIFIED
NSE-ISIN:INE088B01015,INE088B01015,NATNLSTEEL,CERTIFIED
NSE-ISIN:INE663F01024,INE663F01024,NAUKRI,CERTIFIED
NSE-ISIN:INE663F01032,INE663F01032,NAUKRI,CERTIFIED
NSE-ISIN:INE725A01030,INE725A01030,NAVA,CERTIFIED
NSE-ISIN:INE725A01022,INE725A01022,NBVENTURES,CERTIFIED
NSE-ISIN:INE048G01018,INE048G01018,NAVINFLUOR,CERTIFIED
NSE-ISIN:INE048G01026,INE048G01026,NAVINFLUOR,CERTIFIED
NSE-ISIN:INE278M01019,INE278M01019,NAVKARCORP,CERTIFIED
NSE-ISIN:INE268H01044,INE268H01044,NAVKARURB,CERTIFIED
NSE-ISIN:INE060A01024,INE060A01024,NAVNETEDUL,CERTIFIED
NSE-ISIN:INE060A01024,INE060A01024,NAVNETEDUL,CERTIFIED
NSE-ISIN:INE418L01021,INE418L01021,NAZARA,CERTIFIED
NSE-ISIN:INE418L01047,INE418L01047,NAZARA,CERTIFIED
NSE-ISIN:INE095N01015,INE095N01015,NBCC,CERTIFIED
NSE-ISIN:INE095N01015,INE095N01023,NBCC,CERTIFIED
NSE-ISIN:INE095N01015,INE095N01031,NBCC,CERTIFIED
NSE-ISIN:INE365I01012,INE365I01012,NBIFIN,CERTIFIED
NSE-ISIN:INE365I01020,INE365I01020,NBIFIN,CERTIFIED
NSE-ISIN:INE725A01022,INE725A01022,NBVENTURES,CERTIFIED
NSE-ISIN:INE725A01030,INE725A01030,NAVA,CERTIFIED
NSE-ISIN:INE868B01028,INE868B01028,NCC,CERTIFIED
NSE-ISIN:INE732C01016,INE732C01016,NCLIND,CERTIFIED
NSE-ISIN:INE846H01039,INE846H01039,NCOPPER,CERTIFIED
NSE-ISIN:INE756C01015,INE756C01015,NDGL,CERTIFIED
NSE-ISIN:INE875G01030,INE875G01030,NDL,CERTIFIED
NSE-ISIN:INE875G01048,INE875G01048,NDL,CERTIFIED
NSE-ISIN:INE353A01023,INE353A01023,NDLVENTURE,CERTIFIED
NSE-ISIN:INE07OG01012,INE07OG01012,NDRAUTO,CERTIFIED
NSE-ISIN:INE155G01029,INE155G01029,NDTV,CERTIFIED
NSE-ISIN:INE605D01012,INE605D01012,NEAGI,CERTIFIED
NSE-ISIN:INE553C01016,INE553C01016,NECCLTD,CERTIFIED
NSE-ISIN:INE023H01027,INE023H01027,NECLIFE,CERTIFIED
NSE-ISIN:INE189I01024,INE189I01024,NELCAST,CERTIFIED
NSE-ISIN:INE045B01015,INE045B01015,NELCO,CERTIFIED
NSE-ISIN:INE695B01025,INE695B01025,COUNCODOS,CERTIFIED
NSE-ISIN:INE136S01016,INE136S01016,NEOGEN,CERTIFIED
NSE-ISIN:INE588A01016,INE588A01016,NEPCMICON,CERTIFIED
NSE-ISIN:INE428V01029,INE428V01029,NEPHROPLUS,CERTIFIED
NSE-ISIN:INE317F01027,INE317F01027,NESCO,CERTIFIED
NSE-ISIN:INE317F01035,INE317F01035,NESCO,CERTIFIED
NSE-ISIN:INE239A01016,INE239A01016,NESTLEIND,CERTIFIED
NSE-ISIN:INE239A01024,INE239A01024,NESTLEIND,CERTIFIED
NSE-ISIN:INE553E01012,INE553E01012,NET4,CERTIFIED
NSE-ISIN:INE553E01012,INE553E01012,NET4,CERTIFIED
NSE-ISIN:INE0NT901020,INE0NT901020,NETWEB,CERTIFIED
NSE-ISIN:INE870H01013,INE870H01013,NETWORK18,CERTIFIED
NSE-ISIN:INE333I01044,INE333I01044,NEUEON,CERTIFIED
NSE-ISIN:INE794A01010,INE794A01010,NEULANDLAB,CERTIFIED
NSE-ISIN:INE619B01017,INE619B01017,NEWGEN,CERTIFIED
NSE-ISIN:INE747B01016,INE747B01016,NEXTMEDIA,CERTIFIED
NSE-ISIN:INE589A01014,INE589A01014,NLCINDIA,CERTIFIED
NSE-ISIN:INE870D01012,INE870D01012,NFL,CERTIFIED
NSE-ISIN:INE236Y01012,INE236Y01012,NGIL,CERTIFIED
NSE-ISIN:INE887E01022,INE887E01022,NGLFINE,CERTIFIED
NSE-ISIN:INE410P01011,INE410P01011,NH,CERTIFIED
NSE-ISIN:INE848E01016,INE848E01016,NHPC,CERTIFIED
NSE-ISIN:INE470Y01017,INE470Y01017,NIACL,CERTIFIED
NSE-ISIN:INE149O01018,INE149O01018,NIBE,CERTIFIED
NSE-ISIN:INE047O01014,INE047O01014,NIBL,CERTIFIED
NSE-ISIN:INE241C01026,INE241C01026,NICCO,CERTIFIED
NSE-ISIN:INE653C01022,INE653C01022,NICCOPAR,CERTIFIED
NSE-ISIN:INE140A01024,INE140A01024,PIRHEALTH,CERTIFIED
NSE-ISIN:INE161A01038,INE161A01038,NIITLTD,CERTIFIED
NSE-ISIN:INE342G01023,INE342G01023,NIITMTS,CERTIFIED
NSE-ISIN:INE591G01017,INE591G01017,NIITTECH,CERTIFIED
NSE-ISIN:INE937C01029,INE937C01029,NILAINFRA,CERTIFIED
NSE-ISIN:INE00S901012,INE00S901012,NILASPACES,CERTIFIED
NSE-ISIN:INE445D01013,INE445D01013,NILE,CERTIFIED
NSE-ISIN:INE310A01015,INE310A01015,NILKAMAL,CERTIFIED
NSE-ISIN:INE310A01015,INE310A01015,NILKAMAL,CERTIFIED
NSE-ISIN:INE875B01015,INE875B01015,NIMBSPROJ,CERTIFIED
NSE-ISIN:INE395U01014,INE395U01014,NINSYS,CERTIFIED
NSE-ISIN:INE567A01010,INE567A01010,NIPPOBATRY,CERTIFIED
NSE-ISIN:INE567A01028,INE567A01028,NIPPOBATRY,CERTIFIED
NSE-ISIN:INE368I01016,INE368I01016,NIRAJ,CERTIFIED
NSE-ISIN:INE326T01011,INE326T01011,NIRAJISPAT,CERTIFIED
NSE-ISIN:INE910A01012,INE910A01012,NIRLON,CERTIFIED
NSE-ISIN:INE875R01011,INE875R01011,BALKRISHNA,CERTIFIED
NSE-ISIN:INE858F01012,INE858F01012,NITCO,CERTIFIED
NSE-ISIN:INE639K01016,INE639K01016,NITESHEST,CERTIFIED
NSE-ISIN:INE489H01020,INE489H01020,NITINFIRE,CERTIFIED
NSE-ISIN:INE229H01012,INE229H01012,NITINSPIN,CERTIFIED
NSE-ISIN:INE439T01012,INE439T01012,NITIRAJ,CERTIFIED
NSE-ISIN:INE265B01019,INE265B01019,NITTAGELA,CERTIFIED
NSE-ISIN:INE995S01015,INE995S01015,NIVABUPA,CERTIFIED
NSE-ISIN:INE542C01019,INE542C01019,NKIND,CERTIFIED
NSE-ISIN:INE589A01014,INE589A01014,NLCINDIA,CERTIFIED
NSE-ISIN:INE584A01023,INE584A01023,NMDC,CERTIFIED
NSE-ISIN:INE163A01018,INE163A01018,NOCIL,CERTIFIED
NSE-ISIN:INE141B01020,INE141B01020,NOESISIND,CERTIFIED
NSE-ISIN:INE781B01015,INE781B01015,NOIDATOLL,CERTIFIED
NSE-ISIN:INE296D01010,INE296D01010,NOL,CERTIFIED
NSE-ISIN:INE369C01017,INE369C01017,NORBTEAEXP,CERTIFIED
NSE-ISIN:INE850M01015,INE850M01015,NORTHARC,CERTIFIED
NSE-ISIN:INE217G01019,INE217G01019,NORTHGATE,CERTIFIED
NSE-ISIN:INE787A01022,INE787A01022,GSLNOVA,CERTIFIED
NSE-ISIN:INE02H701025,INE02H701025,NOVAAGRI,CERTIFIED
NSE-ISIN:INE234A01025,INE234A01025,NOVARTIND,CERTIFIED
NSE-ISIN:INE460B01016,INE460B01016,NOVOPANIND,CERTIFIED
NSE-ISIN:INE0FFK01017,INE0FFK01017,NPST,CERTIFIED
NSE-ISIN:INE740D01017,INE740D01017,NRAIL,CERTIFIED
NSE-ISIN:INE349A01021,INE349A01021,NRBBEARING,CERTIFIED
NSE-ISIN:INE953C01018,INE953C01018,NRC,CERTIFIED
NSE-ISIN:INE0JM501013,INE0JM501013,NRL,CERTIFIED
NSE-ISIN:INE023A01030,INE023A01030,NSIL,CERTIFIED
NSE-ISIN:INE0NNS01018,INE0NNS01018,NSLNISP,CERTIFIED
NSE-ISIN:INE920C01017,INE920C01017,NTCIND,CERTIFIED
NSE-ISIN:INE333I01036,INE333I01036,NTL,CERTIFIED
NSE-ISIN:INE333I01044,INE333I01044,NEUEON,CERTIFIED
NSE-ISIN:INE733E01010,INE733E01010,NTPC,CERTIFIED
NSE-ISIN:INE0ONG01011,INE0ONG01011,NTPCGREEN,CERTIFIED
NSE-ISIN:INE980A01023,INE980A01023,PRESSMN,CERTIFIED
NSE-ISIN:INE946A01016,INE946A01016,NUCHEM,CERTIFIED
NSE-ISIN:INE096B01018,INE096B01018,NUCLEUS,CERTIFIED
NSE-ISIN:INE409B01013,INE409B01013,SWELECTES,CERTIFIED
NSE-ISIN:INE0DSF01015,INE0DSF01015,NURECA,CERTIFIED
NSE-ISIN:INE318J01027,INE318J01027,NUTEK,CERTIFIED
NSE-ISIN:INE531F01023,INE531F01023,NUVAMA,CERTIFIED
NSE-ISIN:INE118D01016,INE118D01016,NUVOCO,CERTIFIED
NSE-ISIN:INE353A01023,INE353A01023,NDLVENTURE,CERTIFIED
NSE-ISIN:INE388Y01029,INE388Y01029,NYKAA,CERTIFIED
NSE-ISIN:INE959C01023,INE959C01023,OAL,CERTIFIED
NSE-ISIN:INE426Z01016,INE426Z01016,OBCL,CERTIFIED
NSE-ISIN:INE276C01014,INE276C01014,EIHAHOTELS,CERTIFIED
NSE-ISIN:INE093I01010,INE093I01010,OBEROIRLTY,CERTIFIED
NSE-ISIN:INE093I01010,INE093I01010,OBEROIRLTY,CERTIFIED
NSE-ISIN:INE321D01016,INE321D01016,OCCL,CERTIFIED
NSE-ISIN:INE0PK601023,INE0PK601023,OCCLLTD,CERTIFIED
NSE-ISIN:INE290B01025,INE290B01025,OCL,CERTIFIED
NSE-ISIN:INE054301028,INE054301028,ODIGMA,CERTIFIED
NSE-ISIN:INE839E01023,INE839E01023,ODYCORP,CERTIFIED
NSE-ISIN:INE881D01027,INE881D01027,OFSS,CERTIFIED
NSE-ISIN:INE274J01014,INE274J01014,OIL,CERTIFIED
NSE-ISIN:INE591A01010,INE591A01010,OILCOUNTUB,CERTIFIED
NSE-ISIN:INE196J01019,INE196J01019,OISL,CERTIFIED
NSE-ISIN:INE0LXG01040,INE0LXG01040,OLAELEC,CERTIFIED
NSE-ISIN:INE260D01016,INE260D01016,OLECTRA,CERTIFIED
NSE-ISIN:INE090B01011,INE090B01011,OMAXAUTO,CERTIFIED
NSE-ISIN:INE800H01010,INE800H01010,OMAXE,CERTIFIED
NSE-ISIN:INE1BZC01019,INE1BZC01019,OMFREIGHT,CERTIFIED
NSE-ISIN:INE239D01028,INE239D01028,OMINFRAL,CERTIFIED
NSE-ISIN:INE474L01016,INE474L01016,OMKARCHEM,CERTIFIED
NSE-ISIN:INE239D01028,INE239D01028,OMINFRAL,CERTIFIED
NSE-ISIN:INE0UH301010,INE0UH301010,OMNI,CERTIFIED
NSE-ISIN:INE810H01019,INE810H01019,OMNITECH,CERTIFIED
NSE-ISIN:INE25E901019,INE25E901019,OMPOWER,CERTIFIED
NSE-ISIN:INE670O01013,INE670O01013,ONEGLOBAL,CERTIFIED
NSE-ISIN:INE912L01015,INE912L01015,ONELIFECAP,CERTIFIED
NSE-ISIN:INE840Y01011,INE840Y01011,ONEPOINT,CERTIFIED
NSE-ISIN:INE840Y01029,INE840Y01029,ONEPOINT,CERTIFIED
NSE-ISIN:INE013P01021,INE013P01021,ONESOURCE,CERTIFIED
NSE-ISIN:INE213A01029,INE213A01029,ONGC,CERTIFIED
NSE-ISIN:INE831A01028,INE831A01028,ONIDA,CERTIFIED
NSE-ISIN:INE173M01012,INE173M01012,ONIXSOLAR,CERTIFIED
NSE-ISIN:INE809I01019,INE809I01019,ONMOBILE,CERTIFIED
NSE-ISIN:INE229A01017,INE229A01017,ONWARDTEC,CERTIFIED
NSE-ISIN:INE350C01017,INE350C01017,OPTIEMUS,CERTIFIED
NSE-ISIN:INE031G01022,INE031G01022,OPTIFIN,CERTIFIED
NSE-ISIN:INE808B01016,INE808B01016,OPTOCIRCUI,CERTIFIED
NSE-ISIN:INE628H01015,INE628H01015,ORBITCORP,CERTIFIED
NSE-ISIN:INE231G01010,INE231G01010,ORBTEXP,CERTIFIED
NSE-ISIN:INE215B01022,INE215B01022,ORCHASP,CERTIFIED
NSE-ISIN:INE191A01019,INE191A01019,ORCHIDPHAR,CERTIFIED
NSE-ISIN:INE191A01019,INE191A01019,ORCHIDPHAR,CERTIFIED
NSE-ISIN:INE191A01027,INE191A01027,ORCHPHARMA,CERTIFIED
NSE-ISIN:INE730A01022,INE730A01022,ORICONENT,CERTIFIED
NSE-ISIN:INE569C01020,INE569C01020,ORIENTCER,CERTIFIED
NSE-ISIN:INE998H01012,INE998H01012,ORIENTALTL,CERTIFIED
NSE-ISIN:INE141A01014,INE141A01014,ORIENTBANK,CERTIFIED
NSE-ISIN:INE607D01018,INE607D01018,ORIENTBELL,CERTIFIED
NSE-ISIN:INE876N01018,INE876N01018,ORIENTCEM,CERTIFIED
NSE-ISIN:INE569C01020,INE569C01020,ORIENTCER,CERTIFIED
NSE-ISIN:INE607D01018,INE607D01018,ORIENTBELL,CERTIFIED
NSE-ISIN:INE142Z01019,INE142Z01019,ORIENTELEC,CERTIFIED
NSE-ISIN:INE750A01020,INE750A01020,ORIENTHOT,CERTIFIED
NSE-ISIN:INE609C01024,INE609C01024,ORIENTLTD,CERTIFIED
NSE-ISIN:INE592A01026,INE592A01026,ORIENTPPR,CERTIFIED
NSE-ISIN:INE743M01012,INE743M01012,RHIM,CERTIFIED
NSE-ISIN:INE0PPK01015,INE0PPK01015,ORIENTTECH,CERTIFIED
NSE-ISIN:INE457G01029,INE457G01029,ORIRAIL,CERTIFIED
NSE-ISIN:INE290B01025,INE290B01025,OCL,CERTIFIED
NSE-ISIN:INE725E01016,INE725E01016,ORISSAMINE,CERTIFIED
NSE-ISIN:INE725E01024,INE725E01024,ORISSAMINE,CERTIFIED
NSE-ISIN:INE16NZ01023,INE16NZ01023,ORKLAINDIA,CERTIFIED
NSE-ISIN:INE849L01019,INE849L01019,ORTEL,CERTIFIED
NSE-ISIN:INE749B01020,INE749B01020,ORTINGLOBE,CERTIFIED
NSE-ISIN:INE749B01020,INE749B01020,ORTINGLOBE,CERTIFIED
NSE-ISIN:INE749B01012,INE749B01012,ORTINLABSS,CERTIFIED
NSE-ISIN:INE06IR01021,INE06IR01021,OSIAHYPER,CERTIFIED
NSE-ISIN:INE142A01012,INE142A01012,OSWALAGRO,CERTIFIED
NSE-ISIN:INE143A01010,INE143A01010,OSWALGREEN,CERTIFIED
NSE-ISIN:INE469B01017,INE469B01017,OSWALMIN,CERTIFIED
NSE-ISIN:INE0BYP01024,INE0BYP01024,OSWALPUMPS,CERTIFIED
NSE-ISIN:INE00IK01029,INE00IK01029,OSWALSEEDS,CERTIFIED
NSE-ISIN:INE998H01012,INE998H01012,ORIENTALTL,CERTIFIED
NSE-ISIN:INE594A01014,INE594A01014,OUDHSUG,CERTIFIED
NSE-ISIN:INE179A01014,INE179A01014,PGHH,CERTIFIED
NSE-ISIN:INE0S3G01027,INE0S3G01027,PACEDIGITK,CERTIFIED
NSE-ISIN:INE883C01025,INE883C01025,PACIFICI,CERTIFIED
NSE-ISIN:INE766A01018,INE766A01018,PAEL,CERTIFIED
NSE-ISIN:INE761H01022,INE761H01022,PAGEIND,CERTIFIED
NSE-ISIN:INE420C01042,INE420C01042,PAISALO,CERTIFIED
NSE-ISIN:INE420C01059,INE420C01059,PAISALO,CERTIFIED
NSE-ISIN:INE551D01018,INE551D01018,PAKKA,CERTIFIED
NSE-ISIN:INE471W01019,INE471W01019,PALASHSECU,CERTIFIED
NSE-ISIN:INE218G01033,INE218G01033,PALREDTEC,CERTIFIED
NSE-ISIN:INE922B01023,INE922B01023,PANACEABIO,CERTIFIED
NSE-ISIN:INE895W01019,INE895W01019,PANACHE,CERTIFIED
NSE-ISIN:INE305C01011,INE305C01011,PANAMAPET,CERTIFIED
NSE-ISIN:INE305C01029,INE305C01029,PANAMAPET,CERTIFIED
NSE-ISIN:INE841C01015,INE841C01015,PANASONIC,CERTIFIED
NSE-ISIN:INE013E01017,INE013E01017,PANCARBON,CERTIFIED
NSE-ISIN:INE798F01010,INE798F01010,PANCHMAHQ,CERTIFIED
NSE-ISIN:INE316G01019,INE316G01019,PANCHSHEEL,CERTIFIED
NSE-ISIN:INE258R01028,INE258R01028,PANORAMA,CERTIFIED
NSE-ISIN:INE194B01029,INE194B01029,PANORAMUNI,CERTIFIED
NSE-ISIN:INE697V01011,INE697V01011,PANSARI,CERTIFIED
NSE-ISIN:INE623B01027,INE623B01027,FEL,CERTIFIED
NSE-ISIN:INE275B01026,INE275B01026,HUHTAMAKI,CERTIFIED
NSE-ISIN:INE04LG01015,INE04LG01015,PAR,CERTIFIED
NSE-ISIN:INE618H01016,INE618H01016,PARABDRUGS,CERTIFIED
NSE-ISIN:INE074B01023,INE074B01023,PARACABLES,CERTIFIED
NSE-ISIN:INE088F01024,INE088F01024,PARADEEP,CERTIFIED
NSE-ISIN:INE932G01021,INE932G01021,GLODYNE,CERTIFIED
NSE-ISIN:INE883N01014,INE883N01014,PARAGMILK,CERTIFIED
NSE-ISIN:INE620C01013,INE620C01013,PARAL,CERTIFIED
NSE-ISIN:INE702L01010,INE702L01010,PARAPRINT,CERTIFIED
NSE-ISIN:INE045601023,INE045601023,PARAS,CERTIFIED
NSE-ISIN:INE162C01024,INE162C01024,PARASPETRO,CERTIFIED
NSE-ISIN:INE119201023,INE119201023,PARKHOSPS,CERTIFIED
NSE-ISIN:INE988S01028,INE988S01028,PARKHOTELS,CERTIFIED
NSE-ISIN:INE383L01019,INE383L01019,PARNAXLAB,CERTIFIED
NSE-ISIN:INE353B01021,INE353B01021,PARRYSUGAR,CERTIFIED
NSE-ISIN:INE561H01026,INE561H01026,PARSVNATH,CERTIFIED
NSE-ISIN:INE124Y01028,INE124Y01028,PASHUPATI,CERTIFIED
NSE-ISIN:INE818B01023,INE818B01023,PASUPTAC,CERTIFIED
NSE-ISIN:INE619A01035,INE619A01035,PATANJALI,CERTIFIED
NSE-ISIN:INE244B01030,INE244B01030,PATELENG,CERTIFIED
NSE-ISIN:INE0R8B01010,INE0R8B01010,PATELRMART,CERTIFIED
NSE-ISIN:INE529D01014,INE529D01014,PATINTLOG,CERTIFIED
NSE-ISIN:INE660F01012,INE660F01012,PATNI,CERTIFIED
NSE-ISIN:INE790C01014,INE790C01014,PATSPINLTD,CERTIFIED
NSE-ISIN:INE111F01024,INE111F01024,PAUSHAKLTD,CERTIFIED
NSE-ISIN:INE07S101038,INE07S101038,PAVNAIND,CERTIFIED
NSE-ISIN:INE982J01020,INE982J01020,PAYTM,CERTIFIED
NSE-ISIN:INE160H01019,INE160H01019,PBAINFRA,CERTIFIED
NSE-ISIN:INE501F01018,INE501F01018,PBMPOLY,CERTIFIED
NSE-ISIN:INE602A01031,INE602A01031,PCBL,CERTIFIED
NSE-ISIN:INE785M01013,INE785M01013,PCJEWELLER,CERTIFIED
NSE-ISIN:INE785M01021,INE785M01021,PCJEWELLER,CERTIFIED
NSE-ISIN:INE865T01018,INE865T01018,PDMJEPAPER,CERTIFIED
NSE-ISIN:INE904D01019,INE904D01019,PDPL,CERTIFIED
NSE-ISIN:INE111Q01021,INE111Q01021,PDSL,CERTIFIED
NSE-ISIN:INE111Q01013,INE111Q01013,PDSMFL,CERTIFIED
NSE-ISIN:INE105C01023,INE105C01023,PDUMJEIND,CERTIFIED
NSE-ISIN:INE105C01023,INE105C01023,3PLAND,CERTIFIED
NSE-ISIN:INE606A01024,INE606A01024,AMJLAND,CERTIFIED
NSE-ISIN:INE600A01019,INE600A01019,PEACOCKIND,CERTIFIED
NSE-ISIN:INE844A01013,INE844A01013,PEARLPOLY,CERTIFIED
NSE-ISIN:INE497B01018,INE497B01018,SEAMECLTD,CERTIFIED
NSE-ISIN:INE140A01024,INE140A01024,PEL,CERTIFIED
NSE-ISIN:INE932A01024,INE932A01024,PENIND,CERTIFIED
NSE-ISIN:INE138A01028,INE138A01028,PENINLAND,CERTIFIED
NSE-ISIN:INE455O01019,INE455O01019,PENPEBS,CERTIFIED
NSE-ISIN:INE843A01023,INE843A01023,PEPL,CERTIFIED
NSE-ISIN:INE431F01018,INE431F01018,PERIATEA,CERTIFIED
NSE-ISIN:INE699B01027,INE699B01027,SAMBHAAV,CERTIFIED
NSE-ISIN:INE418E01018,INE418E01018,PERMAGN,CERTIFIED
NSE-ISIN:INE0I1B01016,INE0I1B01016,PERNIASPOP,CERTIFIED
NSE-ISIN:INE262H01013,INE262H01013,PERSISTENT,CERTIFIED
NSE-ISIN:INE262H01021,INE262H01021,PERSISTENT,CERTIFIED
NSE-ISIN:INE742A01019,INE742A01019,PETRONENGG,CERTIFIED
NSE-ISIN:INE347G01014,INE347G01014,PETRONET,CERTIFIED
NSE-ISIN:INE134E01011,INE134E01011,PFC,CERTIFIED
NSE-ISIN:INE182A01018,INE182A01018,PFIZER,CERTIFIED
NSE-ISIN:INE367G01038,INE367G01038,PFOCUS,CERTIFIED
NSE-ISIN:INE647O01011,INE647O01011,ABFRL,CERTIFIED
NSE-ISIN:INE560K01014,INE560K01014,PFS,CERTIFIED
NSE-ISIN:INE457L01011,INE457L01011,PGEL,CERTIFIED
NSE-ISIN:INE457L01029,INE457L01029,PGEL,CERTIFIED
NSE-ISIN:INE179A01014,INE179A01014,PGHH,CERTIFIED
NSE-ISIN:INE199A01012,INE199A01012,PGHL,CERTIFIED
NSE-ISIN:INE940H01014,INE940H01014,PGIL,CERTIFIED
NSE-ISIN:INE940H01022,INE940H01022,PGIL,CERTIFIED
NSE-ISIN:INE602A01015,INE602A01015,PHILIPCARB,CERTIFIED
NSE-ISIN:INE602A01023,INE602A01023,PHILIPCARB,CERTIFIED
NSE-ISIN:INE455B01016,INE455B01016,PHOENIXLL,CERTIFIED
NSE-ISIN:INE455B01016,INE455B01016,HALONIX,CERTIFIED
NSE-ISIN:INE211B01039,INE211B01039,PHOENIXLTD,CERTIFIED
NSE-ISIN:INE245B01011,INE245B01011,PHOENXINTL,CERTIFIED
NSE-ISIN:INE546C01010,INE546C01010,PICCADIL,CERTIFIED
NSE-ISIN:INE318A01026,INE318A01026,PIDILITIND,CERTIFIED
NSE-ISIN:INE557Z01018,INE557Z01018,PIGL,CERTIFIED
NSE-ISIN:INE603J01022,INE603J01022,PIIND,CERTIFIED
NSE-ISIN:INE603J01030,INE603J01030,PIIND,CERTIFIED
NSE-ISIN:INE417C01014,INE417C01014,PILANIINVS,CERTIFIED
NSE-ISIN:INE600A01035,INE600A01035,PILITA,CERTIFIED
NSE-ISIN:INE600A01035,INE600A01035,PILITA,CERTIFIED
NSE-ISIN:INE675G01018,INE675G01018,PINCON,CERTIFIED
NSE-ISIN:INE15B701018,INE15B701018,PINELABS,CERTIFIED
NSE-ISIN:INE889E01010,INE889E01010,PIONDIST,CERTIFIED
NSE-ISIN:INE156C01018,INE156C01018,PIONEEREMB,CERTIFIED
NSE-ISIN:INE746D01014,INE746D01014,PIONRINV,CERTIFIED
NSE-ISIN:INE542F01012,INE542F01012,RDEL,CERTIFIED
NSE-ISIN:INE542F01012,INE542F01012,PIPAVAVDOC,CERTIFIED
NSE-ISIN:INE202B01038,INE202B01038,PIRAMALFIN,CERTIFIED
NSE-ISIN:INE034H01016,INE034H01016,STOREONE,CERTIFIED
NSE-ISIN:INE748E01018,INE748E01018,PIRGLASS,CERTIFIED
NSE-ISIN:INE140A01024,INE140A01024,PEL,CERTIFIED
NSE-ISIN:INE122J01015,INE122J01015,PIRPHYTO,CERTIFIED
NSE-ISIN:INE122J01015,INE122J01015,PIRPHYTO,CERTIFIED
NSE-ISIN:INE450D01021,INE450D01021,PITTIENG,CERTIFIED
NSE-ISIN:INE450D01013,INE450D01013,PITTILAM,CERTIFIED
NSE-ISIN:INE450D01021,INE450D01021,PITTIENG,CERTIFIED
NSE-ISIN:INE751B01018,INE751B01018,PIXTRANS,CERTIFIED
NSE-ISIN:INE431F01018,INE431F01018,PKTEA,CERTIFIED
NSE-ISIN:INE083C01014,INE083C01014,PLASTIBLEN,CERTIFIED
NSE-ISIN:INE083C01022,INE083C01022,PLASTIBLEN,CERTIFIED
NSE-ISIN:INE0PT501018,INE0PT501018,PLATIND,CERTIFIED
NSE-ISIN:INE0INJ01017,INE0INJ01017,PLAZACABLE,CERTIFIED
NSE-ISIN:INE491H01018,INE491H01018,PLETHICO,CERTIFIED
NSE-ISIN:INE291E01019,INE291E01019,PML,CERTIFIED
NSE-ISIN:INE160A01014,INE160A01014,PNB,CERTIFIED
NSE-ISIN:INE160A01022,INE160A01022,PNB,CERTIFIED
NSE-ISIN:INE859A01011,INE859A01011,PNBGILTS,CERTIFIED
NSE-ISIN:INE572E01012,INE572E01012,PNBHOUSING,CERTIFIED
NSE-ISIN:INE392B01011,INE392B01011,PNC,CERTIFIED
NSE-ISIN:INE195J01029,INE195J01029,PNCINFRA,CERTIFIED
NSE-ISIN:INE953R01016,INE953R01016,PNGJL,CERTIFIED
NSE-ISIN:INE1RDG01013,INE1RDG01013,PNGSREVA,CERTIFIED
NSE-ISIN:INE332G01032,INE332G01032,POCHIRAJU,CERTIFIED
NSE-ISIN:INE063E01061,INE063E01061,POCL,CERTIFIED
NSE-ISIN:INE888B01018,INE888B01018,PODDARHOUS,CERTIFIED
NSE-ISIN:INE371C01013,INE371C01013,PODDARMENT,CERTIFIED
NSE-ISIN:INE035S01028,INE035S01028,POEL,CERTIFIED
NSE-ISIN:INE637C01017,INE637C01017,POKARNA,CERTIFIED
NSE-ISIN:INE637C01025,INE637C01025,POKARNA,CERTIFIED
NSE-ISIN:INE057B01010,INE057B01010,POLARIND,CERTIFIED
NSE-ISIN:INE763A01023,INE763A01023,POLARIS,CERTIFIED
NSE-ISIN:INE417T01026,INE417T01026,POLICYBZR,CERTIFIED
NSE-ISIN:INE455K01017,INE455K01017,POLYCAB,CERTIFIED
NSE-ISIN:INE205C01021,INE205C01021,POLYMED,CERTIFIED
NSE-ISIN:INE633B01018,INE633B01018,POLYPLEX,CERTIFIED
NSE-ISIN:INE914G01029,INE914G01029,POLYSPIN,CERTIFIED
NSE-ISIN:INE063E01038,INE063E01038,PONDYOXIDE,CERTIFIED
NSE-ISIN:INE838E01017,INE838E01017,PONNIERODE,CERTIFIED
NSE-ISIN:INE511C01022,INE511C01022,POONAWALLA,CERTIFIED
NSE-ISIN:INE752E01010,INE752E01010,POWERGRID,CERTIFIED
NSE-ISIN:INE921L01032,INE921L01032,POWERICA,CERTIFIED
NSE-ISIN:INE07Y701011,INE07Y701011,POWERINDIA,CERTIFIED
NSE-ISIN:INE211R01019,INE211R01019,POWERMECH,CERTIFIED
NSE-ISIN:INE095I01015,INE095I01015,PPAP,CERTIFIED
NSE-ISIN:INE050001010,INE050001010,PPL,CERTIFIED
NSE-ISIN:INE0DK501011,INE0DK501011,PPLPHARMA,CERTIFIED
NSE-ISIN:INE0I0M01023,INE0I0M01023,PRABHA,CERTIFIED
NSE-ISIN:INE302M01033,INE302M01033,PRABHAT,CERTIFIED
NSE-ISIN:INE495J01015,INE495J01015,PRADIP,CERTIFIED
NSE-ISIN:INE770A01010,INE770A01010,PRADPME,CERTIFIED
NSE-ISIN:INE505C01016,INE505C01016,PRAENG,CERTIFIED
NSE-ISIN:INE074A01025,INE074A01025,PRAJIND,CERTIFIED
NSE-ISIN:INE603A01013,INE603A01013,PRAKASH,CERTIFIED
NSE-ISIN:INE023M01019,INE023M01019,PRAKASHCON,CERTIFIED
NSE-ISIN:INE023M01027,INE023M01027,SETUINFRA,CERTIFIED
NSE-ISIN:INE696K01016,INE696K01016,PRAKASHSTL,CERTIFIED
NSE-ISIN:INE696K01024,INE696K01024,PRAKASHSTL,CERTIFIED
NSE-ISIN:INE308H01022,INE308H01022,PRATIBHA,CERTIFIED
NSE-ISIN:INE722B01019,INE722B01019,PRAVEG,CERTIFIED
NSE-ISIN:INE546Y01022,INE546Y01022,PRAXIS,CERTIFIED
NSE-ISIN:INE484I01029,INE484I01029,PRECAM,CERTIFIED
NSE-ISIN:INE283A01014,INE283A01014,PRECOT,CERTIFIED
NSE-ISIN:INE283A01014,INE283A01014,PRECOT,CERTIFIED
NSE-ISIN:INE372C01011,INE372C01011,PRECWIRE,CERTIFIED
NSE-ISIN:INE372C01029,INE372C01029,PRECWIRE,CERTIFIED
NSE-ISIN:INE372C01037,INE372C01037,PRECWIRE,CERTIFIED
NSE-ISIN:INE342A01018,INE342A01018,PREMIER,CERTIFIED
NSE-ISIN:INE766A01018,INE766A01018,PAEL,CERTIFIED
NSE-ISIN:INE001E01012,INE001E01012,PREMCO,CERTIFIED
NSE-ISIN:INE863B01011,INE863B01011,PREMEXPLN,CERTIFIED
NSE-ISIN:INE863B01029,INE863B01029,PREMEXPLN,CERTIFIED
NSE-ISIN:INE342A01018,INE342A01018,PREMIER,CERTIFIED
NSE-ISIN:INE0BS701011,INE0BS701011,PREMIERENE,CERTIFIED
NSE-ISIN:INE309M01012,INE309M01012,PREMIERPOL,CERTIFIED
NSE-ISIN:INE309M01020,INE309M01020,PREMIERPOL,CERTIFIED
NSE-ISIN:INE605A01026,INE605A01026,PRICOL,CERTIFIED
NSE-ISIN:INE980A01023,INE980A01023,PRESSMN,CERTIFIED
NSE-ISIN:INE811K01011,INE811K01011,PRESTIGE,CERTIFIED
NSE-ISIN:IN9623B01058,IN9623B01058,FELDVR,CERTIFIED
NSE-ISIN:INE605A01026,INE605A01026,PRICOL,CERTIFIED
NSE-ISIN:INE726V01018,INE726V01018,PRICOLLTD,CERTIFIED
NSE-ISIN:INE032B01021,INE032B01021,PRIMESECU,CERTIFIED
NSE-ISIN:INE607A01022,INE607A01022,PRIMO,CERTIFIED
NSE-ISIN:INE689W01016,INE689W01016,PRINCEPIPE,CERTIFIED
NSE-ISIN:INE15EH01014,INE15EH01014,PRIORITY,CERTIFIED
NSE-ISIN:INE010A01011,INE010A01011,PRSMJOHNSN,CERTIFIED
NSE-ISIN:INE286N01028,INE286N01028,PRISMX,CERTIFIED
NSE-ISIN:INE700C01013,INE700C01013,PRITHVI,CERTIFIED
NSE-ISIN:INE621B01021,INE621B01021,PRITHVISOF,CERTIFIED
NSE-ISIN:INE974Z01015,INE974Z01015,PRITI,CERTIFIED
NSE-ISIN:INE583R01029,INE583R01029,PRITIKAUTO,CERTIFIED
NSE-ISIN:INE959A01019,INE959A01019,PRIVISCL,CERTIFIED
NSE-ISIN:INE855B01025,INE855B01025,RAINCOM,CERTIFIED
NSE-ISIN:INE217G01035,INE217G01035,EQUIPPP,CERTIFIED
NSE-ISIN:INE0BX301013,INE0BX301013,PROSTARM,CERTIFIED
NSE-ISIN:INE004A01022,INE004A01022,PROTEAN,CERTIFIED
NSE-ISIN:INE968G01033,INE968G01033,PROVOGE,CERTIFIED
NSE-ISIN:INE968G01025,INE968G01025,PROVOGUE,CERTIFIED
NSE-ISIN:INE195N01013,INE195N01013,PROZONINTU,CERTIFIED
NSE-ISIN:INE195N01013,INE195N01013,PROZONINTU,CERTIFIED
NSE-ISIN:INE195N01013,INE195N01013,PROZONER,CERTIFIED
NSE-ISIN:INE195N01013,INE195N01013,PROZONER,CERTIFIED
NSE-ISIN:INE010A01011,INE010A01011,PRSMJOHNSN,CERTIFIED
NSE-ISIN:INE00F201020,INE00F201020,PRUDENT,CERTIFIED
NSE-ISIN:INE024D01016,INE024D01016,PRUDMOULI,CERTIFIED
NSE-ISIN:INE608A01012,INE608A01012,PSB,CERTIFIED
NSE-ISIN:INE474B01017,INE474B01017,PSL,CERTIFIED
NSE-ISIN:INE474B01017,INE474B01017,PSL,CERTIFIED
NSE-ISIN:INE488V01015,INE488V01015,PSPPROJECT,CERTIFIED
NSE-ISIN:INE877F01012,INE877F01012,PTC,CERTIFIED
NSE-ISIN:INE596F01018,INE596F01018,PTCIL,CERTIFIED
NSE-ISIN:INE034D01031,INE034D01031,PTL,CERTIFIED
NSE-ISIN:INE034D01049,INE034D01049,PTL,CERTIFIED
NSE-ISIN:INE277B01014,INE277B01014,PUNJABCHEM,CERTIFIED
NSE-ISIN:INE701B01021,INE701B01021,PUNJLLOYD,CERTIFIED
NSE-ISIN:INE323I01011,INE323I01011,PURVA,CERTIFIED
NSE-ISIN:INE362A01016,INE362A01016,PVP,CERTIFIED
NSE-ISIN:INE191H01014,INE191H01014,PVRINOX,CERTIFIED
NSE-ISIN:INE191H01014,INE191H01014,PVRINOX,CERTIFIED
NSE-ISIN:INE772T01024,INE772T01024,PVSL,CERTIFIED
NSE-ISIN:INE0LP301011,INE0LP301011,PWL,CERTIFIED
NSE-ISIN:INE0MIS01010,INE0MIS01010,PYRAMID,CERTIFIED
NSE-ISIN:INE0FMW01018,INE0FMW01018,QMSMEDI,CERTIFIED
NSE-ISIN:INE0SII01026,INE0SII01026,QPOWER,CERTIFIED
NSE-ISIN:INE0LRY01011,INE0LRY01011,QUADFUTURE,CERTIFIED
NSE-ISIN:INE615P01015,INE615P01015,QUESS,CERTIFIED
NSE-ISIN:INE306L01010,INE306L01010,QUICKHEAL,CERTIFIED
NSE-ISIN:INE641R01017,INE641R01017,QUINT,CERTIFIED
NSE-ISIN:INE033B01011,INE033B01011,QUINTEGRA,CERTIFIED
NSE-ISIN:INE084Q01012,INE084Q01012,RACE,CERTIFIED
NSE-ISIN:INE704B01017,INE704B01017,RACLGEAR,CERTIFIED
NSE-ISIN:INE874F01027,INE874F01027,RADAAN,CERTIFIED
NSE-ISIN:INE583V01021,INE583V01021,RADHIKAJWE,CERTIFIED
NSE-ISIN:INE855R01021,INE855R01021,RADIANTCMS,CERTIFIED
NSE-ISIN:INE944F01028,INE944F01028,RADICO,CERTIFIED
NSE-ISIN:INE919I01016,INE919I01016,RADIOCITY,CERTIFIED
NSE-ISIN:INE919I01024,INE919I01024,RADIOCITY,CERTIFIED
NSE-ISIN:INE0DD101019,INE0DD101019,RAILTEL,CERTIFIED
NSE-ISIN:INE855B01025,INE855B01025,RAIN,CERTIFIED
NSE-ISIN:INE961O01016,INE961O01016,RAINBOW,CERTIFIED
NSE-ISIN:INE028D01025,INE028D01025,RAINBOWPAP,CERTIFIED
NSE-ISIN:INE855B01025,INE855B01025,RAIN,CERTIFIED
NSE-ISIN:INE313D01013,INE313D01013,MOHOTAIND,CERTIFIED
NSE-ISIN:INE611A01016,INE611A01016,RSWM,CERTIFIED
NSE-ISIN:INE343B01030,INE343B01030,RAJESHEXPO,CERTIFIED
NSE-ISIN:INE00KV01014,INE00KV01014,RAJMET,CERTIFIED
NSE-ISIN:INE00KV01022,INE00KV01022,RAJMET,CERTIFIED
NSE-ISIN:INE294G01018,INE294G01018,RAJOIL,CERTIFIED
NSE-ISIN:INE535F01024,INE535F01024,RAJOOENG,CERTIFIED
NSE-ISIN:INE296E01026,INE296E01026,RAJPALAYAM,CERTIFIED
NSE-ISIN:INE451D01011,INE451D01011,RAJRATAN,CERTIFIED
NSE-ISIN:INE451D01029,INE451D01029,RAJRATAN,CERTIFIED
NSE-ISIN:INE533D01016,INE533D01016,RAJRAYON,CERTIFIED
NSE-ISIN:INE533D01024,INE533D01024,RAJRAYON,CERTIFIED
NSE-ISIN:INE533D01032,INE533D01032,RAJRILTD,CERTIFIED
NSE-ISIN:INE562B01019,INE562B01019,RAJSREESUG,CERTIFIED
NSE-ISIN:INE952H01019,INE952H01019,RAJTV,CERTIFIED
NSE-ISIN:INE952H01027,INE952H01027,RAJTV,CERTIFIED
NSE-ISIN:INE011H01014,INE011H01014,RAJVIR,CERTIFIED
NSE-ISIN:INE613A01020,INE613A01020,RALLIS,CERTIFIED
NSE-ISIN:INE199C01026,INE199C01026,ADVANIHOTR,CERTIFIED
NSE-ISIN:INE278B01020,INE278B01020,RAMANEWS,CERTIFIED
NSE-ISIN:INE809A01032,INE809A01032,RAMAPHO,CERTIFIED
NSE-ISIN:INE230R01027,INE230R01027,RAMASTEEL,CERTIFIED
NSE-ISIN:INE230R01035,INE230R01035,RAMASTEEL,CERTIFIED
NSE-ISIN:INE1SJO01012,INE1SJO01012,RAMBHAJO,CERTIFIED
NSE-ISIN:INE331A01037,INE331A01037,RAMCOCEM,CERTIFIED
NSE-ISIN:INE614A01028,INE614A01028,RAMCOIND,CERTIFIED
NSE-ISIN:INE246B01019,INE246B01019,RAMCOSYS,CERTIFIED
NSE-ISIN:INE874I01013,INE874I01013,RAMKY,CERTIFIED
NSE-ISIN:INE207E01023,INE207E01023,RAMRAT,CERTIFIED
NSE-ISIN:INE005D01015,INE005D01015,RAMSARUP,CERTIFIED
NSE-ISIN:INE625B01014,INE625B01014,RANASUG,CERTIFIED
NSE-ISIN:INE015A01028,INE015A01028,RANBAXY,CERTIFIED
NSE-ISIN:INE222J01013,INE222J01013,RANEENGINE,CERTIFIED
NSE-ISIN:INE384A01010,INE384A01010,RANEHOLDIN,CERTIFIED
NSE-ISIN:INE384A01010,INE384A01010,RANEHOLDIN,CERTIFIED
NSE-ISIN:INE619C01015,INE619C01015,RANKLIN,CERTIFIED
NSE-ISIN:INE904G01038,INE904G01038,RASOYPR,CERTIFIED
NSE-ISIN:INE0CLI01024,INE0CLI01024,RATEGAIN,CERTIFIED
NSE-ISIN:INE703B01027,INE703B01027,RATNAMANI,CERTIFIED
NSE-ISIN:INE05CZ01011,INE05CZ01011,RATNAVEER,CERTIFIED
NSE-ISIN:INE301A01014,INE301A01014,RAYMOND,CERTIFIED
NSE-ISIN:INE02ID01020,INE02ID01020,RAYMONDLSL,CERTIFIED
NSE-ISIN:INE1SY401010,INE1SY401010,RAYMONDREL,CERTIFIED
NSE-ISIN:INE07T201019,INE07T201019,RBA,CERTIFIED
NSE-ISIN:INE244J01017,INE244J01017,RBL,CERTIFIED
NSE-ISIN:INE976G01028,INE976G01028,RBLBANK,CERTIFIED
NSE-ISIN:INE445K01018,INE445K01018,RBN,CERTIFIED
NSE-ISIN:INE0PEQ01016,INE0PEQ01016,RBZJEWEL,CERTIFIED
NSE-ISIN:INE027A01015,INE027A01015,RCF,CERTIFIED
NSE-ISIN:INE330H01018,INE330H01018,RCOM,CERTIFIED
NSE-ISIN:INE330H01018,INE330H01018,RCOM,CERTIFIED
NSE-ISIN:INE542F01012,INE542F01012,RNAVAL,CERTIFIED
NSE-ISIN:INE020B01018,INE020B01018,RECLTD,CERTIFIED
NSE-ISIN:INE891D01026,INE891D01026,REDINGTON,CERTIFIED
NSE-ISIN:INE0LXT01019,INE0LXT01019,REDTAPE,CERTIFIED
NSE-ISIN:INE056I01017,INE056I01017,REFEX,CERTIFIED
NSE-ISIN:INE056I01025,INE056I01025,REFEX,CERTIFIED
NSE-ISIN:INE0MHO01029,INE0MHO01029,REGAAL,CERTIFIED
NSE-ISIN:INE277C01012,INE277C01012,REGENCERAM,CERTIFIED
NSE-ISIN:INE385B01031,INE385B01031,REIAGROLTD,CERTIFIED
NSE-ISIN:INE849J01021,INE849J01021,REISIXTEN,CERTIFIED
NSE-ISIN:INE036A01016,INE036A01016,RELINFRA,CERTIFIED
NSE-ISIN:INE131B01021,INE131B01021,RELAXO,CERTIFIED
NSE-ISIN:INE131B01039,INE131B01039,RELAXO,CERTIFIED
NSE-ISIN:INE013A01015,INE013A01015,RELCAPITAL,CERTIFIED
NSE-ISIN:INE750D01016,INE750D01016,RELCHEMQ,CERTIFIED
NSE-ISIN:INE375Y01018,INE375Y01018,RELIABLE,CERTIFIED
NSE-ISIN:INE002A01018,INE002A01018,RELIANCE,CERTIFIED
NSE-ISIN:INE621H01010,INE621H01010,RELIGARE,CERTIFIED
NSE-ISIN:INE036A01016,INE036A01016,RELINFRA,CERTIFIED
NSE-ISIN:INE540B01015,INE540B01015,RELMEDIA,CERTIFIED
NSE-ISIN:INE206N01018,INE206N01018,RELTD,CERTIFIED
NSE-ISIN:INE474C01015,INE474C01015,REMSONSIND,CERTIFIED
NSE-ISIN:INE474C01023,INE474C01023,REMSONSIND,CERTIFIED
NSE-ISIN:INE087H01022,INE087H01022,RENUKA,CERTIFIED
NSE-ISIN:INE612J01015,INE612J01015,REPCOHOME,CERTIFIED
NSE-ISIN:INE364Z01019,INE364Z01019,REPL,CERTIFIED
NSE-ISIN:INE461B01014,INE461B01014,REPRO,CERTIFIED
NSE-ISIN:INE688D01026,INE688D01026,RESPONIND,CERTIFIED
NSE-ISIN:INE774I01023,INE774I01023,RESURGERE,CERTIFIED
NSE-ISIN:INE03DD01011,INE03DD01011,RETAIL,CERTIFIED
NSE-ISIN:INE617A01013,INE617A01013,SEMAC,CERTIFIED
NSE-ISIN:INE0DAB01012,INE0DAB01012,RVTH,CERTIFIED
NSE-ISIN:INE722H01016,INE722H01016,RGL,CERTIFIED
NSE-ISIN:INE722H01024,INE722H01024,RGL,CERTIFIED
NSE-ISIN:INE0KKN01029,INE0KKN01029,RHETAN,CERTIFIED
NSE-ISIN:INE217K01011,INE217K01011,RHFL,CERTIFIED
NSE-ISIN:INE743M01012,INE743M01012,RHIM,CERTIFIED
NSE-ISIN:INE508K01013,INE508K01013,RHL,CERTIFIED
NSE-ISIN:INE209B01025,INE209B01025,RICOAUTO,CERTIFIED
NSE-ISIN:INE046A01015,INE046A01015,RIIL,CERTIFIED
NSE-ISIN:INE302D01024,INE302D01024,RIR,CERTIFIED
NSE-ISIN:INE0N2P01017,INE0N2P01017,RISHABH,CERTIFIED
NSE-ISIN:INE01EG01016,INE01EG01016,RITCO,CERTIFIED
NSE-ISIN:INE320J01015,INE320J01015,RITES,CERTIFIED
NSE-ISIN:INE722H01016,INE722H01016,RJL,CERTIFIED
NSE-ISIN:INE722J01012,INE722J01012,RKDL,CERTIFIED
NSE-ISIN:INE786W01010,INE786W01010,RKEC,CERTIFIED
NSE-ISIN:INE399G01015,INE399G01015,RKFORGE,CERTIFIED
NSE-ISIN:INE399G01023,INE399G01023,RKFORGE,CERTIFIED
NSE-ISIN:INE0NQ801033,INE0NQ801033,RKSWAMY,CERTIFIED
NSE-ISIN:INE655V01019,INE655V01019,RMC,CERTIFIED
NSE-ISIN:INE172H01014,INE172H01014,RMCL,CERTIFIED
NSE-ISIN:INE219Y01026,INE219Y01026,RMDRIP,CERTIFIED
NSE-ISIN:INE445K01018,INE445K01018,RBN,CERTIFIED
NSE-ISIN:INE050H01012,INE050H01012,RML,CERTIFIED
NSE-ISIN:INE298J01013,INE298J01013,NAM-INDIA,CERTIFIED
NSE-ISIN:INE542F01012,INE542F01012,RNAVAL,CERTIFIED
NSE-ISIN:INE012Q01039,INE012Q01039,RNBDENIMS,CERTIFIED
NSE-ISIN:INE248H01012,INE248H01012,ROHITFERRO,CERTIFIED
NSE-ISIN:INE283H01019,INE283H01019,ROHLTD,CERTIFIED
NSE-ISIN:INE645S01024,INE645S01024,ROLEXRINGS,CERTIFIED
NSE-ISIN:INE927A01040,INE927A01040,ROLLT,CERTIFIED
NSE-ISIN:INE293A01013,INE293A01013,ROLTA,CERTIFIED
NSE-ISIN:INE924H01018,INE924H01018,TARMAT,CERTIFIED
NSE-ISIN:INE294G01026,INE294G01026,ROML,CERTIFIED
NSE-ISIN:INE02A801020,INE02A801020,ROSSARI,CERTIFIED
NSE-ISIN:INE847C01020,INE847C01020,ROSSELLIND,CERTIFIED
NSE-ISIN:INE0OJW01016,INE0OJW01016,ROSSTECH,CERTIFIED
NSE-ISIN:INE535D01037,INE535D01037,ROTO,CERTIFIED
NSE-ISIN:INE450U01017,INE450U01017,ROUTE,CERTIFIED
NSE-ISIN:INE912T01018,INE912T01018,RPEL,CERTIFIED
NSE-ISIN:INE105J01010,INE105J01010,RPGLIFE,CERTIFIED
NSE-ISIN:INE614G01033,INE614G01033,RPOWER,CERTIFIED
NSE-ISIN:INE324L01013,INE324L01013,RPPINFRA,CERTIFIED
NSE-ISIN:INE760W01023,INE760W01023,RPPL,CERTIFIED
NSE-ISIN:INE425Y01011,INE425Y01011,RPSGVENT,CERTIFIED
NSE-ISIN:INE0J1F01024,INE0J1F01024,RPTECH,CERTIFIED
NSE-ISIN:INE0AK901016,INE0AK901016,RRECL,CERTIFIED
NSE-ISIN:INE951M01037,INE951M01037,RRIL,CERTIFIED
NSE-ISIN:INE777K01022,INE777K01022,RRKABEL,CERTIFIED
NSE-ISIN:INE1SY401010,INE1SY401010,RAYMONDREL,CERTIFIED
NSE-ISIN:INE616F01022,INE616F01022,RSDFIN,CERTIFIED
NSE-ISIN:INE313L01016,INE313L01016,RSL,CERTIFIED
NSE-ISIN:INE165B01011,INE165B01011,RSSOFTWARE,CERTIFIED
NSE-ISIN:INE165B01029,INE165B01029,RSSOFTWARE,CERTIFIED
NSE-ISIN:INE611A01016,INE611A01016,RSWM,CERTIFIED
NSE-ISIN:INE411H01024,INE411H01024,RSYSTEMS,CERTIFIED
NSE-ISIN:INE411H01032,INE411H01032,RSYSTEMS,CERTIFIED
NSE-ISIN:INE834M01019,INE834M01019,RTNINDIA,CERTIFIED
NSE-ISIN:INE834M01019,INE834M01019,RTNINDIA,CERTIFIED
NSE-ISIN:INE399K01017,INE399K01017,RTNPOWER,CERTIFIED
NSE-ISIN:INE005C01017,INE005C01017,RTSPOWR,CERTIFIED
NSE-ISIN:INE642C01025,INE642C01025,RUBFILA,CERTIFIED
NSE-ISIN:INE506V01022,INE506V01022,RUBICON,CERTIFIED
NSE-ISIN:INE301D01018,INE301D01018,RUBYMILLS,CERTIFIED
NSE-ISIN:INE301D01026,INE301D01026,RUBYMILLS,CERTIFIED
NSE-ISIN:INE619A01035,INE619A01035,RUCHI,CERTIFIED
NSE-ISIN:INE413B01023,INE413B01023,RUCHINFRA,CERTIFIED
NSE-ISIN:INE803H01014,INE803H01014,RUCHIRA,CERTIFIED
NSE-ISIN:INE619A01027,INE619A01027,RUCHISOYA,CERTIFIED
NSE-ISIN:INE027T01023,INE027T01023,RUDRA,CERTIFIED
NSE-ISIN:INE895B01021,INE895B01021,RUPA,CERTIFIED
NSE-ISIN:INE573K01017,INE573K01017,RUSHIL,CERTIFIED
NSE-ISIN:INE573K01025,INE573K01025,RUSHIL,CERTIFIED
NSE-ISIN:INE263M01029,INE263M01029,RUSTOMJEE,CERTIFIED
NSE-ISIN:INE09E501017,INE09E501017,RVHL,CERTIFIED
NSE-ISIN:INE415G01027,INE415G01027,RVNL,CERTIFIED
NSE-ISIN:INE0DAB01012,INE0DAB01012,RVTH,CERTIFIED
NSE-ISIN:INE902B01017,INE902B01017,S&SPOWER,CERTIFIED
NSE-ISIN:INE13B501022,INE13B501022,SAATVIKGL,CERTIFIED
NSE-ISIN:INE137M01017,INE137M01017,SAB,CERTIFIED
NSE-ISIN:INE243A01018,INE243A01018,SABERORGAN,CERTIFIED
NSE-ISIN:INE860T01019,INE860T01019,SABEVENTS,CERTIFIED
NSE-ISIN:INE416A01036,INE416A01036,SABTN,CERTIFIED
NSE-ISIN:INE416A01051,INE416A01051,AQYLON,CERTIFIED
NSE-ISIN:INE226H01026,INE226H01026,SADBHAV,CERTIFIED
NSE-ISIN:INE764L01010,INE764L01010,SADBHIN,CERTIFIED
NSE-ISIN:INE888C01040,INE888C01040,SADHNANIQ,CERTIFIED
NSE-ISIN:INE429E01023,INE429E01023,SAFARI,CERTIFIED
NSE-ISIN:INE976T01013,INE976T01013,SAGARDEEP,CERTIFIED
NSE-ISIN:INE229C01013,INE229C01013,SAGCEM,CERTIFIED
NSE-ISIN:INE229C01021,INE229C01021,SAGCEM,CERTIFIED
NSE-ISIN:INE0W2G01015,INE0W2G01015,SAGILITY,CERTIFIED
NSE-ISIN:INE035801013,INE035801013,AERONEU,CERTIFIED
NSE-ISIN:INE861D01011,INE861D01011,SAHLIBHFI,CERTIFIED
NSE-ISIN:INE586G01017,INE586G01017,GULFPETRO,CERTIFIED
NSE-ISIN:INE280H01015,INE280H01015,SAHYADRI,CERTIFIED
NSE-ISIN:INE531X01018,INE531X01018,SAICAPI,CERTIFIED
NSE-ISIN:INE114A01011,INE114A01011,SAIL,CERTIFIED
NSE-ISIN:INE570L01029,INE570L01029,SAILIFE,CERTIFIED
NSE-ISIN:INE0H9F01037,INE0H9F01037,SAIPARENT,CERTIFIED
NSE-ISIN:INE732S01012,INE732S01012,SAKAR,CERTIFIED
NSE-ISIN:INE623A01011,INE623A01011,SAKHTISUG,CERTIFIED
NSE-ISIN:INE667G01015,INE667G01015,SAKSOFT,CERTIFIED
NSE-ISIN:INE667G01023,INE667G01023,SAKSOFT,CERTIFIED
NSE-ISIN:INE190H01016,INE190H01016,SAKUMA,CERTIFIED
NSE-ISIN:INE190H01024,INE190H01024,SAKUMA,CERTIFIED
NSE-ISIN:INE170V01019,INE170V01019,SALASAR,CERTIFIED
NSE-ISIN:INE170V01027,INE170V01027,SALASAR,CERTIFIED
NSE-ISIN:INE498E01010,INE498E01010,SALONA,CERTIFIED
NSE-ISIN:INE498E01010,INE498E01010,SALONACOT,CERTIFIED
NSE-ISIN:INE924A01013,INE924A01013,SALORAINTL,CERTIFIED
NSE-ISIN:INE658G01014,INE658G01014,SALSTEEL,CERTIFIED
NSE-ISIN:INE457F01013,INE457F01013,SALZERELEC,CERTIFIED
NSE-ISIN:INE304D01012,INE304D01012,SAMBANDAM,CERTIFIED
NSE-ISIN:INE699B01027,INE699B01027,SAMBHAAV,CERTIFIED
NSE-ISIN:INE12NJ01018,INE12NJ01018,SAMBHV,CERTIFIED
NSE-ISIN:INE08U801020,INE08U801020,SAMHI,CERTIFIED
NSE-ISIN:INE148I01020,INE148I01020,SAMMAANCAP,CERTIFIED
NSE-ISIN:INE735M01018,INE735M01018,SAMPANN,CERTIFIED
NSE-ISIN:INE381A01016,INE381A01016,SAMTEL,CERTIFIED
NSE-ISIN:INE0JPD01013,INE0JPD01013,SANATHAN,CERTIFIED
NSE-ISIN:INE782L01012,INE782L01012,SANCO,CERTIFIED
NSE-ISIN:INE583B01015,INE583B01015,SANDESH,CERTIFIED
NSE-ISIN:INE278H01035,INE278H01035,SANDHAR,CERTIFIED
NSE-ISIN:INE149K01016,INE149K01016,SANDUMA,CERTIFIED
NSE-ISIN:INE495C01010,INE495C01010,SANGAMIND,CERTIFIED
NSE-ISIN:INE999B01013,INE999B01013,SANGHIIND,CERTIFIED
NSE-ISIN:INE146A01013,INE146A01013,SANGHIPOLY,CERTIFIED
NSE-ISIN:INE263L01013,INE263L01013,SANGHVIFOR,CERTIFIED
NSE-ISIN:INE989A01024,INE989A01024,SANGHVIMOV,CERTIFIED
NSE-ISIN:INE989A01032,INE989A01032,SANGHVIMOV,CERTIFIED
NSE-ISIN:INE753W01010,INE753W01010,SANGINITA,CERTIFIED
NSE-ISIN:INE058A01010,INE058A01010,SANOFI,CERTIFIED
NSE-ISIN:INE0UOS01011,INE0UOS01011,SANOFICONR,CERTIFIED
NSE-ISIN:INE953O01021,INE953O01021,SANSERA,CERTIFIED
NSE-ISIN:INE08NE01025,INE08NE01025,SANSTAR,CERTIFIED
NSE-ISIN:INE890C01046,INE890C01046,SANWARIA,CERTIFIED
NSE-ISIN:INE806T01020,INE806T01020,SAPPHIRE,CERTIFIED
NSE-ISIN:INE185C01017,INE185C01017,SAPPL,CERTIFIED
NSE-ISIN:INE385C01013,INE385C01013,SARDAEN,CERTIFIED
NSE-ISIN:INE385C01021,INE385C01021,SARDAEN,CERTIFIED
NSE-ISIN:INE979A01017,INE979A01017,SAREGAMA,CERTIFIED
NSE-ISIN:INE979A01025,INE979A01025,SAREGAMA,CERTIFIED
NSE-ISIN:INE453D01017,INE453D01017,SARLAPOLY,CERTIFIED
NSE-ISIN:INE453D01025,INE453D01025,SARLAPOLY,CERTIFIED
NSE-ISIN:INE074H01012,INE074H01012,SARTHAKIND,CERTIFIED
NSE-ISIN:INE324X01026,INE324X01026,SARVESHWAR,CERTIFIED
NSE-ISIN:INE231F01020,INE231F01020,SASKEN,CERTIFIED
NSE-ISIN:INE019J01013,INE019J01013,HEALTHX,CERTIFIED
NSE-ISIN:INE176C01016,INE176C01016,SATHAISPAT,CERTIFIED
NSE-ISIN:INE176C01016,INE176C01016,SATHAISPAT,CERTIFIED
NSE-ISIN:INE170E01023,INE170E01023,SATIA,CERTIFIED
NSE-ISIN:INE836B01017,INE836B01017,SATIN,CERTIFIED
NSE-ISIN:INE065D01027,INE065D01027,AEROENTER,CERTIFIED
NSE-ISIN:INE080B01012,INE080B01012,KOHINOOR,CERTIFIED
NSE-ISIN:INE275A01028,INE275A01028,SATYAMCOMP,CERTIFIED
NSE-ISIN:INE626A01014,INE626A01014,SAURASHCEM,CERTIFIED
NSE-ISIN:INE104E01014,INE104E01014,SAVERA,CERTIFIED
NSE-ISIN:INE318C01014,INE318C01014,SAYAJIHOTL,CERTIFIED
NSE-ISIN:INE327G01032,INE327G01032,SAYAJIIND,CERTIFIED
NSE-ISIN:INE465B01015,INE465B01015,SB&TINTL,CERTIFIED
NSE-ISIN:INE648A01026,INE648A01026,SBBJ,CERTIFIED
NSE-ISIN:INE04AK01028,INE04AK01028,SBC,CERTIFIED
NSE-ISIN:INE386D01027,INE386D01027,SBCL,CERTIFIED
NSE-ISIN:INE423Y01016,INE423Y01016,SBFC,CERTIFIED
NSE-ISIN:INE05ST01028,INE05ST01028,SBGLP,CERTIFIED
NSE-ISIN:INE018E01016,INE018E01016,SBICARD,CERTIFIED
NSE-ISIN:INE640G01020,INE640G01020,SBIFUNDS,CERTIFIED
NSE-ISIN:INE123W01016,INE123W01016,SBILIFE,CERTIFIED
NSE-ISIN:INE062A01012,INE062A01012,SBIN,CERTIFIED
NSE-ISIN:INE062A01020,INE062A01020,SBIN,CERTIFIED
NSE-ISIN:INE654A01024,INE654A01024,SBT,CERTIFIED
NSE-ISIN:INE692G01013,INE692G01013,CAMBRIDGE,CERTIFIED
NSE-ISIN:INE099G01011,INE099G01011,SCANSTL,CERTIFIED
NSE-ISIN:INE224E01036,INE224E01036,GATECHDVR,CERTIFIED
NSE-ISIN:INE513A01014,INE513A01014,SCHAEFFLER,CERTIFIED
NSE-ISIN:INE513A01022,INE513A01022,SCHAEFFLER,CERTIFIED
NSE-ISIN:INE807K01035,INE807K01035,SCHAND,CERTIFIED
NSE-ISIN:INE839M01018,INE839M01018,SCHNEIDER,CERTIFIED
NSE-ISIN:INE109A01011,INE109A01011,SCI,CERTIFIED
NSE-ISIN:INE0PB301013,INE0PB301013,SCILAL,CERTIFIED
NSE-ISIN:INE090501011,INE090501011,SCODATUBES,CERTIFIED
NSE-ISIN:INE501Y01019,INE501Y01019,SCPL,CERTIFIED
NSE-ISIN:INE480C01012,INE480C01012,SDBL,CERTIFIED
NSE-ISIN:INE480C01020,INE480C01020,SDBL,CERTIFIED
NSE-ISIN:INE480C01038,INE480C01038,SDBL,CERTIFIED
NSE-ISIN:INE497B01018,INE497B01018,SEAMECLTD,CERTIFIED
NSE-ISIN:INE0BTM01013,INE0BTM01013,SECMARK,CERTIFIED
NSE-ISIN:INE650K01021,INE650K01021,SECURKLOUD,CERTIFIED
NSE-ISIN:INE00XB01019,INE00XB01019,SEDEMAC,CERTIFIED
NSE-ISIN:INE440T01028,INE440T01028,SEIL,CERTIFIED
NSE-ISIN:INE420C01042,INE420C01042,SEINV,CERTIFIED
NSE-ISIN:INE955I01028,INE955I01028,SEZALGLASS,CERTIFIED
NSE-ISIN:INE955I01044,INE955I01044,SEJALLTD,CERTIFIED
NSE-ISIN:INE068B01017,INE068B01017,SEKURITIND,CERTIFIED
NSE-ISIN:INE818A01017,INE818A01017,ANTELOPUS,CERTIFIED
NSE-ISIN:INE105I01012,INE105I01012,SELMCL,CERTIFIED
NSE-ISIN:INE617A01013,INE617A01013,SEMAC,CERTIFIED
NSE-ISIN:INE602W01027,INE602W01027,SENCO,CERTIFIED
NSE-ISIN:INE0RB801010,INE0RB801010,SENORES,CERTIFIED
NSE-ISIN:INE577L01016,INE577L01016,STEL,CERTIFIED
NSE-ISIN:INE964H01014,INE964H01014,SEPC,CERTIFIED
NSE-ISIN:INE735M01018,INE735M01018,SAMPANN,CERTIFIED
NSE-ISIN:INE807F01027,INE807F01027,VIYASH,CERTIFIED
NSE-ISIN:INE431L01016,INE431L01016,SERVALL,CERTIFIED
NSE-ISIN:INE782X01033,INE782X01033,SERVOTECH,CERTIFIED
NSE-ISIN:INE205A01025,INE205A01025,VEDL,CERTIFIED
NSE-ISIN:INE630A01016,INE630A01016,SESHAPAPER,CERTIFIED
NSE-ISIN:INE630A01024,INE630A01024,SESHAPAPER,CERTIFIED
NSE-ISIN:INE878E01021,INE878E01021,SETCO,CERTIFIED
NSE-ISIN:INE0M4D01010,INE0M4D01010,SETL,CERTIFIED
NSE-ISIN:INE023M01027,INE023M01027,SETUINFRA,CERTIFIED
NSE-ISIN:INE573R01012,INE573R01012,SEYAIND,CERTIFIED
NSE-ISIN:INE955I01036,INE955I01036,SEZAL,CERTIFIED
NSE-ISIN:INE955I01028,INE955I01028,SEZALGLASS,CERTIFIED
NSE-ISIN:INE202Z20011,INE202Z20011,SFHL-RE,CERTIFIED
NSE-ISIN:INE916U01025,INE916U01025,SFL,CERTIFIED
NSE-ISIN:INE618R01015,INE618R01015,SGFIN,CERTIFIED
NSE-ISIN:INE883G01018,INE883G01018,SGFL,CERTIFIED
NSE-ISIN:INE00QT01015,INE00QT01015,SGIL,CERTIFIED
NSE-ISIN:INE553K01019,INE553K01019,SGJHL,CERTIFIED
NSE-ISIN:INE353H01010,INE353H01010,SGL,CERTIFIED
NSE-ISIN:INE967B01028,INE967B01028,SGLRES,CERTIFIED
NSE-ISIN:INE0M4D01010,INE0M4D01010,SETL,CERTIFIED
NSE-ISIN:INE385F01024,INE385F01024,SGMART,CERTIFIED
NSE-ISIN:INE414Y01015,INE414Y01015,SGRL,CERTIFIED
NSE-ISIN:INE12UN01015,INE12UN01015,SHADOWFAX,CERTIFIED
NSE-ISIN:INE482J01021,INE482J01021,SHAH,CERTIFIED
NSE-ISIN:INE640C01011,INE640C01011,SHAHALLOYS,CERTIFIED
NSE-ISIN:INE151G01028,INE151G01028,SHAILY,CERTIFIED
NSE-ISIN:INE293B01029,INE293B01029,HAVISHA,CERTIFIED
NSE-ISIN:INE908D01010,INE908D01010,SHAKTIPUMP,CERTIFIED
NSE-ISIN:INE597J01018,INE597J01018,SHALBY,CERTIFIED
NSE-ISIN:INE849C01018,INE849C01018,SHALPAINTS,CERTIFIED
NSE-ISIN:INE849C01026,INE849C01026,SHALPAINTS,CERTIFIED
NSE-ISIN:INE274V01019,INE274V01019,SHANKARA,CERTIFIED
NSE-ISIN:INE1WFC01025,INE1WFC01025,SHANKESH,CERTIFIED
NSE-ISIN:INE933X01016,INE933X01016,SHANTI,CERTIFIED
NSE-ISIN:INE631A01022,INE631A01022,SHANTIGEAR,CERTIFIED
NSE-ISIN:INE06ZD01017,INE06ZD01017,SHANTIGOLD,CERTIFIED
NSE-ISIN:INE221J01015,INE221J01015,SHARDACROP,CERTIFIED
NSE-ISIN:INE597I01010,INE597I01010,SHARDAMOTR,CERTIFIED
NSE-ISIN:INE597I01028,INE597I01028,SHARDAMOTR,CERTIFIED
NSE-ISIN:INE037B01020,INE037B01020,SHARDUL,CERTIFIED
NSE-ISIN:INE932X01018,INE932X01018,SHAREINDIA,CERTIFIED
NSE-ISIN:INE932X01026,INE932X01026,SHAREINDIA,CERTIFIED
NSE-ISIN:INE028B01029,INE028B01029,SHARONBIO,CERTIFIED
NSE-ISIN:INE559D01011,INE559D01011,CREST,CERTIFIED
NSE-ISIN:INE559D01011,INE559D01011,SHARRESLTD,CERTIFIED
NSE-ISIN:INE317A01028,INE317A01028,SHASUNPHAR,CERTIFIED
NSE-ISIN:INE317A01028,INE317A01028,SHASUNPHAR,CERTIFIED
NSE-ISIN:INE402H01015,INE402H01015,SHBAJRG,CERTIFIED
NSE-ISIN:INE268L01046,INE268L01046,SHEKHAWATI,CERTIFIED
NSE-ISIN:INE363M01019,INE363M01019,SHEMAROO,CERTIFIED
NSE-ISIN:INE011D01013,INE011D01013,SHERVANI,CERTIFIED
NSE-ISIN:INE05AN01011,INE05AN01011,HINDWAREAP,CERTIFIED
NSE-ISIN:INE024F01011,INE024F01011,SHILCTECH,CERTIFIED
NSE-ISIN:INE960A01017,INE960A01017,SHILGRAVQ,CERTIFIED
NSE-ISIN:INE790G01023,INE790G01023,SHILPAMED,CERTIFIED
NSE-ISIN:INE790G01031,INE790G01031,SHILPAMED,CERTIFIED
NSE-ISIN:INE510K01019,INE510K01019,SHILPI,CERTIFIED
NSE-ISIN:INE220Z01013,INE220Z01013,SHINDL,CERTIFIED
NSE-ISIN:INE0FOO01011,INE0FOO01011,SHIPROCKET,CERTIFIED
NSE-ISIN:INE196B01016,INE196B01016,SHIRPUR-G,CERTIFIED
NSE-ISIN:INE756B01017,INE756B01017,SHIV-VANI,CERTIFIED
NSE-ISIN:INE960E01019,INE960E01019,SHIVAAGRO,CERTIFIED
NSE-ISIN:INE555C01029,INE555C01029,SHIVACEM,CERTIFIED
NSE-ISIN:INE788J01021,INE788J01021,SHIVALIK,CERTIFIED
NSE-ISIN:INE637H01016,INE637H01016,SHIVAMAUTO,CERTIFIED
NSE-ISIN:INE637H01024,INE637H01024,SHIVAMAUTO,CERTIFIED
NSE-ISIN:INE644Y01017,INE644Y01017,SHIVAMILLS,CERTIFIED
NSE-ISIN:INE705C01020,INE705C01020,SHIVATEX,CERTIFIED
NSE-ISIN:INE719F01016,INE719F01016,SHIVAUM,CERTIFIED
NSE-ISIN:INE705C01012,INE705C01012,SHIVTEX,CERTIFIED
NSE-ISIN:INE500L01026,INE500L01026,SHK,CERTIFIED
NSE-ISIN:INE851B01016,INE851B01016,SHLAKSHMI,CERTIFIED
NSE-ISIN:INE498B01024,INE498B01024,SHOPERSTOP,CERTIFIED
NSE-ISIN:INE311M01018,INE311M01018,SHRADDHA,CERTIFIED
NSE-ISIN:INE715Y01015,INE715Y01015,SHRADHA,CERTIFIED
NSE-ISIN:INE715Y01031,INE715Y01031,SHRADHA,CERTIFIED
NSE-ISIN:INE232A01011,INE232A01011,SHREDIGCEM,CERTIFIED
NSE-ISIN:INE538H01024,INE538H01024,SHREEASHTA,CERTIFIED
NSE-ISIN:INE070A01015,INE070A01015,SHREECEM,CERTIFIED
NSE-ISIN:INE1B6101010,INE1B6101010,SHREEJISPG,CERTIFIED
NSE-ISIN:INE712K01011,INE712K01011,SHREEPUSHK,CERTIFIED
NSE-ISIN:INE879A01019,INE879A01019,SHREERAMA,CERTIFIED
NSE-ISIN:INE632X01030,INE632X01030,SHRENIK,CERTIFIED
NSE-ISIN:INE633A01028,INE633A01028,SHRENUJ,CERTIFIED
NSE-ISIN:INE231C01019,INE231C01019,SHREYANIND,CERTIFIED
NSE-ISIN:INE757B01015,INE757B01015,TRANSWORLD,CERTIFIED
NSE-ISIN:INE757B01015,INE757B01015,SHREYAS,CERTIFIED
NSE-ISIN:INE997I01012,INE997I01012,SHRIKRISH,CERTIFIED
NSE-ISIN:INE886G01011,INE886G01011,FAME,CERTIFIED
NSE-ISIN:INE1B3L01017,INE1B3L01017,SHRINGARMS,CERTIFIED
NSE-ISIN:INE526E01018,INE526E01018,SHRIPISTON,CERTIFIED
NSE-ISIN:INE722A01011,INE722A01011,SHRIRAMCIT,CERTIFIED
NSE-ISIN:INE964H01014,INE964H01014,SHRIRAMEPC,CERTIFIED
NSE-ISIN:INE721A01047,INE721A01047,SHRIRAMFIN,CERTIFIED
NSE-ISIN:INE217L01019,INE217L01019,SHRIRAMPPS,CERTIFIED
NSE-ISIN:INE564J01026,INE564J01026,SHRJAGP,CERTIFIED
NSE-ISIN:INE634A01018,INE634A01018,HONDAPOWER,CERTIFIED
NSE-ISIN:INE551C01044,INE551C01044,SHUKRAPHAR,CERTIFIED
NSE-ISIN:INE979R01011,INE979R01011,SHYAMCENT,CERTIFIED
NSE-ISIN:INE810G01011,INE810G01011,SHYAMMETL,CERTIFIED
NSE-ISIN:INE635A01023,INE635A01023,SHYAMTEL,CERTIFIED
NSE-ISIN:INE176J01011,INE176J01011,SICAGEN,CERTIFIED
NSE-ISIN:INE075B01012,INE075B01012,SICAL,CERTIFIED
NSE-ISIN:INE075B01020,INE075B01020,SICALLOG,CERTIFIED
NSE-ISIN:INE843L01012,INE843L01012,SIEL,CERTIFIED
NSE-ISIN:INE003A01024,INE003A01024,SIEMENS,CERTIFIED
NSE-ISIN:INE0D0K01022,INE0D0K01022,SIGACHI,CERTIFIED
NSE-ISIN:INE529F01035,INE529F01035,SIGIND,CERTIFIED
NSE-ISIN:INE0A0S01028,INE0A0S01028,SIGMA,CERTIFIED
NSE-ISIN:INE933B01012,INE933B01012,SIGMAADV,CERTIFIED
NSE-ISIN:INE903U01023,INE903U01023,SIGNATURE,CERTIFIED
NSE-ISIN:INE529F01027,INE529F01027,SIGNET,CERTIFIED
NSE-ISIN:INE0KGZ01021,INE0KGZ01021,SIGNPOST,CERTIFIED
NSE-ISIN:INE438E01032,INE438E01032,SIKA,CERTIFIED
NSE-ISIN:INE112X01025,INE112X01025,SIKKO,CERTIFIED
NSE-ISIN:INE173A01025,INE173A01025,SIL,CERTIFIED
NSE-ISIN:INE01II01013,INE01II01013,SILGO,CERTIFIED
NSE-ISIN:INE923A01015,INE923A01015,SILINV,CERTIFIED
NSE-ISIN:INE203Y01012,INE203Y01012,CRESTO,CERTIFIED
NSE-ISIN:INE625X01026,INE625X01026,SILVERTUC,CERTIFIED
NSE-ISIN:INE748T01016,INE748T01016,SIMBHALS,CERTIFIED
NSE-ISIN:INE270C01017,INE270C01017,SIMBHSUGAR,CERTIFIED
NSE-ISIN:INE898F01018,INE898F01018,SIMPLEX,CERTIFIED
NSE-ISIN:INE059B01024,INE059B01024,SIMPLEXINF,CERTIFIED
NSE-ISIN:INE059B01024,INE059B01024,SIMPLEXINF,CERTIFIED
NSE-ISIN:INE167H01014,INE167H01014,SIMPLXREA,CERTIFIED
NSE-ISIN:INE985A01022,INE985A01022,SINCLAIR,CERTIFIED
NSE-ISIN:INE325D01025,INE325D01025,SINDHUTRAD,CERTIFIED
NSE-ISIN:INE638A01035,INE638A01035,SINGERIND,CERTIFIED
NSE-ISIN:INE129Z01016,INE129Z01016,SINTERCOM,CERTIFIED
NSE-ISIN:INE429C01035,INE429C01035,SINTEX,CERTIFIED
NSE-ISIN:INE792Z01011,INE792Z01011,SIRCA,CERTIFIED
NSE-ISIN:INE202C01010,INE202C01010,SIRPAPER,CERTIFIED
NSE-ISIN:INE285J01028,INE285J01028,SIS,CERTIFIED
NSE-ISIN:INE686I01011,INE686I01011,SITASHREE,CERTIFIED
NSE-ISIN:INE965H01011,INE965H01011,SITINET,CERTIFIED
NSE-ISIN:INE965H01011,INE965H01011,SITINET,CERTIFIED
NSE-ISIN:INE076B01010,INE076B01010,SIYSIL,CERTIFIED
NSE-ISIN:INE076B01028,INE076B01028,SIYSIL,CERTIFIED
NSE-ISIN:INE284S01014,INE284S01014,SJS,CERTIFIED
NSE-ISIN:INE002L01015,INE002L01015,SJVN,CERTIFIED
NSE-ISIN:INE640A01023,INE640A01023,SKFINDIA,CERTIFIED
NSE-ISIN:INE640A01023,INE640A01023,SKFINDIA,CERTIFIED
NSE-ISIN:INE2J8701016,INE2J8701016,SKFINDUS,CERTIFIED
NSE-ISIN:INE429F01012,INE429F01012,SKIL,CERTIFIED
NSE-ISIN:INE439E01022,INE439E01022,SKIPPER,CERTIFIED
NSE-ISIN:INE411D01015,INE411D01015,SKMEGGPROD,CERTIFIED
NSE-ISIN:INE411D01023,INE411D01023,SKMEGGPROD,CERTIFIED
NSE-ISIN:INE180K01011,INE180K01011,BHARATFIN,CERTIFIED
NSE-ISIN:INE772A01016,INE772A01016,SKUMARSYNF,CERTIFIED
NSE-ISIN:INE01IU01018,INE01IU01018,SKYGOLD,CERTIFIED
NSE-ISIN:INE0PX301025,INE0PX301025,SKYWAYS,CERTIFIED
NSE-ISIN:INE178C01020,INE178C01020,SMARTLINK,CERTIFIED
NSE-ISIN:INE0NAZ01010,INE0NAZ01010,SMARTWORKS,CERTIFIED
NSE-ISIN:INE103C01036,INE103C01036,SMCGLOBAL,CERTIFIED
NSE-ISIN:INE264A01014,INE264A01014,GSKCONS,CERTIFIED
NSE-ISIN:INE294B01019,INE294B01019,SMLMAH,CERTIFIED
NSE-ISIN:INE294B01019,INE294B01019,SMLMAH,CERTIFIED
NSE-ISIN:INE017W01010,INE017W01010,SMLT,CERTIFIED
NSE-ISIN:INE927C01020,INE927C01020,SPICEMOBI,CERTIFIED
NSE-ISIN:INE215G01021,INE215G01021,SMPL,CERTIFIED
NSE-ISIN:INE320X01016,INE320X01016,HALEOSLABS,CERTIFIED
NSE-ISIN:INE812G01017,INE812G01017,SMSPHARMA,CERTIFIED
NSE-ISIN:INE812G01025,INE812G01025,SMSPHARMA,CERTIFIED
NSE-ISIN:INE734N01019,INE734N01019,SNOWMAN,CERTIFIED
NSE-ISIN:INE671H01015,INE671H01015,SOBHA,CERTIFIED
NSE-ISIN:INE033B01011,INE033B01011,QUINTEGRA,CERTIFIED
NSE-ISIN:INE117B01012,INE117B01012,CURATECH,CERTIFIED
NSE-ISIN:INE362A01016,INE362A01016,PVP,CERTIFIED
NSE-ISIN:INE728Z01015,INE728Z01015,SOFTTECH,CERTIFIED
NSE-ISIN:INE863A01013,INE863A01013,SOFTTECHGR,CERTIFIED
NSE-ISIN:INE624Z01016,INE624Z01016,SOLARA,CERTIFIED
NSE-ISIN:INE343H01011,INE343H01011,SOLARINDS,CERTIFIED
NSE-ISIN:INE343H01029,INE343H01029,SOLARINDS,CERTIFIED
NSE-ISIN:INE0TY101024,INE0TY101024,SOLARWORLD,CERTIFIED
NSE-ISIN:INE880Y01017,INE880Y01017,SOLEX,CERTIFIED
NSE-ISIN:INE355A01028,INE355A01028,SOMANYCERA,CERTIFIED
NSE-ISIN:INE314C01013,INE314C01013,SOMATEX,CERTIFIED
NSE-ISIN:INE323J01019,INE323J01019,SOMICONVEY,CERTIFIED
NSE-ISIN:INE073K01018,INE073K01018,SONACOMS,CERTIFIED
NSE-ISIN:INE321M01017,INE321M01017,SONAL,CERTIFIED
NSE-ISIN:INE00LM01029,INE00LM01029,SONAMLTD,CERTIFIED
NSE-ISIN:INE00LM01029,INE00LM01029,SONAMLTD,CERTIFIED
NSE-ISIN:INE643A01035,INE643A01035,JTEKTINDIA,CERTIFIED
NSE-ISIN:INE269A01021,INE269A01021,SONATSOFTW,CERTIFIED
NSE-ISIN:INE126M01010,INE126M01010,YAARII,CERTIFIED
NSE-ISIN:INE034H01016,INE034H01016,SORILINFRA,CERTIFIED
NSE-ISIN:INE035D01012,INE035D01012,SOTL,CERTIFIED
NSE-ISIN:INE035D01020,INE035D01020,SOTL,CERTIFIED
NSE-ISIN:INE943B01011,INE943B01011,SOUISPAT,CERTIFIED
NSE-ISIN:INE683A01023,INE683A01023,SOUTHBANK,CERTIFIED
NSE-ISIN:INE980Y01015,INE980Y01015,SOUTHWEST,CERTIFIED
NSE-ISIN:INE212I01016,INE212I01016,SPAL,CERTIFIED
NSE-ISIN:INE360B01026,INE360B01026,SPANCO,CERTIFIED
NSE-ISIN:INE572J01011,INE572J01011,SPANDANA,CERTIFIED
NSE-ISIN:INE232I01014,INE232I01014,SPARC,CERTIFIED
NSE-ISIN:INE970N01027,INE970N01027,SPCENET,CERTIFIED
NSE-ISIN:INE247M01014,INE247M01014,SPECIALITY,CERTIFIED
NSE-ISIN:INE01EO01010,INE01EO01010,SPECTRUM,CERTIFIED
NSE-ISIN:INE020801028,INE020801028,SPENCERS,CERTIFIED
NSE-ISIN:INE376C01020,INE376C01020,SPENTEX,CERTIFIED
NSE-ISIN:INE376C01020,INE376C01020,SPENTEX,CERTIFIED
NSE-ISIN:INE737B01033,INE737B01033,ADROITINFO,CERTIFIED
NSE-ISIN:INE147A01011,INE147A01011,SPIC,CERTIFIED
NSE-ISIN:INE285B01017,INE285B01017,SPICEJET,CERTIFIED
NSE-ISIN:INE927C01020,INE927C01020,DIGISPICE,CERTIFIED
NSE-ISIN:INE927C01020,INE927C01020,SMOBILITY,CERTIFIED
NSE-ISIN:INE978G01016,INE978G01016,SPLIL,CERTIFIED
NSE-ISIN:INE355A01028,INE355A01028,SOMANYCERA,CERTIFIED
NSE-ISIN:INE663A01033,INE663A01033,SPLPETRO,CERTIFIED
NSE-ISIN:INE937A01023,INE937A01023,SPMLINFRA,CERTIFIED
NSE-ISIN:INE885H01029,INE885H01029,SPORTKING,CERTIFIED
NSE-ISIN:INE501W01021,INE501W01021,SPTL,CERTIFIED
NSE-ISIN:INE268L01012,INE268L01012,SPYL,CERTIFIED
NSE-ISIN:INE268L01020,INE268L01020,SPYL,CERTIFIED
NSE-ISIN:INE268L01046,INE268L01046,SHEKHAWATI,CERTIFIED
NSE-ISIN:INE201K01015,INE201K01015,EXPLEOSOL,CERTIFIED
NSE-ISIN:INE01NE01012,INE01NE01012,SRD,CERTIFIED
NSE-ISIN:INE099F01013,INE099F01013,SREEL,CERTIFIED
NSE-ISIN:INE872A01014,INE872A01014,SREINFRA,CERTIFIED
NSE-ISIN:INE872A01014,INE872A01014,SREINFRA,CERTIFIED
NSE-ISIN:INE647A01010,INE647A01010,SRF,CERTIFIED
NSE-ISIN:INE559N01010,INE559N01010,SRGHFL,CERTIFIED
NSE-ISIN:INE376A01032,INE376A01032,SRGINFOTEC,CERTIFIED
NSE-ISIN:INE724B01023,INE724B01023,SRHHLINDST,CERTIFIED
NSE-ISIN:INE917H01012,INE917H01012,SRHHYPOLTD,CERTIFIED
NSE-ISIN:INE421C01016,INE421C01016,TVSSRICHAK,CERTIFIED
NSE-ISIN:INE004H01019,INE004H01019,SRICHAMUND,CERTIFIED
NSE-ISIN:INE009C01019,INE009C01019,SRIKPRIND,CERTIFIED
NSE-ISIN:INE943C01027,INE943C01027,SRIPIPES,CERTIFIED
NSE-ISIN:INE0R6Z01013,INE0R6Z01013,SRM,CERTIFIED
NSE-ISIN:INE008Z01012,INE008Z01012,SRPL,CERTIFIED
NSE-ISIN:INE219H01039,INE219H01039,SRSLTD,CERTIFIED
NSE-ISIN:INE19GK01015,INE19GK01015,SRTL,CERTIFIED
NSE-ISIN:INE721A01013,INE721A01013,SRTRANSFIN,CERTIFIED
NSE-ISIN:INE721A01047,INE721A01047,SHRIRAMFIN,CERTIFIED
NSE-ISIN:INE0PQ101010,INE0PQ101010,SSDL,CERTIFIED
NSE-ISIN:INE205A01025,INE205A01025,VEDL,CERTIFIED
NSE-ISIN:INE802C01017,INE802C01017,SSWL,CERTIFIED
NSE-ISIN:INE802C01033,INE802C01033,SSWL,CERTIFIED
NSE-ISIN:INE0RYC01010,INE0RYC01010,STALLION,CERTIFIED
NSE-ISIN:INE224E01028,INE224E01028,GATECH,CERTIFIED
NSE-ISIN:INE01A001028,INE01A001028,STANLEY,CERTIFIED
NSE-ISIN:INE939A01011,INE939A01011,STAR,CERTIFIED
NSE-ISIN:INE460H01021,INE460H01021,STARCEMENT,CERTIFIED
NSE-ISIN:INE575P01011,INE575P01011,STARHEALTH,CERTIFIED
NSE-ISIN:INE733A01018,INE733A01018,STARPAPER,CERTIFIED
NSE-ISIN:INE992I01013,INE992I01013,STARTECK,CERTIFIED
NSE-ISIN:INE655A01013,INE655A01013,STCINDIA,CERTIFIED
NSE-ISIN:INE124E01038,INE124E01038,STEELCAS,CERTIFIED
NSE-ISIN:INE395H01011,INE395H01011,STEELCITY,CERTIFIED
NSE-ISIN:INE503B01013,INE503B01013,STEELXIND,CERTIFIED
NSE-ISIN:INE503B01021,INE503B01021,STEELXIND,CERTIFIED
NSE-ISIN:INE577L01016,INE577L01016,STEL,CERTIFIED
NSE-ISIN:INE268A01049,INE268A01049,STER,CERTIFIED
NSE-ISIN:INE324C01038,INE324C01038,STERLINBIO,CERTIFIED
NSE-ISIN:INE324C01038,INE324C01038,STERLINBIO,CERTIFIED
NSE-ISIN:INE334A01015,INE334A01015,STERTOOLS,CERTIFIED
NSE-ISIN:INE334A01023,INE334A01023,STERTOOLS,CERTIFIED
NSE-ISIN:INE090C01019,INE090C01019,STINDIA,CERTIFIED
NSE-ISIN:INE1VXE01018,INE1VXE01018,STLNETWORK,CERTIFIED
NSE-ISIN:INE205F01016,INE205F01016,STLSTRINF,CERTIFIED
NSE-ISIN:INE089C01029,INE089C01029,STLTECH,CERTIFIED
NSE-ISIN:INE034H01016,INE034H01016,SORILINFRA,CERTIFIED
NSE-ISIN:INE00IN01015,INE00IN01015,STOVEKRAFT,CERTIFIED
NSE-ISIN:INE089C01029,INE089C01029,STRTECH,CERTIFIED
NSE-ISIN:INE089C01029,INE089C01029,STLTECH,CERTIFIED
NSE-ISIN:INE00Q601028,INE00Q601028,STUDDS,CERTIFIED
NSE-ISIN:INE189B01011,INE189B01011,INEOSSTYRO,CERTIFIED
NSE-ISIN:INE04VU01023,INE04VU01023,STYL,CERTIFIED
NSE-ISIN:INE239C01020,INE239C01020,STYLAMIND,CERTIFIED
NSE-ISIN:INE01FR01028,INE01FR01028,STYLEBAAZA,CERTIFIED
NSE-ISIN:INE189B01011,INE189B01011,STYRENIX,CERTIFIED
NSE-ISIN:INE845C01016,INE845C01016,SUBCAPCITY,CERTIFIED
NSE-ISIN:INE754A01014,INE754A01014,SUBEX,CERTIFIED
NSE-ISIN:INE754A01055,INE754A01055,SUBEXLTD,CERTIFIED
NSE-ISIN:INE937A01023,INE937A01023,SPMLINFRA,CERTIFIED
NSE-ISIN:INE287B01021,INE287B01021,SUBROS,CERTIFIED
NSE-ISIN:INE384L01017,INE384L01017,SUDAR,CERTIFIED
NSE-ISIN:INE492A01029,INE492A01029,SUDARCOLOR,CERTIFIED
NSE-ISIN:INE659A01015,INE659A01015,SUDARSCHEM,CERTIFIED
NSE-ISIN:INE659A01023,INE659A01023,SUDARSCHEM,CERTIFIED
NSE-ISIN:INE0QPI01025,INE0QPI01025,SUDEEPPHRM,CERTIFIED
NSE-ISIN:INE333I01028,INE333I01028,SUJANATOW,CERTIFIED
NSE-ISIN:INE333I01036,INE333I01036,NTL,CERTIFIED
NSE-ISIN:INE216G01011,INE216G01011,SUJANAUNI,CERTIFIED
NSE-ISIN:INE450E01029,INE450E01029,SUKHJITS,CERTIFIED
NSE-ISIN:INE142Q01026,INE142Q01026,SULA,CERTIFIED
NSE-ISIN:INE886B01012,INE886B01012,SUMEDHA,CERTIFIED
NSE-ISIN:INE235C01010,INE235C01010,SUMEETINDS,CERTIFIED
NSE-ISIN:INE235C01036,INE235C01036,SUMEETINDS,CERTIFIED
NSE-ISIN:INE258G01013,INE258G01013,SUMICHEM,CERTIFIED
NSE-ISIN:INE748Z01013,INE748Z01013,SUMIT,CERTIFIED
NSE-ISIN:INE519C01017,INE519C01017,SUMMITSEC,CERTIFIED
NSE-ISIN:INE0Q3R01026,INE0Q3R01026,SUNCLAY,CERTIFIED
NSE-ISIN:INE105A01035,INE105A01035,TVSHLTD,CERTIFIED
NSE-ISIN:INE105A01027,INE105A01027,SUNCLAYTON,CERTIFIED
NSE-ISIN:INE108E01023,INE108E01023,SUNDARAM,CERTIFIED
NSE-ISIN:INE660A01013,INE660A01013,SUNDARMFIN,CERTIFIED
NSE-ISIN:INE202Z01029,INE202Z01029,TSFINV,CERTIFIED
NSE-ISIN:INE073D01013,INE073D01013,SUNDRMBRAK,CERTIFIED
NSE-ISIN:INE387A01021,INE387A01021,SUNDRMFAST,CERTIFIED
NSE-ISIN:INE209A01019,INE209A01019,SUNDROP,CERTIFIED
NSE-ISIN:INE947A01014,INE947A01014,SUNFLAG,CERTIFIED
NSE-ISIN:INE947A01014,INE947A01014,SUNFLAG,CERTIFIED
NSE-ISIN:INE305H01010,INE305H01010,SUNILHITEC,CERTIFIED
NSE-ISIN:INE305H01028,INE305H01028,SUNILHITEC,CERTIFIED
NSE-ISIN:INE671C01016,INE671C01016,SUNLOC,CERTIFIED
NSE-ISIN:INE044A01036,INE044A01036,SUNPHARMA,CERTIFIED
NSE-ISIN:INE671K01027,INE671K01027,SUNRAKSHAK,CERTIFIED
NSE-ISIN:INE199E01014,INE199E01014,SUNSHIEL,CERTIFIED
NSE-ISIN:INE1B3O01011,INE1B3O01011,SUNSHINE,CERTIFIED
NSE-ISIN:INE805D01026,INE805D01026,SUNTECK,CERTIFIED
NSE-ISIN:INE805D01034,INE805D01034,SUNTECK,CERTIFIED
NSE-ISIN:INE424H01027,INE424H01027,SUNTV,CERTIFIED
NSE-ISIN:INE091C01017,INE091C01017,SUPER,CERTIFIED
NSE-ISIN:INE712B01010,INE712B01010,SUPERHOUSE,CERTIFIED
NSE-ISIN:INE662A01027,INE662A01027,SUPERSPIN,CERTIFIED
NSE-ISIN:INE663A01017,INE663A01017,SUPPETRO,CERTIFIED
NSE-ISIN:INE399C01030,INE399C01030,SUPRAJIT,CERTIFIED
NSE-ISIN:INE822E01011,INE822E01011,SUPREME,CERTIFIED
NSE-ISIN:INE319Z01013,INE319Z01013,SUPREMEENG,CERTIFIED
NSE-ISIN:INE319Z01021,INE319Z01021,SUPREMEENG,CERTIFIED
NSE-ISIN:INE195A01028,INE195A01028,SUPREMEIND,CERTIFIED
NSE-ISIN:INE550H01011,INE550H01011,SUPREMEINF,CERTIFIED
NSE-ISIN:INE651G01027,INE651G01027,SUPREMETEX,CERTIFIED
NSE-ISIN:INE651G01027,INE651G01027,SUPREMETEX,CERTIFIED
NSE-ISIN:INE07RO01027,INE07RO01027,SUPRIYA,CERTIFIED
NSE-ISIN:INE460D01038,INE460D01038,SUPTANERY,CERTIFIED
NSE-ISIN:INE664A01015,INE664A01015,SURAJDIAMN,CERTIFIED
NSE-ISIN:INE843S01025,INE843S01025,SURAJEST,CERTIFIED
NSE-ISIN:INE713C01016,INE713C01016,SURAJLTD,CERTIFIED
NSE-ISIN:INE877V01027,INE877V01027,SURAKSHA,CERTIFIED
NSE-ISIN:INE357D01010,INE357D01010,SURANACORP,CERTIFIED
NSE-ISIN:INE659D01019,INE659D01019,SURANAIND,CERTIFIED
NSE-ISIN:INE272L01022,INE272L01022,SURANASOL,CERTIFIED
NSE-ISIN:INE130B01023,INE130B01023,SURANAT&P,CERTIFIED
NSE-ISIN:INE130B01031,INE130B01031,SURANAT&P,CERTIFIED
NSE-ISIN:INE272L01014,INE272L01014,SURANAVEL,CERTIFIED
NSE-ISIN:INE272L01022,INE272L01022,SURANASOL,CERTIFIED
NSE-ISIN:INE082W01014,INE082W01014,WEWIN,CERTIFIED
NSE-ISIN:INE411C01017,INE411C01017,SURYAJYOTI,CERTIFIED
NSE-ISIN:INE132C01027,INE132C01027,SURYALA,CERTIFIED
NSE-ISIN:INE713B01026,INE713B01026,SURYALAXMI,CERTIFIED
NSE-ISIN:INE249G01020,INE249G01020,SURYAPHARM,CERTIFIED
NSE-ISIN:INE335A01012,INE335A01012,SURYAROSNI,CERTIFIED
NSE-ISIN:INE335A01020,INE335A01020,SURYAROSNI,CERTIFIED
NSE-ISIN:INE428Q01011,INE428Q01011,SURYODAY,CERTIFIED
NSE-ISIN:INE923A01015,INE923A01015,SILINV,CERTIFIED
NSE-ISIN:INE645H01019,INE645H01019,SUTLEJTEX,CERTIFIED
NSE-ISIN:INE645H01027,INE645H01027,SUTLEJTEX,CERTIFIED
NSE-ISIN:INE591Q01016,INE591Q01016,SUULD,CERTIFIED
NSE-ISIN:INE495B01038,INE495B01038,SUVEN,CERTIFIED
NSE-ISIN:INE03QK01018,INE03QK01018,COHANCE,CERTIFIED
NSE-ISIN:INE018401013,INE018401013,SUVIDHAA,CERTIFIED
NSE-ISIN:INE442P01014,INE442P01014,SUYOG,CERTIFIED
NSE-ISIN:INE040H01021,INE040H01021,SUZLON,CERTIFIED
NSE-ISIN:INE159L01013,INE159L01013,SVGLOBAL,CERTIFIED
NSE-ISIN:INE00CE01017,INE00CE01017,SVLL,CERTIFIED
NSE-ISIN:INE308E01029,INE308E01029,SVPGLOB,CERTIFIED
NSE-ISIN:INE665A01038,INE665A01038,SWANCORP,CERTIFIED
NSE-ISIN:INE542F01020,INE542F01020,SWANDEF,CERTIFIED
NSE-ISIN:INE665A01038,INE665A01038,SWANCORP,CERTIFIED
NSE-ISIN:INE0GMR01016,INE0GMR01016,SWARAJ,CERTIFIED
NSE-ISIN:INE277A01016,INE277A01016,SWARAJENG,CERTIFIED
NSE-ISIN:INE294B01019,INE294B01019,SMLISUZU,CERTIFIED
NSE-ISIN:INE967A01012,INE967A01012,SWARNSAR,CERTIFIED
NSE-ISIN:INE409B01013,INE409B01013,SWELECTES,CERTIFIED
NSE-ISIN:INE00H001014,INE00H001014,SWIGGY,CERTIFIED
NSE-ISIN:INE010C01025,INE010C01025,SWISSMLTRY,CERTIFIED
NSE-ISIN:INE00M201021,INE00M201021,SWSOLAR,CERTIFIED
NSE-ISIN:INE899I01028,INE899I01028,SYMBIOTEC,CERTIFIED
NSE-ISIN:INE225D01019,INE225D01019,SYMPHONY,CERTIFIED
NSE-ISIN:INE225D01027,INE225D01027,SYMPHONY,CERTIFIED
NSE-ISIN:INE602K01014,INE602K01014,SYNCOM,CERTIFIED
NSE-ISIN:INE312C01025,INE312C01025,SYNCOMF,CERTIFIED
NSE-ISIN:INE667A01018,INE667A01018,SYNDIBANK,CERTIFIED
NSE-ISIN:INE398R01022,INE398R01022,SYNGENE,CERTIFIED
NSE-ISIN:INE0DYJ01015,INE0DYJ01015,SYRMA,CERTIFIED
NSE-ISIN:INE356B01024,INE356B01024,SYSTMTXC,CERTIFIED
NSE-ISIN:INE524T01011,INE524T01011,TAALTECH,CERTIFIED
NSE-ISIN:INE123C01018,INE123C01018,TAINWALCHM,CERTIFIED
NSE-ISIN:INE586B01026,INE586B01026,TAJGVK,CERTIFIED
NSE-ISIN:INE142I01023,INE142I01023,TAKE,CERTIFIED
NSE-ISIN:INE889I01011,INE889I01011,TAKSHEEL,CERTIFIED
NSE-ISIN:INE187D01011,INE187D01011,TALBROAUTO,CERTIFIED
NSE-ISIN:INE187D01029,INE187D01029,TALBROAUTO,CERTIFIED
NSE-ISIN:INE502K01016,INE502K01016,TALWALKARS,CERTIFIED
NSE-ISIN:INE864J01012,INE864J01012,TAMBOLIIN,CERTIFIED
NSE-ISIN:INE692C01020,INE692C01020,TANAA,CERTIFIED
NSE-ISIN:INE639B01015,INE639B01015,TANFACIND,CERTIFIED
NSE-ISIN:INE483C01032,INE483C01032,TANLA,CERTIFIED
NSE-ISIN:INE388G01018,INE388G01018,TANTIACONS,CERTIFIED
NSE-ISIN:INE555Z01020,INE555Z01020,TARACHAND,CERTIFIED
NSE-ISIN:INE799L01016,INE799L01016,TARAJEWELS,CERTIFIED
NSE-ISIN:INE747K01017,INE747K01017,TARAPUR,CERTIFIED
NSE-ISIN:INE0EK901012,INE0EK901012,TARC,CERTIFIED
NSE-ISIN:INE763I01026,INE763I01026,TARIL,CERTIFIED
NSE-ISIN:INE924H01018,INE924H01018,TARMAT,CERTIFIED
NSE-ISIN:INE144Z01023,INE144Z01023,TARSONS,CERTIFIED
NSE-ISIN:INE750C01026,INE750C01026,MARKSANS,CERTIFIED
NSE-ISIN:INE488B01017,INE488B01017,TASTYBITE,CERTIFIED
NSE-ISIN:INE976I01016,INE976I01016,TATACAP,CERTIFIED
NSE-ISIN:INE092A01019,INE092A01019,TATACHEM,CERTIFIED
NSE-ISIN:INE344201012,INE344201012,TATACHEM,CERTIFIED
NSE-ISIN:INE493A01019,INE493A01019,TATACOFFEE,CERTIFIED
NSE-ISIN:INE493A01027,INE493A01027,TATACOFFEE,CERTIFIED
NSE-ISIN:INE151A01013,INE151A01013,TATACOMM,CERTIFIED
NSE-ISIN:INE192A01025,INE192A01025,TATACONSUM,CERTIFIED
NSE-ISIN:INE670A01012,INE670A01012,TATAELXSI,CERTIFIED
NSE-ISIN:INE192A01025,INE192A01025,TATACONSUM,CERTIFIED
NSE-ISIN:INE671A01010,INE671A01010,HONAUT,CERTIFIED
NSE-ISIN:INE672A01018,INE672A01018,TATAINVEST,CERTIFIED
NSE-ISIN:INE672A01026,INE672A01026,TATAINVEST,CERTIFIED
NSE-ISIN:INE056C01010,INE056C01010,TATAMETALI,CERTIFIED
NSE-ISIN:INE155A01022,INE155A01022,TMPV,CERTIFIED
NSE-ISIN:IN9155A01020,IN9155A01020,TATAMTRDVR,CERTIFIED
NSE-ISIN:INE245A01021,INE245A01021,TATAPOWER,CERTIFIED
NSE-ISIN:INE674A01014,INE674A01014,TATASTLLP,CERTIFIED
NSE-ISIN:INE081A01012,INE081A01012,TATASTEEL,CERTIFIED
NSE-ISIN:INE081A01020,INE081A01020,TATASTEEL,CERTIFIED
NSE-ISIN:INE824B01021,INE824B01021,TATASTLBSL,CERTIFIED
NSE-ISIN:INE674A01014,INE674A01014,TATASTLLP,CERTIFIED
NSE-ISIN:INE192A01025,INE192A01025,TATAGLOBAL,CERTIFIED
NSE-ISIN:INE142M01025,INE142M01025,TATATECH,CERTIFIED
NSE-ISIN:INE676A01019,INE676A01019,AGCNET,CERTIFIED
NSE-ISIN:INE517B01013,INE517B01013,TTML,CERTIFIED
NSE-ISIN:INE325A01013,INE325A01013,TIMKEN,CERTIFIED
NSE-ISIN:INE0GK401011,INE0GK401011,TATVA,CERTIFIED
NSE-ISIN:INE673O01025,INE673O01025,TBOTEK,CERTIFIED
NSE-ISIN:INE760L01018,INE760L01018,TBZ,CERTIFIED
NSE-ISIN:INE887D01024,INE887D01024,TCC,CERTIFIED
NSE-ISIN:INE688A01022,INE688A01022,TCI,CERTIFIED
NSE-ISIN:INE662L01016,INE662L01016,TCIDEVELOP,CERTIFIED
NSE-ISIN:INE586V01016,INE586V01016,TCIEXP,CERTIFIED
NSE-ISIN:INE911B01018,INE911B01018,TCIFINANCE,CERTIFIED
NSE-ISIN:INE388G01026,INE388G01026,TICL,CERTIFIED
NSE-ISIN:INE778U01029,INE778U01029,TCNSBRANDS,CERTIFIED
NSE-ISIN:INE822C01015,INE822C01015,TCPLPACK,CERTIFIED
NSE-ISIN:INE467B01029,INE467B01029,TCS,CERTIFIED
NSE-ISIN:INE419M01019,INE419M01019,TDPOWERSYS,CERTIFIED
NSE-ISIN:INE419M01035,INE419M01035,TDPOWERSYS,CERTIFIED
NSE-ISIN:INE289C01025,INE289C01025,TEAMGTY,CERTIFIED
NSE-ISIN:INE985S01024,INE985S01024,TEAMLEASE,CERTIFIED
NSE-ISIN:INE778A01021,INE778A01021,TECHIN,CERTIFIED
NSE-ISIN:INE669C01028,INE669C01028,TECHM,CERTIFIED
NSE-ISIN:INE669C01036,INE669C01036,TECHM,CERTIFIED
NSE-ISIN:INE286K01024,INE286K01024,TECHNO,CERTIFIED
NSE-ISIN:INE1D0W01018,INE1D0W01018,TECHNOCRAF,CERTIFIED
NSE-ISIN:INE285K01026,INE285K01026,TECHNOE,CERTIFIED
NSE-ISIN:INE509K01011,INE509K01011,TECHNOFAB,CERTIFIED
NSE-ISIN:INE314H01012,INE314H01012,TECHNVISN,CERTIFIED
NSE-ISIN:INE014B01011,INE014B01011,TECILCHEM,CERTIFIED
NSE-ISIN:INE904H01010,INE904H01010,TECPRO,CERTIFIED
NSE-ISIN:INE011K01018,INE011K01018,TEGA,CERTIFIED
NSE-ISIN:INE010J01012,INE010J01012,TEJASNET,CERTIFIED
NSE-ISIN:INE155A01022,INE155A01022,TATAMOTORS,CERTIFIED
NSE-ISIN:INE391I01018,INE391I01018,TELEDATAIT,CERTIFIED
NSE-ISIN:INE473I01014,INE473I01014,TELEMARINE,CERTIFIED
NSE-ISIN:INE869Y01010,INE869Y01010,TEMBO,CERTIFIED
NSE-ISIN:INE869Y01028,INE869Y01028,TEMBO,CERTIFIED
NSE-ISIN:INE1KZI01025,INE1KZI01025,TEMPSENS,CERTIFIED
NSE-ISIN:INE19RI01016,INE19RI01016,TENNIND,CERTIFIED
NSE-ISIN:INE390D01011,INE390D01011,TERAI,CERTIFIED
NSE-ISIN:INE482B01010,INE482B01010,TERASOFT,CERTIFIED
NSE-ISIN:INE435C01024,INE435C01024,TEXINFRA,CERTIFIED
NSE-ISIN:INE435C01024,INE435C01024,TEXINFRA,CERTIFIED
NSE-ISIN:INE141K01013,INE141K01013,TEXMOPIPES,CERTIFIED
NSE-ISIN:INE621L01012,INE621L01012,TEXRAIL,CERTIFIED
NSE-ISIN:INE305A01015,INE305A01015,TFCILTD,CERTIFIED
NSE-ISIN:INE305A01023,INE305A01023,TFCILTD,CERTIFIED
NSE-ISIN:INE804H01012,INE804H01012,TFL,CERTIFIED
NSE-ISIN:INE797H01018,INE797H01018,TGBHOTELS,CERTIFIED
NSE-ISIN:INE284B01028,INE284B01028,TGVSL,CERTIFIED
NSE-ISIN:INE077P01034,INE077P01034,THACKER,CERTIFIED
NSE-ISIN:INE403F01017,INE403F01017,THAKDEV,CERTIFIED
NSE-ISIN:INE085J01014,INE085J01014,THANGAMAYL,CERTIFIED
NSE-ISIN:INE924D01017,INE924D01017,THEINVEST,CERTIFIED
NSE-ISIN:INE121N01019,INE121N01019,THEJO,CERTIFIED
NSE-ISIN:INE0AQ201015,INE0AQ201015,THELEELA,CERTIFIED
NSE-ISIN:INE083B01016,INE083B01016,THEMISMED,CERTIFIED
NSE-ISIN:INE083B01024,INE083B01024,THEMISMED,CERTIFIED
NSE-ISIN:INE152A01029,INE152A01029,THERMAX,CERTIFIED
NSE-ISIN:INE201K01015,INE201K01015,SQSBFSI,CERTIFIED
NSE-ISIN:INE409A01015,INE409A01015,THIRUSUGAR,CERTIFIED
NSE-ISIN:INE332A01027,INE332A01027,THOMASCOOK,CERTIFIED
NSE-ISIN:INE480M01011,INE480M01011,THOMASCOTT,CERTIFIED
NSE-ISIN:INE594H01019,INE594H01019,THYROCARE,CERTIFIED
NSE-ISIN:INE133E01013,INE133E01013,TI,CERTIFIED
NSE-ISIN:INE388G01026,INE388G01026,TICL,CERTIFIED
NSE-ISIN:INE484C01014,INE484C01014,TIDEWATER,CERTIFIED
NSE-ISIN:INE484C01022,INE484C01022,TIDEWATER,CERTIFIED
NSE-ISIN:INE484C01030,INE484C01030,VEEDOL,CERTIFIED
NSE-ISIN:INE149A01033,INE149A01033,CHOLAHLDNG,CERTIFIED
NSE-ISIN:INE906O01029,INE906O01029,TIGERLOGS,CERTIFIED
NSE-ISIN:INE545H01011,INE545H01011,TIIL,CERTIFIED
NSE-ISIN:INE974X01010,INE974X01010,TIINDIA,CERTIFIED
NSE-ISIN:INE440L01017,INE440L01017,TIJARIA,CERTIFIED
NSE-ISIN:INE806C01018,INE806C01018,TIL,CERTIFIED
NSE-ISIN:INE289C01025,INE289C01025,TEAMGTY,CERTIFIED
NSE-ISIN:INE508G01029,INE508G01029,TIMETECHNO,CERTIFIED
NSE-ISIN:INE064A01026,INE064A01026,TIMEX,CERTIFIED
NSE-ISIN:INE325A01013,INE325A01013,TIMKEN,CERTIFIED
NSE-ISIN:INE015C01016,INE015C01016,TINNARUBR,CERTIFIED
NSE-ISIN:INE422C01014,INE422C01014,TINPLATE,CERTIFIED
NSE-ISIN:INE0LQS01015,INE0LQS01015,TIPSFILMS,CERTIFIED
NSE-ISIN:INE716B01011,INE716B01011,TIPSINDLTD,CERTIFIED
NSE-ISIN:INE716B01029,INE716B01029,TIPSMUSIC,CERTIFIED
NSE-ISIN:INE716B01029,INE716B01029,TIPSMUSIC,CERTIFIED
NSE-ISIN:INE338A01016,INE338A01016,TIRUMALCHM,CERTIFIED
NSE-ISIN:INE338A01024,INE338A01024,TIRUMALCHM,CERTIFIED
NSE-ISIN:INE319Y01016,INE319Y01016,TIRUPATIFL,CERTIFIED
NSE-ISIN:INE319Y01024,INE319Y01024,TIRUPATIFL,CERTIFIED
NSE-ISIN:INE615H01020,INE615H01020,TITAGARH,CERTIFIED
NSE-ISIN:INE280A01028,INE280A01028,TITAN,CERTIFIED
NSE-ISIN:INE244A01016,INE244A01016,DENORA,CERTIFIED
NSE-ISIN:INE668A01016,INE668A01016,TMB,CERTIFIED
NSE-ISIN:INE1TAE01010,INE1TAE01010,TMCV,CERTIFIED
NSE-ISIN:INE155A01022,INE155A01022,TMPV,CERTIFIED
NSE-ISIN:INE759V01019,INE759V01019,HEADSUP,CERTIFIED
NSE-ISIN:INE148A01019,INE148A01019,TNPETRO,CERTIFIED
NSE-ISIN:INE107A01015,INE107A01015,TNPL,CERTIFIED
NSE-ISIN:INE141D01018,INE141D01018,TNTELE,CERTIFIED
NSE-ISIN:INE944B01019,INE944B01019,TODAYS,CERTIFIED
NSE-ISIN:INE932C01012,INE932C01012,TOKYOPLAST,CERTIFIED
NSE-ISIN:INE0RWQ01014,INE0RWQ01014,TOLINS,CERTIFIED
NSE-ISIN:INE685A01028,INE685A01028,TORNTPHARM,CERTIFIED
NSE-ISIN:INE813H01021,INE813H01021,TORNTPOWER,CERTIFIED
NSE-ISIN:INE336X01012,INE336X01012,TOTAL,CERTIFIED
NSE-ISIN:INE486Y01013,INE486Y01013,TOUCHWOOD,CERTIFIED
NSE-ISIN:INE457P01020,INE457P01020,TOYAMSL,CERTIFIED
NSE-ISIN:INE065J01024,INE065J01024,TPHQ,CERTIFIED
NSE-ISIN:INE413G01014,INE413G01014,TPLPLASTEH,CERTIFIED
NSE-ISIN:INE413G01022,INE413G01022,TPLPLASTEH,CERTIFIED
NSE-ISIN:INE0HMF01019,INE0HMF01019,TRACXN,CERTIFIED
NSE-ISIN:INE686A01026,INE686A01026,CEMPRO,CERTIFIED
NSE-ISIN:INE330E01023,INE330E01023,TRANSCOR,CERTIFIED
NSE-ISIN:INE687A01016,INE687A01016,TRANSPEK,CERTIFIED
NSE-ISIN:INE454P01035,INE454P01035,TRANSRAILL,CERTIFIED
NSE-ISIN:INE757B01015,INE757B01015,TRANSWORLD,CERTIFIED
NSE-ISIN:INE103V01028,INE103V01028,TRAVELFOOD,CERTIFIED
NSE-ISIN:INE040M01013,INE040M01013,TREEHOUSE,CERTIFIED
NSE-ISIN:INE00CA01015,INE00CA01015,TREJHARA,CERTIFIED
NSE-ISIN:INE0O3901029,INE0O3901029,TREL,CERTIFIED
NSE-ISIN:INE849A01012,INE849A01012,TRENT,CERTIFIED
NSE-ISIN:INE849A01020,INE849A01020,TRENT,CERTIFIED
NSE-ISIN:INE391D01019,INE391D01019,TRF,CERTIFIED
NSE-ISIN:INE771B01032,INE771B01032,TRICOM,CERTIFIED
NSE-ISIN:INE064C01014,INE064C01014,TRIDENT,CERTIFIED
NSE-ISIN:INE064C01022,INE064C01022,TRIDENT,CERTIFIED
NSE-ISIN:INE948A01012,INE948A01012,TRIGYN,CERTIFIED
NSE-ISIN:INE763I01018,INE763I01018,TRIL,CERTIFIED
NSE-ISIN:INE763I01026,INE763I01026,TARIL,CERTIFIED
NSE-ISIN:INE440G01017,INE440G01017,TRITONV,CERTIFIED
NSE-ISIN:INE152M01016,INE152M01016,TRITURBINE,CERTIFIED
NSE-ISIN:INE256C01024,INE256C01024,TRIVENI,CERTIFIED
NSE-ISIN:INE615R01029,INE615R01029,TRU,CERTIFIED
NSE-ISIN:INE0MWH01014,INE0MWH01014,TRUALT,CERTIFIED
NSE-ISIN:INE202Z01029,INE202Z01029,TSFINV,CERTIFIED
NSE-ISIN:INE910C01018,INE910C01018,TTKHEALTH,CERTIFIED
NSE-ISIN:INE910C01018,INE910C01018,TTKHLTCARE,CERTIFIED
NSE-ISIN:INE690A01010,INE690A01010,TTKPRESTIG,CERTIFIED
NSE-ISIN:INE690A01028,INE690A01028,TTKPRESTIG,CERTIFIED
NSE-ISIN:INE592B01016,INE592B01016,TTL,CERTIFIED
NSE-ISIN:INE592B01024,INE592B01024,TTL,CERTIFIED
NSE-ISIN:INE517B01013,INE517B01013,TTML,CERTIFIED
NSE-ISIN:INE149A01025,INE149A01025,TUBEINVEST,CERTIFIED
NSE-ISIN:INE122H01027,INE122H01027,TULIP,CERTIFIED
NSE-ISIN:INE474I01012,INE474I01012,TULSI,CERTIFIED
NSE-ISIN:INE463D01016,INE463D01016,TULSYAN,CERTIFIED
NSE-ISIN:INE0OC301013,INE0OC301013,TURTLEMINT,CERTIFIED
NSE-ISIN:INE400A01014,INE400A01014,TUTIALKA,CERTIFIED
NSE-ISIN:INE886H01027,INE886H01027,TV18BRDCST,CERTIFIED
NSE-ISIN:INE494B01023,INE494B01023,TVSMOTOR,CERTIFIED
NSE-ISIN:INE236G01019,INE236G01019,TVSELECT,CERTIFIED
NSE-ISIN:INE105A01035,INE105A01035,TVSHLTD,CERTIFIED
NSE-ISIN:INE494B01023,INE494B01023,TVSMOTOR,CERTIFIED
NSE-ISIN:INE395N01027,INE395N01027,TVSSCS,CERTIFIED
NSE-ISIN:INE421C01016,INE421C01016,TVSSRICHAK,CERTIFIED
NSE-ISIN:INE038F01029,INE038F01029,TVTODAY,CERTIFIED
NSE-ISIN:INE871L01013,INE871L01013,TVVISION,CERTIFIED
NSE-ISIN:INE783B01029,INE783B01029,TWILITAKA,CERTIFIED
NSE-ISIN:INE615H01012,INE615H01012,TWL,CERTIFIED
NSE-ISIN:INE615H01020,INE615H01020,TITAGARH,CERTIFIED
NSE-ISIN:INE328C01013,INE328C01013,UBENGG,CERTIFIED
NSE-ISIN:INE696A01025,INE696A01025,UBHOLDINGS,CERTIFIED
NSE-ISIN:INE686F01025,INE686F01025,UBL,CERTIFIED
NSE-ISIN:INE139B01016,INE139B01016,UCAL,CERTIFIED
NSE-ISIN:INE139B01016,INE139B01016,UCAL,CERTIFIED
NSE-ISIN:INE691A01018,INE691A01018,UCOBANK,CERTIFIED
NSE-ISIN:INE551B01012,INE551B01012,UDAYJEW,CERTIFIED
NSE-ISIN:INE851I01011,INE851I01011,UDS,CERTIFIED
NSE-ISIN:INE899L01030,INE899L01030,UEL,CERTIFIED
NSE-ISIN:INE382M01027,INE382M01027,UFBL,CERTIFIED
NSE-ISIN:INE516A01017,INE516A01017,UFLEX,CERTIFIED
NSE-ISIN:INE527H01019,INE527H01019,UFO,CERTIFIED
NSE-ISIN:INE071E01023,INE071E01023,UGARSUGAR,CERTIFIED
NSE-ISIN:INE583D01011,INE583D01011,UGROCAP,CERTIFIED
NSE-ISIN:INE899L01022,INE899L01022,UJAAS,CERTIFIED
NSE-ISIN:INE334L01012,INE334L01012,UJJIVAN,CERTIFIED
NSE-ISIN:INE551W01018,INE551W01018,UJJIVANSFB,CERTIFIED
NSE-ISIN:INE481G01011,INE481G01011,ULTRACEMCO,CERTIFIED
NSE-ISIN:INE405A01021,INE405A01021,ULTRAMAR,CERTIFIED
NSE-ISIN:INE0GIU01018,INE0GIU01018,UMAEXPORTS,CERTIFIED
NSE-ISIN:INE864B01027,INE864B01027,UMANGDAIRY,CERTIFIED
NSE-ISIN:INE240C01028,INE240C01028,UMESLTD,CERTIFIED
NSE-ISIN:INE398B01018,INE398B01018,UMIYA-MRO,CERTIFIED
NSE-ISIN:INE351A01035,INE351A01035,UNICHEMLAB,CERTIFIED
NSE-ISIN:INE961D01019,INE961D01019,UNIDT,CERTIFIED
NSE-ISIN:INE00U401027,INE00U401027,UNIECOM,CERTIFIED
NSE-ISIN:INE037A01022,INE037A01022,UNIENTER,CERTIFIED
NSE-ISIN:INE481Z01011,INE481Z01011,UNIINFO,CERTIFIED
NSE-ISIN:INE0U3I01011,INE0U3I01011,UNIMECH,CERTIFIED
NSE-ISIN:INE692A01016,INE692A01016,UNIONBANK,CERTIFIED
NSE-ISIN:INE244O01017,INE244O01017,UNIPARTS,CERTIFIED
NSE-ISIN:INE628A01036,INE628A01036,UPL,CERTIFIED
NSE-ISIN:INE950G01015,INE950G01015,UNIPLY,CERTIFIED
NSE-ISIN:INE854D01024,INE854D01024,UNITDSPR,CERTIFIED
NSE-ISIN:INE694A01020,INE694A01020,UNITECH,CERTIFIED
NSE-ISIN:INE695A01019,INE695A01019,UNITEDBNK,CERTIFIED
NSE-ISIN:INE368U01029,INE368U01029,UNITEDPOLY,CERTIFIED
NSE-ISIN:INE458F01011,INE458F01011,UNITEDTEA,CERTIFIED
NSE-ISIN:INE466H01028,INE466H01028,UNITY,CERTIFIED
NSE-ISIN:INE562X01013,INE562X01013,UNIVASTU,CERTIFIED
NSE-ISIN:INE279A01012,INE279A01012,UNIVCABLES,CERTIFIED
NSE-ISIN:INE03V001013,INE03V001013,UNIVPHOTO,CERTIFIED
NSE-ISIN:INE405E01023,INE405E01023,UNOMINDA,CERTIFIED
NSE-ISIN:INE018B01012,INE018B01012,UPERGANGES,CERTIFIED
NSE-ISIN:INE726E01014,INE726E01014,UPHOT,CERTIFIED
NSE-ISIN:INE628A01036,INE628A01036,UPL,CERTIFIED
NSE-ISIN:INE568Z01015,INE568Z01015,URAVIDEF,CERTIFIED
NSE-ISIN:INE568Z01015,INE568Z01015,URAVIDEF,CERTIFIED
NSE-ISIN:INE0CAZ01013,INE0CAZ01013,URBANCO,CERTIFIED
NSE-ISIN:INE550C01020,INE550C01020,URJA,CERTIFIED
NSE-ISIN:INE228A01035,INE228A01035,USHAMART,CERTIFIED
NSE-ISIN:INE228A01035,INE228A01035,USHAMART,CERTIFIED
NSE-ISIN:INE235G01011,INE235G01011,USHERAGRO,CERTIFIED
NSE-ISIN:INE0N0Y01013,INE0N0Y01013,USK,CERTIFIED
NSE-ISIN:INE094J01016,INE094J01016,UTIAMC,CERTIFIED
NSE-ISIN:INE735W01017,INE735W01017,UTKARSHBNK,CERTIFIED
NSE-ISIN:INE12UR01024,INE12UR01024,UTLSOLAR,CERTIFIED
NSE-ISIN:INE699A01011,INE699A01011,UTTAMSTL,CERTIFIED
NSE-ISIN:INE786F01031,INE786F01031,UTTAMSUGAR,CERTIFIED
NSE-ISIN:INE507B01022,INE507B01022,UTVSOF,CERTIFIED
NSE-ISIN:INE292A01023,INE292A01023,UVSL,CERTIFIED
NSE-ISIN:INE152C01025,INE152C01025,UYFINCORP,CERTIFIED
NSE-ISIN:INE945H01013,INE945H01013,V2RETAIL,CERTIFIED
NSE-ISIN:INE945H01021,INE945H01021,V2RETAIL,CERTIFIED
NSE-ISIN:INE694D01016,INE694D01016,VADILALIND,CERTIFIED
NSE-ISIN:INE693D01018,INE693D01018,VADILENT,CERTIFIED
NSE-ISIN:INE884A01019,INE884A01019,VAIBHAVGBL,CERTIFIED
NSE-ISIN:INE884A01027,INE884A01027,VAIBHAVGBL,CERTIFIED
NSE-ISIN:INE884A01019,INE884A01019,VAIBHAVGEM,CERTIFIED
NSE-ISIN:INE972X01014,INE972X01014,VAISHALI,CERTIFIED
NSE-ISIN:INE972X01022,INE972X01022,VAISHALI,CERTIFIED
NSE-ISIN:INE051B01021,INE051B01021,VAKRANGEE,CERTIFIED
NSE-ISIN:INE051B01013,INE051B01013,VAKRANSOFT,CERTIFIED
NSE-ISIN:INE051B01021,INE051B01021,VAKRANGEE,CERTIFIED
NSE-ISIN:INE624C01015,INE624C01015,VALECHAENG,CERTIFIED
NSE-ISIN:INE0JWS01017,INE0JWS01017,VALIANTLAB,CERTIFIED
NSE-ISIN:INE565V01010,INE565V01010,VALIANTORG,CERTIFIED
NSE-ISIN:INE352A01017,INE352A01017,VALUEIND,CERTIFIED
NSE-ISIN:INE1CDF01017,INE1CDF01017,VAML,CERTIFIED
NSE-ISIN:INE700A01033,INE700A01033,JUBILANT,CERTIFIED
NSE-ISIN:INE116G01013,INE116G01013,VARDHACRLC,CERTIFIED
NSE-ISIN:INE835A01011,INE835A01011,VARDMNPOLY,CERTIFIED
NSE-ISIN:INE835A01029,INE835A01029,VARDMNPOLY,CERTIFIED
NSE-ISIN:INE665L01035,INE665L01035,VARROC,CERTIFIED
NSE-ISIN:INE032G01012,INE032G01012,VARUN,CERTIFIED
NSE-ISIN:INE702A01013,INE702A01013,VARUNSHIP,CERTIFIED
NSE-ISIN:INE893I01013,INE893I01013,VASCONEQ,CERTIFIED
NSE-ISIN:INE574G01013,INE574G01013,VASUPRADA,CERTIFIED
NSE-ISIN:INE590L01019,INE590L01019,VASWANI,CERTIFIED
NSE-ISIN:INE956G01038,INE956G01038,WABAG,CERTIFIED
NSE-ISIN:INE200M01013,INE200M01013,VBL,CERTIFIED
NSE-ISIN:INE200M01039,INE200M01039,VBL,CERTIFIED
NSE-ISIN:INE098201036,INE098201036,VCL,CERTIFIED
NSE-ISIN:INE352A01017,INE352A01017,VALUEIND,CERTIFIED
NSE-ISIN:INE703A01011,INE703A01011,VIDEOIND,CERTIFIED
NSE-ISIN:INE359B01010,INE359B01010,VEDAVAAG,CERTIFIED
NSE-ISIN:INE205A01025,INE205A01025,VEDL,CERTIFIED
NSE-ISIN:INE694L01019,INE694L01019,VEDPOWER,CERTIFIED
NSE-ISIN:INE484C01030,INE484C01030,VEEDOL,CERTIFIED
NSE-ISIN:INE232E01013,INE232E01013,VELJAN,CERTIFIED
NSE-ISIN:INE398A01010,INE398A01010,VENKEYS,CERTIFIED
NSE-ISIN:INE781S01027,INE781S01027,VENTIVE,CERTIFIED
NSE-ISIN:INE0JA001018,INE0JA001018,VENUSPIPES,CERTIFIED
NSE-ISIN:INE411B01019,INE411B01019,VENUSREM,CERTIFIED
NSE-ISIN:INE0IQ001011,INE0IQ001011,VERANDA,CERTIFIED
NSE-ISIN:INE188Y01015,INE188Y01015,VERTOZ,CERTIFIED
NSE-ISIN:INE188Y01031,INE188Y01031,VERTOZ,CERTIFIED
NSE-ISIN:INE386A01015,INE386A01015,VESUVIUS,CERTIFIED
NSE-ISIN:INE386A01023,INE386A01023,VESUVIUS,CERTIFIED
NSE-ISIN:INE918N01018,INE918N01018,VETO,CERTIFIED
NSE-ISIN:INE761Q01015,INE761Q01015,VGCL,CERTIFIED
NSE-ISIN:INE273D01027,INE273D01027,VGL,CERTIFIED
NSE-ISIN:INE951I01019,INE951I01019,VGUARD,CERTIFIED
NSE-ISIN:INE951I01027,INE951I01027,VGUARD,CERTIFIED
NSE-ISIN:INE701A01023,INE701A01023,VHL,CERTIFIED
NSE-ISIN:INE048C01025,INE048C01025,VHLTD,CERTIFIED
NSE-ISIN:INE048C01017,INE048C01017,VICEROY,CERTIFIED
NSE-ISIN:INE703A01011,INE703A01011,VIDEOIND,CERTIFIED
NSE-ISIN:INE632C01026,INE632C01026,VIDHIING,CERTIFIED
NSE-ISIN:INE632C01026,INE632C01026,VIDHIING,CERTIFIED
NSE-ISIN:INE14UN01029,INE14UN01029,VIDYAWIRES,CERTIFIED
NSE-ISIN:INE043W01024,INE043W01024,VIJAYA,CERTIFIED
NSE-ISIN:INE705A01016,INE705A01016,VIJAYABANK,CERTIFIED
NSE-ISIN:INE119G01025,INE119G01025,VTXIND,CERTIFIED
NSE-ISIN:INE159N01027,INE159N01027,VIJIFIN,CERTIFIED
NSE-ISIN:INE806F01011,INE806F01011,VIJSHAN,CERTIFIED
NSE-ISIN:INE362D01010,INE362D01010,VIJSOLX,CERTIFIED
NSE-ISIN:INE806A01020,INE806A01020,VIKASECO,CERTIFIED
NSE-ISIN:INE806A01020,INE806A01020,VIKASECO,CERTIFIED
NSE-ISIN:INE158H01013,INE158H01013,VIKASHMET,CERTIFIED
NSE-ISIN:INE161L01027,INE161L01027,VIKASLIFE,CERTIFIED
NSE-ISIN:INE161L01027,INE161L01027,VIKASLIFE,CERTIFIED
NSE-ISIN:INE767B01022,INE767B01022,VIKASPROP,CERTIFIED
NSE-ISIN:INE706A01022,INE706A01022,VIKASWSP,CERTIFIED
NSE-ISIN:INE078V01014,INE078V01014,VIKRAMSOLR,CERTIFIED
NSE-ISIN:INE01R501028,INE01R501028,VIKRAN,CERTIFIED
NSE-ISIN:INE067D01015,INE067D01015,VIMALOIL,CERTIFIED
NSE-ISIN:INE579C01029,INE579C01029,VIMTALABS,CERTIFIED
NSE-ISIN:INE410B01029,INE410B01029,VINATIORGA,CERTIFIED
NSE-ISIN:INE410B01037,INE410B01037,VINATIORGA,CERTIFIED
NSE-ISIN:INE498Q01014,INE498Q01014,VINCOFE,CERTIFIED
NSE-ISIN:INE707A01012,INE707A01012,VINDHYATEL,CERTIFIED
NSE-ISIN:INE505Y01010,INE505Y01010,VINEETLAB,CERTIFIED
NSE-ISIN:INE01KI01027,INE01KI01027,VINNY,CERTIFIED
NSE-ISIN:INE250B01029,INE250B01029,VINYLINDIA,CERTIFIED
NSE-ISIN:INE450G01024,INE450G01024,VIPCLOTHNG,CERTIFIED
NSE-ISIN:INE054A01019,INE054A01019,VIPIND,CERTIFIED
NSE-ISIN:INE054A01027,INE054A01027,VIPIND,CERTIFIED
NSE-ISIN:INE946H01037,INE946H01037,VIPUL,CERTIFIED
NSE-ISIN:INE946H01037,INE946H01037,VIPULLTD,CERTIFIED
NSE-ISIN:INE467D01017,INE467D01017,VIRAT,CERTIFIED
NSE-ISIN:INE539B01017,INE539B01017,VIRINCHI,CERTIFIED
NSE-ISIN:INE247C01023,INE247C01023,VIRTUALG,CERTIFIED
NSE-ISIN:INE286H01012,INE286H01012,VISACHROME,CERTIFIED
NSE-ISIN:INE392A01013,INE392A01013,VISAKAIND,CERTIFIED
NSE-ISIN:INE392A01021,INE392A01021,VISAKAIND,CERTIFIED
NSE-ISIN:INE286H01012,INE286H01012,VISACHROME,CERTIFIED
NSE-ISIN:INE861A01017,INE861A01017,VISESHINFO,CERTIFIED
NSE-ISIN:INE861A01058,INE861A01058,VISESHINFO,CERTIFIED
NSE-ISIN:INE755Q01025,INE755Q01025,VISHAL,CERTIFIED
NSE-ISIN:INE945H01013,INE945H01013,VISHALRET,CERTIFIED
NSE-ISIN:INE270I01014,INE270I01014,VISHNU,CERTIFIED
NSE-ISIN:INE270I01022,INE270I01022,VISHNU,CERTIFIED
NSE-ISIN:INE430N01014,INE430N01014,VISHWARAJ,CERTIFIED
NSE-ISIN:INE430N01022,INE430N01022,VISHWARAJ,CERTIFIED
NSE-ISIN:INE1CLE01013,INE1CLE01013,VISL,CERTIFIED
NSE-ISIN:INE965A01016,INE965A01016,VISUINTL,CERTIFIED
NSE-ISIN:INE0L4K01016,INE0L4K01016,VITAL,CERTIFIED
NSE-ISIN:INE0MEG01014,INE0MEG01014,VIVIANA,CERTIFIED
NSE-ISIN:INE370E01029,INE370E01029,VIVIDHA,CERTIFIED
NSE-ISIN:INE526G01013,INE526G01013,VIVIMEDLAB,CERTIFIED
NSE-ISIN:INE526G01021,INE526G01021,VIVIMEDLAB,CERTIFIED
NSE-ISIN:INE380K01017,INE380K01017,VIVOBIOT,CERTIFIED
NSE-ISIN:INE807F01027,INE807F01027,VIYASH,CERTIFIED
NSE-ISIN:INE03HW01020,INE03HW01020,VLEGOV,CERTIFIED
NSE-ISIN:INE709A01018,INE709A01018,VLSFINANCE,CERTIFIED
NSE-ISIN:INE665J01013,INE665J01013,VMART,CERTIFIED
NSE-ISIN:INE01EA01019,INE01EA01019,VMM,CERTIFIED
NSE-ISIN:INE0SJA01013,INE0SJA01013,VMSTMT,CERTIFIED
NSE-ISIN:INE0I0T01010,INE0I0T01010,VOEPL,CERTIFIED
NSE-ISIN:INE704J01044,INE704J01044,VOGL,CERTIFIED
NSE-ISIN:INE285C01015,INE285C01015,VOITHPAPR,CERTIFIED
NSE-ISIN:INE540H01012,INE540H01012,VOLTAMP,CERTIFIED
NSE-ISIN:INE226A01021,INE226A01021,VOLTAS,CERTIFIED
NSE-ISIN:INE694L01019,INE694L01019,VEDPOWER,CERTIFIED
NSE-ISIN:INE0AE001013,INE0AE001013,VPRPL,CERTIFIED
NSE-ISIN:INE0S2V01010,INE0S2V01010,VRAJ,CERTIFIED
NSE-ISIN:INE366I01010,INE366I01010,VRLLOG,CERTIFIED
NSE-ISIN:INE701A01023,INE701A01023,VHL,CERTIFIED
NSE-ISIN:INE151A01013,INE151A01013,TATACOMM,CERTIFIED
NSE-ISIN:INE050M01012,INE050M01012,VSSL,CERTIFIED
NSE-ISIN:INE710A01016,INE710A01016,VSTIND,CERTIFIED
NSE-ISIN:INE0QTF01015,INE0QTF01015,VSTL,CERTIFIED
NSE-ISIN:INE764D01017,INE764D01017,VSTTILLERS,CERTIFIED
NSE-ISIN:INE825A01012,INE825A01012,VTL,CERTIFIED
NSE-ISIN:INE825A01020,INE825A01020,VTL,CERTIFIED
NSE-ISIN:INE222F01029,INE222F01029,VTMLTD,CERTIFIED
NSE-ISIN:INE119G01025,INE119G01025,VTXIND,CERTIFIED
NSE-ISIN:INE166A01011,INE166A01011,INGVYSYABK,CERTIFIED
NSE-ISIN:INE377N01017,INE377N01017,WAAREEENER,CERTIFIED
NSE-ISIN:INE866K01023,INE866K01023,WAAREEINDO,CERTIFIED
NSE-ISIN:INE299N01021,INE299N01021,WAAREERTL,CERTIFIED
NSE-ISIN:INE956G01038,INE956G01038,WABAG,CERTIFIED
NSE-ISIN:INE342J01019,INE342J01019,WABCOINDIA,CERTIFIED
NSE-ISIN:INE342J01019,INE342J01019,WABCOINDIA,CERTIFIED
NSE-ISIN:INE0E7301029,INE0E7301029,WAKEFIT,CERTIFIED
NSE-ISIN:INE711A01022,INE711A01022,WALCHANNAG,CERTIFIED
NSE-ISIN:INE107F01022,INE107F01022,WANBURY,CERTIFIED
NSE-ISIN:INE945P01024,INE945P01024,WARDINMOBI,CERTIFIED
NSE-ISIN:INE054C01015,INE054C01015,WATERBASE,CERTIFIED
NSE-ISIN:INE0CJF01024,INE0CJF01024,WCIL,CERTIFIED
NSE-ISIN:INE658T01017,INE658T01017,WEALTH,CERTIFIED
NSE-ISIN:INE855C01015,INE855C01015,WEBELSOLAR,CERTIFIED
NSE-ISIN:INE855C01023,INE855C01023,WEBELSOLAR,CERTIFIED
NSE-ISIN:INE726L01019,INE726L01019,EBIXFOREX,CERTIFIED
NSE-ISIN:INE080A01014,INE080A01014,WEIZMANIND,CERTIFIED
NSE-ISIN:INE02WG01024,INE02WG01024,WEL,CERTIFIED
NSE-ISIN:INE191B01025,INE191B01025,WELCORP,CERTIFIED
NSE-ISIN:INE625G01013,INE625G01013,WELENT,CERTIFIED
NSE-ISIN:INE390K01016,INE390K01016,WELGLOB,CERTIFIED
NSE-ISIN:INE191B01025,INE191B01025,WELCORP,CERTIFIED
NSE-ISIN:INE389K01018,INE389K01018,WELINV,CERTIFIED
NSE-ISIN:INE625G01013,INE625G01013,WELENT,CERTIFIED
NSE-ISIN:INE731F01037,INE731F01037,WELSPLSOL,CERTIFIED
NSE-ISIN:INE192B01031,INE192B01031,WELSPUNLIV,CERTIFIED
NSE-ISIN:INE192B01031,INE192B01031,WELSPUNLIV,CERTIFIED
NSE-ISIN:INE193B01039,INE193B01039,AYMSYNTEX,CERTIFIED
NSE-ISIN:INE274C01019,INE274C01019,WENDT,CERTIFIED
NSE-ISIN:INE274C01019,INE274C01019,WENDT,CERTIFIED
NSE-ISIN:INE398A01010,INE398A01010,VENKEYS,CERTIFIED
NSE-ISIN:INE274F01020,INE274F01020,WESTLIFE,CERTIFIED
NSE-ISIN:INE082W01014,INE082W01014,WEWIN,CERTIFIED
NSE-ISIN:INE085001019,INE085001019,WEWORK,CERTIFIED
NSE-ISIN:INE02WG01024,INE02WG01024,WEL,CERTIFIED
NSE-ISIN:INE855A01019,INE855A01019,WHBRADY,CERTIFIED
NSE-ISIN:INE715A01015,INE715A01015,WHEELS,CERTIFIED
NSE-ISIN:INE716A01013,INE716A01013,WHIRLPOOL,CERTIFIED
NSE-ISIN:INE717A01029,INE717A01029,KENNAMET,CERTIFIED
NSE-ISIN:INE210A01017,INE210A01017,WILLAMAGOR,CERTIFIED
NSE-ISIN:INE0H5O01029,INE0H5O01029,WINDLAS,CERTIFIED
NSE-ISIN:INE052A01021,INE052A01021,WINDMACHIN,CERTIFIED
NSE-ISIN:INE784B01035,INE784B01035,WINSOME,CERTIFIED
NSE-ISIN:INE215F01023,INE215F01023,WIPL,CERTIFIED
NSE-ISIN:INE075A01022,INE075A01022,WIPRO,CERTIFIED
NSE-ISIN:INE198A01014,INE198A01014,CAROLINFO,CERTIFIED
NSE-ISIN:INE049B01025,INE049B01025,WOCKPHARMA,CERTIFIED
NSE-ISIN:INE066O01014,INE066O01014,WONDERLA,CERTIFIED
NSE-ISIN:INE196Y01018,INE196Y01018,WORTHPERI,CERTIFIED
NSE-ISIN:INE196Y01018,INE196Y01018,WORTHPERI,CERTIFIED
NSE-ISIN:INE765D01022,INE765D01022,WPIL,CERTIFIED
NSE-ISIN:INE100D01014,INE100D01014,WSI,CERTIFIED
NSE-ISIN:INE100D01014,INE100D01014,WSI,CERTIFIED
NSE-ISIN:INE976A01021,INE976A01021,WSTCSTPAPR,CERTIFIED
NSE-ISIN:INE965H01011,INE965H01011,SITINET,CERTIFIED
NSE-ISIN:INE378A01012,INE378A01012,WYETH,CERTIFIED
NSE-ISIN:INE378A01012,INE378A01012,WYETH,CERTIFIED
NSE-ISIN:INE692G01013,INE692G01013,XCHANGING,CERTIFIED
NSE-ISIN:INE01P501012,INE01P501012,XELPMOC,CERTIFIED
NSE-ISIN:INE183H01011,INE183H01011,XLENERGY,CERTIFIED
NSE-ISIN:INE183H01011,INE183H01011,XLENERGY,CERTIFIED
NSE-ISIN:INE183H01011,INE183H01011,XLENERGY,CERTIFIED
NSE-ISIN:INE445C01015,INE445C01015,XPROINDIA,CERTIFIED
NSE-ISIN:INE547B01028,INE547B01028,XTGLOBAL,CERTIFIED
NSE-ISIN:INE0NG701011,INE0NG701011,XTRANET,CERTIFIED
NSE-ISIN:INE126M01010,INE126M01010,IBULLSLTD,CERTIFIED
NSE-ISIN:INE126M01010,INE126M01010,IBULLSLTD,CERTIFIED
NSE-ISIN:INE616Z01012,INE616Z01012,YASHO,CERTIFIED
NSE-ISIN:INE0JO301016,INE0JO301016,YATHARTH,CERTIFIED
NSE-ISIN:INE0JR601024,INE0JR601024,YATRA,CERTIFIED
NSE-ISIN:INE528G01019,INE528G01019,YESBANK,CERTIFIED
NSE-ISIN:INE528G01027,INE528G01027,YESBANK,CERTIFIED
NSE-ISIN:INE528G01035,INE528G01035,YESBANK,CERTIFIED
NSE-ISIN:INE290E01011,INE290E01011,YOGI,CERTIFIED
NSE-ISIN:INE384C01016,INE384C01016,YUKEN,CERTIFIED
NSE-ISIN:INE07K301024,INE07K301024,ZAGGLE,CERTIFIED
NSE-ISIN:INE719A01017,INE719A01017,ZANDUREALT,CERTIFIED
NSE-ISIN:INE719A01017,INE719A01017,ZANDUREALT,CERTIFIED
NSE-ISIN:INE256A01028,INE256A01028,ZEEL,CERTIFIED
NSE-ISIN:INE565L01011,INE565L01011,ZEELEARN,CERTIFIED
NSE-ISIN:INE966H01019,INE966H01019,ZEEMEDIA,CERTIFIED
NSE-ISIN:INE966H01019,INE966H01019,ZEEMEDIA,CERTIFIED
NSE-ISIN:INE256A01028,INE256A01028,ZEEL,CERTIFIED
NSE-ISIN:INE318D01020,INE318D01020,ZENITHSTL,CERTIFIED
NSE-ISIN:INE598B01013,INE598B01013,ZENITHCOMP,CERTIFIED
NSE-ISIN:INE058B01018,INE058B01018,ZENITHEXPO,CERTIFIED
NSE-ISIN:INE899A01017,INE899A01017,ZENITHINFO,CERTIFIED
NSE-ISIN:INE318D01020,INE318D01020,ZENITHSTL,CERTIFIED
NSE-ISIN:INE520A01019,INE520A01019,ZENSARTECH,CERTIFIED
NSE-ISIN:INE520A01027,INE520A01027,ZENSARTECH,CERTIFIED
NSE-ISIN:INE251B01027,INE251B01027,ZENTEC,CERTIFIED
NSE-ISIN:INE342J01019,INE342J01019,ZFCVINDIA,CERTIFIED
NSE-ISIN:INE116C01012,INE116C01012,ZFSTEERING,CERTIFIED
NSE-ISIN:INE871B01014,INE871B01014,ZICOM,CERTIFIED
NSE-ISIN:INE518E01015,INE518E01015,ZIMLAB,CERTIFIED
NSE-ISIN:INE761Y01019,INE761Y01019,ZODIAC,CERTIFIED
NSE-ISIN:INE206B01013,INE206B01013,ZODIACLOTH,CERTIFIED
NSE-ISIN:INE077B01018,INE077B01018,ZODJRDMKJ,CERTIFIED
NSE-ISIN:INE758T01015,INE758T01015,ETERNAL,CERTIFIED
NSE-ISIN:INE358U01012,INE358U01012,ZOTA,CERTIFIED
NSE-ISIN:INE967G01019,INE967G01019,ZSARACOM,CERTIFIED
NSE-ISIN:INE840M01016,INE840M01016,ZUARI,CERTIFIED
NSE-ISIN:INE217A01012,INE217A01012,ZUARIGLOB,CERTIFIED
NSE-ISIN:INE217A01012,INE217A01012,ZUARIIND,CERTIFIED
NSE-ISIN:INE217A01012,INE217A01012,ZUARIIND,CERTIFIED
NSE-ISIN:INE010B01027,INE010B01027,ZYDUSLIFE,CERTIFIED
NSE-ISIN:INE768C01010,INE768C01010,ZYDUSWELL,CERTIFIED
NSE-ISIN:INE768C01028,INE768C01028,ZYDUSWELL,CERTIFIED
NSE-ISIN:INE225I01018,INE225I01018,ZYLOG,CERTIFIED
NSE-ISIN:INE225I01026,INE225I01026,ZYLOG,CERTIFIED
