instrument_id,symbol,action,announcement_date,publication_timestamp,effective_date,known_at,known_at_basis,source,review_status
NSE-ISIN:INE324A01024,JINDALSAW,DROP,2011-11-17,2011-11-18 09:15:00+05:30,2011-11-22,2011-11-18 09:15:00+05:30,DATE_ONLY_CONSERVATIVE_NEXT_SESSION,https://www.niftyindices.com/Press_Release/ind_prs17112011.pdf,ACCEPTED
NSE-ISIN:INE437A01024,APOLLOHOSP,ADD,2011-11-17,2011-11-18 09:15:00+05:30,2011-11-22,2011-11-18 09:15:00+05:30,DATE_ONLY_CONSERVATIVE_NEXT_SESSION,https://www.niftyindices.com/Press_Release/ind_prs17112011.pdf,ACCEPTED
NSE-ISIN:INE069I01010,IBREALEST,DROP,2011-12-01,2011-12-02 09:15:00+05:30,2011-12-07,2011-12-02 09:15:00+05:30,DATE_ONLY_CONSERVATIVE_NEXT_SESSION,https://www.niftyindices.com/Press_Release/ind_prs01122011.pdf,ACCEPTED
NSE-ISIN:INE891D01026,REDINGTON,ADD,2011-12-01,2011-12-02 09:15:00+05:30,2011-12-07,2011-12-02 09:15:00+05:30,DATE_ONLY_CONSERVATIVE_NEXT_SESSION,https://www.niftyindices.com/Press_Release/ind_prs01122011.pdf,ACCEPTED
NSE-ISIN:INE200A01026,AREVAT&D,DROP,2011-12-12,2011-12-13 09:15:00+05:30,2011-12-14,2011-12-13 09:15:00+05:30,DATE_ONLY_CONSERVATIVE_NEXT_SESSION,https://www.niftyindices.com/Press_Release/ind_prs12122011.pdf,ACCEPTED
NSE-ISIN:INE007A01025,CRISIL,ADD,2012-03-14,2012-03-15 09:15:00+05:30,2012-04-27,2012-03-15 09:15:00+05:30,DATE_ONLY_CONSERVATIVE_NEXT_SESSION,https://www.niftyindices.com/Press_Release/ind_prs14032012.pdf,ACCEPTED
NSE-ISIN:INE026A01017,GSFC,ADD,2012-03-14,2012-03-15 09:15:00+05:30,2012-04-27,2012-03-15 09:15:00+05:30,DATE_ONLY_CONSERVATIVE_NEXT_SESSION,https://www.niftyindices.com/Press_Release/ind_prs14032012.pdf,ACCEPTED
NSE-ISIN:INE036D01010,KARURVYSYA,ADD,2012-03-14,2012-03-15 09:15:00+05:30,2012-04-27,2012-03-15 09:15:00+05:30,DATE_ONLY_CONSERVATIVE_NEXT_SESSION,https://www.niftyindices.com/Press_Release/ind_prs14032012.pdf,ACCEPTED
NSE-ISIN:INE043A01012,GTL,DROP,2012-03-14,2012-03-15 09:15:00+05:30,2012-04-27,2012-03-15 09:15:00+05:30,DATE_ONLY_CONSERVATIVE_NEXT_SESSION,https://www.niftyindices.com/Press_Release/ind_prs14032012.pdf,ACCEPTED
NSE-ISIN:INE069I01010,IBREALEST,ADD,2012-03-14,2012-03-15 09:15:00+05:30,2012-04-27,2012-03-15 09:15:00+05:30,DATE_ONLY_CONSERVATIVE_NEXT_SESSION,https://www.niftyindices.com/Press_Release/ind_prs14032012.pdf,ACCEPTED
NSE-ISIN:INE093A01033,HEXAWARE,ADD,2012-03-14,2012-03-15 09:15:00+05:30,2012-04-27,2012-03-15 09:15:00+05:30,DATE_ONLY_CONSERVATIVE_NEXT_SESSION,https://www.niftyindices.com/Press_Release/ind_prs14032012.pdf,ACCEPTED
NSE-ISIN:INE103A01014,MRPL,DROP,2012-03-14,2012-03-15 09:15:00+05:30,2012-04-27,2012-03-15 09:15:00+05:30,DATE_ONLY_CONSERVATIVE_NEXT_SESSION,https://www.niftyindices.com/Press_Release/ind_prs14032012.pdf,ACCEPTED
NSE-ISIN:INE110D01013,GUJNRECOKE,DROP,2012-03-14,2012-03-15 09:15:00+05:30,2012-04-27,2012-03-15 09:15:00+05:30,DATE_ONLY_CONSERVATIVE_NEXT_SESSION,https://www.niftyindices.com/Press_Release/ind_prs14032012.pdf,ACCEPTED
NSE-ISIN:INE112A01015,CORPBANK,DROP,2012-03-14,2012-03-15 09:15:00+05:30,2012-04-27,2012-03-15 09:15:00+05:30,DATE_ONLY_CONSERVATIVE_NEXT_SESSION,https://www.niftyindices.com/Press_Release/ind_prs14032012.pdf,ACCEPTED
NSE-ISIN:INE131A01031,GMDCLTD,ADD,2012-03-14,2012-03-15 09:15:00+05:30,2012-04-27,2012-03-15 09:15:00+05:30,DATE_ONLY_CONSERVATIVE_NEXT_SESSION,https://www.niftyindices.com/Press_Release/ind_prs14032012.pdf,ACCEPTED
NSE-ISIN:INE139A01034,NATIONALUM,DROP,2012-03-14,2012-03-15 09:15:00+05:30,2012-04-27,2012-03-15 09:15:00+05:30,DATE_ONLY_CONSERVATIVE_NEXT_SESSION,https://www.niftyindices.com/Press_Release/ind_prs14032012.pdf,ACCEPTED
NSE-ISIN:INE153A01019,MTNL,DROP,2012-03-14,2012-03-15 09:15:00+05:30,2012-04-27,2012-03-15 09:15:00+05:30,DATE_ONLY_CONSERVATIVE_NEXT_SESSION,https://www.niftyindices.com/Press_Release/ind_prs14032012.pdf,ACCEPTED
NSE-ISIN:INE176A01010,BATAINDIA,ADD,2012-03-14,2012-03-15 09:15:00+05:30,2012-04-27,2012-03-15 09:15:00+05:30,DATE_ONLY_CONSERVATIVE_NEXT_SESSION,https://www.niftyindices.com/Press_Release/ind_prs14032012.pdf,ACCEPTED
NSE-ISIN:INE180K01011,SKSMICRO,DROP,2012-03-14,2012-03-15 09:15:00+05:30,2012-04-27,2012-03-15 09:15:00+05:30,DATE_ONLY_CONSERVATIVE_NEXT_SESSION,https://www.niftyindices.com/Press_Release/ind_prs14032012.pdf,ACCEPTED
NSE-ISIN:INE191A01019,ORCHIDCHEM,DROP,2012-03-14,2012-03-15 09:15:00+05:30,2012-04-27,2012-03-15 09:15:00+05:30,DATE_ONLY_CONSERVATIVE_NEXT_SESSION,https://www.niftyindices.com/Press_Release/ind_prs14032012.pdf,ACCEPTED
NSE-ISIN:INE301A01014,RAYMOND,ADD,2012-03-14,2012-03-15 09:15:00+05:30,2012-04-27,2012-03-15 09:15:00+05:30,DATE_ONLY_CONSERVATIVE_NEXT_SESSION,https://www.niftyindices.com/Press_Release/ind_prs14032012.pdf,ACCEPTED
NSE-ISIN:INE314A01017,CMC,DROP,2012-03-14,2012-03-15 09:15:00+05:30,2012-04-27,2012-03-15 09:15:00+05:30,DATE_ONLY_CONSERVATIVE_NEXT_SESSION,https://www.niftyindices.com/Press_Release/ind_prs14032012.pdf,ACCEPTED
NSE-ISIN:INE324A01024,JINDALSAW,ADD,2012-03-14,2012-03-15 09:15:00+05:30,2012-04-27,2012-03-15 09:15:00+05:30,DATE_ONLY_CONSERVATIVE_NEXT_SESSION,https://www.niftyindices.com/Press_Release/ind_prs14032012.pdf,ACCEPTED
NSE-ISIN:INE385B01031,REIAGROLTD,DROP,2012-03-14,2012-03-15 09:15:00+05:30,2012-04-27,2012-03-15 09:15:00+05:30,DATE_ONLY_CONSERVATIVE_NEXT_SESSION,https://www.niftyindices.com/Press_Release/ind_prs14032012.pdf,ACCEPTED
NSE-ISIN:INE538A01037,GUJFLUORO,ADD,2012-03-14,2012-03-15 09:15:00+05:30,2012-04-27,2012-03-15 09:15:00+05:30,DATE_ONLY_CONSERVATIVE_NEXT_SESSION,https://www.niftyindices.com/Press_Release/ind_prs14032012.pdf,ACCEPTED
NSE-ISIN:INE571A01020,IPCALAB,ADD,2012-03-14,2012-03-15 09:15:00+05:30,2012-04-27,2012-03-15 09:15:00+05:30,DATE_ONLY_CONSERVATIVE_NEXT_SESSION,https://www.niftyindices.com/Press_Release/ind_prs14032012.pdf,ACCEPTED
NSE-ISIN:INE589G01011,BRFL,DROP,2012-03-14,2012-03-15 09:15:00+05:30,2012-04-27,2012-03-15 09:15:00+05:30,DATE_ONLY_CONSERVATIVE_NEXT_SESSION,https://www.niftyindices.com/Press_Release/ind_prs14032012.pdf,ACCEPTED
NSE-ISIN:INE613A01020,RALLIS,ADD,2012-03-14,2012-03-15 09:15:00+05:30,2012-04-27,2012-03-15 09:15:00+05:30,DATE_ONLY_CONSERVATIVE_NEXT_SESSION,https://www.niftyindices.com/Press_Release/ind_prs14032012.pdf,ACCEPTED
NSE-ISIN:INE891D01026,REDINGTON,DROP,2012-03-14,2012-03-15 09:15:00+05:30,2012-04-27,2012-03-15 09:15:00+05:30,DATE_ONLY_CONSERVATIVE_NEXT_SESSION,https://www.niftyindices.com/Press_Release/ind_prs14032012.pdf,ACCEPTED
NSE-ISIN:INE216A01022,BRITANNIA,ADD,2012-05-16,2012-05-17 09:15:00+05:30,2012-05-21,2012-05-17 09:15:00+05:30,DATE_ONLY_CONSERVATIVE_NEXT_SESSION,https://www.niftyindices.com/Press_Release/ind_prs16052012.pdf,ACCEPTED
NSE-ISIN:INE660F01012,PATNI,DROP,2012-05-16,2012-05-17 09:15:00+05:30,2012-05-21,2012-05-17 09:15:00+05:30,DATE_ONLY_CONSERVATIVE_NEXT_SESSION,https://www.niftyindices.com/Press_Release/ind_prs16052012.pdf,ACCEPTED
NSE-ISIN:INE007A01025,CRISIL,DROP,2012-08-16,2012-08-17 09:15:00+05:30,2012-09-28,2012-08-17 09:15:00+05:30,DATE_ONLY_CONSERVATIVE_NEXT_SESSION,https://www.niftyindices.com/Press_Release/ind_prs16082012.pdf,ACCEPTED
NSE-ISIN:INE011A01019,ESSAROIL,DROP,2012-08-16,2012-08-17 09:15:00+05:30,2012-09-28,2012-08-17 09:15:00+05:30,DATE_ONLY_CONSERVATIVE_NEXT_SESSION,https://www.niftyindices.com/Press_Release/ind_prs16082012.pdf,ACCEPTED
NSE-ISIN:INE018I01017,MINDTREE,ADD,2012-08-16,2012-08-17 09:15:00+05:30,2012-09-28,2012-08-17 09:15:00+05:30,DATE_ONLY_CONSERVATIVE_NEXT_SESSION,https://www.niftyindices.com/Press_Release/ind_prs16082012.pdf,ACCEPTED
NSE-ISIN:INE026A01017,GSFC,DROP,2012-08-16,2012-08-17 09:15:00+05:30,2012-09-28,2012-08-17 09:15:00+05:30,DATE_ONLY_CONSERVATIVE_NEXT_SESSION,https://www.niftyindices.com/Press_Release/ind_prs16082012.pdf,ACCEPTED
NSE-ISIN:INE061F01013,FORTIS,DROP,2012-08-16,2012-08-17 09:15:00+05:30,2012-09-28,2012-08-17 09:15:00+05:30,DATE_ONLY_CONSERVATIVE_NEXT_SESSION,https://www.niftyindices.com/Press_Release/ind_prs16082012.pdf,ACCEPTED
NSE-ISIN:INE066A01013,EICHERMOT,ADD,2012-08-16,2012-08-17 09:15:00+05:30,2012-09-28,2012-08-17 09:15:00+05:30,DATE_ONLY_CONSERVATIVE_NEXT_SESSION,https://www.niftyindices.com/Press_Release/ind_prs16082012.pdf,ACCEPTED
NSE-ISIN:INE070A01015,SHREECEM,ADD,2012-08-16,2012-08-17 09:15:00+05:30,2012-09-28,2012-08-17 09:15:00+05:30,DATE_ONLY_CONSERVATIVE_NEXT_SESSION,https://www.niftyindices.com/Press_Release/ind_prs16082012.pdf,ACCEPTED
NSE-ISIN:INE077A01010,DENABANK,ADD,2012-08-16,2012-08-17 09:15:00+05:30,2012-09-28,2012-08-17 09:15:00+05:30,DATE_ONLY_CONSERVATIVE_NEXT_SESSION,https://www.niftyindices.com/Press_Release/ind_prs16082012.pdf,ACCEPTED
NSE-ISIN:INE103A01014,MRPL,ADD,2012-08-16,2012-08-17 09:15:00+05:30,2012-09-28,2012-08-17 09:15:00+05:30,DATE_ONLY_CONSERVATIVE_NEXT_SESSION,https://www.niftyindices.com/Press_Release/ind_prs16082012.pdf,ACCEPTED
NSE-ISIN:INE136A01022,JSWISPAT,DROP,2012-08-16,2012-08-17 09:15:00+05:30,2012-09-28,2012-08-17 09:15:00+05:30,DATE_ONLY_CONSERVATIVE_NEXT_SESSION,https://www.niftyindices.com/Press_Release/ind_prs16082012.pdf,ACCEPTED
NSE-ISIN:INE168A01017,J&KBANK,ADD,2012-08-16,2012-08-17 09:15:00+05:30,2012-09-28,2012-08-17 09:15:00+05:30,DATE_ONLY_CONSERVATIVE_NEXT_SESSION,https://www.niftyindices.com/Press_Release/ind_prs16082012.pdf,ACCEPTED
NSE-ISIN:INE216H01027,EDUCOMP,DROP,2012-08-16,2012-08-17 09:15:00+05:30,2012-09-28,2012-08-17 09:15:00+05:30,DATE_ONLY_CONSERVATIVE_NEXT_SESSION,https://www.niftyindices.com/Press_Release/ind_prs16082012.pdf,ACCEPTED
NSE-ISIN:INE233A01035,GODREJIND,ADD,2012-08-16,2012-08-17 09:15:00+05:30,2012-09-28,2012-08-17 09:15:00+05:30,DATE_ONLY_CONSERVATIVE_NEXT_SESSION,https://www.niftyindices.com/Press_Release/ind_prs16082012.pdf,ACCEPTED
NSE-ISIN:INE258A01016,BEML,DROP,2012-08-16,2012-08-17 09:15:00+05:30,2012-09-28,2012-08-17 09:15:00+05:30,DATE_ONLY_CONSERVATIVE_NEXT_SESSION,https://www.niftyindices.com/Press_Release/ind_prs16082012.pdf,ACCEPTED
NSE-ISIN:INE268A01049,STER,DROP,2012-08-16,2012-08-17 09:15:00+05:30,2012-09-28,2012-08-17 09:15:00+05:30,DATE_ONLY_CONSERVATIVE_NEXT_SESSION,https://www.niftyindices.com/Press_Release/ind_prs16082012.pdf,ACCEPTED
NSE-ISIN:INE314A01017,CMC,ADD,2012-08-16,2012-08-17 09:15:00+05:30,2012-09-28,2012-08-17 09:15:00+05:30,DATE_ONLY_CONSERVATIVE_NEXT_SESSION,https://www.niftyindices.com/Press_Release/ind_prs16082012.pdf,ACCEPTED
NSE-ISIN:INE324C01038,STERLINBIO,DROP,2012-08-16,2012-08-17 09:15:00+05:30,2012-09-28,2012-08-17 09:15:00+05:30,DATE_ONLY_CONSERVATIVE_NEXT_SESSION,https://www.niftyindices.com/Press_Release/ind_prs16082012.pdf,ACCEPTED
NSE-ISIN:INE331A01037,MADRASCEM,ADD,2012-08-16,2012-08-17 09:15:00+05:30,2012-09-28,2012-08-17 09:15:00+05:30,DATE_ONLY_CONSERVATIVE_NEXT_SESSION,https://www.niftyindices.com/Press_Release/ind_prs16082012.pdf,ACCEPTED
NSE-ISIN:INE343B01030,RAJESHEXPO,DROP,2012-08-16,2012-08-17 09:15:00+05:30,2012-09-28,2012-08-17 09:15:00+05:30,DATE_ONLY_CONSERVATIVE_NEXT_SESSION,https://www.niftyindices.com/Press_Release/ind_prs16082012.pdf,ACCEPTED
NSE-ISIN:INE345A01011,HINDOILEXP,DROP,2012-08-16,2012-08-17 09:15:00+05:30,2012-09-28,2012-08-17 09:15:00+05:30,DATE_ONLY_CONSERVATIVE_NEXT_SESSION,https://www.niftyindices.com/Press_Release/ind_prs16082012.pdf,ACCEPTED
NSE-ISIN:INE346H01014,GITANJALI,ADD,2012-08-16,2012-08-17 09:15:00+05:30,2012-09-28,2012-08-17 09:15:00+05:30,DATE_ONLY_CONSERVATIVE_NEXT_SESSION,https://www.niftyindices.com/Press_Release/ind_prs16082012.pdf,ACCEPTED
NSE-ISIN:INE351F01018,JPPOWER,ADD,2012-08-16,2012-08-17 09:15:00+05:30,2012-09-28,2012-08-17 09:15:00+05:30,DATE_ONLY_CONSERVATIVE_NEXT_SESSION,https://www.niftyindices.com/Press_Release/ind_prs16082012.pdf,ACCEPTED
NSE-ISIN:INE374A01029,GUJRATGAS,ADD,2012-08-16,2012-08-17 09:15:00+05:30,2012-09-28,2012-08-17 09:15:00+05:30,DATE_ONLY_CONSERVATIVE_NEXT_SESSION,https://www.niftyindices.com/Press_Release/ind_prs16082012.pdf,ACCEPTED
NSE-ISIN:INE548C01032,EMAMILTD,DROP,2012-08-16,2012-08-17 09:15:00+05:30,2012-09-28,2012-08-17 09:15:00+05:30,DATE_ONLY_CONSERVATIVE_NEXT_SESSION,https://www.niftyindices.com/Press_Release/ind_prs16082012.pdf,ACCEPTED
NSE-ISIN:INE549A01026,HCC,DROP,2012-08-16,2012-08-17 09:15:00+05:30,2012-09-28,2012-08-17 09:15:00+05:30,DATE_ONLY_CONSERVATIVE_NEXT_SESSION,https://www.niftyindices.com/Press_Release/ind_prs16082012.pdf,ACCEPTED
NSE-ISIN:INE671H01015,SOBHA,ADD,2012-08-16,2012-08-17 09:15:00+05:30,2012-09-28,2012-08-17 09:15:00+05:30,DATE_ONLY_CONSERVATIVE_NEXT_SESSION,https://www.niftyindices.com/Press_Release/ind_prs16082012.pdf,ACCEPTED
NSE-ISIN:INE868B01028,NCC,DROP,2012-08-16,2012-08-17 09:15:00+05:30,2012-09-28,2012-08-17 09:15:00+05:30,DATE_ONLY_CONSERVATIVE_NEXT_SESSION,https://www.niftyindices.com/Press_Release/ind_prs16082012.pdf,ACCEPTED
NSE-ISIN:INE982F01028,HATHWAY,ADD,2012-08-16,2012-08-17 09:15:00+05:30,2012-09-28,2012-08-17 09:15:00+05:30,DATE_ONLY_CONSERVATIVE_NEXT_SESSION,https://www.niftyindices.com/Press_Release/ind_prs16082012.pdf,ACCEPTED
NSE-ISIN:INE296A01016,BAJFINANCE,ADD,2013-03-15,2013-03-18 09:15:00+05:30,2013-03-19,2013-03-18 09:15:00+05:30,DATE_ONLY_CONSERVATIVE_NEXT_SESSION,https://www.niftyindices.com/Press_Release/ind_prs15032013.pdf,ACCEPTED
NSE-ISIN:INE894F01025,INDIABULLS,DROP,2013-03-15,2013-03-18 09:15:00+05:30,2013-03-19,2013-03-18 09:15:00+05:30,DATE_ONLY_CONSERVATIVE_NEXT_SESSION,https://www.niftyindices.com/Press_Release/ind_prs15032013.pdf,ACCEPTED
NSE-ISIN:INE017A01032,GESHIP,DROP,2013-02-13,2013-02-14 09:15:00+05:30,2013-04-01,2013-02-14 09:15:00+05:30,DATE_ONLY_CONSERVATIVE_NEXT_SESSION,https://www.niftyindices.com/Press_Release/ind_prs13022013.pdf,ACCEPTED
NSE-ISIN:INE049B01025,WOCKPHARMA,ADD,2013-02-13,2013-02-14 09:15:00+05:30,2013-04-01,2013-02-14 09:15:00+05:30,DATE_ONLY_CONSERVATIVE_NEXT_SESSION,https://www.niftyindices.com/Press_Release/ind_prs13022013.pdf,ACCEPTED
NSE-ISIN:INE075A01022,WIPRO,DROP,2013-02-13,2013-02-14 09:15:00+05:30,2013-04-01,2013-02-14 09:15:00+05:30,DATE_ONLY_CONSERVATIVE_NEXT_SESSION,https://www.niftyindices.com/Press_Release/ind_prs13022013.pdf,ACCEPTED
NSE-ISIN:INE103A01014,MRPL,DROP,2013-02-13,2013-02-14 09:15:00+05:30,2013-04-01,2013-02-14 09:15:00+05:30,DATE_ONLY_CONSERVATIVE_NEXT_SESSION,https://www.niftyindices.com/Press_Release/ind_prs13022013.pdf,ACCEPTED
NSE-ISIN:INE109A01011,SCI,DROP,2013-02-13,2013-02-14 09:15:00+05:30,2013-04-01,2013-02-14 09:15:00+05:30,DATE_ONLY_CONSERVATIVE_NEXT_SESSION,https://www.niftyindices.com/Press_Release/ind_prs13022013.pdf,ACCEPTED
NSE-ISIN:INE111A01017,CONCOR,DROP,2013-02-13,2013-02-14 09:15:00+05:30,2013-04-01,2013-02-14 09:15:00+05:30,DATE_ONLY_CONSERVATIVE_NEXT_SESSION,https://www.niftyindices.com/Press_Release/ind_prs13022013.pdf,ACCEPTED
NSE-ISIN:INE152A01029,THERMAX,DROP,2013-02-13,2013-02-14 09:15:00+05:30,2013-04-01,2013-02-14 09:15:00+05:30,DATE_ONLY_CONSERVATIVE_NEXT_SESSION,https://www.niftyindices.com/Press_Release/ind_prs13022013.pdf,ACCEPTED
NSE-ISIN:INE166A01011,INGVYSYABK,ADD,2013-02-13,2013-02-14 09:15:00+05:30,2013-04-01,2013-02-14 09:15:00+05:30,DATE_ONLY_CONSERVATIVE_NEXT_SESSION,https://www.niftyindices.com/Press_Release/ind_prs13022013.pdf,ACCEPTED
NSE-ISIN:INE169A01031,COROMANDEL,DROP,2013-02-13,2013-02-14 09:15:00+05:30,2013-04-01,2013-02-14 09:15:00+05:30,DATE_ONLY_CONSERVATIVE_NEXT_SESSION,https://www.niftyindices.com/Press_Release/ind_prs13022013.pdf,ACCEPTED
NSE-ISIN:INE314A01017,CMC,DROP,2013-02-13,2013-02-14 09:15:00+05:30,2013-04-01,2013-02-14 09:15:00+05:30,DATE_ONLY_CONSERVATIVE_NEXT_SESSION,https://www.niftyindices.com/Press_Release/ind_prs13022013.pdf,ACCEPTED
NSE-ISIN:INE318A01026,PIDILITIND,ADD,2013-02-13,2013-02-14 09:15:00+05:30,2013-04-01,2013-02-14 09:15:00+05:30,DATE_ONLY_CONSERVATIVE_NEXT_SESSION,https://www.niftyindices.com/Press_Release/ind_prs13022013.pdf,ACCEPTED
NSE-ISIN:INE491A01021,CUB,ADD,2013-02-13,2013-02-14 09:15:00+05:30,2013-04-01,2013-02-14 09:15:00+05:30,DATE_ONLY_CONSERVATIVE_NEXT_SESSION,https://www.niftyindices.com/Press_Release/ind_prs13022013.pdf,ACCEPTED
NSE-ISIN:INE498L01015,L&TFH,ADD,2013-02-13,2013-02-14 09:15:00+05:30,2013-04-01,2013-02-14 09:15:00+05:30,DATE_ONLY_CONSERVATIVE_NEXT_SESSION,https://www.niftyindices.com/Press_Release/ind_prs13022013.pdf,ACCEPTED
NSE-ISIN:INE510A01028,ENGINERSIN,DROP,2013-02-13,2013-02-14 09:15:00+05:30,2013-04-01,2013-02-14 09:15:00+05:30,DATE_ONLY_CONSERVATIVE_NEXT_SESSION,https://www.niftyindices.com/Press_Release/ind_prs13022013.pdf,ACCEPTED
NSE-ISIN:INE548C01032,EMAMILTD,ADD,2013-02-13,2013-02-14 09:15:00+05:30,2013-04-01,2013-02-14 09:15:00+05:30,DATE_ONLY_CONSERVATIVE_NEXT_SESSION,https://www.niftyindices.com/Press_Release/ind_prs13022013.pdf,ACCEPTED
NSE-ISIN:INE584A01023,NMDC,ADD,2013-02-13,2013-02-14 09:15:00+05:30,2013-04-01,2013-02-14 09:15:00+05:30,DATE_ONLY_CONSERVATIVE_NEXT_SESSION,https://www.niftyindices.com/Press_Release/ind_prs13022013.pdf,ACCEPTED
NSE-ISIN:INE619A01027,RUCHISOYA,DROP,2013-02-13,2013-02-14 09:15:00+05:30,2013-04-01,2013-02-14 09:15:00+05:30,DATE_ONLY_CONSERVATIVE_NEXT_SESSION,https://www.niftyindices.com/Press_Release/ind_prs13022013.pdf,ACCEPTED
NSE-ISIN:INE722A01011,SHRIRAMCIT,ADD,2013-02-13,2013-02-14 09:15:00+05:30,2013-04-01,2013-02-14 09:15:00+05:30,DATE_ONLY_CONSERVATIVE_NEXT_SESSION,https://www.niftyindices.com/Press_Release/ind_prs13022013.pdf,ACCEPTED
NSE-ISIN:INE813H01021,TORNTPOWER,ADD,2013-02-13,2013-02-14 09:15:00+05:30,2013-04-01,2013-02-14 09:15:00+05:30,DATE_ONLY_CONSERVATIVE_NEXT_SESSION,https://www.niftyindices.com/Press_Release/ind_prs13022013.pdf,ACCEPTED
NSE-ISIN:INE836F01026,DISHTV,DROP,2013-02-13,2013-02-14 09:15:00+05:30,2013-04-01,2013-02-14 09:15:00+05:30,DATE_ONLY_CONSERVATIVE_NEXT_SESSION,https://www.niftyindices.com/Press_Release/ind_prs13022013.pdf,ACCEPTED
NSE-ISIN:INE885A01032,AMARAJABAT,ADD,2013-02-13,2013-02-14 09:15:00+05:30,2013-04-01,2013-02-14 09:15:00+05:30,DATE_ONLY_CONSERVATIVE_NEXT_SESSION,https://www.niftyindices.com/Press_Release/ind_prs13022013.pdf,ACCEPTED
NSE-ISIN:INE886H01027,TV18BRDCST,ADD,2013-02-13,2013-02-14 09:15:00+05:30,2013-04-01,2013-02-14 09:15:00+05:30,DATE_ONLY_CONSERVATIVE_NEXT_SESSION,https://www.niftyindices.com/Press_Release/ind_prs13022013.pdf,ACCEPTED
NSE-ISIN:INE111A01017,CONCOR,ADD,2013-04-11,2013-04-12 09:15:00+05:30,2013-04-17,2013-04-12 09:15:00+05:30,DATE_ONLY_CONSERVATIVE_NEXT_SESSION,https://www.niftyindices.com/Press_Release/ind_prs11042013.pdf,ACCEPTED
NSE-ISIN:INE623B01027,FRL,DROP,2013-04-11,2013-04-12 09:15:00+05:30,2013-04-17,2013-04-12 09:15:00+05:30,DATE_ONLY_CONSERVATIVE_NEXT_SESSION,https://www.niftyindices.com/Press_Release/ind_prs11042013.pdf,ACCEPTED
NSE-ISIN:INE007A01025,CRISIL,ADD,2013-08-27,2013-08-28 09:15:00+05:30,2013-09-27,2013-08-28 09:15:00+05:30,DATE_ONLY_CONSERVATIVE_NEXT_SESSION,https://www.niftyindices.com/Press_Release/ind_prs27082013.pdf,ACCEPTED
NSE-ISIN:INE075A01022,WIPRO,ADD,2013-08-27,2013-08-28 09:15:00+05:30,2013-09-27,2013-08-28 09:15:00+05:30,DATE_ONLY_CONSERVATIVE_NEXT_SESSION,https://www.niftyindices.com/Press_Release/ind_prs27082013.pdf,ACCEPTED
NSE-ISIN:INE093I01010,OBEROIRLTY,ADD,2013-08-27,2013-08-28 09:15:00+05:30,2013-09-27,2013-08-28 09:15:00+05:30,DATE_ONLY_CONSERVATIVE_NEXT_SESSION,https://www.niftyindices.com/Press_Release/ind_prs27082013.pdf,ACCEPTED
NSE-ISIN:INE121J01017,INFRATEL,ADD,2013-08-27,2013-08-28 09:15:00+05:30,2013-09-27,2013-08-28 09:15:00+05:30,DATE_ONLY_CONSERVATIVE_NEXT_SESSION,https://www.niftyindices.com/Press_Release/ind_prs27082013.pdf,ACCEPTED
NSE-ISIN:INE123F01029,MMTC,ADD,2013-08-27,2013-08-28 09:15:00+05:30,2013-09-27,2013-08-28 09:15:00+05:30,DATE_ONLY_CONSERVATIVE_NEXT_SESSION,https://www.niftyindices.com/Press_Release/ind_prs27082013.pdf,ACCEPTED
NSE-ISIN:INE130C01021,AMTEKAUTO,DROP,2013-08-27,2013-08-28 09:15:00+05:30,2013-09-27,2013-08-28 09:15:00+05:30,DATE_ONLY_CONSERVATIVE_NEXT_SESSION,https://www.niftyindices.com/Press_Release/ind_prs27082013.pdf,ACCEPTED
NSE-ISIN:INE152A01029,THERMAX,ADD,2013-08-27,2013-08-28 09:15:00+05:30,2013-09-27,2013-08-28 09:15:00+05:30,DATE_ONLY_CONSERVATIVE_NEXT_SESSION,https://www.niftyindices.com/Press_Release/ind_prs27082013.pdf,ACCEPTED
NSE-ISIN:INE169A01031,COROMANDEL,ADD,2013-08-27,2013-08-28 09:15:00+05:30,2013-09-27,2013-08-28 09:15:00+05:30,DATE_ONLY_CONSERVATIVE_NEXT_SESSION,https://www.niftyindices.com/Press_Release/ind_prs27082013.pdf,ACCEPTED
NSE-ISIN:INE202B01012,DHFL,DROP,2013-08-27,2013-08-28 09:15:00+05:30,2013-09-27,2013-08-28 09:15:00+05:30,DATE_ONLY_CONSERVATIVE_NEXT_SESSION,https://www.niftyindices.com/Press_Release/ind_prs27082013.pdf,ACCEPTED
NSE-ISIN:INE247G01024,COREEDUTEC,DROP,2013-08-27,2013-08-28 09:15:00+05:30,2013-09-27,2013-08-28 09:15:00+05:30,DATE_ONLY_CONSERVATIVE_NEXT_SESSION,https://www.niftyindices.com/Press_Release/ind_prs27082013.pdf,ACCEPTED
NSE-ISIN:INE251H01024,GVKPIL,DROP,2013-08-27,2013-08-28 09:15:00+05:30,2013-09-27,2013-08-28 09:15:00+05:30,DATE_ONLY_CONSERVATIVE_NEXT_SESSION,https://www.niftyindices.com/Press_Release/ind_prs27082013.pdf,ACCEPTED
NSE-ISIN:INE314A01017,CMC,ADD,2013-08-27,2013-08-28 09:15:00+05:30,2013-09-27,2013-08-28 09:15:00+05:30,DATE_ONLY_CONSERVATIVE_NEXT_SESSION,https://www.niftyindices.com/Press_Release/ind_prs27082013.pdf,ACCEPTED
NSE-ISIN:INE324A01024,JINDALSAW,DROP,2013-08-27,2013-08-28 09:15:00+05:30,2013-09-27,2013-08-28 09:15:00+05:30,DATE_ONLY_CONSERVATIVE_NEXT_SESSION,https://www.niftyindices.com/Press_Release/ind_prs27082013.pdf,ACCEPTED
NSE-ISIN:INE374A01029,GUJRATGAS,DROP,2013-08-27,2013-08-28 09:15:00+05:30,2013-09-27,2013-08-28 09:15:00+05:30,DATE_ONLY_CONSERVATIVE_NEXT_SESSION,https://www.niftyindices.com/Press_Release/ind_prs27082013.pdf,ACCEPTED
NSE-ISIN:INE463A01020,BERGEPAINT,ADD,2013-08-27,2013-08-28 09:15:00+05:30,2013-09-27,2013-08-28 09:15:00+05:30,DATE_ONLY_CONSERVATIVE_NEXT_SESSION,https://www.niftyindices.com/Press_Release/ind_prs27082013.pdf,ACCEPTED
NSE-ISIN:INE491A01021,CUB,DROP,2013-08-27,2013-08-28 09:15:00+05:30,2013-09-27,2013-08-28 09:15:00+05:30,DATE_ONLY_CONSERVATIVE_NEXT_SESSION,https://www.niftyindices.com/Press_Release/ind_prs27082013.pdf,ACCEPTED
NSE-ISIN:INE530B01024,INDIAINFO,DROP,2013-08-27,2013-08-28 09:15:00+05:30,2013-09-27,2013-08-28 09:15:00+05:30,DATE_ONLY_CONSERVATIVE_NEXT_SESSION,https://www.niftyindices.com/Press_Release/ind_prs27082013.pdf,ACCEPTED
NSE-ISIN:INE685A01028,TORNTPHARM,ADD,2013-08-27,2013-08-28 09:15:00+05:30,2013-09-27,2013-08-28 09:15:00+05:30,DATE_ONLY_CONSERVATIVE_NEXT_SESSION,https://www.niftyindices.com/Press_Release/ind_prs27082013.pdf,ACCEPTED
NSE-ISIN:INE761H01022,PAGEIND,ADD,2013-08-27,2013-08-28 09:15:00+05:30,2013-09-27,2013-08-28 09:15:00+05:30,DATE_ONLY_CONSERVATIVE_NEXT_SESSION,https://www.niftyindices.com/Press_Release/ind_prs27082013.pdf,ACCEPTED
NSE-ISIN:INE785C01048,LITL,DROP,2013-08-27,2013-08-28 09:15:00+05:30,2013-09-27,2013-08-28 09:15:00+05:30,DATE_ONLY_CONSERVATIVE_NEXT_SESSION,https://www.niftyindices.com/Press_Release/ind_prs27082013.pdf,ACCEPTED
NSE-ISIN:INE813H01021,TORNTPOWER,DROP,2013-08-27,2013-08-28 09:15:00+05:30,2013-09-27,2013-08-28 09:15:00+05:30,DATE_ONLY_CONSERVATIVE_NEXT_SESSION,https://www.niftyindices.com/Press_Release/ind_prs27082013.pdf,ACCEPTED
NSE-ISIN:INE875A01025,IVRCLINFRA,DROP,2013-08-27,2013-08-28 09:15:00+05:30,2013-09-27,2013-08-28 09:15:00+05:30,DATE_ONLY_CONSERVATIVE_NEXT_SESSION,https://www.niftyindices.com/Press_Release/ind_prs27082013.pdf,ACCEPTED
NSE-ISIN:INE017A01032,GESHIP,ADD,2013-10-29,2013-10-30 09:15:00+05:30,2013-11-01,2013-10-30 09:15:00+05:30,DATE_ONLY_CONSERVATIVE_NEXT_SESSION,https://www.niftyindices.com/Press_Release/ind_prs29102013.pdf,ACCEPTED
NSE-ISIN:INE196A01026,MARICO,DROP,2013-10-29,2013-10-30 09:15:00+05:30,2013-11-01,2013-10-30 09:15:00+05:30,DATE_ONLY_CONSERVATIVE_NEXT_SESSION,https://www.niftyindices.com/Press_Release/ind_prs29102013.pdf,ACCEPTED
NSE-ISIN:INE148I01020,IBULHSGFIN,ADD,2013-11-13,2013-11-14 09:15:00+05:30,2013-11-18,2013-11-14 09:15:00+05:30,DATE_ONLY_CONSERVATIVE_NEXT_SESSION,https://niftyindices.com/Press_Release/ind_prs13112013.pdf,ACCEPTED
NSE-ISIN:INE191B01025,WELCORP,DROP,2013-11-13,2013-11-14 09:15:00+05:30,2013-11-18,2013-11-14 09:15:00+05:30,DATE_ONLY_CONSERVATIVE_NEXT_SESSION,https://niftyindices.com/Press_Release/ind_prs13112013.pdf,ACCEPTED
NSE-ISIN:INE172A01019,CASTROL,DROP,2014-02-21,2014-02-24 09:15:00+05:30,2014-02-28,2014-02-24 09:15:00+05:30,DATE_ONLY_CONSERVATIVE_NEXT_SESSION,https://www.niftyindices.com/Press_Release/ind_prs21022014.pdf,ACCEPTED
NSE-ISIN:INE195A01028,SUPREMEIND,ADD,2014-02-21,2014-02-24 09:15:00+05:30,2014-02-28,2014-02-24 09:15:00+05:30,DATE_ONLY_CONSERVATIVE_NEXT_SESSION,https://www.niftyindices.com/Press_Release/ind_prs21022014.pdf,ACCEPTED
NSE-ISIN:INE034A01011,ARVIND,ADD,2014-02-27,2014-02-28 09:15:00+05:30,2014-03-28,2014-02-28 09:15:00+05:30,DATE_ONLY_CONSERVATIVE_NEXT_SESSION,https://www.niftyindices.com/Press_Release/ind_prs27022014.pdf,ACCEPTED
NSE-ISIN:INE051B01021,VAKRANGEE,ADD,2014-02-27,2014-02-28 09:15:00+05:30,2014-03-28,2014-02-28 09:15:00+05:30,DATE_ONLY_CONSERVATIVE_NEXT_SESSION,https://www.niftyindices.com/Press_Release/ind_prs27022014.pdf,ACCEPTED
NSE-ISIN:INE077A01010,DENABANK,DROP,2014-02-27,2014-02-28 09:15:00+05:30,2014-03-28,2014-02-28 09:15:00+05:30,DATE_ONLY_CONSERVATIVE_NEXT_SESSION,https://www.niftyindices.com/Press_Release/ind_prs27022014.pdf,ACCEPTED
NSE-ISIN:INE085A01013,CHAMBLFERT,DROP,2014-02-27,2014-02-28 09:15:00+05:30,2014-03-28,2014-02-28 09:15:00+05:30,DATE_ONLY_CONSERVATIVE_NEXT_SESSION,https://www.niftyindices.com/Press_Release/ind_prs27022014.pdf,ACCEPTED
NSE-ISIN:INE111B01023,FINANTECH,DROP,2014-02-27,2014-02-28 09:15:00+05:30,2014-03-28,2014-02-28 09:15:00+05:30,DATE_ONLY_CONSERVATIVE_NEXT_SESSION,https://www.niftyindices.com/Press_Release/ind_prs27022014.pdf,ACCEPTED
NSE-ISIN:INE123F01029,MMTC,DROP,2014-02-27,2014-02-28 09:15:00+05:30,2014-03-28,2014-02-28 09:15:00+05:30,DATE_ONLY_CONSERVATIVE_NEXT_SESSION,https://www.niftyindices.com/Press_Release/ind_prs27022014.pdf,ACCEPTED
NSE-ISIN:INE131A01031,GMDCLTD,DROP,2014-02-27,2014-02-28 09:15:00+05:30,2014-03-28,2014-02-28 09:15:00+05:30,DATE_ONLY_CONSERVATIVE_NEXT_SESSION,https://www.niftyindices.com/Press_Release/ind_prs27022014.pdf,ACCEPTED
NSE-ISIN:INE136B01020,INFOTECENT,ADD,2014-02-27,2014-02-28 09:15:00+05:30,2014-03-28,2014-02-28 09:15:00+05:30,DATE_ONLY_CONSERVATIVE_NEXT_SESSION,https://www.niftyindices.com/Press_Release/ind_prs27022014.pdf,ACCEPTED
NSE-ISIN:INE212H01026,AIAENG,ADD,2014-02-27,2014-02-28 09:15:00+05:30,2014-03-28,2014-02-28 09:15:00+05:30,DATE_ONLY_CONSERVATIVE_NEXT_SESSION,https://www.niftyindices.com/Press_Release/ind_prs27022014.pdf,ACCEPTED
NSE-ISIN:INE262H01013,PERSISTENT,ADD,2014-02-27,2014-02-28 09:15:00+05:30,2014-03-28,2014-02-28 09:15:00+05:30,DATE_ONLY_CONSERVATIVE_NEXT_SESSION,https://www.niftyindices.com/Press_Release/ind_prs27022014.pdf,ACCEPTED
NSE-ISIN:INE322A01010,GILLETTE,ADD,2014-02-27,2014-02-28 09:15:00+05:30,2014-03-28,2014-02-28 09:15:00+05:30,DATE_ONLY_CONSERVATIVE_NEXT_SESSION,https://www.niftyindices.com/Press_Release/ind_prs27022014.pdf,ACCEPTED
NSE-ISIN:INE346H01014,GITANJALI,DROP,2014-02-27,2014-02-28 09:15:00+05:30,2014-03-28,2014-02-28 09:15:00+05:30,DATE_ONLY_CONSERVATIVE_NEXT_SESSION,https://www.niftyindices.com/Press_Release/ind_prs27022014.pdf,ACCEPTED
NSE-ISIN:INE429C01035,SINTEX,DROP,2014-02-27,2014-02-28 09:15:00+05:30,2014-03-28,2014-02-28 09:15:00+05:30,DATE_ONLY_CONSERVATIVE_NEXT_SESSION,https://www.niftyindices.com/Press_Release/ind_prs27022014.pdf,ACCEPTED
NSE-ISIN:INE483A01010,CENTRALBK,DROP,2014-02-27,2014-02-28 09:15:00+05:30,2014-03-28,2014-02-28 09:15:00+05:30,DATE_ONLY_CONSERVATIVE_NEXT_SESSION,https://www.niftyindices.com/Press_Release/ind_prs27022014.pdf,ACCEPTED
NSE-ISIN:INE517F01014,GPPL,ADD,2014-02-27,2014-02-28 09:15:00+05:30,2014-03-28,2014-02-28 09:15:00+05:30,DATE_ONLY_CONSERVATIVE_NEXT_SESSION,https://www.niftyindices.com/Press_Release/ind_prs27022014.pdf,ACCEPTED
NSE-ISIN:INE538A01037,GUJFLUORO,DROP,2014-02-27,2014-02-28 09:15:00+05:30,2014-03-28,2014-02-28 09:15:00+05:30,DATE_ONLY_CONSERVATIVE_NEXT_SESSION,https://www.niftyindices.com/Press_Release/ind_prs27022014.pdf,ACCEPTED
NSE-ISIN:INE591G01017,NIITTECH,ADD,2014-02-27,2014-02-28 09:15:00+05:30,2014-03-28,2014-02-28 09:15:00+05:30,DATE_ONLY_CONSERVATIVE_NEXT_SESSION,https://www.niftyindices.com/Press_Release/ind_prs27022014.pdf,ACCEPTED
NSE-ISIN:INE599M01018,JUSTDIAL,ADD,2014-02-27,2014-02-28 09:15:00+05:30,2014-03-28,2014-02-28 09:15:00+05:30,DATE_ONLY_CONSERVATIVE_NEXT_SESSION,https://www.niftyindices.com/Press_Release/ind_prs27022014.pdf,ACCEPTED
NSE-ISIN:INE621H01010,RELIGARE,ADD,2014-02-27,2014-02-28 09:15:00+05:30,2014-03-28,2014-02-28 09:15:00+05:30,DATE_ONLY_CONSERVATIVE_NEXT_SESSION,https://www.niftyindices.com/Press_Release/ind_prs27022014.pdf,ACCEPTED
NSE-ISIN:INE663F01024,NAUKRI,ADD,2014-02-27,2014-02-28 09:15:00+05:30,2014-03-28,2014-02-28 09:15:00+05:30,DATE_ONLY_CONSERVATIVE_NEXT_SESSION,https://www.niftyindices.com/Press_Release/ind_prs27022014.pdf,ACCEPTED
NSE-ISIN:INE701B01021,PUNJLLOYD,DROP,2014-02-27,2014-02-28 09:15:00+05:30,2014-03-28,2014-02-28 09:15:00+05:30,DATE_ONLY_CONSERVATIVE_NEXT_SESSION,https://www.niftyindices.com/Press_Release/ind_prs27022014.pdf,ACCEPTED
NSE-ISIN:INE703A01011,VIDEOIND,DROP,2014-02-27,2014-02-28 09:15:00+05:30,2014-03-28,2014-02-28 09:15:00+05:30,DATE_ONLY_CONSERVATIVE_NEXT_SESSION,https://www.niftyindices.com/Press_Release/ind_prs27022014.pdf,ACCEPTED
NSE-ISIN:INE722A01011,SHRIRAMCIT,DROP,2014-02-27,2014-02-28 09:15:00+05:30,2014-03-28,2014-02-28 09:15:00+05:30,DATE_ONLY_CONSERVATIVE_NEXT_SESSION,https://www.niftyindices.com/Press_Release/ind_prs27022014.pdf,ACCEPTED
NSE-ISIN:INE725E01016,ORISSAMINE,DROP,2014-02-27,2014-02-28 09:15:00+05:30,2014-03-28,2014-02-28 09:15:00+05:30,DATE_ONLY_CONSERVATIVE_NEXT_SESSION,https://www.niftyindices.com/Press_Release/ind_prs27022014.pdf,ACCEPTED
NSE-ISIN:INE738I01010,ECLERX,ADD,2014-02-27,2014-02-28 09:15:00+05:30,2014-03-28,2014-02-28 09:15:00+05:30,DATE_ONLY_CONSERVATIVE_NEXT_SESSION,https://www.niftyindices.com/Press_Release/ind_prs27022014.pdf,ACCEPTED
NSE-ISIN:INE808B01016,OPTOCIRCUI,DROP,2014-02-27,2014-02-28 09:15:00+05:30,2014-03-28,2014-02-28 09:15:00+05:30,DATE_ONLY_CONSERVATIVE_NEXT_SESSION,https://www.niftyindices.com/Press_Release/ind_prs27022014.pdf,ACCEPTED
NSE-ISIN:INE813H01021,TORNTPOWER,ADD,2014-02-27,2014-02-28 09:15:00+05:30,2014-03-28,2014-02-28 09:15:00+05:30,DATE_ONLY_CONSERVATIVE_NEXT_SESSION,https://www.niftyindices.com/Press_Release/ind_prs27022014.pdf,ACCEPTED
NSE-ISIN:INE836A01035,KPIT,ADD,2014-02-27,2014-02-28 09:15:00+05:30,2014-03-28,2014-02-28 09:15:00+05:30,DATE_ONLY_CONSERVATIVE_NEXT_SESSION,https://www.niftyindices.com/Press_Release/ind_prs27022014.pdf,ACCEPTED
NSE-ISIN:INE849A01012,TRENT,ADD,2014-02-27,2014-02-28 09:15:00+05:30,2014-03-28,2014-02-28 09:15:00+05:30,DATE_ONLY_CONSERVATIVE_NEXT_SESSION,https://www.niftyindices.com/Press_Release/ind_prs27022014.pdf,ACCEPTED
NSE-ISIN:INE982F01028,HATHWAY,DROP,2014-02-27,2014-02-28 09:15:00+05:30,2014-03-28,2014-02-28 09:15:00+05:30,DATE_ONLY_CONSERVATIVE_NEXT_SESSION,https://www.niftyindices.com/Press_Release/ind_prs27022014.pdf,ACCEPTED
NSE-ISIN:INE007A01025,CRISIL,DROP,2014-08-20,2014-08-21 09:15:00+05:30,2014-09-19,2014-08-21 09:15:00+05:30,DATE_ONLY_CONSERVATIVE_NEXT_SESSION,https://www.niftyindices.com/Press_Release/ind_prs20082014.pdf,ACCEPTED
NSE-ISIN:INE017A01032,GESHIP,DROP,2014-08-20,2014-08-21 09:15:00+05:30,2014-09-19,2014-08-21 09:15:00+05:30,DATE_ONLY_CONSERVATIVE_NEXT_SESSION,https://www.niftyindices.com/Press_Release/ind_prs20082014.pdf,ACCEPTED
NSE-ISIN:INE051B01021,VAKRANGEE,DROP,2014-08-20,2014-08-21 09:15:00+05:30,2014-09-19,2014-08-21 09:15:00+05:30,DATE_ONLY_CONSERVATIVE_NEXT_SESSION,https://www.niftyindices.com/Press_Release/ind_prs20082014.pdf,ACCEPTED
NSE-ISIN:INE087H01022,RENUKA,DROP,2014-08-20,2014-08-21 09:15:00+05:30,2014-09-19,2014-08-21 09:15:00+05:30,DATE_ONLY_CONSERVATIVE_NEXT_SESSION,https://www.niftyindices.com/Press_Release/ind_prs20082014.pdf,ACCEPTED
NSE-ISIN:INE118A01012,BAJAJHLDNG,DROP,2014-08-20,2014-08-21 09:15:00+05:30,2014-09-19,2014-08-21 09:15:00+05:30,DATE_ONLY_CONSERVATIVE_NEXT_SESSION,https://www.niftyindices.com/Press_Release/ind_prs20082014.pdf,ACCEPTED
NSE-ISIN:INE124G01033,DELTACORP,ADD,2014-08-20,2014-08-21 09:15:00+05:30,2014-09-19,2014-08-21 09:15:00+05:30,DATE_ONLY_CONSERVATIVE_NEXT_SESSION,https://www.niftyindices.com/Press_Release/ind_prs20082014.pdf,ACCEPTED
NSE-ISIN:INE130C01021,AMTEKAUTO,ADD,2014-08-20,2014-08-21 09:15:00+05:30,2014-09-19,2014-08-21 09:15:00+05:30,DATE_ONLY_CONSERVATIVE_NEXT_SESSION,https://www.niftyindices.com/Press_Release/ind_prs20082014.pdf,ACCEPTED
NSE-ISIN:INE136B01020,CYIENT,DROP,2014-08-20,2014-08-21 09:15:00+05:30,2014-09-19,2014-08-21 09:15:00+05:30,DATE_ONLY_CONSERVATIVE_NEXT_SESSION,https://www.niftyindices.com/Press_Release/ind_prs20082014.pdf,ACCEPTED
NSE-ISIN:INE139A01034,NATIONALUM,ADD,2014-08-20,2014-08-21 09:15:00+05:30,2014-09-19,2014-08-21 09:15:00+05:30,DATE_ONLY_CONSERVATIVE_NEXT_SESSION,https://www.niftyindices.com/Press_Release/ind_prs20082014.pdf,ACCEPTED
NSE-ISIN:INE169A01031,COROMANDEL,DROP,2014-08-20,2014-08-21 09:15:00+05:30,2014-09-19,2014-08-21 09:15:00+05:30,DATE_ONLY_CONSERVATIVE_NEXT_SESSION,https://www.niftyindices.com/Press_Release/ind_prs20082014.pdf,ACCEPTED
NSE-ISIN:INE172A01027,CASTROLIND,ADD,2014-08-20,2014-08-21 09:15:00+05:30,2014-09-19,2014-08-21 09:15:00+05:30,DATE_ONLY_CONSERVATIVE_NEXT_SESSION,https://www.niftyindices.com/Press_Release/ind_prs20082014.pdf,ACCEPTED
NSE-ISIN:INE180K01011,SKSMICRO,ADD,2014-08-20,2014-08-21 09:15:00+05:30,2014-09-19,2014-08-21 09:15:00+05:30,DATE_ONLY_CONSERVATIVE_NEXT_SESSION,https://www.niftyindices.com/Press_Release/ind_prs20082014.pdf,ACCEPTED
NSE-ISIN:INE195A01028,SUPREMEIND,DROP,2014-08-20,2014-08-21 09:15:00+05:30,2014-09-19,2014-08-21 09:15:00+05:30,DATE_ONLY_CONSERVATIVE_NEXT_SESSION,https://www.niftyindices.com/Press_Release/ind_prs20082014.pdf,ACCEPTED
NSE-ISIN:INE196A01026,MARICO,ADD,2014-08-20,2014-08-21 09:15:00+05:30,2014-09-19,2014-08-21 09:15:00+05:30,DATE_ONLY_CONSERVATIVE_NEXT_SESSION,https://www.niftyindices.com/Press_Release/ind_prs20082014.pdf,ACCEPTED
NSE-ISIN:INE202B01012,DHFL,ADD,2014-08-20,2014-08-21 09:15:00+05:30,2014-09-19,2014-08-21 09:15:00+05:30,DATE_ONLY_CONSERVATIVE_NEXT_SESSION,https://www.niftyindices.com/Press_Release/ind_prs20082014.pdf,ACCEPTED
NSE-ISIN:INE242A01010,IOC,ADD,2014-08-20,2014-08-21 09:15:00+05:30,2014-09-19,2014-08-21 09:15:00+05:30,DATE_ONLY_CONSERVATIVE_NEXT_SESSION,https://www.niftyindices.com/Press_Release/ind_prs20082014.pdf,ACCEPTED
NSE-ISIN:INE264A01014,GSKCONS,DROP,2014-08-20,2014-08-21 09:15:00+05:30,2014-09-19,2014-08-21 09:15:00+05:30,DATE_ONLY_CONSERVATIVE_NEXT_SESSION,https://www.niftyindices.com/Press_Release/ind_prs20082014.pdf,ACCEPTED
NSE-ISIN:INE322A01010,GILLETTE,DROP,2014-08-20,2014-08-21 09:15:00+05:30,2014-09-19,2014-08-21 09:15:00+05:30,DATE_ONLY_CONSERVATIVE_NEXT_SESSION,https://www.niftyindices.com/Press_Release/ind_prs20082014.pdf,ACCEPTED
NSE-ISIN:INE414G01012,MUTHOOTFIN,ADD,2014-08-20,2014-08-21 09:15:00+05:30,2014-09-19,2014-08-21 09:15:00+05:30,DATE_ONLY_CONSERVATIVE_NEXT_SESSION,https://www.niftyindices.com/Press_Release/ind_prs20082014.pdf,ACCEPTED
NSE-ISIN:INE455I01029,KSCL,ADD,2014-08-20,2014-08-21 09:15:00+05:30,2014-09-19,2014-08-21 09:15:00+05:30,DATE_ONLY_CONSERVATIVE_NEXT_SESSION,https://www.niftyindices.com/Press_Release/ind_prs20082014.pdf,ACCEPTED
NSE-ISIN:INE463A01020,BERGEPAINT,DROP,2014-08-20,2014-08-21 09:15:00+05:30,2014-09-19,2014-08-21 09:15:00+05:30,DATE_ONLY_CONSERVATIVE_NEXT_SESSION,https://www.niftyindices.com/Press_Release/ind_prs20082014.pdf,ACCEPTED
NSE-ISIN:INE494B01023,TVSMOTOR,ADD,2014-08-20,2014-08-21 09:15:00+05:30,2014-09-19,2014-08-21 09:15:00+05:30,DATE_ONLY_CONSERVATIVE_NEXT_SESSION,https://www.niftyindices.com/Press_Release/ind_prs20082014.pdf,ACCEPTED
NSE-ISIN:INE503A01015,DCBBANK,ADD,2014-08-20,2014-08-21 09:15:00+05:30,2014-09-19,2014-08-21 09:15:00+05:30,DATE_ONLY_CONSERVATIVE_NEXT_SESSION,https://www.niftyindices.com/Press_Release/ind_prs20082014.pdf,ACCEPTED
NSE-ISIN:INE510A01028,ENGINERSIN,ADD,2014-08-20,2014-08-21 09:15:00+05:30,2014-09-19,2014-08-21 09:15:00+05:30,DATE_ONLY_CONSERVATIVE_NEXT_SESSION,https://www.niftyindices.com/Press_Release/ind_prs20082014.pdf,ACCEPTED
NSE-ISIN:INE532F01054,EDELWEISS,ADD,2014-08-20,2014-08-21 09:15:00+05:30,2014-09-19,2014-08-21 09:15:00+05:30,DATE_ONLY_CONSERVATIVE_NEXT_SESSION,https://www.niftyindices.com/Press_Release/ind_prs20082014.pdf,ACCEPTED
NSE-ISIN:INE612J01015,REPCOHOME,ADD,2014-08-20,2014-08-21 09:15:00+05:30,2014-09-19,2014-08-21 09:15:00+05:30,DATE_ONLY_CONSERVATIVE_NEXT_SESSION,https://www.niftyindices.com/Press_Release/ind_prs20082014.pdf,ACCEPTED
NSE-ISIN:INE621H01010,RELIGARE,DROP,2014-08-20,2014-08-21 09:15:00+05:30,2014-09-19,2014-08-21 09:15:00+05:30,DATE_ONLY_CONSERVATIVE_NEXT_SESSION,https://www.niftyindices.com/Press_Release/ind_prs20082014.pdf,ACCEPTED
NSE-ISIN:INE705A01016,VIJAYABANK,DROP,2014-08-20,2014-08-21 09:15:00+05:30,2014-09-19,2014-08-21 09:15:00+05:30,DATE_ONLY_CONSERVATIVE_NEXT_SESSION,https://www.niftyindices.com/Press_Release/ind_prs20082014.pdf,ACCEPTED
NSE-ISIN:INE738I01010,ECLERX,DROP,2014-08-20,2014-08-21 09:15:00+05:30,2014-09-19,2014-08-21 09:15:00+05:30,DATE_ONLY_CONSERVATIVE_NEXT_SESSION,https://www.niftyindices.com/Press_Release/ind_prs20082014.pdf,ACCEPTED
NSE-ISIN:INE752H01013,CARERATING,ADD,2014-08-20,2014-08-21 09:15:00+05:30,2014-09-19,2014-08-21 09:15:00+05:30,DATE_ONLY_CONSERVATIVE_NEXT_SESSION,https://www.niftyindices.com/Press_Release/ind_prs20082014.pdf,ACCEPTED
NSE-ISIN:INE811K01011,PRESTIGE,ADD,2014-08-20,2014-08-21 09:15:00+05:30,2014-09-19,2014-08-21 09:15:00+05:30,DATE_ONLY_CONSERVATIVE_NEXT_SESSION,https://www.niftyindices.com/Press_Release/ind_prs20082014.pdf,ACCEPTED
NSE-ISIN:INE814H01011,ADANIPOWER,DROP,2014-08-20,2014-08-21 09:15:00+05:30,2014-09-19,2014-08-21 09:15:00+05:30,DATE_ONLY_CONSERVATIVE_NEXT_SESSION,https://www.niftyindices.com/Press_Release/ind_prs20082014.pdf,ACCEPTED
NSE-ISIN:INE824B01021,BHUSANSTL,DROP,2014-08-20,2014-08-21 09:15:00+05:30,2014-09-19,2014-08-21 09:15:00+05:30,DATE_ONLY_CONSERVATIVE_NEXT_SESSION,https://www.niftyindices.com/Press_Release/ind_prs20082014.pdf,ACCEPTED
NSE-ISIN:INE849A01012,TRENT,DROP,2014-08-20,2014-08-21 09:15:00+05:30,2014-09-19,2014-08-21 09:15:00+05:30,DATE_ONLY_CONSERVATIVE_NEXT_SESSION,https://www.niftyindices.com/Press_Release/ind_prs20082014.pdf,ACCEPTED
NSE-ISIN:INE854D01016,MCDOWELL-N,DROP,2014-08-20,2014-08-21 09:15:00+05:30,2014-09-19,2014-08-21 09:15:00+05:30,DATE_ONLY_CONSERVATIVE_NEXT_SESSION,https://www.niftyindices.com/Press_Release/ind_prs20082014.pdf,ACCEPTED
NSE-ISIN:INE901L01018,APLLTD,ADD,2014-08-20,2014-08-21 09:15:00+05:30,2014-09-19,2014-08-21 09:15:00+05:30,DATE_ONLY_CONSERVATIVE_NEXT_SESSION,https://www.niftyindices.com/Press_Release/ind_prs20082014.pdf,ACCEPTED
NSE-ISIN:INE918I01018,BAJAJFINSV,DROP,2014-08-20,2014-08-21 09:15:00+05:30,2014-09-19,2014-08-21 09:15:00+05:30,DATE_ONLY_CONSERVATIVE_NEXT_SESSION,https://www.niftyindices.com/Press_Release/ind_prs20082014.pdf,ACCEPTED
NSE-ISIN:INE956G01038,WABAG,ADD,2014-08-20,2014-08-21 09:15:00+05:30,2014-09-19,2014-08-21 09:15:00+05:30,DATE_ONLY_CONSERVATIVE_NEXT_SESSION,https://www.niftyindices.com/Press_Release/ind_prs20082014.pdf,ACCEPTED
NSE-ISIN:INE015A01028,RANBAXY,DROP,2014-11-18,2014-11-19 09:15:00+05:30,2014-11-28,2014-11-19 09:15:00+05:30,DATE_ONLY_CONSERVATIVE_NEXT_SESSION,https://www.niftyindices.com/Press_Release/ind_prs18112014.pdf,ACCEPTED
NSE-ISIN:INE051B01021,VAKRANGEE,ADD,2014-11-18,2014-11-19 09:15:00+05:30,2014-11-28,2014-11-19 09:15:00+05:30,DATE_ONLY_CONSERVATIVE_NEXT_SESSION,https://www.niftyindices.com/Press_Release/ind_prs18112014.pdf,ACCEPTED
NSE-ISIN:INE007A01025,CRISIL,ADD,2015-01-23,2015-01-27 09:15:00+05:30,2015-02-02,2015-01-27 09:15:00+05:30,DATE_ONLY_CONSERVATIVE_NEXT_SESSION,https://www.niftyindices.com/Press_Release/ind_prs23012015.pdf,ACCEPTED
NSE-ISIN:INE034A01011,ARVIND,DROP,2015-01-23,2015-01-27 09:15:00+05:30,2015-02-02,2015-01-27 09:15:00+05:30,DATE_ONLY_CONSERVATIVE_NEXT_SESSION,https://www.niftyindices.com/Press_Release/ind_prs23012015.pdf,ACCEPTED
NSE-ISIN:INE166A01011,INGVYSYABK,DROP,2015-01-21,2015-01-22 09:15:00+05:30,2015-02-02,2015-01-22 09:15:00+05:30,DATE_ONLY_CONSERVATIVE_NEXT_SESSION,https://www.niftyindices.com/Press_Release/ind_prs21012015.pdf,ACCEPTED
NSE-ISIN:INE918I01018,BAJAJFINSV,ADD,2015-01-21,2015-01-22 09:15:00+05:30,2015-02-02,2015-01-22 09:15:00+05:30,DATE_ONLY_CONSERVATIVE_NEXT_SESSION,https://www.niftyindices.com/Press_Release/ind_prs21012015.pdf,ACCEPTED
NSE-ISIN:INE008I01026,COX&KINGS,ADD,2015-03-18,2015-03-19 09:15:00+05:30,2015-03-27,2015-03-19 09:15:00+05:30,DATE_ONLY_CONSERVATIVE_NEXT_SESSION,https://www.niftyindices.com/Press_Release/ind_prs18032015_2.pdf,ACCEPTED
NSE-ISIN:INE152A01029,THERMAX,DROP,2015-02-20,2015-02-23 09:15:00+05:30,2015-03-27,2015-02-23 09:15:00+05:30,DATE_ONLY_CONSERVATIVE_NEXT_SESSION,https://www.niftyindices.com/Press_Release/ind_prs20022015.pdf,ACCEPTED
NSE-ISIN:INE159A01016,GLAXO,DROP,2015-02-20,2015-02-23 09:15:00+05:30,2015-03-27,2015-02-23 09:15:00+05:30,DATE_ONLY_CONSERVATIVE_NEXT_SESSION,https://www.niftyindices.com/Press_Release/ind_prs20022015.pdf,ACCEPTED
NSE-ISIN:INE264A01014,GSKCONS,ADD,2015-02-20,2015-02-23 09:15:00+05:30,2015-03-27,2015-02-23 09:15:00+05:30,DATE_ONLY_CONSERVATIVE_NEXT_SESSION,https://www.niftyindices.com/Press_Release/ind_prs20022015.pdf,ACCEPTED
NSE-ISIN:INE314A01017,CMC,DROP,2015-03-18,2015-03-19 09:15:00+05:30,2015-03-27,2015-03-19 09:15:00+05:30,DATE_ONLY_CONSERVATIVE_NEXT_SESSION,https://www.niftyindices.com/Press_Release/ind_prs18032015_2.pdf,ACCEPTED
NSE-ISIN:INE331A01037,RAMCOCEM,DROP,2015-02-20,2015-02-23 09:15:00+05:30,2015-03-27,2015-02-23 09:15:00+05:30,DATE_ONLY_CONSERVATIVE_NEXT_SESSION,https://www.niftyindices.com/Press_Release/ind_prs20022015.pdf,ACCEPTED
NSE-ISIN:INE351F01018,JPPOWER,DROP,2015-02-20,2015-02-23 09:15:00+05:30,2015-03-27,2015-02-23 09:15:00+05:30,DATE_ONLY_CONSERVATIVE_NEXT_SESSION,https://www.niftyindices.com/Press_Release/ind_prs20022015.pdf,ACCEPTED
NSE-ISIN:INE356A01018,MPHASIS,DROP,2015-02-20,2015-02-23 09:15:00+05:30,2015-03-27,2015-02-23 09:15:00+05:30,DATE_ONLY_CONSERVATIVE_NEXT_SESSION,https://www.niftyindices.com/Press_Release/ind_prs20022015.pdf,ACCEPTED
NSE-ISIN:INE463A01038,BERGEPAINT,ADD,2015-02-20,2015-02-23 09:15:00+05:30,2015-03-27,2015-02-23 09:15:00+05:30,DATE_ONLY_CONSERVATIVE_NEXT_SESSION,https://www.niftyindices.com/Press_Release/ind_prs20022015.pdf,ACCEPTED
NSE-ISIN:INE562A01011,INDIANB,DROP,2015-02-20,2015-02-23 09:15:00+05:30,2015-03-27,2015-02-23 09:15:00+05:30,DATE_ONLY_CONSERVATIVE_NEXT_SESSION,https://www.niftyindices.com/Press_Release/ind_prs20022015.pdf,ACCEPTED
NSE-ISIN:INE580B01029,GRUH,ADD,2015-02-20,2015-02-23 09:15:00+05:30,2015-03-27,2015-02-23 09:15:00+05:30,DATE_ONLY_CONSERVATIVE_NEXT_SESSION,https://www.niftyindices.com/Press_Release/ind_prs20022015.pdf,ACCEPTED
NSE-ISIN:INE591G01017,NIITTECH,DROP,2015-02-20,2015-02-23 09:15:00+05:30,2015-03-27,2015-02-23 09:15:00+05:30,DATE_ONLY_CONSERVATIVE_NEXT_SESSION,https://www.niftyindices.com/Press_Release/ind_prs20022015.pdf,ACCEPTED
NSE-ISIN:INE786A01032,JKLAKSHMI,ADD,2015-02-20,2015-02-23 09:15:00+05:30,2015-03-27,2015-02-23 09:15:00+05:30,DATE_ONLY_CONSERVATIVE_NEXT_SESSION,https://www.niftyindices.com/Press_Release/ind_prs20022015.pdf,ACCEPTED
NSE-ISIN:INE854D01016,MCDOWELL-N,ADD,2015-02-20,2015-02-23 09:15:00+05:30,2015-03-27,2015-02-23 09:15:00+05:30,DATE_ONLY_CONSERVATIVE_NEXT_SESSION,https://www.niftyindices.com/Press_Release/ind_prs20022015.pdf,ACCEPTED
NSE-ISIN:INE868B01028,NCC,ADD,2015-02-20,2015-02-23 09:15:00+05:30,2015-03-27,2015-02-23 09:15:00+05:30,DATE_ONLY_CONSERVATIVE_NEXT_SESSION,https://www.niftyindices.com/Press_Release/ind_prs20022015.pdf,ACCEPTED
NSE-ISIN:INE891D01026,REDINGTON,ADD,2015-02-20,2015-02-23 09:15:00+05:30,2015-03-27,2015-02-23 09:15:00+05:30,DATE_ONLY_CONSERVATIVE_NEXT_SESSION,https://www.niftyindices.com/Press_Release/ind_prs20022015.pdf,ACCEPTED
NSE-ISIN:INE043D01016,IDFC,DROP,2015-04-29,2015-04-30 09:15:00+05:30,2015-05-29,2015-04-30 09:15:00+05:30,DATE_ONLY_CONSERVATIVE_NEXT_SESSION,https://www.niftyindices.com/Press_Release/ind_prs29042015.pdf,ACCEPTED
NSE-ISIN:INE200A01026,ALSTOMT&D,ADD,2015-04-29,2015-04-30 09:15:00+05:30,2015-05-29,2015-04-30 09:15:00+05:30,DATE_ONLY_CONSERVATIVE_NEXT_SESSION,https://www.niftyindices.com/Press_Release/ind_prs29042015.pdf,ACCEPTED
NSE-ISIN:INE423A01024,ADANIENT,DROP,2015-04-29,2015-04-30 09:15:00+05:30,2015-05-29,2015-04-30 09:15:00+05:30,DATE_ONLY_CONSERVATIVE_NEXT_SESSION,https://www.niftyindices.com/Press_Release/ind_prs29042015.pdf,ACCEPTED
NSE-ISIN:INE491A01021,CUB,ADD,2015-04-29,2015-04-30 09:15:00+05:30,2015-05-29,2015-04-30 09:15:00+05:30,DATE_ONLY_CONSERVATIVE_NEXT_SESSION,https://www.niftyindices.com/Press_Release/ind_prs29042015.pdf,ACCEPTED
NSE-ISIN:INE031B01049,AJANTPHARM,ADD,2015-08-12,2015-08-13 09:15:00+05:30,2015-09-28,2015-08-13 09:15:00+05:30,DATE_ONLY_CONSERVATIVE_NEXT_SESSION,https://www.niftyindices.com/Press_Release/ind_prs12082015.pdf,ACCEPTED
NSE-ISIN:INE053A01029,INDHOTEL,DROP,2015-08-12,2015-08-13 09:15:00+05:30,2015-09-28,2015-08-13 09:15:00+05:30,DATE_ONLY_CONSERVATIVE_NEXT_SESSION,https://www.niftyindices.com/Press_Release/ind_prs12082015.pdf,ACCEPTED
NSE-ISIN:INE067A01029,CROMPGREAV,DROP,2015-08-24,2015-08-25 09:15:00+05:30,2015-09-28,2015-08-25 09:15:00+05:30,DATE_ONLY_CONSERVATIVE_NEXT_SESSION,https://www.niftyindices.com/Press_Release/ind_prs24082015.pdf,ACCEPTED
NSE-ISIN:INE124G01033,DELTACORP,DROP,2015-08-12,2015-08-13 09:15:00+05:30,2015-09-28,2015-08-13 09:15:00+05:30,DATE_ONLY_CONSERVATIVE_NEXT_SESSION,https://www.niftyindices.com/Press_Release/ind_prs12082015.pdf,ACCEPTED
NSE-ISIN:INE139A01034,NATIONALUM,DROP,2015-08-12,2015-08-13 09:15:00+05:30,2015-09-28,2015-08-13 09:15:00+05:30,DATE_ONLY_CONSERVATIVE_NEXT_SESSION,https://www.niftyindices.com/Press_Release/ind_prs12082015.pdf,ACCEPTED
NSE-ISIN:INE180A01020,MAX,DROP,2015-08-24,2015-08-25 09:15:00+05:30,2015-09-28,2015-08-25 09:15:00+05:30,DATE_ONLY_CONSERVATIVE_NEXT_SESSION,https://www.niftyindices.com/Press_Release/ind_prs24082015.pdf,ACCEPTED
NSE-ISIN:INE217B01028,KAJARIACER,ADD,2015-08-24,2015-08-25 09:15:00+05:30,2015-09-28,2015-08-25 09:15:00+05:30,DATE_ONLY_CONSERVATIVE_NEXT_SESSION,https://www.niftyindices.com/Press_Release/ind_prs24082015.pdf,ACCEPTED
NSE-ISIN:INE226H01026,SADBHAV,ADD,2015-08-12,2015-08-13 09:15:00+05:30,2015-09-28,2015-08-13 09:15:00+05:30,DATE_ONLY_CONSERVATIVE_NEXT_SESSION,https://www.niftyindices.com/Press_Release/ind_prs12082015.pdf,ACCEPTED
NSE-ISIN:INE232I01014,SPARC,ADD,2015-08-12,2015-08-13 09:15:00+05:30,2015-09-28,2015-08-13 09:15:00+05:30,DATE_ONLY_CONSERVATIVE_NEXT_SESSION,https://www.niftyindices.com/Press_Release/ind_prs12082015.pdf,ACCEPTED
NSE-ISIN:INE343B01030,RAJESHEXPO,ADD,2015-08-12,2015-08-13 09:15:00+05:30,2015-09-28,2015-08-13 09:15:00+05:30,DATE_ONLY_CONSERVATIVE_NEXT_SESSION,https://www.niftyindices.com/Press_Release/ind_prs12082015.pdf,ACCEPTED
NSE-ISIN:INE414G01012,MUTHOOTFIN,DROP,2015-08-12,2015-08-13 09:15:00+05:30,2015-09-28,2015-08-13 09:15:00+05:30,DATE_ONLY_CONSERVATIVE_NEXT_SESSION,https://www.niftyindices.com/Press_Release/ind_prs12082015.pdf,ACCEPTED
NSE-ISIN:INE429C01035,SINTEX,ADD,2015-08-12,2015-08-13 09:15:00+05:30,2015-09-28,2015-08-13 09:15:00+05:30,DATE_ONLY_CONSERVATIVE_NEXT_SESSION,https://www.niftyindices.com/Press_Release/ind_prs12082015.pdf,ACCEPTED
NSE-ISIN:INE532F01054,EDELWEISS,DROP,2015-08-12,2015-08-13 09:15:00+05:30,2015-09-28,2015-08-13 09:15:00+05:30,DATE_ONLY_CONSERVATIVE_NEXT_SESSION,https://www.niftyindices.com/Press_Release/ind_prs12082015.pdf,ACCEPTED
NSE-ISIN:INE565A01014,IOB,DROP,2015-08-12,2015-08-13 09:15:00+05:30,2015-09-28,2015-08-13 09:15:00+05:30,DATE_ONLY_CONSERVATIVE_NEXT_SESSION,https://www.niftyindices.com/Press_Release/ind_prs12082015.pdf,ACCEPTED
NSE-ISIN:INE603J01030,PIIND,ADD,2015-08-12,2015-08-13 09:15:00+05:30,2015-09-28,2015-08-13 09:15:00+05:30,DATE_ONLY_CONSERVATIVE_NEXT_SESSION,https://www.niftyindices.com/Press_Release/ind_prs12082015.pdf,ACCEPTED
NSE-ISIN:INE647A01010,SRF,ADD,2015-08-12,2015-08-13 09:15:00+05:30,2015-09-28,2015-08-13 09:15:00+05:30,DATE_ONLY_CONSERVATIVE_NEXT_SESSION,https://www.niftyindices.com/Press_Release/ind_prs12082015.pdf,ACCEPTED
NSE-ISIN:INE691A01018,UCOBANK,DROP,2015-08-12,2015-08-13 09:15:00+05:30,2015-09-28,2015-08-13 09:15:00+05:30,DATE_ONLY_CONSERVATIVE_NEXT_SESSION,https://www.niftyindices.com/Press_Release/ind_prs12082015.pdf,ACCEPTED
NSE-ISIN:INE787D01026,BALKRISIND,ADD,2015-08-24,2015-08-25 09:15:00+05:30,2015-09-28,2015-08-25 09:15:00+05:30,DATE_ONLY_CONSERVATIVE_NEXT_SESSION,https://www.niftyindices.com/Press_Release/ind_prs24082015.pdf,ACCEPTED
NSE-ISIN:INE813H01021,TORNTPOWER,DROP,2015-08-12,2015-08-13 09:15:00+05:30,2015-09-28,2015-08-13 09:15:00+05:30,DATE_ONLY_CONSERVATIVE_NEXT_SESSION,https://www.niftyindices.com/Press_Release/ind_prs12082015.pdf,ACCEPTED
NSE-ISIN:INE814H01011,ADANIPOWER,ADD,2015-08-12,2015-08-13 09:15:00+05:30,2015-09-28,2015-08-13 09:15:00+05:30,DATE_ONLY_CONSERVATIVE_NEXT_SESSION,https://www.niftyindices.com/Press_Release/ind_prs12082015.pdf,ACCEPTED
NSE-ISIN:INE942G01012,MCLEODRUSS,DROP,2015-08-12,2015-08-13 09:15:00+05:30,2015-09-28,2015-08-13 09:15:00+05:30,DATE_ONLY_CONSERVATIVE_NEXT_SESSION,https://www.niftyindices.com/Press_Release/ind_prs12082015.pdf,ACCEPTED
NSE-ISIN:INE987B01018,NATCOPHARM,ADD,2015-08-12,2015-08-13 09:15:00+05:30,2015-09-28,2015-08-13 09:15:00+05:30,DATE_ONLY_CONSERVATIVE_NEXT_SESSION,https://www.niftyindices.com/Press_Release/ind_prs12082015.pdf,ACCEPTED
NSE-ISIN:INE069A01017,ABIRLANUVO,DROP,2015-09-18,2015-09-21 09:15:00+05:30,2015-10-19,2015-09-21 09:15:00+05:30,DATE_ONLY_CONSERVATIVE_NEXT_SESSION,https://www.niftyindices.com/Press_Release/ind_prs18092015.pdf,ACCEPTED
NSE-ISIN:INE852F01015,GDL,ADD,2015-09-18,2015-09-21 09:15:00+05:30,2015-10-19,2015-09-21 09:15:00+05:30,DATE_ONLY_CONSERVATIVE_NEXT_SESSION,https://www.niftyindices.com/Press_Release/ind_prs18092015.pdf,ACCEPTED
NSE-ISIN:IN9155A01020,TATAMTRDVR,ADD,2016-02-22,2016-02-23 09:15:00+05:30,2016-04-01,2016-02-23 09:15:00+05:30,DATE_ONLY_CONSERVATIVE_NEXT_SESSION,https://www.niftyindices.com/Press_Release/ind_prs22022016_2.pdf,ACCEPTED
NSE-ISIN:INE008I01026,COX&KINGS,DROP,2016-02-22,2016-02-23 09:15:00+05:30,2016-04-01,2016-02-23 09:15:00+05:30,DATE_ONLY_CONSERVATIVE_NEXT_SESSION,https://www.niftyindices.com/Press_Release/ind_prs22022016_2.pdf,ACCEPTED
NSE-ISIN:INE017A01032,GESHIP,ADD,2016-02-22,2016-02-23 09:15:00+05:30,2016-04-01,2016-02-23 09:15:00+05:30,DATE_ONLY_CONSERVATIVE_NEXT_SESSION,https://www.niftyindices.com/Press_Release/ind_prs22022016_2.pdf,ACCEPTED
NSE-ISIN:INE034A01011,ARVIND,ADD,2016-02-22,2016-02-23 09:15:00+05:30,2016-04-01,2016-02-23 09:15:00+05:30,DATE_ONLY_CONSERVATIVE_NEXT_SESSION,https://www.niftyindices.com/Press_Release/ind_prs22022016_2.pdf,ACCEPTED
NSE-ISIN:INE039A01010,IFCI,DROP,2016-02-22,2016-02-23 09:15:00+05:30,2016-04-01,2016-02-23 09:15:00+05:30,DATE_ONLY_CONSERVATIVE_NEXT_SESSION,https://www.niftyindices.com/Press_Release/ind_prs22022016_2.pdf,ACCEPTED
NSE-ISIN:INE043D01016,IDFC,ADD,2016-02-22,2016-02-23 09:15:00+05:30,2016-04-01,2016-02-23 09:15:00+05:30,DATE_ONLY_CONSERVATIVE_NEXT_SESSION,https://www.niftyindices.com/Press_Release/ind_prs22022016_2.pdf,ACCEPTED
NSE-ISIN:INE053A01029,INDHOTEL,ADD,2016-02-22,2016-02-23 09:15:00+05:30,2016-04-01,2016-02-23 09:15:00+05:30,DATE_ONLY_CONSERVATIVE_NEXT_SESSION,https://www.niftyindices.com/Press_Release/ind_prs22022016_2.pdf,ACCEPTED
NSE-ISIN:INE061F01013,FORTIS,ADD,2016-02-22,2016-02-23 09:15:00+05:30,2016-04-01,2016-02-23 09:15:00+05:30,DATE_ONLY_CONSERVATIVE_NEXT_SESSION,https://www.niftyindices.com/Press_Release/ind_prs22022016_2.pdf,ACCEPTED
NSE-ISIN:INE066P01011,INOXWIND,ADD,2016-02-22,2016-02-23 09:15:00+05:30,2016-04-01,2016-02-23 09:15:00+05:30,DATE_ONLY_CONSERVATIVE_NEXT_SESSION,https://www.niftyindices.com/Press_Release/ind_prs22022016_2.pdf,ACCEPTED
NSE-ISIN:INE069I01010,IBREALEST,DROP,2016-02-22,2016-02-23 09:15:00+05:30,2016-04-01,2016-02-23 09:15:00+05:30,DATE_ONLY_CONSERVATIVE_NEXT_SESSION,https://www.niftyindices.com/Press_Release/ind_prs22022016_2.pdf,ACCEPTED
NSE-ISIN:INE095N01015,NBCC,ADD,2016-02-22,2016-02-23 09:15:00+05:30,2016-04-01,2016-02-23 09:15:00+05:30,DATE_ONLY_CONSERVATIVE_NEXT_SESSION,https://www.niftyindices.com/Press_Release/ind_prs22022016_2.pdf,ACCEPTED
NSE-ISIN:INE123F01029,MMTC,ADD,2016-02-22,2016-02-23 09:15:00+05:30,2016-04-01,2016-02-23 09:15:00+05:30,DATE_ONLY_CONSERVATIVE_NEXT_SESSION,https://www.niftyindices.com/Press_Release/ind_prs22022016_2.pdf,ACCEPTED
NSE-ISIN:INE130C01021,AMTEKAUTO,DROP,2016-02-22,2016-02-23 09:15:00+05:30,2016-04-01,2016-02-23 09:15:00+05:30,DATE_ONLY_CONSERVATIVE_NEXT_SESSION,https://www.niftyindices.com/Press_Release/ind_prs22022016_2.pdf,ACCEPTED
NSE-ISIN:INE139A01034,NATIONALUM,ADD,2016-02-22,2016-02-23 09:15:00+05:30,2016-04-01,2016-02-23 09:15:00+05:30,DATE_ONLY_CONSERVATIVE_NEXT_SESSION,https://www.niftyindices.com/Press_Release/ind_prs22022016_2.pdf,ACCEPTED
NSE-ISIN:INE141A01014,ORIENTBANK,DROP,2016-02-22,2016-02-23 09:15:00+05:30,2016-04-01,2016-02-23 09:15:00+05:30,DATE_ONLY_CONSERVATIVE_NEXT_SESSION,https://www.niftyindices.com/Press_Release/ind_prs22022016_2.pdf,ACCEPTED
NSE-ISIN:INE152A01029,THERMAX,ADD,2016-02-22,2016-02-23 09:15:00+05:30,2016-04-01,2016-02-23 09:15:00+05:30,DATE_ONLY_CONSERVATIVE_NEXT_SESSION,https://www.niftyindices.com/Press_Release/ind_prs22022016_2.pdf,ACCEPTED
NSE-ISIN:INE159A01016,GLAXO,ADD,2016-02-22,2016-02-23 09:15:00+05:30,2016-04-01,2016-02-23 09:15:00+05:30,DATE_ONLY_CONSERVATIVE_NEXT_SESSION,https://www.niftyindices.com/Press_Release/ind_prs22022016_2.pdf,ACCEPTED
NSE-ISIN:INE168A01017,J&KBANK,DROP,2016-02-22,2016-02-23 09:15:00+05:30,2016-04-01,2016-02-23 09:15:00+05:30,DATE_ONLY_CONSERVATIVE_NEXT_SESSION,https://www.niftyindices.com/Press_Release/ind_prs22022016_2.pdf,ACCEPTED
NSE-ISIN:INE175A01038,JISLJALEQS,DROP,2016-02-22,2016-02-23 09:15:00+05:30,2016-04-01,2016-02-23 09:15:00+05:30,DATE_ONLY_CONSERVATIVE_NEXT_SESSION,https://www.niftyindices.com/Press_Release/ind_prs22022016_2.pdf,ACCEPTED
NSE-ISIN:INE179A01014,PGHH,ADD,2016-02-22,2016-02-23 09:15:00+05:30,2016-04-01,2016-02-23 09:15:00+05:30,DATE_ONLY_CONSERVATIVE_NEXT_SESSION,https://www.niftyindices.com/Press_Release/ind_prs22022016_2.pdf,ACCEPTED
NSE-ISIN:INE182A01018,PFIZER,ADD,2016-02-22,2016-02-23 09:15:00+05:30,2016-04-01,2016-02-23 09:15:00+05:30,DATE_ONLY_CONSERVATIVE_NEXT_SESSION,https://www.niftyindices.com/Press_Release/ind_prs22022016_2.pdf,ACCEPTED
NSE-ISIN:INE191I01012,HDIL,DROP,2016-02-22,2016-02-23 09:15:00+05:30,2016-04-01,2016-02-23 09:15:00+05:30,DATE_ONLY_CONSERVATIVE_NEXT_SESSION,https://www.niftyindices.com/Press_Release/ind_prs22022016_2.pdf,ACCEPTED
NSE-ISIN:INE192B01031,WELSPUNIND,ADD,2016-02-22,2016-02-23 09:15:00+05:30,2016-04-01,2016-02-23 09:15:00+05:30,DATE_ONLY_CONSERVATIVE_NEXT_SESSION,https://www.niftyindices.com/Press_Release/ind_prs22022016_2.pdf,ACCEPTED
NSE-ISIN:INE200A01026,ALSTOMT&D,DROP,2016-02-22,2016-02-23 09:15:00+05:30,2016-04-01,2016-02-23 09:15:00+05:30,DATE_ONLY_CONSERVATIVE_NEXT_SESSION,https://www.niftyindices.com/Press_Release/ind_prs22022016_2.pdf,ACCEPTED
NSE-ISIN:INE217B01028,KAJARIACER,DROP,2016-02-22,2016-02-23 09:15:00+05:30,2016-04-01,2016-02-23 09:15:00+05:30,DATE_ONLY_CONSERVATIVE_NEXT_SESSION,https://www.niftyindices.com/Press_Release/ind_prs22022016_2.pdf,ACCEPTED
NSE-ISIN:INE226H01026,SADBHAV,DROP,2016-02-22,2016-02-23 09:15:00+05:30,2016-04-01,2016-02-23 09:15:00+05:30,DATE_ONLY_CONSERVATIVE_NEXT_SESSION,https://www.niftyindices.com/Press_Release/ind_prs22022016_2.pdf,ACCEPTED
NSE-ISIN:INE258A01016,BEML,ADD,2016-02-22,2016-02-23 09:15:00+05:30,2016-04-01,2016-02-23 09:15:00+05:30,DATE_ONLY_CONSERVATIVE_NEXT_SESSION,https://www.niftyindices.com/Press_Release/ind_prs22022016_2.pdf,ACCEPTED
NSE-ISIN:INE267A01025,HINDZINC,ADD,2016-02-22,2016-02-23 09:15:00+05:30,2016-04-01,2016-02-23 09:15:00+05:30,DATE_ONLY_CONSERVATIVE_NEXT_SESSION,https://www.niftyindices.com/Press_Release/ind_prs22022016_2.pdf,ACCEPTED
NSE-ISIN:INE301A01014,RAYMOND,DROP,2016-02-22,2016-02-23 09:15:00+05:30,2016-04-01,2016-02-23 09:15:00+05:30,DATE_ONLY_CONSERVATIVE_NEXT_SESSION,https://www.niftyindices.com/Press_Release/ind_prs22022016_2.pdf,ACCEPTED
NSE-ISIN:INE331A01037,RAMCOCEM,ADD,2016-02-22,2016-02-23 09:15:00+05:30,2016-04-01,2016-02-23 09:15:00+05:30,DATE_ONLY_CONSERVATIVE_NEXT_SESSION,https://www.niftyindices.com/Press_Release/ind_prs22022016_2.pdf,ACCEPTED
NSE-ISIN:INE356A01018,MPHASIS,ADD,2016-02-22,2016-02-23 09:15:00+05:30,2016-04-01,2016-02-23 09:15:00+05:30,DATE_ONLY_CONSERVATIVE_NEXT_SESSION,https://www.niftyindices.com/Press_Release/ind_prs22022016_2.pdf,ACCEPTED
NSE-ISIN:INE383A01012,INDIACEM,DROP,2016-02-22,2016-02-23 09:15:00+05:30,2016-04-01,2016-02-23 09:15:00+05:30,DATE_ONLY_CONSERVATIVE_NEXT_SESSION,https://www.niftyindices.com/Press_Release/ind_prs22022016_2.pdf,ACCEPTED
NSE-ISIN:INE398R01022,SYNGENE,ADD,2016-02-22,2016-02-23 09:15:00+05:30,2016-04-01,2016-02-23 09:15:00+05:30,DATE_ONLY_CONSERVATIVE_NEXT_SESSION,https://www.niftyindices.com/Press_Release/ind_prs22022016_2.pdf,ACCEPTED
NSE-ISIN:INE414G01012,MUTHOOTFIN,ADD,2016-02-22,2016-02-23 09:15:00+05:30,2016-04-01,2016-02-23 09:15:00+05:30,DATE_ONLY_CONSERVATIVE_NEXT_SESSION,https://www.niftyindices.com/Press_Release/ind_prs22022016_2.pdf,ACCEPTED
NSE-ISIN:INE423A01024,ADANIENT,ADD,2016-02-22,2016-02-23 09:15:00+05:30,2016-04-01,2016-02-23 09:15:00+05:30,DATE_ONLY_CONSERVATIVE_NEXT_SESSION,https://www.niftyindices.com/Press_Release/ind_prs22022016_2.pdf,ACCEPTED
NSE-ISIN:INE429C01035,SINTEX,DROP,2016-02-22,2016-02-23 09:15:00+05:30,2016-04-01,2016-02-23 09:15:00+05:30,DATE_ONLY_CONSERVATIVE_NEXT_SESSION,https://www.niftyindices.com/Press_Release/ind_prs22022016_2.pdf,ACCEPTED
NSE-ISIN:INE434A01013,ANDHRABANK,DROP,2016-02-22,2016-02-23 09:15:00+05:30,2016-04-01,2016-02-23 09:15:00+05:30,DATE_ONLY_CONSERVATIVE_NEXT_SESSION,https://www.niftyindices.com/Press_Release/ind_prs22022016_2.pdf,ACCEPTED
NSE-ISIN:INE455F01025,JPASSOCIAT,DROP,2016-02-22,2016-02-23 09:15:00+05:30,2016-04-01,2016-02-23 09:15:00+05:30,DATE_ONLY_CONSERVATIVE_NEXT_SESSION,https://www.niftyindices.com/Press_Release/ind_prs22022016_2.pdf,ACCEPTED
NSE-ISIN:INE455I01029,KSCL,DROP,2016-02-22,2016-02-23 09:15:00+05:30,2016-04-01,2016-02-23 09:15:00+05:30,DATE_ONLY_CONSERVATIVE_NEXT_SESSION,https://www.niftyindices.com/Press_Release/ind_prs22022016_2.pdf,ACCEPTED
NSE-ISIN:INE483A01010,CENTRALBK,ADD,2016-02-22,2016-02-23 09:15:00+05:30,2016-04-01,2016-02-23 09:15:00+05:30,DATE_ONLY_CONSERVATIVE_NEXT_SESSION,https://www.niftyindices.com/Press_Release/ind_prs22022016_2.pdf,ACCEPTED
NSE-ISIN:INE491A01021,CUB,DROP,2016-02-22,2016-02-23 09:15:00+05:30,2016-04-01,2016-02-23 09:15:00+05:30,DATE_ONLY_CONSERVATIVE_NEXT_SESSION,https://www.niftyindices.com/Press_Release/ind_prs22022016_2.pdf,ACCEPTED
NSE-ISIN:INE503A01015,DCBBANK,DROP,2016-02-22,2016-02-23 09:15:00+05:30,2016-04-01,2016-02-23 09:15:00+05:30,DATE_ONLY_CONSERVATIVE_NEXT_SESSION,https://www.niftyindices.com/Press_Release/ind_prs22022016_2.pdf,ACCEPTED
NSE-ISIN:INE531E01026,HINDCOPPER,ADD,2016-02-22,2016-02-23 09:15:00+05:30,2016-04-01,2016-02-23 09:15:00+05:30,DATE_ONLY_CONSERVATIVE_NEXT_SESSION,https://www.niftyindices.com/Press_Release/ind_prs22022016_2.pdf,ACCEPTED
NSE-ISIN:INE538A01037,GUJFLUORO,ADD,2016-02-22,2016-02-23 09:15:00+05:30,2016-04-01,2016-02-23 09:15:00+05:30,DATE_ONLY_CONSERVATIVE_NEXT_SESSION,https://www.niftyindices.com/Press_Release/ind_prs22022016_2.pdf,ACCEPTED
NSE-ISIN:INE542F01012,PIPAVAVDOC,DROP,2016-02-22,2016-02-23 09:15:00+05:30,2016-04-01,2016-02-23 09:15:00+05:30,DATE_ONLY_CONSERVATIVE_NEXT_SESSION,https://www.niftyindices.com/Press_Release/ind_prs22022016_2.pdf,ACCEPTED
NSE-ISIN:INE562A01011,INDIANB,ADD,2016-02-22,2016-02-23 09:15:00+05:30,2016-04-01,2016-02-23 09:15:00+05:30,DATE_ONLY_CONSERVATIVE_NEXT_SESSION,https://www.niftyindices.com/Press_Release/ind_prs22022016_2.pdf,ACCEPTED
NSE-ISIN:INE565A01014,IOB,ADD,2016-02-22,2016-02-23 09:15:00+05:30,2016-04-01,2016-02-23 09:15:00+05:30,DATE_ONLY_CONSERVATIVE_NEXT_SESSION,https://www.niftyindices.com/Press_Release/ind_prs22022016_2.pdf,ACCEPTED
NSE-ISIN:INE603J01030,PIIND,DROP,2016-02-22,2016-02-23 09:15:00+05:30,2016-04-01,2016-02-23 09:15:00+05:30,DATE_ONLY_CONSERVATIVE_NEXT_SESSION,https://www.niftyindices.com/Press_Release/ind_prs22022016_2.pdf,ACCEPTED
NSE-ISIN:INE612J01015,REPCOHOME,DROP,2016-02-22,2016-02-23 09:15:00+05:30,2016-04-01,2016-02-23 09:15:00+05:30,DATE_ONLY_CONSERVATIVE_NEXT_SESSION,https://www.niftyindices.com/Press_Release/ind_prs22022016_2.pdf,ACCEPTED
NSE-ISIN:INE613A01020,RALLIS,DROP,2016-02-22,2016-02-23 09:15:00+05:30,2016-04-01,2016-02-23 09:15:00+05:30,DATE_ONLY_CONSERVATIVE_NEXT_SESSION,https://www.niftyindices.com/Press_Release/ind_prs22022016_2.pdf,ACCEPTED
NSE-ISIN:INE614B01018,KTKBANK,DROP,2016-02-22,2016-02-23 09:15:00+05:30,2016-04-01,2016-02-23 09:15:00+05:30,DATE_ONLY_CONSERVATIVE_NEXT_SESSION,https://www.niftyindices.com/Press_Release/ind_prs22022016_2.pdf,ACCEPTED
NSE-ISIN:INE670A01012,TATAELXSI,ADD,2016-02-22,2016-02-23 09:15:00+05:30,2016-04-01,2016-02-23 09:15:00+05:30,DATE_ONLY_CONSERVATIVE_NEXT_SESSION,https://www.niftyindices.com/Press_Release/ind_prs22022016_2.pdf,ACCEPTED
NSE-ISIN:INE671H01015,SOBHA,DROP,2016-02-22,2016-02-23 09:15:00+05:30,2016-04-01,2016-02-23 09:15:00+05:30,DATE_ONLY_CONSERVATIVE_NEXT_SESSION,https://www.niftyindices.com/Press_Release/ind_prs22022016_2.pdf,ACCEPTED
NSE-ISIN:INE683A01023,SOUTHBANK,DROP,2016-02-22,2016-02-23 09:15:00+05:30,2016-04-01,2016-02-23 09:15:00+05:30,DATE_ONLY_CONSERVATIVE_NEXT_SESSION,https://www.niftyindices.com/Press_Release/ind_prs22022016_2.pdf,ACCEPTED
NSE-ISIN:INE690A01010,TTKPRESTIG,ADD,2016-02-22,2016-02-23 09:15:00+05:30,2016-04-01,2016-02-23 09:15:00+05:30,DATE_ONLY_CONSERVATIVE_NEXT_SESSION,https://www.niftyindices.com/Press_Release/ind_prs22022016_2.pdf,ACCEPTED
NSE-ISIN:INE691A01018,UCOBANK,ADD,2016-02-22,2016-02-23 09:15:00+05:30,2016-04-01,2016-02-23 09:15:00+05:30,DATE_ONLY_CONSERVATIVE_NEXT_SESSION,https://www.niftyindices.com/Press_Release/ind_prs22022016_2.pdf,ACCEPTED
NSE-ISIN:INE694A01020,UNITECH,DROP,2016-02-22,2016-02-23 09:15:00+05:30,2016-04-01,2016-02-23 09:15:00+05:30,DATE_ONLY_CONSERVATIVE_NEXT_SESSION,https://www.niftyindices.com/Press_Release/ind_prs22022016_2.pdf,ACCEPTED
NSE-ISIN:INE700A01033,JUBILANT,ADD,2016-02-22,2016-02-23 09:15:00+05:30,2016-04-01,2016-02-23 09:15:00+05:30,DATE_ONLY_CONSERVATIVE_NEXT_SESSION,https://www.niftyindices.com/Press_Release/ind_prs22022016_2.pdf,ACCEPTED
NSE-ISIN:INE703A01011,VIDEOIND,ADD,2016-02-22,2016-02-23 09:15:00+05:30,2016-04-01,2016-02-23 09:15:00+05:30,DATE_ONLY_CONSERVATIVE_NEXT_SESSION,https://www.niftyindices.com/Press_Release/ind_prs22022016_2.pdf,ACCEPTED
NSE-ISIN:INE752H01013,CARERATING,DROP,2016-02-22,2016-02-23 09:15:00+05:30,2016-04-01,2016-02-23 09:15:00+05:30,DATE_ONLY_CONSERVATIVE_NEXT_SESSION,https://www.niftyindices.com/Press_Release/ind_prs22022016_2.pdf,ACCEPTED
NSE-ISIN:INE785M01013,PCJEWELLER,ADD,2016-02-22,2016-02-23 09:15:00+05:30,2016-04-01,2016-02-23 09:15:00+05:30,DATE_ONLY_CONSERVATIVE_NEXT_SESSION,https://www.niftyindices.com/Press_Release/ind_prs22022016_2.pdf,ACCEPTED
NSE-ISIN:INE786A01032,JKLAKSHMI,DROP,2016-02-22,2016-02-23 09:15:00+05:30,2016-04-01,2016-02-23 09:15:00+05:30,DATE_ONLY_CONSERVATIVE_NEXT_SESSION,https://www.niftyindices.com/Press_Release/ind_prs22022016_2.pdf,ACCEPTED
NSE-ISIN:INE787D01026,BALKRISIND,DROP,2016-02-22,2016-02-23 09:15:00+05:30,2016-04-01,2016-02-23 09:15:00+05:30,DATE_ONLY_CONSERVATIVE_NEXT_SESSION,https://www.niftyindices.com/Press_Release/ind_prs22022016_2.pdf,ACCEPTED
NSE-ISIN:INE802G01018,JETAIRWAYS,ADD,2016-02-22,2016-02-23 09:15:00+05:30,2016-04-01,2016-02-23 09:15:00+05:30,DATE_ONLY_CONSERVATIVE_NEXT_SESSION,https://www.niftyindices.com/Press_Release/ind_prs22022016_2.pdf,ACCEPTED
NSE-ISIN:INE813H01021,TORNTPOWER,ADD,2016-02-22,2016-02-23 09:15:00+05:30,2016-04-01,2016-02-23 09:15:00+05:30,DATE_ONLY_CONSERVATIVE_NEXT_SESSION,https://www.niftyindices.com/Press_Release/ind_prs22022016_2.pdf,ACCEPTED
NSE-ISIN:INE836A01035,KPIT,DROP,2016-02-22,2016-02-23 09:15:00+05:30,2016-04-01,2016-02-23 09:15:00+05:30,DATE_ONLY_CONSERVATIVE_NEXT_SESSION,https://www.niftyindices.com/Press_Release/ind_prs22022016_2.pdf,ACCEPTED
NSE-ISIN:INE836F01026,DISHTV,ADD,2016-02-22,2016-02-23 09:15:00+05:30,2016-04-01,2016-02-23 09:15:00+05:30,DATE_ONLY_CONSERVATIVE_NEXT_SESSION,https://www.niftyindices.com/Press_Release/ind_prs22022016_2.pdf,ACCEPTED
NSE-ISIN:INE852F01015,GDL,DROP,2016-02-22,2016-02-23 09:15:00+05:30,2016-04-01,2016-02-23 09:15:00+05:30,DATE_ONLY_CONSERVATIVE_NEXT_SESSION,https://www.niftyindices.com/Press_Release/ind_prs22022016_2.pdf,ACCEPTED
NSE-ISIN:INE868B01028,NCC,DROP,2016-02-22,2016-02-23 09:15:00+05:30,2016-04-01,2016-02-23 09:15:00+05:30,DATE_ONLY_CONSERVATIVE_NEXT_SESSION,https://www.niftyindices.com/Press_Release/ind_prs22022016_2.pdf,ACCEPTED
NSE-ISIN:INE877F01012,PTC,DROP,2016-02-22,2016-02-23 09:15:00+05:30,2016-04-01,2016-02-23 09:15:00+05:30,DATE_ONLY_CONSERVATIVE_NEXT_SESSION,https://www.niftyindices.com/Press_Release/ind_prs22022016_2.pdf,ACCEPTED
NSE-ISIN:INE956G01038,WABAG,DROP,2016-02-22,2016-02-23 09:15:00+05:30,2016-04-01,2016-02-23 09:15:00+05:30,DATE_ONLY_CONSERVATIVE_NEXT_SESSION,https://www.niftyindices.com/Press_Release/ind_prs22022016_2.pdf,ACCEPTED
NSE-ISIN:INE017A01032,GESHIP,DROP,2016-08-12,2016-08-16 09:15:00+05:30,2016-09-30,2016-08-16 09:15:00+05:30,DATE_ONLY_CONSERVATIVE_NEXT_SESSION,https://www.niftyindices.com/Press_Release/ind_prs12082016.pdf,ACCEPTED
NSE-ISIN:INE069A01017,ABIRLANUVO,ADD,2016-08-12,2016-08-16 09:15:00+05:30,2016-09-30,2016-08-16 09:15:00+05:30,DATE_ONLY_CONSERVATIVE_NEXT_SESSION,https://www.niftyindices.com/Press_Release/ind_prs12082016.pdf,ACCEPTED
NSE-ISIN:INE092T01019,IDFCBANK,ADD,2016-08-12,2016-08-16 09:15:00+05:30,2016-09-30,2016-08-16 09:15:00+05:30,DATE_ONLY_CONSERVATIVE_NEXT_SESSION,https://www.niftyindices.com/Press_Release/ind_prs12082016.pdf,ACCEPTED
NSE-ISIN:INE121A01016,CHOLAFIN,ADD,2016-08-12,2016-08-16 09:15:00+05:30,2016-09-30,2016-08-16 09:15:00+05:30,DATE_ONLY_CONSERVATIVE_NEXT_SESSION,https://www.niftyindices.com/Press_Release/ind_prs12082016.pdf,ACCEPTED
NSE-ISIN:INE123F01029,MMTC,DROP,2016-08-12,2016-08-16 09:15:00+05:30,2016-09-30,2016-08-16 09:15:00+05:30,DATE_ONLY_CONSERVATIVE_NEXT_SESSION,https://www.niftyindices.com/Press_Release/ind_prs12082016.pdf,ACCEPTED
NSE-ISIN:INE169A01031,COROMANDEL,ADD,2016-08-12,2016-08-16 09:15:00+05:30,2016-09-30,2016-08-16 09:15:00+05:30,DATE_ONLY_CONSERVATIVE_NEXT_SESSION,https://www.niftyindices.com/Press_Release/ind_prs12082016.pdf,ACCEPTED
NSE-ISIN:INE180A01020,MFSL,ADD,2016-08-12,2016-08-16 09:15:00+05:30,2016-09-30,2016-08-16 09:15:00+05:30,DATE_ONLY_CONSERVATIVE_NEXT_SESSION,https://www.niftyindices.com/Press_Release/ind_prs12082016.pdf,ACCEPTED
NSE-ISIN:INE258A01016,BEML,DROP,2016-08-12,2016-08-16 09:15:00+05:30,2016-09-30,2016-08-16 09:15:00+05:30,DATE_ONLY_CONSERVATIVE_NEXT_SESSION,https://www.niftyindices.com/Press_Release/ind_prs12082016.pdf,ACCEPTED
NSE-ISIN:INE428A01015,ALBK,DROP,2016-08-12,2016-08-16 09:15:00+05:30,2016-09-30,2016-08-16 09:15:00+05:30,DATE_ONLY_CONSERVATIVE_NEXT_SESSION,https://www.niftyindices.com/Press_Release/ind_prs12082016.pdf,ACCEPTED
NSE-ISIN:INE531E01026,HINDCOPPER,DROP,2016-08-12,2016-08-16 09:15:00+05:30,2016-09-30,2016-08-16 09:15:00+05:30,DATE_ONLY_CONSERVATIVE_NEXT_SESSION,https://www.niftyindices.com/Press_Release/ind_prs12082016.pdf,ACCEPTED
NSE-ISIN:INE540L01014,ALKEM,ADD,2016-08-12,2016-08-16 09:15:00+05:30,2016-09-30,2016-08-16 09:15:00+05:30,DATE_ONLY_CONSERVATIVE_NEXT_SESSION,https://www.niftyindices.com/Press_Release/ind_prs12082016.pdf,ACCEPTED
NSE-ISIN:INE603J01030,PIIND,ADD,2016-08-12,2016-08-16 09:15:00+05:30,2016-09-30,2016-08-16 09:15:00+05:30,DATE_ONLY_CONSERVATIVE_NEXT_SESSION,https://www.niftyindices.com/Press_Release/ind_prs12082016.pdf,ACCEPTED
NSE-ISIN:INE646L01027,INDIGO,ADD,2016-08-12,2016-08-16 09:15:00+05:30,2016-09-30,2016-08-16 09:15:00+05:30,DATE_ONLY_CONSERVATIVE_NEXT_SESSION,https://www.niftyindices.com/Press_Release/ind_prs12082016.pdf,ACCEPTED
NSE-ISIN:INE647O01011,ABFRL,ADD,2016-08-12,2016-08-16 09:15:00+05:30,2016-09-30,2016-08-16 09:15:00+05:30,DATE_ONLY_CONSERVATIVE_NEXT_SESSION,https://www.niftyindices.com/Press_Release/ind_prs12082016.pdf,ACCEPTED
NSE-ISIN:INE690A01010,TTKPRESTIG,DROP,2016-08-12,2016-08-16 09:15:00+05:30,2016-09-30,2016-08-16 09:15:00+05:30,DATE_ONLY_CONSERVATIVE_NEXT_SESSION,https://www.niftyindices.com/Press_Release/ind_prs12082016.pdf,ACCEPTED
NSE-ISIN:INE691A01018,UCOBANK,DROP,2016-08-12,2016-08-16 09:15:00+05:30,2016-09-30,2016-08-16 09:15:00+05:30,DATE_ONLY_CONSERVATIVE_NEXT_SESSION,https://www.niftyindices.com/Press_Release/ind_prs12082016.pdf,ACCEPTED
NSE-ISIN:INE703A01011,VIDEOIND,DROP,2016-08-12,2016-08-16 09:15:00+05:30,2016-09-30,2016-08-16 09:15:00+05:30,DATE_ONLY_CONSERVATIVE_NEXT_SESSION,https://www.niftyindices.com/Press_Release/ind_prs12082016.pdf,ACCEPTED
NSE-ISIN:INE891D01026,REDINGTON,DROP,2016-08-12,2016-08-16 09:15:00+05:30,2016-09-30,2016-08-16 09:15:00+05:30,DATE_ONLY_CONSERVATIVE_NEXT_SESSION,https://www.niftyindices.com/Press_Release/ind_prs12082016.pdf,ACCEPTED
NSE-ISIN:INE299U01018,CROMPTON,ADD,2016-10-17,2016-10-18 09:15:00+05:30,2016-11-15,2016-10-18 09:15:00+05:30,DATE_ONLY_CONSERVATIVE_NEXT_SESSION,https://www.niftyindices.com/Press_Release/ind_prs17102016.pdf,ACCEPTED
NSE-ISIN:INE910H01017,CAIRN,DROP,2016-10-17,2016-10-18 09:15:00+05:30,2016-11-15,2016-10-18 09:15:00+05:30,DATE_ONLY_CONSERVATIVE_NEXT_SESSION,https://www.niftyindices.com/Press_Release/ind_prs17102016.pdf,ACCEPTED
NSE-ISIN:INE180A01020,MFSL,DROP,2017-01-16,2017-01-17 09:15:00+05:30,2017-01-23,2017-01-17 09:15:00+05:30,DATE_ONLY_CONSERVATIVE_NEXT_SESSION,https://www.niftyindices.com/Press_Release/ind_prs16012017.pdf,ACCEPTED
NSE-ISIN:INE976G01028,RBLBANK,ADD,2017-01-16,2017-01-17 09:15:00+05:30,2017-01-23,2017-01-17 09:15:00+05:30,DATE_ONLY_CONSERVATIVE_NEXT_SESSION,https://www.niftyindices.com/Press_Release/ind_prs16012017.pdf,ACCEPTED
NSE-ISIN:INE010V01017,LTTS,ADD,2017-02-16,2017-02-17 09:15:00+05:30,2017-03-31,2017-02-17 09:15:00+05:30,DATE_ONLY_CONSERVATIVE_NEXT_SESSION,https://www.niftyindices.com/Press_Release/ind_prs16022017.pdf,ACCEPTED
NSE-ISIN:INE066P01011,INOXWIND,DROP,2017-02-16,2017-02-17 09:15:00+05:30,2017-03-31,2017-02-17 09:15:00+05:30,DATE_ONLY_CONSERVATIVE_NEXT_SESSION,https://www.niftyindices.com/Press_Release/ind_prs16022017.pdf,ACCEPTED
NSE-ISIN:INE182A01018,PFIZER,DROP,2017-02-16,2017-02-17 09:15:00+05:30,2017-03-31,2017-02-17 09:15:00+05:30,DATE_ONLY_CONSERVATIVE_NEXT_SESSION,https://www.niftyindices.com/Press_Release/ind_prs16022017.pdf,ACCEPTED
NSE-ISIN:INE262H01013,PERSISTENT,DROP,2017-02-16,2017-02-17 09:15:00+05:30,2017-03-31,2017-02-17 09:15:00+05:30,DATE_ONLY_CONSERVATIVE_NEXT_SESSION,https://www.niftyindices.com/Press_Release/ind_prs16022017.pdf,ACCEPTED
NSE-ISIN:INE439L01019,DALMIABHA,ADD,2017-02-16,2017-02-17 09:15:00+05:30,2017-03-31,2017-02-17 09:15:00+05:30,DATE_ONLY_CONSERVATIVE_NEXT_SESSION,https://www.niftyindices.com/Press_Release/ind_prs16022017.pdf,ACCEPTED
NSE-ISIN:INE522D01027,MANAPPURAM,ADD,2017-02-16,2017-02-17 09:15:00+05:30,2017-03-31,2017-02-17 09:15:00+05:30,DATE_ONLY_CONSERVATIVE_NEXT_SESSION,https://www.niftyindices.com/Press_Release/ind_prs16022017.pdf,ACCEPTED
NSE-ISIN:INE532F01054,EDELWEISS,ADD,2017-02-16,2017-02-17 09:15:00+05:30,2017-03-31,2017-02-17 09:15:00+05:30,DATE_ONLY_CONSERVATIVE_NEXT_SESSION,https://www.niftyindices.com/Press_Release/ind_prs16022017.pdf,ACCEPTED
NSE-ISIN:INE538A01037,GUJFLUORO,DROP,2017-02-16,2017-02-17 09:15:00+05:30,2017-03-31,2017-02-17 09:15:00+05:30,DATE_ONLY_CONSERVATIVE_NEXT_SESSION,https://www.niftyindices.com/Press_Release/ind_prs16022017.pdf,ACCEPTED
NSE-ISIN:INE565A01014,IOB,DROP,2017-02-16,2017-02-17 09:15:00+05:30,2017-03-31,2017-02-17 09:15:00+05:30,DATE_ONLY_CONSERVATIVE_NEXT_SESSION,https://www.niftyindices.com/Press_Release/ind_prs16022017.pdf,ACCEPTED
NSE-ISIN:INE599M01018,JUSTDIAL,DROP,2017-02-16,2017-02-17 09:15:00+05:30,2017-03-31,2017-02-17 09:15:00+05:30,DATE_ONLY_CONSERVATIVE_NEXT_SESSION,https://www.niftyindices.com/Press_Release/ind_prs16022017.pdf,ACCEPTED
NSE-ISIN:INE600L01024,LALPATHLAB,ADD,2017-02-16,2017-02-17 09:15:00+05:30,2017-03-31,2017-02-17 09:15:00+05:30,DATE_ONLY_CONSERVATIVE_NEXT_SESSION,https://www.niftyindices.com/Press_Release/ind_prs16022017.pdf,ACCEPTED
NSE-ISIN:INE615P01015,QUESS,ADD,2017-02-16,2017-02-17 09:15:00+05:30,2017-03-31,2017-02-17 09:15:00+05:30,DATE_ONLY_CONSERVATIVE_NEXT_SESSION,https://www.niftyindices.com/Press_Release/ind_prs16022017.pdf,ACCEPTED
NSE-ISIN:INE670A01012,TATAELXSI,DROP,2017-02-16,2017-02-17 09:15:00+05:30,2017-03-31,2017-02-17 09:15:00+05:30,DATE_ONLY_CONSERVATIVE_NEXT_SESSION,https://www.niftyindices.com/Press_Release/ind_prs16022017.pdf,ACCEPTED
NSE-ISIN:INE726G01019,ICICIPRULI,ADD,2017-02-16,2017-02-17 09:15:00+05:30,2017-03-31,2017-02-17 09:15:00+05:30,DATE_ONLY_CONSERVATIVE_NEXT_SESSION,https://www.niftyindices.com/Press_Release/ind_prs16022017.pdf,ACCEPTED
NSE-ISIN:INE802G01018,JETAIRWAYS,DROP,2017-02-16,2017-02-17 09:15:00+05:30,2017-03-31,2017-02-17 09:15:00+05:30,DATE_ONLY_CONSERVATIVE_NEXT_SESSION,https://www.niftyindices.com/Press_Release/ind_prs16022017.pdf,ACCEPTED
NSE-ISIN:INE913H01037,ENDURANCE,ADD,2017-02-16,2017-02-17 09:15:00+05:30,2017-03-31,2017-02-17 09:15:00+05:30,DATE_ONLY_CONSERVATIVE_NEXT_SESSION,https://www.niftyindices.com/Press_Release/ind_prs16022017.pdf,ACCEPTED
NSE-ISIN:INE002S01010,MGL,ADD,2017-04-27,2017-04-28 09:15:00+05:30,2017-05-26,2017-04-28 09:15:00+05:30,DATE_ONLY_CONSERVATIVE_NEXT_SESSION,https://www.niftyindices.com/Press_Release/ind_prs27042017.pdf,ACCEPTED
NSE-ISIN:INE047A01021,GRASIM,DROP,2017-04-27,2017-04-28 09:15:00+05:30,2017-05-26,2017-04-28 09:15:00+05:30,DATE_ONLY_CONSERVATIVE_NEXT_SESSION,https://www.niftyindices.com/Press_Release/ind_prs27042017.pdf,ACCEPTED
NSE-ISIN:INE069A01017,ABIRLANUVO,DROP,2017-04-27,2017-04-28 09:15:00+05:30,2017-05-26,2017-04-28 09:15:00+05:30,DATE_ONLY_CONSERVATIVE_NEXT_SESSION,https://www.niftyindices.com/Press_Release/ind_prs27042017.pdf,ACCEPTED
NSE-ISIN:INE572E01012,PNBHOUSING,ADD,2017-04-27,2017-04-28 09:15:00+05:30,2017-05-26,2017-04-28 09:15:00+05:30,DATE_ONLY_CONSERVATIVE_NEXT_SESSION,https://www.niftyindices.com/Press_Release/ind_prs27042017.pdf,ACCEPTED
NSE-ISIN:INE013A01015,RELCAPITAL,DROP,2017-08-29,2017-08-30 09:15:00+05:30,2017-09-05,2017-08-30 09:15:00+05:30,DATE_ONLY_CONSERVATIVE_NEXT_SESSION,https://www.niftyindices.com/Press_Release/ind_prs29082017.pdf,ACCEPTED
NSE-ISIN:INE180A01020,MFSL,ADD,2017-08-29,2017-08-30 09:15:00+05:30,2017-09-05,2017-08-30 09:15:00+05:30,DATE_ONLY_CONSERVATIVE_NEXT_SESSION,https://www.niftyindices.com/Press_Release/ind_prs29082017.pdf,ACCEPTED
NSE-ISIN:INE010V01017,LTTS,DROP,2017-08-28,2017-08-29 09:15:00+05:30,2017-09-29,2017-08-29 09:15:00+05:30,DATE_ONLY_CONSERVATIVE_NEXT_SESSION,https://www.niftyindices.com/Press_Release/ind_prs28082017.pdf,ACCEPTED
NSE-ISIN:INE103A01014,MRPL,ADD,2017-08-28,2017-08-29 09:15:00+05:30,2017-09-29,2017-08-29 09:15:00+05:30,DATE_ONLY_CONSERVATIVE_NEXT_SESSION,https://www.niftyindices.com/Press_Release/ind_prs28082017.pdf,ACCEPTED
NSE-ISIN:INE152A01029,THERMAX,DROP,2017-08-28,2017-08-29 09:15:00+05:30,2017-09-29,2017-08-29 09:15:00+05:30,DATE_ONLY_CONSERVATIVE_NEXT_SESSION,https://www.niftyindices.com/Press_Release/ind_prs28082017.pdf,ACCEPTED
NSE-ISIN:INE192R01011,DMART,ADD,2017-08-28,2017-08-29 09:15:00+05:30,2017-09-29,2017-08-29 09:15:00+05:30,DATE_ONLY_CONSERVATIVE_NEXT_SESSION,https://www.niftyindices.com/Press_Release/ind_prs28082017.pdf,ACCEPTED
NSE-ISIN:INE615P01015,QUESS,DROP,2017-08-28,2017-08-29 09:15:00+05:30,2017-09-29,2017-08-29 09:15:00+05:30,DATE_ONLY_CONSERVATIVE_NEXT_SESSION,https://www.niftyindices.com/Press_Release/ind_prs28082017.pdf,ACCEPTED
NSE-ISIN:INE752P01024,FRETAIL,ADD,2017-08-28,2017-08-29 09:15:00+05:30,2017-09-29,2017-08-29 09:15:00+05:30,DATE_ONLY_CONSERVATIVE_NEXT_SESSION,https://www.niftyindices.com/Press_Release/ind_prs28082017.pdf,ACCEPTED
NSE-ISIN:INE787D01026,BALKRISIND,ADD,2017-08-28,2017-08-29 09:15:00+05:30,2017-09-29,2017-08-29 09:15:00+05:30,DATE_ONLY_CONSERVATIVE_NEXT_SESSION,https://www.niftyindices.com/Press_Release/ind_prs28082017.pdf,ACCEPTED
NSE-ISIN:INE901L01018,APLLTD,DROP,2017-08-28,2017-08-29 09:15:00+05:30,2017-09-29,2017-08-29 09:15:00+05:30,DATE_ONLY_CONSERVATIVE_NEXT_SESSION,https://www.niftyindices.com/Press_Release/ind_prs28082017.pdf,ACCEPTED
NSE-ISIN:INE031A01017,HUDCO,ADD,2017-10-16,2017-10-17 09:15:00+05:30,2017-10-30,2017-10-17 09:15:00+05:30,DATE_ONLY_CONSERVATIVE_NEXT_SESSION,https://www.niftyindices.com/Press_Release/ind_prs16102017.pdf,ACCEPTED
NSE-ISIN:INE752P01024,FRETAIL,DROP,2017-10-16,2017-10-17 09:15:00+05:30,2017-10-30,2017-10-17 09:15:00+05:30,DATE_ONLY_CONSERVATIVE_NEXT_SESSION,https://www.niftyindices.com/Press_Release/ind_prs16102017.pdf,ACCEPTED
NSE-ISIN:INE013A01015,RELCAPITAL,ADD,2018-01-08,2018-01-09 09:15:00+05:30,2018-02-05,2018-01-09 09:15:00+05:30,DATE_ONLY_CONSERVATIVE_NEXT_SESSION,https://www.niftyindices.com/Press_Release/ind_prs08012018.pdf,ACCEPTED
NSE-ISIN:INE061F01013,FORTIS,DROP,2018-01-08,2018-01-09 09:15:00+05:30,2018-02-05,2018-01-09 09:15:00+05:30,DATE_ONLY_CONSERVATIVE_NEXT_SESSION,https://www.niftyindices.com/Press_Release/ind_prs08012018.pdf,ACCEPTED
NSE-ISIN:INE486A01013,CESC,DROP,2018-01-08,2018-01-09 09:15:00+05:30,2018-02-05,2018-01-09 09:15:00+05:30,DATE_ONLY_CONSERVATIVE_NEXT_SESSION,https://www.niftyindices.com/Press_Release/ind_prs08012018.pdf,ACCEPTED
NSE-ISIN:INE939A01011,STAR,DROP,2018-01-08,2018-01-09 09:15:00+05:30,2018-02-05,2018-01-09 09:15:00+05:30,DATE_ONLY_CONSERVATIVE_NEXT_SESSION,https://www.niftyindices.com/Press_Release/ind_prs08012018.pdf,ACCEPTED
NSE-ISIN:INE949L01017,AUBANK,ADD,2018-01-08,2018-01-09 09:15:00+05:30,2018-02-05,2018-01-09 09:15:00+05:30,DATE_ONLY_CONSERVATIVE_NEXT_SESSION,https://www.niftyindices.com/Press_Release/ind_prs08012018.pdf,ACCEPTED
NSE-ISIN:INE951I01027,VGUARD,ADD,2018-01-08,2018-01-09 09:15:00+05:30,2018-02-05,2018-01-09 09:15:00+05:30,DATE_ONLY_CONSERVATIVE_NEXT_SESSION,https://www.niftyindices.com/Press_Release/ind_prs08012018.pdf,ACCEPTED
NSE-ISIN:INE007A01025,CRISIL,DROP,2018-02-21,2018-02-22 09:15:00+05:30,2018-04-02,2018-02-22 09:15:00+05:30,DATE_ONLY_CONSERVATIVE_NEXT_SESSION,https://www.niftyindices.com/Press_Release/ind_prs21022018.pdf,ACCEPTED
NSE-ISIN:INE047A01021,GRASIM,ADD,2018-02-21,2018-02-22 09:15:00+05:30,2018-04-02,2018-02-22 09:15:00+05:30,DATE_ONLY_CONSERVATIVE_NEXT_SESSION,https://www.niftyindices.com/Press_Release/ind_prs21022018.pdf,ACCEPTED
NSE-ISIN:INE069I01010,IBREALEST,ADD,2018-02-21,2018-02-22 09:15:00+05:30,2018-04-02,2018-02-22 09:15:00+05:30,DATE_ONLY_CONSERVATIVE_NEXT_SESSION,https://www.niftyindices.com/Press_Release/ind_prs21022018.pdf,ACCEPTED
NSE-ISIN:INE089C01029,STRTECH,ADD,2018-02-21,2018-02-22 09:15:00+05:30,2018-04-02,2018-02-22 09:15:00+05:30,DATE_ONLY_CONSERVATIVE_NEXT_SESSION,https://www.niftyindices.com/Press_Release/ind_prs21022018.pdf,ACCEPTED
NSE-ISIN:INE123W01016,SBILIFE,ADD,2018-02-21,2018-02-22 09:15:00+05:30,2018-04-02,2018-02-22 09:15:00+05:30,DATE_ONLY_CONSERVATIVE_NEXT_SESSION,https://www.niftyindices.com/Press_Release/ind_prs21022018.pdf,ACCEPTED
NSE-ISIN:INE159A01016,GLAXO,DROP,2018-02-21,2018-02-22 09:15:00+05:30,2018-04-02,2018-02-22 09:15:00+05:30,DATE_ONLY_CONSERVATIVE_NEXT_SESSION,https://www.niftyindices.com/Press_Release/ind_prs21022018.pdf,ACCEPTED
NSE-ISIN:INE192B01031,WELSPUNIND,DROP,2018-02-21,2018-02-22 09:15:00+05:30,2018-04-02,2018-02-22 09:15:00+05:30,DATE_ONLY_CONSERVATIVE_NEXT_SESSION,https://www.niftyindices.com/Press_Release/ind_prs21022018.pdf,ACCEPTED
NSE-ISIN:INE220J01025,FCONSUMER,ADD,2018-02-21,2018-02-22 09:15:00+05:30,2018-04-02,2018-02-22 09:15:00+05:30,DATE_ONLY_CONSERVATIVE_NEXT_SESSION,https://www.niftyindices.com/Press_Release/ind_prs21022018.pdf,ACCEPTED
NSE-ISIN:INE264A01014,GSKCONS,DROP,2018-02-21,2018-02-22 09:15:00+05:30,2018-04-02,2018-02-22 09:15:00+05:30,DATE_ONLY_CONSERVATIVE_NEXT_SESSION,https://www.niftyindices.com/Press_Release/ind_prs21022018.pdf,ACCEPTED
NSE-ISIN:INE274G01010,IBVENTURES,ADD,2018-02-21,2018-02-22 09:15:00+05:30,2018-04-02,2018-02-22 09:15:00+05:30,DATE_ONLY_CONSERVATIVE_NEXT_SESSION,https://www.niftyindices.com/Press_Release/ind_prs21022018.pdf,ACCEPTED
NSE-ISIN:INE330H01018,RCOM,DROP,2018-02-21,2018-02-22 09:15:00+05:30,2018-04-02,2018-02-22 09:15:00+05:30,DATE_ONLY_CONSERVATIVE_NEXT_SESSION,https://www.niftyindices.com/Press_Release/ind_prs21022018.pdf,ACCEPTED
NSE-ISIN:INE423A01024,ADANIENT,DROP,2018-02-21,2018-02-22 09:15:00+05:30,2018-04-02,2018-02-22 09:15:00+05:30,DATE_ONLY_CONSERVATIVE_NEXT_SESSION,https://www.niftyindices.com/Press_Release/ind_prs21022018.pdf,ACCEPTED
NSE-ISIN:INE439L01019,DALMIABHA,DROP,2018-02-21,2018-02-22 09:15:00+05:30,2018-04-02,2018-02-22 09:15:00+05:30,DATE_ONLY_CONSERVATIVE_NEXT_SESSION,https://www.niftyindices.com/Press_Release/ind_prs21022018.pdf,ACCEPTED
NSE-ISIN:INE481Y01014,GICRE,ADD,2018-02-21,2018-02-22 09:15:00+05:30,2018-04-02,2018-02-22 09:15:00+05:30,DATE_ONLY_CONSERVATIVE_NEXT_SESSION,https://www.niftyindices.com/Press_Release/ind_prs21022018.pdf,ACCEPTED
NSE-ISIN:INE517F01014,GPPL,DROP,2018-02-21,2018-02-22 09:15:00+05:30,2018-04-02,2018-02-22 09:15:00+05:30,DATE_ONLY_CONSERVATIVE_NEXT_SESSION,https://www.niftyindices.com/Press_Release/ind_prs21022018.pdf,ACCEPTED
NSE-ISIN:INE571A01020,IPCALAB,DROP,2018-02-21,2018-02-22 09:15:00+05:30,2018-04-02,2018-02-22 09:15:00+05:30,DATE_ONLY_CONSERVATIVE_NEXT_SESSION,https://www.niftyindices.com/Press_Release/ind_prs21022018.pdf,ACCEPTED
NSE-ISIN:INE600L01024,LALPATHLAB,DROP,2018-02-21,2018-02-22 09:15:00+05:30,2018-04-02,2018-02-22 09:15:00+05:30,DATE_ONLY_CONSERVATIVE_NEXT_SESSION,https://www.niftyindices.com/Press_Release/ind_prs21022018.pdf,ACCEPTED
NSE-ISIN:INE667A01018,SYNDIBANK,DROP,2018-02-21,2018-02-22 09:15:00+05:30,2018-04-02,2018-02-22 09:15:00+05:30,DATE_ONLY_CONSERVATIVE_NEXT_SESSION,https://www.niftyindices.com/Press_Release/ind_prs21022018.pdf,ACCEPTED
NSE-ISIN:INE674K01013,ABCAPITAL,ADD,2018-02-21,2018-02-22 09:15:00+05:30,2018-04-02,2018-02-22 09:15:00+05:30,DATE_ONLY_CONSERVATIVE_NEXT_SESSION,https://www.niftyindices.com/Press_Release/ind_prs21022018.pdf,ACCEPTED
NSE-ISIN:INE765G01017,ICICIGI,ADD,2018-02-21,2018-02-22 09:15:00+05:30,2018-04-02,2018-02-22 09:15:00+05:30,DATE_ONLY_CONSERVATIVE_NEXT_SESSION,https://www.niftyindices.com/Press_Release/ind_prs21022018.pdf,ACCEPTED
NSE-ISIN:INE850D01014,GODREJAGRO,ADD,2018-02-21,2018-02-22 09:15:00+05:30,2018-04-02,2018-02-22 09:15:00+05:30,DATE_ONLY_CONSERVATIVE_NEXT_SESSION,https://www.niftyindices.com/Press_Release/ind_prs21022018.pdf,ACCEPTED
NSE-ISIN:INE917M01012,DBL,ADD,2018-02-21,2018-02-22 09:15:00+05:30,2018-04-02,2018-02-22 09:15:00+05:30,DATE_ONLY_CONSERVATIVE_NEXT_SESSION,https://www.niftyindices.com/Press_Release/ind_prs21022018.pdf,ACCEPTED
NSE-ISIN:INE034A01011,ARVIND,DROP,2018-05-24,2018-05-25 09:15:00+05:30,2018-06-29,2018-05-25 09:15:00+05:30,DATE_ONLY_CONSERVATIVE_NEXT_SESSION,https://www.niftyindices.com/Press_Release/ind_prs24052018.pdf,ACCEPTED
NSE-ISIN:INE151A01013,TATACOMM,DROP,2018-05-24,2018-05-25 09:15:00+05:30,2018-06-29,2018-05-25 09:15:00+05:30,DATE_ONLY_CONSERVATIVE_NEXT_SESSION,https://www.niftyindices.com/Press_Release/ind_prs24052018.pdf,ACCEPTED
NSE-ISIN:INE615P01015,QUESS,ADD,2018-05-24,2018-05-25 09:15:00+05:30,2018-06-29,2018-05-25 09:15:00+05:30,DATE_ONLY_CONSERVATIVE_NEXT_SESSION,https://www.niftyindices.com/Press_Release/ind_prs24052018.pdf,ACCEPTED
NSE-ISIN:INE752P01024,FRETAIL,ADD,2018-05-24,2018-05-25 09:15:00+05:30,2018-06-29,2018-05-25 09:15:00+05:30,DATE_ONLY_CONSERVATIVE_NEXT_SESSION,https://www.niftyindices.com/Press_Release/ind_prs24052018.pdf,ACCEPTED
NSE-ISIN:INE036D01010,KARURVYSYA,DROP,2018-08-28,2018-08-29 09:15:00+05:30,2018-09-28,2018-08-29 09:15:00+05:30,DATE_ONLY_CONSERVATIVE_NEXT_SESSION,https://www.niftyindices.com/Press_Release/ind_prs28082018.pdf,ACCEPTED
NSE-ISIN:INE040H01021,SUZLON,DROP,2018-08-28,2018-08-29 09:15:00+05:30,2018-09-28,2018-08-29 09:15:00+05:30,DATE_ONLY_CONSERVATIVE_NEXT_SESSION,https://www.niftyindices.com/Press_Release/ind_prs28082018.pdf,ACCEPTED
NSE-ISIN:INE042A01014,ESCORTS,ADD,2018-08-28,2018-08-29 09:15:00+05:30,2018-09-28,2018-08-29 09:15:00+05:30,DATE_ONLY_CONSERVATIVE_NEXT_SESSION,https://www.niftyindices.com/Press_Release/ind_prs28082018.pdf,ACCEPTED
NSE-ISIN:INE043D01016,IDFC,DROP,2018-08-28,2018-08-29 09:15:00+05:30,2018-09-28,2018-08-29 09:15:00+05:30,DATE_ONLY_CONSERVATIVE_NEXT_SESSION,https://www.niftyindices.com/Press_Release/ind_prs28082018.pdf,ACCEPTED
NSE-ISIN:INE049B01025,WOCKPHARMA,DROP,2018-08-28,2018-08-29 09:15:00+05:30,2018-09-28,2018-08-29 09:15:00+05:30,DATE_ONLY_CONSERVATIVE_NEXT_SESSION,https://www.niftyindices.com/Press_Release/ind_prs28082018.pdf,ACCEPTED
NSE-ISIN:INE069I01010,IBREALEST,DROP,2018-08-28,2018-08-29 09:15:00+05:30,2018-09-28,2018-08-29 09:15:00+05:30,DATE_ONLY_CONSERVATIVE_NEXT_SESSION,https://www.niftyindices.com/Press_Release/ind_prs28082018.pdf,ACCEPTED
NSE-ISIN:INE212H01026,AIAENG,DROP,2018-08-28,2018-08-29 09:15:00+05:30,2018-09-28,2018-08-29 09:15:00+05:30,DATE_ONLY_CONSERVATIVE_NEXT_SESSION,https://www.niftyindices.com/Press_Release/ind_prs28082018.pdf,ACCEPTED
NSE-ISIN:INE214T01019,LTI,ADD,2018-08-28,2018-08-29 09:15:00+05:30,2018-09-28,2018-08-29 09:15:00+05:30,DATE_ONLY_CONSERVATIVE_NEXT_SESSION,https://www.niftyindices.com/Press_Release/ind_prs28082018.pdf,ACCEPTED
NSE-ISIN:INE371A01025,GRAPHITE,ADD,2018-08-28,2018-08-29 09:15:00+05:30,2018-09-28,2018-08-29 09:15:00+05:30,DATE_ONLY_CONSERVATIVE_NEXT_SESSION,https://www.niftyindices.com/Press_Release/ind_prs28082018.pdf,ACCEPTED
NSE-ISIN:INE470Y01017,NIACL,ADD,2018-08-28,2018-08-29 09:15:00+05:30,2018-09-28,2018-08-29 09:15:00+05:30,DATE_ONLY_CONSERVATIVE_NEXT_SESSION,https://www.niftyindices.com/Press_Release/ind_prs28082018.pdf,ACCEPTED
NSE-ISIN:INE545A01016,HEG,ADD,2018-08-28,2018-08-29 09:15:00+05:30,2018-09-28,2018-08-29 09:15:00+05:30,DATE_ONLY_CONSERVATIVE_NEXT_SESSION,https://www.niftyindices.com/Press_Release/ind_prs28082018.pdf,ACCEPTED
NSE-ISIN:INE545U01014,BANDHANBNK,ADD,2018-08-28,2018-08-29 09:15:00+05:30,2018-09-28,2018-08-29 09:15:00+05:30,DATE_ONLY_CONSERVATIVE_NEXT_SESSION,https://www.niftyindices.com/Press_Release/ind_prs28082018.pdf,ACCEPTED
NSE-ISIN:INE548C01032,EMAMILTD,DROP,2018-08-28,2018-08-29 09:15:00+05:30,2018-09-28,2018-08-29 09:15:00+05:30,DATE_ONLY_CONSERVATIVE_NEXT_SESSION,https://www.niftyindices.com/Press_Release/ind_prs28082018.pdf,ACCEPTED
NSE-ISIN:INE795G01014,HDFCLIFE,ADD,2018-08-28,2018-08-29 09:15:00+05:30,2018-09-28,2018-08-29 09:15:00+05:30,DATE_ONLY_CONSERVATIVE_NEXT_SESSION,https://www.niftyindices.com/Press_Release/ind_prs28082018.pdf,ACCEPTED
NSE-ISIN:INE821I01014,IRB,DROP,2018-08-28,2018-08-29 09:15:00+05:30,2018-09-28,2018-08-29 09:15:00+05:30,DATE_ONLY_CONSERVATIVE_NEXT_SESSION,https://www.niftyindices.com/Press_Release/ind_prs28082018.pdf,ACCEPTED
NSE-ISIN:INE871C01038,AVANTIFEED,ADD,2018-08-28,2018-08-29 09:15:00+05:30,2018-09-28,2018-08-29 09:15:00+05:30,DATE_ONLY_CONSERVATIVE_NEXT_SESSION,https://www.niftyindices.com/Press_Release/ind_prs28082018.pdf,ACCEPTED
NSE-ISIN:INE050A01025,BBTC,ADD,2018-12-14,2018-12-17 09:15:00+05:30,2018-12-28,2018-12-17 09:15:00+05:30,DATE_ONLY_CONSERVATIVE_NEXT_SESSION,https://www.niftyindices.com/Press_Release/ind_prs14122018.pdf,ACCEPTED
NSE-ISIN:INE055A01016,CENTURYTEX,DROP,2018-12-14,2018-12-17 09:15:00+05:30,2018-12-28,2018-12-17 09:15:00+05:30,DATE_ONLY_CONSERVATIVE_NEXT_SESSION,https://www.niftyindices.com/Press_Release/ind_prs14122018.pdf,ACCEPTED
NSE-ISIN:INE180K01011,BHARATFIN,DROP,2018-12-14,2018-12-17 09:15:00+05:30,2018-12-28,2018-12-17 09:15:00+05:30,DATE_ONLY_CONSERVATIVE_NEXT_SESSION,https://www.niftyindices.com/Press_Release/ind_prs14122018.pdf,ACCEPTED
NSE-ISIN:INE665L01035,VARROC,ADD,2018-12-14,2018-12-17 09:15:00+05:30,2018-12-28,2018-12-17 09:15:00+05:30,DATE_ONLY_CONSERVATIVE_NEXT_SESSION,https://www.niftyindices.com/Press_Release/ind_prs14122018.pdf,ACCEPTED
NSE-ISIN:INE010V01017,LTTS,ADD,2019-02-25,2019-02-26 09:15:00+05:30,2019-03-29,2019-02-26 09:15:00+05:30,DATE_ONLY_CONSERVATIVE_NEXT_SESSION,https://www.niftyindices.com/Press_Release/ind_prs25022019.pdf,ACCEPTED
NSE-ISIN:INE051B01021,VAKRANGEE,DROP,2019-02-25,2019-02-26 09:15:00+05:30,2019-03-29,2019-02-26 09:15:00+05:30,DATE_ONLY_CONSERVATIVE_NEXT_SESSION,https://www.niftyindices.com/Press_Release/ind_prs25022019.pdf,ACCEPTED
NSE-ISIN:INE118A01012,BAJAJHLDNG,ADD,2019-02-25,2019-02-26 09:15:00+05:30,2019-03-29,2019-02-26 09:15:00+05:30,DATE_ONLY_CONSERVATIVE_NEXT_SESSION,https://www.niftyindices.com/Press_Release/ind_prs25022019.pdf,ACCEPTED
NSE-ISIN:INE127D01025,HDFCAMC,ADD,2019-02-25,2019-02-26 09:15:00+05:30,2019-03-29,2019-02-26 09:15:00+05:30,DATE_ONLY_CONSERVATIVE_NEXT_SESSION,https://www.niftyindices.com/Press_Release/ind_prs25022019.pdf,ACCEPTED
NSE-ISIN:INE182A01018,PFIZER,ADD,2019-02-25,2019-02-26 09:15:00+05:30,2019-03-29,2019-02-26 09:15:00+05:30,DATE_ONLY_CONSERVATIVE_NEXT_SESSION,https://www.niftyindices.com/Press_Release/ind_prs25022019.pdf,ACCEPTED
NSE-ISIN:INE264A01014,GSKCONS,ADD,2019-02-25,2019-02-26 09:15:00+05:30,2019-03-29,2019-02-26 09:15:00+05:30,DATE_ONLY_CONSERVATIVE_NEXT_SESSION,https://www.niftyindices.com/Press_Release/ind_prs25022019.pdf,ACCEPTED
NSE-ISIN:INE483A01010,CENTRALBK,DROP,2019-02-25,2019-02-26 09:15:00+05:30,2019-03-29,2019-02-26 09:15:00+05:30,DATE_ONLY_CONSERVATIVE_NEXT_SESSION,https://www.niftyindices.com/Press_Release/ind_prs25022019.pdf,ACCEPTED
NSE-ISIN:INE785M01013,PCJEWELLER,DROP,2019-02-25,2019-02-26 09:15:00+05:30,2019-03-29,2019-02-26 09:15:00+05:30,DATE_ONLY_CONSERVATIVE_NEXT_SESSION,https://www.niftyindices.com/Press_Release/ind_prs25022019.pdf,ACCEPTED
NSE-ISIN:INE871C01038,AVANTIFEED,DROP,2019-02-25,2019-02-26 09:15:00+05:30,2019-03-29,2019-02-26 09:15:00+05:30,DATE_ONLY_CONSERVATIVE_NEXT_SESSION,https://www.niftyindices.com/Press_Release/ind_prs25022019.pdf,ACCEPTED
NSE-ISIN:INE886H01027,TV18BRDCST,DROP,2019-02-25,2019-02-26 09:15:00+05:30,2019-03-29,2019-02-26 09:15:00+05:30,DATE_ONLY_CONSERVATIVE_NEXT_SESSION,https://www.niftyindices.com/Press_Release/ind_prs25022019.pdf,ACCEPTED
NSE-ISIN:INE00R701025,DALBHARAT,ADD,2019-08-28,2019-08-29 09:15:00+05:30,2019-09-27,2019-08-29 09:15:00+05:30,DATE_ONLY_CONSERVATIVE_NEXT_SESSION,https://www.niftyindices.com/Press_Release/ind_prs28082019.pdf,ACCEPTED
NSE-ISIN:INE013A01015,RELCAPITAL,DROP,2019-08-28,2019-08-29 09:15:00+05:30,2019-09-27,2019-08-29 09:15:00+05:30,DATE_ONLY_CONSERVATIVE_NEXT_SESSION,https://www.niftyindices.com/Press_Release/ind_prs28082019.pdf,ACCEPTED
NSE-ISIN:INE036A01016,RELINFRA,DROP,2019-08-28,2019-08-29 09:15:00+05:30,2019-09-27,2019-08-29 09:15:00+05:30,DATE_ONLY_CONSERVATIVE_NEXT_SESSION,https://www.niftyindices.com/Press_Release/ind_prs28082019.pdf,ACCEPTED
NSE-ISIN:INE117A01022,ABB,DROP,2019-08-28,2019-08-29 09:15:00+05:30,2019-09-27,2019-08-29 09:15:00+05:30,DATE_ONLY_CONSERVATIVE_NEXT_SESSION,https://www.niftyindices.com/Press_Release/ind_prs28082019.pdf,ACCEPTED
NSE-ISIN:INE141A01014,ORIENTBANK,ADD,2019-08-28,2019-08-29 09:15:00+05:30,2019-09-27,2019-08-29 09:15:00+05:30,DATE_ONLY_CONSERVATIVE_NEXT_SESSION,https://www.niftyindices.com/Press_Release/ind_prs28082019.pdf,ACCEPTED
NSE-ISIN:INE202B01012,DHFL,DROP,2019-08-28,2019-08-29 09:15:00+05:30,2019-09-27,2019-08-29 09:15:00+05:30,DATE_ONLY_CONSERVATIVE_NEXT_SESSION,https://www.niftyindices.com/Press_Release/ind_prs28082019.pdf,ACCEPTED
NSE-ISIN:INE232I01014,SPARC,DROP,2019-08-28,2019-08-29 09:15:00+05:30,2019-09-27,2019-08-29 09:15:00+05:30,DATE_ONLY_CONSERVATIVE_NEXT_SESSION,https://www.niftyindices.com/Press_Release/ind_prs28082019.pdf,ACCEPTED
NSE-ISIN:INE239A01016,NESTLEIND,ADD,2019-08-28,2019-08-29 09:15:00+05:30,2019-09-27,2019-08-29 09:15:00+05:30,DATE_ONLY_CONSERVATIVE_NEXT_SESSION,https://www.niftyindices.com/Press_Release/ind_prs28082019.pdf,ACCEPTED
NSE-ISIN:INE264A01014,GSKCONS,DROP,2019-08-28,2019-08-29 09:15:00+05:30,2019-09-27,2019-08-29 09:15:00+05:30,DATE_ONLY_CONSERVATIVE_NEXT_SESSION,https://www.niftyindices.com/Press_Release/ind_prs28082019.pdf,ACCEPTED
NSE-ISIN:INE298J01013,RNAM,ADD,2019-08-28,2019-08-29 09:15:00+05:30,2019-09-27,2019-08-29 09:15:00+05:30,DATE_ONLY_CONSERVATIVE_NEXT_SESSION,https://www.niftyindices.com/Press_Release/ind_prs28082019.pdf,ACCEPTED
NSE-ISIN:INE428A01015,ALBK,ADD,2019-08-28,2019-08-29 09:15:00+05:30,2019-09-27,2019-08-29 09:15:00+05:30,DATE_ONLY_CONSERVATIVE_NEXT_SESSION,https://www.niftyindices.com/Press_Release/ind_prs28082019.pdf,ACCEPTED
NSE-ISIN:INE484J01027,GODREJPROP,ADD,2019-08-28,2019-08-29 09:15:00+05:30,2019-09-27,2019-08-29 09:15:00+05:30,DATE_ONLY_CONSERVATIVE_NEXT_SESSION,https://www.niftyindices.com/Press_Release/ind_prs28082019.pdf,ACCEPTED
NSE-ISIN:INE486A01013,CESC,ADD,2019-08-28,2019-08-29 09:15:00+05:30,2019-09-27,2019-08-29 09:15:00+05:30,DATE_ONLY_CONSERVATIVE_NEXT_SESSION,https://www.niftyindices.com/Press_Release/ind_prs28082019.pdf,ACCEPTED
NSE-ISIN:INE491A01021,CUB,ADD,2019-08-28,2019-08-29 09:15:00+05:30,2019-09-27,2019-08-29 09:15:00+05:30,DATE_ONLY_CONSERVATIVE_NEXT_SESSION,https://www.niftyindices.com/Press_Release/ind_prs28082019.pdf,ACCEPTED
NSE-ISIN:INE548C01032,EMAMILTD,ADD,2019-08-28,2019-08-29 09:15:00+05:30,2019-09-27,2019-08-29 09:15:00+05:30,DATE_ONLY_CONSERVATIVE_NEXT_SESSION,https://www.niftyindices.com/Press_Release/ind_prs28082019.pdf,ACCEPTED
NSE-ISIN:INE571A01020,IPCALAB,ADD,2019-08-28,2019-08-29 09:15:00+05:30,2019-09-27,2019-08-29 09:15:00+05:30,DATE_ONLY_CONSERVATIVE_NEXT_SESSION,https://www.niftyindices.com/Press_Release/ind_prs28082019.pdf,ACCEPTED
NSE-ISIN:INE580B01029,GRUH,DROP,2019-08-28,2019-08-29 09:15:00+05:30,2019-09-27,2019-08-29 09:15:00+05:30,DATE_ONLY_CONSERVATIVE_NEXT_SESSION,https://www.niftyindices.com/Press_Release/ind_prs28082019.pdf,ACCEPTED
NSE-ISIN:INE614G01033,RPOWER,DROP,2019-08-28,2019-08-29 09:15:00+05:30,2019-09-27,2019-08-29 09:15:00+05:30,DATE_ONLY_CONSERVATIVE_NEXT_SESSION,https://www.niftyindices.com/Press_Release/ind_prs28082019.pdf,ACCEPTED
NSE-ISIN:INE836F01026,DISHTV,DROP,2019-08-28,2019-08-29 09:15:00+05:30,2019-09-27,2019-08-29 09:15:00+05:30,DATE_ONLY_CONSERVATIVE_NEXT_SESSION,https://www.niftyindices.com/Press_Release/ind_prs28082019.pdf,ACCEPTED
NSE-ISIN:INE917M01012,DBL,DROP,2019-08-28,2019-08-29 09:15:00+05:30,2019-09-27,2019-08-29 09:15:00+05:30,DATE_ONLY_CONSERVATIVE_NEXT_SESSION,https://www.niftyindices.com/Press_Release/ind_prs28082019.pdf,ACCEPTED
NSE-ISIN:INE061F01013,FORTIS,ADD,2019-12-16,2019-12-17 09:15:00+05:30,2019-12-27,2019-12-17 09:15:00+05:30,DATE_ONLY_CONSERVATIVE_NEXT_SESSION,https://niftyindices.com/Press_Release/ind_prs16122019.pdf,ACCEPTED
NSE-ISIN:INE092A01019,TATACHEM,DROP,2019-12-16,2019-12-17 09:15:00+05:30,2019-12-27,2019-12-17 09:15:00+05:30,DATE_ONLY_CONSERVATIVE_NEXT_SESSION,https://niftyindices.com/Press_Release/ind_prs16122019.pdf,ACCEPTED
NSE-ISIN:INE141A01014,ORIENTBANK,DROP,2019-12-16,2019-12-17 09:15:00+05:30,2019-12-27,2019-12-17 09:15:00+05:30,DATE_ONLY_CONSERVATIVE_NEXT_SESSION,https://niftyindices.com/Press_Release/ind_prs16122019.pdf,ACCEPTED
NSE-ISIN:INE200M01013,VBL,ADD,2019-12-16,2019-12-17 09:15:00+05:30,2019-12-27,2019-12-17 09:15:00+05:30,DATE_ONLY_CONSERVATIVE_NEXT_SESSION,https://niftyindices.com/Press_Release/ind_prs16122019.pdf,ACCEPTED
NSE-ISIN:INE428A01015,ALBK,DROP,2019-12-16,2019-12-17 09:15:00+05:30,2019-12-27,2019-12-17 09:15:00+05:30,DATE_ONLY_CONSERVATIVE_NEXT_SESSION,https://niftyindices.com/Press_Release/ind_prs16122019.pdf,ACCEPTED
NSE-ISIN:INE716A01013,WHIRLPOOL,ADD,2019-12-16,2019-12-17 09:15:00+05:30,2019-12-27,2019-12-17 09:15:00+05:30,DATE_ONLY_CONSERVATIVE_NEXT_SESSION,https://niftyindices.com/Press_Release/ind_prs16122019.pdf,ACCEPTED
NSE-ISIN:INE528G01035,YESBANK,DROP,2020-03-16,2020-03-17 09:15:00+05:30,2020-03-19,2020-03-17 09:15:00+05:30,DATE_ONLY_CONSERVATIVE_NEXT_SESSION,https://www.niftyindices.com/Press_Release/ind_prs16032020.pdf,ACCEPTED
NSE-ISIN:INE931S01010,ADANITRANS,ADD,2020-03-16,2020-03-17 09:15:00+05:30,2020-03-19,2020-03-17 09:15:00+05:30,DATE_ONLY_CONSERVATIVE_NEXT_SESSION,https://www.niftyindices.com/Press_Release/ind_prs16032020.pdf,ACCEPTED
NSE-ISIN:IN9155A01020,TATAMTRDVR,DROP,2020-06-10,2020-06-11 09:15:00+05:30,2020-06-26,2020-06-11 09:15:00+05:30,DATE_ONLY_CONSERVATIVE_NEXT_SESSION,https://www.niftyindices.com/Press_Release/ind_prs10062020.pdf,ACCEPTED
NSE-ISIN:INE089C01029,STRTECH,DROP,2020-06-10,2020-06-11 09:15:00+05:30,2020-06-26,2020-06-11 09:15:00+05:30,DATE_ONLY_CONSERVATIVE_NEXT_SESSION,https://www.niftyindices.com/Press_Release/ind_prs10062020.pdf,ACCEPTED
NSE-ISIN:INE095N01015,NBCC,DROP,2020-06-10,2020-06-11 09:15:00+05:30,2020-06-26,2020-06-11 09:15:00+05:30,DATE_ONLY_CONSERVATIVE_NEXT_SESSION,https://www.niftyindices.com/Press_Release/ind_prs10062020.pdf,ACCEPTED
NSE-ISIN:INE220J01025,FCONSUMER,DROP,2020-06-10,2020-06-11 09:15:00+05:30,2020-06-26,2020-06-11 09:15:00+05:30,DATE_ONLY_CONSERVATIVE_NEXT_SESSION,https://www.niftyindices.com/Press_Release/ind_prs10062020.pdf,ACCEPTED
NSE-ISIN:INE335Y01012,IRCTC,ADD,2020-06-10,2020-06-11 09:15:00+05:30,2020-06-26,2020-06-11 09:15:00+05:30,DATE_ONLY_CONSERVATIVE_NEXT_SESSION,https://www.niftyindices.com/Press_Release/ind_prs10062020.pdf,ACCEPTED
NSE-ISIN:INE358A01014,ABBOTINDIA,ADD,2020-06-10,2020-06-11 09:15:00+05:30,2020-06-26,2020-06-11 09:15:00+05:30,DATE_ONLY_CONSERVATIVE_NEXT_SESSION,https://www.niftyindices.com/Press_Release/ind_prs10062020.pdf,ACCEPTED
NSE-ISIN:INE371A01025,GRAPHITE,DROP,2020-06-10,2020-06-11 09:15:00+05:30,2020-06-26,2020-06-11 09:15:00+05:30,DATE_ONLY_CONSERVATIVE_NEXT_SESSION,https://www.niftyindices.com/Press_Release/ind_prs10062020.pdf,ACCEPTED
NSE-ISIN:INE399L01023,ADANIGAS,ADD,2020-06-10,2020-06-11 09:15:00+05:30,2020-06-26,2020-06-11 09:15:00+05:30,DATE_ONLY_CONSERVATIVE_NEXT_SESSION,https://www.niftyindices.com/Press_Release/ind_prs10062020.pdf,ACCEPTED
NSE-ISIN:INE455K01017,POLYCAB,ADD,2020-06-10,2020-06-11 09:15:00+05:30,2020-06-26,2020-06-11 09:15:00+05:30,DATE_ONLY_CONSERVATIVE_NEXT_SESSION,https://www.niftyindices.com/Press_Release/ind_prs10062020.pdf,ACCEPTED
NSE-ISIN:INE470Y01017,NIACL,DROP,2020-06-10,2020-06-11 09:15:00+05:30,2020-06-26,2020-06-11 09:15:00+05:30,DATE_ONLY_CONSERVATIVE_NEXT_SESSION,https://www.niftyindices.com/Press_Release/ind_prs10062020.pdf,ACCEPTED
NSE-ISIN:INE510A01028,ENGINERSIN,DROP,2020-06-10,2020-06-11 09:15:00+05:30,2020-06-26,2020-06-11 09:15:00+05:30,DATE_ONLY_CONSERVATIVE_NEXT_SESSION,https://www.niftyindices.com/Press_Release/ind_prs10062020.pdf,ACCEPTED
NSE-ISIN:INE545A01016,HEG,DROP,2020-06-10,2020-06-11 09:15:00+05:30,2020-06-26,2020-06-11 09:15:00+05:30,DATE_ONLY_CONSERVATIVE_NEXT_SESSION,https://www.niftyindices.com/Press_Release/ind_prs10062020.pdf,ACCEPTED
NSE-ISIN:INE562A01011,INDIANB,DROP,2020-06-10,2020-06-11 09:15:00+05:30,2020-06-26,2020-06-11 09:15:00+05:30,DATE_ONLY_CONSERVATIVE_NEXT_SESSION,https://www.niftyindices.com/Press_Release/ind_prs10062020.pdf,ACCEPTED
NSE-ISIN:INE591G01017,NIITTECH,ADD,2020-06-10,2020-06-11 09:15:00+05:30,2020-06-26,2020-06-11 09:15:00+05:30,DATE_ONLY_CONSERVATIVE_NEXT_SESSION,https://www.niftyindices.com/Press_Release/ind_prs10062020.pdf,ACCEPTED
NSE-ISIN:INE600L01024,LALPATHLAB,ADD,2020-06-10,2020-06-11 09:15:00+05:30,2020-06-26,2020-06-11 09:15:00+05:30,DATE_ONLY_CONSERVATIVE_NEXT_SESSION,https://www.niftyindices.com/Press_Release/ind_prs10062020.pdf,ACCEPTED
NSE-ISIN:INE665L01035,VARROC,DROP,2020-06-10,2020-06-11 09:15:00+05:30,2020-06-26,2020-06-11 09:15:00+05:30,DATE_ONLY_CONSERVATIVE_NEXT_SESSION,https://www.niftyindices.com/Press_Release/ind_prs10062020.pdf,ACCEPTED
NSE-ISIN:INE769A01020,AARTIIND,ADD,2020-06-10,2020-06-11 09:15:00+05:30,2020-06-26,2020-06-11 09:15:00+05:30,DATE_ONLY_CONSERVATIVE_NEXT_SESSION,https://www.niftyindices.com/Press_Release/ind_prs10062020.pdf,ACCEPTED
NSE-ISIN:INE844O01030,GUJGASLTD,ADD,2020-06-10,2020-06-11 09:15:00+05:30,2020-06-26,2020-06-11 09:15:00+05:30,DATE_ONLY_CONSERVATIVE_NEXT_SESSION,https://www.niftyindices.com/Press_Release/ind_prs10062020.pdf,ACCEPTED
NSE-ISIN:INE849A01020,TRENT,ADD,2020-06-10,2020-06-11 09:15:00+05:30,2020-06-26,2020-06-11 09:15:00+05:30,DATE_ONLY_CONSERVATIVE_NEXT_SESSION,https://www.niftyindices.com/Press_Release/ind_prs10062020.pdf,ACCEPTED
NSE-ISIN:INE018E01016,SBICARD,ADD,2020-07-02,2020-07-03 09:15:00+05:30,2020-07-31,2020-07-03 09:15:00+05:30,DATE_ONLY_CONSERVATIVE_NEXT_SESSION,https://www.niftyindices.com/Press_Release/ind_prs02072020_1.pdf,ACCEPTED
NSE-ISIN:INE205A01025,VEDL,DROP,2020-07-02,2020-07-03 09:15:00+05:30,2020-07-31,2020-07-03 09:15:00+05:30,DATE_ONLY_CONSERVATIVE_NEXT_SESSION,https://www.niftyindices.com/Press_Release/ind_prs02072020_1.pdf,ACCEPTED
NSE-ISIN:INE008A01015,IDBI,DROP,2020-08-20,2020-08-21 09:15:00+05:30,2020-09-25,2020-08-21 09:15:00+05:30,DATE_ONLY_CONSERVATIVE_NEXT_SESSION,https://www.niftyindices.com/Press_Release/ind_prs20082020.pdf,ACCEPTED
NSE-ISIN:INE048G01026,NAVINFLUOR,ADD,2020-08-20,2020-08-21 09:15:00+05:30,2020-09-25,2020-08-21 09:15:00+05:30,DATE_ONLY_CONSERVATIVE_NEXT_SESSION,https://www.niftyindices.com/Press_Release/ind_prs20082020.pdf,ACCEPTED
NSE-ISIN:INE058A01010,SANOFI,ADD,2020-08-20,2020-08-21 09:15:00+05:30,2020-09-25,2020-08-21 09:15:00+05:30,DATE_ONLY_CONSERVATIVE_NEXT_SESSION,https://www.niftyindices.com/Press_Release/ind_prs20082020.pdf,ACCEPTED
NSE-ISIN:INE092A01019,TATACHEM,ADD,2020-08-20,2020-08-21 09:15:00+05:30,2020-09-25,2020-08-21 09:15:00+05:30,DATE_ONLY_CONSERVATIVE_NEXT_SESSION,https://www.niftyindices.com/Press_Release/ind_prs20082020.pdf,ACCEPTED
NSE-ISIN:INE093A01033,HEXAWARE,DROP,2020-08-20,2020-08-21 09:15:00+05:30,2020-09-25,2020-08-21 09:15:00+05:30,DATE_ONLY_CONSERVATIVE_NEXT_SESSION,https://www.niftyindices.com/Press_Release/ind_prs20082020.pdf,ACCEPTED
NSE-ISIN:INE103A01014,MRPL,DROP,2020-08-20,2020-08-21 09:15:00+05:30,2020-09-25,2020-08-21 09:15:00+05:30,DATE_ONLY_CONSERVATIVE_NEXT_SESSION,https://www.niftyindices.com/Press_Release/ind_prs20082020.pdf,ACCEPTED
NSE-ISIN:INE364U01010,ADANIGREEN,ADD,2020-08-20,2020-08-21 09:15:00+05:30,2020-09-25,2020-08-21 09:15:00+05:30,DATE_ONLY_CONSERVATIVE_NEXT_SESSION,https://www.niftyindices.com/Press_Release/ind_prs20082020.pdf,ACCEPTED
NSE-ISIN:INE423A01024,ADANIENT,ADD,2020-08-20,2020-08-21 09:15:00+05:30,2020-09-25,2020-08-21 09:15:00+05:30,DATE_ONLY_CONSERVATIVE_NEXT_SESSION,https://www.niftyindices.com/Press_Release/ind_prs20082020.pdf,ACCEPTED
NSE-ISIN:INE528G01035,YESBANK,ADD,2020-08-20,2020-08-21 09:15:00+05:30,2020-09-25,2020-08-21 09:15:00+05:30,DATE_ONLY_CONSERVATIVE_NEXT_SESSION,https://www.niftyindices.com/Press_Release/ind_prs20082020.pdf,ACCEPTED
NSE-ISIN:INE572E01012,PNBHOUSING,DROP,2020-08-20,2020-08-21 09:15:00+05:30,2020-09-25,2020-08-21 09:15:00+05:30,DATE_ONLY_CONSERVATIVE_NEXT_SESSION,https://www.niftyindices.com/Press_Release/ind_prs20082020.pdf,ACCEPTED
NSE-ISIN:INE615P01015,QUESS,DROP,2020-08-20,2020-08-21 09:15:00+05:30,2020-09-25,2020-08-21 09:15:00+05:30,DATE_ONLY_CONSERVATIVE_NEXT_SESSION,https://www.niftyindices.com/Press_Release/ind_prs20082020.pdf,ACCEPTED
NSE-ISIN:INE700A01033,JUBILANT,DROP,2020-08-20,2020-08-21 09:15:00+05:30,2020-09-25,2020-08-21 09:15:00+05:30,DATE_ONLY_CONSERVATIVE_NEXT_SESSION,https://www.niftyindices.com/Press_Release/ind_prs20082020.pdf,ACCEPTED
NSE-ISIN:INE763G01038,ISEC,ADD,2020-08-20,2020-08-21 09:15:00+05:30,2020-09-25,2020-08-21 09:15:00+05:30,DATE_ONLY_CONSERVATIVE_NEXT_SESSION,https://www.niftyindices.com/Press_Release/ind_prs20082020.pdf,ACCEPTED
NSE-ISIN:INE814H01011,ADANIPOWER,DROP,2020-08-20,2020-08-21 09:15:00+05:30,2020-09-25,2020-08-21 09:15:00+05:30,DATE_ONLY_CONSERVATIVE_NEXT_SESSION,https://www.niftyindices.com/Press_Release/ind_prs20082020.pdf,ACCEPTED
NSE-ISIN:INE848E01016,NHPC,DROP,2020-08-20,2020-08-21 09:15:00+05:30,2020-09-25,2020-08-21 09:15:00+05:30,DATE_ONLY_CONSERVATIVE_NEXT_SESSION,https://www.niftyindices.com/Press_Release/ind_prs20082020.pdf,ACCEPTED
NSE-ISIN:INE901L01018,APLLTD,ADD,2020-08-20,2020-08-21 09:15:00+05:30,2020-09-25,2020-08-21 09:15:00+05:30,DATE_ONLY_CONSERVATIVE_NEXT_SESSION,https://www.niftyindices.com/Press_Release/ind_prs20082020.pdf,ACCEPTED
NSE-ISIN:INE031A01017,HUDCO,DROP,2021-02-23,2021-02-24 09:15:00+05:30,2021-03-31,2021-02-24 09:15:00+05:30,DATE_ONLY_CONSERVATIVE_NEXT_SESSION,https://www.niftyindices.com/Press_Release/ind_prs23022021.pdf,ACCEPTED
NSE-ISIN:INE066F01012,HAL,ADD,2021-02-23,2021-02-24 09:15:00+05:30,2021-03-31,2021-02-24 09:15:00+05:30,DATE_ONLY_CONSERVATIVE_NEXT_SESSION,https://www.niftyindices.com/Press_Release/ind_prs23022021.pdf,ACCEPTED
NSE-ISIN:INE139A01034,NATIONALUM,DROP,2021-02-23,2021-02-24 09:15:00+05:30,2021-03-31,2021-02-24 09:15:00+05:30,DATE_ONLY_CONSERVATIVE_NEXT_SESSION,https://www.niftyindices.com/Press_Release/ind_prs23022021.pdf,ACCEPTED
NSE-ISIN:INE205A01025,VEDL,ADD,2021-02-23,2021-02-24 09:15:00+05:30,2021-03-31,2021-02-24 09:15:00+05:30,DATE_ONLY_CONSERVATIVE_NEXT_SESSION,https://www.niftyindices.com/Press_Release/ind_prs23022021.pdf,ACCEPTED
NSE-ISIN:INE288B01029,DEEPAKNTR,ADD,2021-02-23,2021-02-24 09:15:00+05:30,2021-03-31,2021-02-24 09:15:00+05:30,DATE_ONLY_CONSERVATIVE_NEXT_SESSION,https://www.niftyindices.com/Press_Release/ind_prs23022021.pdf,ACCEPTED
NSE-ISIN:INE343B01030,RAJESHEXPO,DROP,2021-02-23,2021-02-24 09:15:00+05:30,2021-03-31,2021-02-24 09:15:00+05:30,DATE_ONLY_CONSERVATIVE_NEXT_SESSION,https://www.niftyindices.com/Press_Release/ind_prs23022021.pdf,ACCEPTED
NSE-ISIN:INE481Y01014,GICRE,DROP,2021-02-23,2021-02-24 09:15:00+05:30,2021-03-31,2021-02-24 09:15:00+05:30,DATE_ONLY_CONSERVATIVE_NEXT_SESSION,https://www.niftyindices.com/Press_Release/ind_prs23022021.pdf,ACCEPTED
NSE-ISIN:INE532F01054,EDELWEISS,DROP,2021-02-23,2021-02-24 09:15:00+05:30,2021-03-31,2021-02-24 09:15:00+05:30,DATE_ONLY_CONSERVATIVE_NEXT_SESSION,https://www.niftyindices.com/Press_Release/ind_prs23022021.pdf,ACCEPTED
NSE-ISIN:INE670A01012,TATAELXSI,ADD,2021-02-23,2021-02-24 09:15:00+05:30,2021-03-31,2021-02-24 09:15:00+05:30,DATE_ONLY_CONSERVATIVE_NEXT_SESSION,https://www.niftyindices.com/Press_Release/ind_prs23022021.pdf,ACCEPTED
NSE-ISIN:INE752P01024,FRETAIL,DROP,2021-02-23,2021-02-24 09:15:00+05:30,2021-03-31,2021-02-24 09:15:00+05:30,DATE_ONLY_CONSERVATIVE_NEXT_SESSION,https://www.niftyindices.com/Press_Release/ind_prs23022021.pdf,ACCEPTED
NSE-ISIN:INE881D01027,OFSS,DROP,2021-02-23,2021-02-24 09:15:00+05:30,2021-03-31,2021-02-24 09:15:00+05:30,DATE_ONLY_CONSERVATIVE_NEXT_SESSION,https://www.niftyindices.com/Press_Release/ind_prs23022021.pdf,ACCEPTED
NSE-ISIN:INE933S01016,INDIAMART,ADD,2021-02-23,2021-02-24 09:15:00+05:30,2021-03-31,2021-02-24 09:15:00+05:30,DATE_ONLY_CONSERVATIVE_NEXT_SESSION,https://www.niftyindices.com/Press_Release/ind_prs23022021.pdf,ACCEPTED
NSE-ISIN:INE935N01020,DIXON,ADD,2021-02-23,2021-02-24 09:15:00+05:30,2021-03-31,2021-02-24 09:15:00+05:30,DATE_ONLY_CONSERVATIVE_NEXT_SESSION,https://www.niftyindices.com/Press_Release/ind_prs23022021.pdf,ACCEPTED
NSE-ISIN:INE947Q01028,LAURUSLABS,ADD,2021-02-23,2021-02-24 09:15:00+05:30,2021-03-31,2021-02-24 09:15:00+05:30,DATE_ONLY_CONSERVATIVE_NEXT_SESSION,https://www.niftyindices.com/Press_Release/ind_prs23022021.pdf,ACCEPTED
NSE-ISIN:INE068V01023,GLAND,ADD,2021-06-15,2021-06-16 09:15:00+05:30,2021-06-30,2021-06-16 09:15:00+05:30,DATE_ONLY_CONSERVATIVE_NEXT_SESSION,https://www.niftyindices.com/Press_Release/ind_prs15062021.pdf,ACCEPTED
NSE-ISIN:INE775A01035,MOTHERSUMI,DROP,2021-06-15,2021-06-16 09:15:00+05:30,2021-06-30,2021-06-16 09:15:00+05:30,DATE_ONLY_CONSERVATIVE_NEXT_SESSION,https://www.niftyindices.com/Press_Release/ind_prs15062021.pdf,ACCEPTED
NSE-ISIN:INE006I01046,ASTRAL,ADD,2021-08-23,2021-08-24 09:15:00+05:30,2021-09-30,2021-08-24 09:15:00+05:30,DATE_ONLY_CONSERVATIVE_NEXT_SESSION,https://www.niftyindices.com/Press_Release/ind_prs23082021.pdf,ACCEPTED
NSE-ISIN:INE050A01025,BBTC,DROP,2021-08-23,2021-08-24 09:15:00+05:30,2021-09-30,2021-08-24 09:15:00+05:30,DATE_ONLY_CONSERVATIVE_NEXT_SESSION,https://www.niftyindices.com/Press_Release/ind_prs23082021.pdf,ACCEPTED
NSE-ISIN:INE053F01010,IRFC,ADD,2021-08-23,2021-08-24 09:15:00+05:30,2021-09-30,2021-08-24 09:15:00+05:30,DATE_ONLY_CONSERVATIVE_NEXT_SESSION,https://www.niftyindices.com/Press_Release/ind_prs23082021.pdf,ACCEPTED
NSE-ISIN:INE139A01034,NATIONALUM,ADD,2021-08-23,2021-08-24 09:15:00+05:30,2021-09-30,2021-08-24 09:15:00+05:30,DATE_ONLY_CONSERVATIVE_NEXT_SESSION,https://www.niftyindices.com/Press_Release/ind_prs23082021.pdf,ACCEPTED
NSE-ISIN:INE148I01020,IBULHSGFIN,DROP,2021-08-23,2021-08-24 09:15:00+05:30,2021-09-30,2021-08-24 09:15:00+05:30,DATE_ONLY_CONSERVATIVE_NEXT_SESSION,https://www.niftyindices.com/Press_Release/ind_prs23082021.pdf,ACCEPTED
NSE-ISIN:INE151A01013,TATACOMM,ADD,2021-08-23,2021-08-24 09:15:00+05:30,2021-09-30,2021-08-24 09:15:00+05:30,DATE_ONLY_CONSERVATIVE_NEXT_SESSION,https://www.niftyindices.com/Press_Release/ind_prs23082021.pdf,ACCEPTED
NSE-ISIN:INE358A01014,ABBOTINDIA,DROP,2021-08-23,2021-08-24 09:15:00+05:30,2021-09-30,2021-08-24 09:15:00+05:30,DATE_ONLY_CONSERVATIVE_NEXT_SESSION,https://www.niftyindices.com/Press_Release/ind_prs23082021.pdf,ACCEPTED
NSE-ISIN:INE486A01013,CESC,DROP,2021-08-23,2021-08-24 09:15:00+05:30,2021-09-30,2021-08-24 09:15:00+05:30,DATE_ONLY_CONSERVATIVE_NEXT_SESSION,https://www.niftyindices.com/Press_Release/ind_prs23082021.pdf,ACCEPTED
NSE-ISIN:INE531E01026,HINDCOPPER,ADD,2021-08-23,2021-08-24 09:15:00+05:30,2021-09-30,2021-08-24 09:15:00+05:30,DATE_ONLY_CONSERVATIVE_NEXT_SESSION,https://www.niftyindices.com/Press_Release/ind_prs23082021.pdf,ACCEPTED
NSE-ISIN:INE562A01011,INDIANB,ADD,2021-08-23,2021-08-24 09:15:00+05:30,2021-09-30,2021-08-24 09:15:00+05:30,DATE_ONLY_CONSERVATIVE_NEXT_SESSION,https://www.niftyindices.com/Press_Release/ind_prs23082021.pdf,ACCEPTED
NSE-ISIN:INE850D01014,GODREJAGRO,DROP,2021-08-23,2021-08-24 09:15:00+05:30,2021-09-30,2021-08-24 09:15:00+05:30,DATE_ONLY_CONSERVATIVE_NEXT_SESSION,https://www.niftyindices.com/Press_Release/ind_prs23082021.pdf,ACCEPTED
NSE-ISIN:INE951I01027,VGUARD,DROP,2021-08-23,2021-08-24 09:15:00+05:30,2021-09-30,2021-08-24 09:15:00+05:30,DATE_ONLY_CONSERVATIVE_NEXT_SESSION,https://www.niftyindices.com/Press_Release/ind_prs23082021.pdf,ACCEPTED
NSE-ISIN:INE073K01018,SONACOMS,ADD,2021-10-22,2021-10-25 09:15:00+05:30,2021-10-29,2021-10-25 09:15:00+05:30,DATE_ONLY_CONSERVATIVE_NEXT_SESSION,https://www.niftyindices.com/Press_Release/ind_prs22102021.pdf,ACCEPTED
NSE-ISIN:INE776C01039,GMRINFRA,DROP,2021-10-22,2021-10-25 09:15:00+05:30,2021-10-29,2021-10-25 09:15:00+05:30,DATE_ONLY_CONSERVATIVE_NEXT_SESSION,https://www.niftyindices.com/Press_Release/ind_prs22102021.pdf,ACCEPTED
NSE-ISIN:INE002S01010,MGL,DROP,2022-02-24,2022-02-25 09:15:00+05:30,2022-03-31,2022-02-25 09:15:00+05:30,DATE_ONLY_CONSERVATIVE_NEXT_SESSION,https://www.niftyindices.com/Press_Release/ind_prs24022022_1.pdf,ACCEPTED
NSE-ISIN:INE008A01015,IDBI,ADD,2022-02-24,2022-02-25 09:15:00+05:30,2022-03-31,2022-02-25 09:15:00+05:30,DATE_ONLY_CONSERVATIVE_NEXT_SESSION,https://www.niftyindices.com/Press_Release/ind_prs24022022_1.pdf,ACCEPTED
NSE-ISIN:INE022Q01020,IEX,ADD,2022-02-24,2022-02-25 09:15:00+05:30,2022-03-31,2022-02-25 09:15:00+05:30,DATE_ONLY_CONSERVATIVE_NEXT_SESSION,https://www.niftyindices.com/Press_Release/ind_prs24022022_1.pdf,ACCEPTED
NSE-ISIN:INE027H01010,MAXHEALTH,ADD,2022-02-24,2022-02-25 09:15:00+05:30,2022-03-31,2022-02-25 09:15:00+05:30,DATE_ONLY_CONSERVATIVE_NEXT_SESSION,https://www.niftyindices.com/Press_Release/ind_prs24022022_1.pdf,ACCEPTED
NSE-ISIN:INE031B01049,AJANTPHARM,DROP,2022-02-24,2022-02-25 09:15:00+05:30,2022-03-31,2022-02-25 09:15:00+05:30,DATE_ONLY_CONSERVATIVE_NEXT_SESSION,https://www.niftyindices.com/Press_Release/ind_prs24022022_1.pdf,ACCEPTED
NSE-ISIN:INE053F01010,IRFC,DROP,2022-02-24,2022-02-25 09:15:00+05:30,2022-03-31,2022-02-25 09:15:00+05:30,DATE_ONLY_CONSERVATIVE_NEXT_SESSION,https://www.niftyindices.com/Press_Release/ind_prs24022022_1.pdf,ACCEPTED
NSE-ISIN:INE058A01010,SANOFI,DROP,2022-02-24,2022-02-25 09:15:00+05:30,2022-03-31,2022-02-25 09:15:00+05:30,DATE_ONLY_CONSERVATIVE_NEXT_SESSION,https://www.niftyindices.com/Press_Release/ind_prs24022022_1.pdf,ACCEPTED
NSE-ISIN:INE064C01022,TRIDENT,ADD,2022-02-24,2022-02-25 09:15:00+05:30,2022-03-31,2022-02-25 09:15:00+05:30,DATE_ONLY_CONSERVATIVE_NEXT_SESSION,https://www.niftyindices.com/Press_Release/ind_prs24022022_1.pdf,ACCEPTED
NSE-ISIN:INE112L01020,METROPOLIS,ADD,2022-02-24,2022-02-25 09:15:00+05:30,2022-03-31,2022-02-25 09:15:00+05:30,DATE_ONLY_CONSERVATIVE_NEXT_SESSION,https://www.niftyindices.com/Press_Release/ind_prs24022022_1.pdf,ACCEPTED
NSE-ISIN:INE117A01022,ABB,ADD,2022-02-24,2022-02-25 09:15:00+05:30,2022-03-31,2022-02-25 09:15:00+05:30,DATE_ONLY_CONSERVATIVE_NEXT_SESSION,https://www.niftyindices.com/Press_Release/ind_prs24022022_1.pdf,ACCEPTED
NSE-ISIN:INE172A01027,CASTROLIND,DROP,2022-02-24,2022-02-25 09:15:00+05:30,2022-03-31,2022-02-25 09:15:00+05:30,DATE_ONLY_CONSERVATIVE_NEXT_SESSION,https://www.niftyindices.com/Press_Release/ind_prs24022022_1.pdf,ACCEPTED
NSE-ISIN:INE182A01018,PFIZER,DROP,2022-02-24,2022-02-25 09:15:00+05:30,2022-03-31,2022-02-25 09:15:00+05:30,DATE_ONLY_CONSERVATIVE_NEXT_SESSION,https://www.niftyindices.com/Press_Release/ind_prs24022022_1.pdf,ACCEPTED
NSE-ISIN:INE227W01023,CLEAN,ADD,2022-02-24,2022-02-25 09:15:00+05:30,2022-03-31,2022-02-25 09:15:00+05:30,DATE_ONLY_CONSERVATIVE_NEXT_SESSION,https://www.niftyindices.com/Press_Release/ind_prs24022022_1.pdf,ACCEPTED
NSE-ISIN:INE233A01035,GODREJIND,DROP,2022-02-24,2022-02-25 09:15:00+05:30,2022-03-31,2022-02-25 09:15:00+05:30,DATE_ONLY_CONSERVATIVE_NEXT_SESSION,https://www.niftyindices.com/Press_Release/ind_prs24022022_1.pdf,ACCEPTED
NSE-ISIN:INE262H01013,PERSISTENT,ADD,2022-02-24,2022-02-25 09:15:00+05:30,2022-03-31,2022-02-25 09:15:00+05:30,DATE_ONLY_CONSERVATIVE_NEXT_SESSION,https://www.niftyindices.com/Press_Release/ind_prs24022022_1.pdf,ACCEPTED
NSE-ISIN:INE274G01010,DHANI,DROP,2022-02-24,2022-02-25 09:15:00+05:30,2022-03-31,2022-02-25 09:15:00+05:30,DATE_ONLY_CONSERVATIVE_NEXT_SESSION,https://www.niftyindices.com/Press_Release/ind_prs24022022_1.pdf,ACCEPTED
NSE-ISIN:INE358A01014,ABBOTINDIA,ADD,2022-02-24,2022-02-25 09:15:00+05:30,2022-03-31,2022-02-25 09:15:00+05:30,DATE_ONLY_CONSERVATIVE_NEXT_SESSION,https://www.niftyindices.com/Press_Release/ind_prs24022022_1.pdf,ACCEPTED
NSE-ISIN:INE388Y01029,NYKAA,ADD,2022-02-24,2022-02-25 09:15:00+05:30,2022-03-31,2022-02-25 09:15:00+05:30,DATE_ONLY_CONSERVATIVE_NEXT_SESSION,https://www.niftyindices.com/Press_Release/ind_prs24022022_1.pdf,ACCEPTED
NSE-ISIN:INE417T01026,POLICYBZR,ADD,2022-02-24,2022-02-25 09:15:00+05:30,2022-03-31,2022-02-25 09:15:00+05:30,DATE_ONLY_CONSERVATIVE_NEXT_SESSION,https://www.niftyindices.com/Press_Release/ind_prs24022022_1.pdf,ACCEPTED
NSE-ISIN:INE491A01021,CUB,DROP,2022-02-24,2022-02-25 09:15:00+05:30,2022-03-31,2022-02-25 09:15:00+05:30,DATE_ONLY_CONSERVATIVE_NEXT_SESSION,https://www.niftyindices.com/Press_Release/ind_prs24022022_1.pdf,ACCEPTED
NSE-ISIN:INE531E01026,HINDCOPPER,DROP,2022-02-24,2022-02-25 09:15:00+05:30,2022-03-31,2022-02-25 09:15:00+05:30,DATE_ONLY_CONSERVATIVE_NEXT_SESSION,https://www.niftyindices.com/Press_Release/ind_prs24022022_1.pdf,ACCEPTED
NSE-ISIN:INE758T01015,ZOMATO,ADD,2022-02-24,2022-02-25 09:15:00+05:30,2022-03-31,2022-02-25 09:15:00+05:30,DATE_ONLY_CONSERVATIVE_NEXT_SESSION,https://www.niftyindices.com/Press_Release/ind_prs24022022_1.pdf,ACCEPTED
NSE-ISIN:INE881D01027,OFSS,ADD,2022-02-24,2022-02-25 09:15:00+05:30,2022-03-31,2022-02-25 09:15:00+05:30,DATE_ONLY_CONSERVATIVE_NEXT_SESSION,https://www.niftyindices.com/Press_Release/ind_prs24022022_1.pdf,ACCEPTED
NSE-ISIN:INE885A01032,AMARAJABAT,DROP,2022-02-24,2022-02-25 09:15:00+05:30,2022-03-31,2022-02-25 09:15:00+05:30,DATE_ONLY_CONSERVATIVE_NEXT_SESSION,https://www.niftyindices.com/Press_Release/ind_prs24022022_1.pdf,ACCEPTED
NSE-ISIN:INE913H01037,ENDURANCE,DROP,2022-02-24,2022-02-25 09:15:00+05:30,2022-03-31,2022-02-25 09:15:00+05:30,DATE_ONLY_CONSERVATIVE_NEXT_SESSION,https://www.niftyindices.com/Press_Release/ind_prs24022022_1.pdf,ACCEPTED
NSE-ISIN:INE976G01028,RBLBANK,DROP,2022-02-24,2022-02-25 09:15:00+05:30,2022-03-31,2022-02-25 09:15:00+05:30,DATE_ONLY_CONSERVATIVE_NEXT_SESSION,https://www.niftyindices.com/Press_Release/ind_prs24022022_1.pdf,ACCEPTED
NSE-ISIN:INE982J01020,PAYTM,ADD,2022-02-24,2022-02-25 09:15:00+05:30,2022-03-31,2022-02-25 09:15:00+05:30,DATE_ONLY_CONSERVATIVE_NEXT_SESSION,https://www.niftyindices.com/Press_Release/ind_prs24022022_1.pdf,ACCEPTED
NSE-ISIN:INE987B01018,NATCOPHARM,DROP,2022-02-24,2022-02-25 09:15:00+05:30,2022-03-31,2022-02-25 09:15:00+05:30,DATE_ONLY_CONSERVATIVE_NEXT_SESSION,https://www.niftyindices.com/Press_Release/ind_prs24022022_1.pdf,ACCEPTED
NSE-ISIN:INE671A01010,HONAUT,ADD,2022-04-05,2022-04-06 09:15:00+05:30,2022-05-04,2022-04-06 09:15:00+05:30,DATE_ONLY_CONSERVATIVE_NEXT_SESSION,https://www.niftyindices.com/Press_Release/ind_prs05042022.pdf,ACCEPTED
NSE-ISIN:INE769A01020,AARTIIND,DROP,2022-04-05,2022-04-06 09:15:00+05:30,2022-05-04,2022-04-06 09:15:00+05:30,DATE_ONLY_CONSERVATIVE_NEXT_SESSION,https://www.niftyindices.com/Press_Release/ind_prs05042022.pdf,ACCEPTED
NSE-ISIN:INE0J1Y01017,LICI,ADD,2022-07-11,2022-07-12 09:15:00+05:30,2022-08-08,2022-07-12 09:15:00+05:30,DATE_ONLY_CONSERVATIVE_NEXT_SESSION,https://www.niftyindices.com/Press_Release/ind_prs11072022.pdf,ACCEPTED
NSE-ISIN:INE140A01024,PEL,DROP,2022-07-11,2022-07-12 09:15:00+05:30,2022-08-08,2022-07-12 09:15:00+05:30,DATE_ONLY_CONSERVATIVE_NEXT_SESSION,https://www.niftyindices.com/Press_Release/ind_prs11072022.pdf,ACCEPTED
NSE-ISIN:INE148O01028,DELHIVERY,ADD,2022-07-11,2022-07-12 09:15:00+05:30,2022-08-08,2022-07-12 09:15:00+05:30,DATE_ONLY_CONSERVATIVE_NEXT_SESSION,https://www.niftyindices.com/Press_Release/ind_prs11072022.pdf,ACCEPTED
NSE-ISIN:INE584A01023,NMDC,DROP,2022-07-11,2022-07-12 09:15:00+05:30,2022-08-08,2022-07-12 09:15:00+05:30,DATE_ONLY_CONSERVATIVE_NEXT_SESSION,https://www.niftyindices.com/Press_Release/ind_prs11072022.pdf,ACCEPTED
NSE-ISIN:INE008A01015,IDBI,DROP,2022-09-01,2022-09-02 09:15:00+05:30,2022-09-30,2022-09-02 09:15:00+05:30,DATE_ONLY_CONSERVATIVE_NEXT_SESSION,https://www.niftyindices.com/Press_Release/ind_prs01092022.pdf,ACCEPTED
NSE-ISIN:INE018I01017,MINDTREE,DROP,2022-09-01,2022-09-02 09:15:00+05:30,2022-09-30,2022-09-02 09:15:00+05:30,DATE_ONLY_CONSERVATIVE_NEXT_SESSION,https://www.niftyindices.com/Press_Release/ind_prs01092022.pdf,ACCEPTED
NSE-ISIN:INE0FS801015,MSUMI,ADD,2022-09-01,2022-09-02 09:15:00+05:30,2022-09-30,2022-09-02 09:15:00+05:30,DATE_ONLY_CONSERVATIVE_NEXT_SESSION,https://www.niftyindices.com/Press_Release/ind_prs01092022.pdf,ACCEPTED
NSE-ISIN:INE112L01020,METROPOLIS,DROP,2022-09-01,2022-09-02 09:15:00+05:30,2022-09-30,2022-09-02 09:15:00+05:30,DATE_ONLY_CONSERVATIVE_NEXT_SESSION,https://www.niftyindices.com/Press_Release/ind_prs01092022.pdf,ACCEPTED
NSE-ISIN:INE302A01020,EXIDEIND,DROP,2022-09-01,2022-09-02 09:15:00+05:30,2022-09-30,2022-09-02 09:15:00+05:30,DATE_ONLY_CONSERVATIVE_NEXT_SESSION,https://www.niftyindices.com/Press_Release/ind_prs01092022.pdf,ACCEPTED
NSE-ISIN:INE438A01022,APOLLOTYRE,DROP,2022-09-01,2022-09-02 09:15:00+05:30,2022-09-30,2022-09-02 09:15:00+05:30,DATE_ONLY_CONSERVATIVE_NEXT_SESSION,https://www.niftyindices.com/Press_Release/ind_prs01092022.pdf,ACCEPTED
NSE-ISIN:INE473A01011,LINDEINDIA,ADD,2022-09-01,2022-09-02 09:15:00+05:30,2022-09-30,2022-09-02 09:15:00+05:30,DATE_ONLY_CONSERVATIVE_NEXT_SESSION,https://www.niftyindices.com/Press_Release/ind_prs01092022.pdf,ACCEPTED
NSE-ISIN:INE511C01022,POONAWALLA,ADD,2022-09-01,2022-09-02 09:15:00+05:30,2022-09-30,2022-09-02 09:15:00+05:30,DATE_ONLY_CONSERVATIVE_NEXT_SESSION,https://www.niftyindices.com/Press_Release/ind_prs01092022.pdf,ACCEPTED
NSE-ISIN:INE517B01013,TTML,ADD,2022-09-01,2022-09-02 09:15:00+05:30,2022-09-30,2022-09-02 09:15:00+05:30,DATE_ONLY_CONSERVATIVE_NEXT_SESSION,https://www.niftyindices.com/Press_Release/ind_prs01092022.pdf,ACCEPTED
NSE-ISIN:INE522D01027,MANAPPURAM,DROP,2022-09-01,2022-09-02 09:15:00+05:30,2022-09-30,2022-09-02 09:15:00+05:30,DATE_ONLY_CONSERVATIVE_NEXT_SESSION,https://www.niftyindices.com/Press_Release/ind_prs01092022.pdf,ACCEPTED
NSE-ISIN:INE619A01035,PATANJALI,ADD,2022-09-01,2022-09-02 09:15:00+05:30,2022-09-30,2022-09-02 09:15:00+05:30,DATE_ONLY_CONSERVATIVE_NEXT_SESSION,https://www.niftyindices.com/Press_Release/ind_prs01092022.pdf,ACCEPTED
NSE-ISIN:INE699H01024,AWL,ADD,2022-09-01,2022-09-02 09:15:00+05:30,2022-09-30,2022-09-02 09:15:00+05:30,DATE_ONLY_CONSERVATIVE_NEXT_SESSION,https://www.niftyindices.com/Press_Release/ind_prs01092022.pdf,ACCEPTED
NSE-ISIN:INE775A01035,MOTHERSON,ADD,2022-09-01,2022-09-02 09:15:00+05:30,2022-09-30,2022-09-02 09:15:00+05:30,DATE_ONLY_CONSERVATIVE_NEXT_SESSION,https://www.niftyindices.com/Press_Release/ind_prs01092022.pdf,ACCEPTED
NSE-ISIN:INE901L01018,APLLTD,DROP,2022-09-01,2022-09-02 09:15:00+05:30,2022-09-30,2022-09-02 09:15:00+05:30,DATE_ONLY_CONSERVATIVE_NEXT_SESSION,https://www.niftyindices.com/Press_Release/ind_prs01092022.pdf,ACCEPTED
NSE-ISIN:INE935A01035,GLENMARK,DROP,2022-09-01,2022-09-02 09:15:00+05:30,2022-09-30,2022-09-02 09:15:00+05:30,DATE_ONLY_CONSERVATIVE_NEXT_SESSION,https://www.niftyindices.com/Press_Release/ind_prs01092022.pdf,ACCEPTED
NSE-ISIN:INE974X01010,TIINDIA,ADD,2022-09-01,2022-09-02 09:15:00+05:30,2022-09-30,2022-09-02 09:15:00+05:30,DATE_ONLY_CONSERVATIVE_NEXT_SESSION,https://www.niftyindices.com/Press_Release/ind_prs01092022.pdf,ACCEPTED
NSE-ISIN:INE022Q01020,IEX,DROP,2023-02-17,2023-02-20 09:15:00+05:30,2023-03-31,2023-02-20 09:15:00+05:30,DATE_ONLY_CONSERVATIVE_NEXT_SESSION,https://www.niftyindices.com/Press_Release/ind_prs17022023_1.pdf,ACCEPTED
NSE-ISIN:INE053F01010,IRFC,ADD,2023-02-17,2023-02-20 09:15:00+05:30,2023-03-31,2023-02-20 09:15:00+05:30,DATE_ONLY_CONSERVATIVE_NEXT_SESSION,https://www.niftyindices.com/Press_Release/ind_prs17022023_1.pdf,ACCEPTED
NSE-ISIN:INE067A01029,CGPOWER,ADD,2023-02-17,2023-02-20 09:15:00+05:30,2023-03-31,2023-02-20 09:15:00+05:30,DATE_ONLY_CONSERVATIVE_NEXT_SESSION,https://www.niftyindices.com/Press_Release/ind_prs17022023_1.pdf,ACCEPTED
NSE-ISIN:INE09N301011,FLUOROCHEM,ADD,2023-02-17,2023-02-20 09:15:00+05:30,2023-03-31,2023-02-20 09:15:00+05:30,DATE_ONLY_CONSERVATIVE_NEXT_SESSION,https://www.niftyindices.com/Press_Release/ind_prs17022023_1.pdf,ACCEPTED
NSE-ISIN:INE139A01034,NATIONALUM,DROP,2023-02-17,2023-02-20 09:15:00+05:30,2023-03-31,2023-02-20 09:15:00+05:30,DATE_ONLY_CONSERVATIVE_NEXT_SESSION,https://www.niftyindices.com/Press_Release/ind_prs17022023_1.pdf,ACCEPTED
NSE-ISIN:INE140A01024,PEL,ADD,2023-02-17,2023-02-20 09:15:00+05:30,2023-03-31,2023-02-20 09:15:00+05:30,DATE_ONLY_CONSERVATIVE_NEXT_SESSION,https://www.niftyindices.com/Press_Release/ind_prs17022023_1.pdf,ACCEPTED
NSE-ISIN:INE227W01023,CLEAN,DROP,2023-02-17,2023-02-20 09:15:00+05:30,2023-03-31,2023-02-20 09:15:00+05:30,DATE_ONLY_CONSERVATIVE_NEXT_SESSION,https://www.niftyindices.com/Press_Release/ind_prs17022023_1.pdf,ACCEPTED
NSE-ISIN:INE246F01010,GSPL,DROP,2023-02-17,2023-02-20 09:15:00+05:30,2023-03-31,2023-02-20 09:15:00+05:30,DATE_ONLY_CONSERVATIVE_NEXT_SESSION,https://www.niftyindices.com/Press_Release/ind_prs17022023_1.pdf,ACCEPTED
NSE-ISIN:INE298J01013,NAM-INDIA,DROP,2023-02-17,2023-02-20 09:15:00+05:30,2023-03-31,2023-02-20 09:15:00+05:30,DATE_ONLY_CONSERVATIVE_NEXT_SESSION,https://www.niftyindices.com/Press_Release/ind_prs17022023_1.pdf,ACCEPTED
NSE-ISIN:INE438A01022,APOLLOTYRE,ADD,2023-02-17,2023-02-20 09:15:00+05:30,2023-03-31,2023-02-20 09:15:00+05:30,DATE_ONLY_CONSERVATIVE_NEXT_SESSION,https://www.niftyindices.com/Press_Release/ind_prs17022023_1.pdf,ACCEPTED
NSE-ISIN:INE473A01011,LINDEINDIA,DROP,2023-02-17,2023-02-20 09:15:00+05:30,2023-03-31,2023-02-20 09:15:00+05:30,DATE_ONLY_CONSERVATIVE_NEXT_SESSION,https://www.niftyindices.com/Press_Release/ind_prs17022023_1.pdf,ACCEPTED
NSE-ISIN:INE548C01032,EMAMILTD,DROP,2023-02-17,2023-02-20 09:15:00+05:30,2023-03-31,2023-02-20 09:15:00+05:30,DATE_ONLY_CONSERVATIVE_NEXT_SESSION,https://www.niftyindices.com/Press_Release/ind_prs17022023_1.pdf,ACCEPTED
NSE-ISIN:INE584A01023,NMDC,ADD,2023-02-17,2023-02-20 09:15:00+05:30,2023-03-31,2023-02-20 09:15:00+05:30,DATE_ONLY_CONSERVATIVE_NEXT_SESSION,https://www.niftyindices.com/Press_Release/ind_prs17022023_1.pdf,ACCEPTED
NSE-ISIN:INE763G01038,ISEC,DROP,2023-02-17,2023-02-20 09:15:00+05:30,2023-03-31,2023-02-20 09:15:00+05:30,DATE_ONLY_CONSERVATIVE_NEXT_SESSION,https://www.niftyindices.com/Press_Release/ind_prs17022023_1.pdf,ACCEPTED
NSE-ISIN:INE814H01011,ADANIPOWER,ADD,2023-02-17,2023-02-20 09:15:00+05:30,2023-03-31,2023-02-20 09:15:00+05:30,DATE_ONLY_CONSERVATIVE_NEXT_SESSION,https://www.niftyindices.com/Press_Release/ind_prs17022023_1.pdf,ACCEPTED
NSE-ISIN:INE848E01016,NHPC,ADD,2023-02-17,2023-02-20 09:15:00+05:30,2023-03-31,2023-02-20 09:15:00+05:30,DATE_ONLY_CONSERVATIVE_NEXT_SESSION,https://www.niftyindices.com/Press_Release/ind_prs17022023_1.pdf,ACCEPTED
NSE-ISIN:INE872J01023,DEVYANI,ADD,2023-02-17,2023-02-20 09:15:00+05:30,2023-03-31,2023-02-20 09:15:00+05:30,DATE_ONLY_CONSERVATIVE_NEXT_SESSION,https://www.niftyindices.com/Press_Release/ind_prs17022023_1.pdf,ACCEPTED
NSE-ISIN:INE933S01016,INDIAMART,DROP,2023-02-17,2023-02-20 09:15:00+05:30,2023-03-31,2023-02-20 09:15:00+05:30,DATE_ONLY_CONSERVATIVE_NEXT_SESSION,https://www.niftyindices.com/Press_Release/ind_prs17022023_1.pdf,ACCEPTED
NSE-ISIN:INE001A01036,HDFC,DROP,2023-07-04,2023-07-05 09:15:00+05:30,2023-07-13,2023-07-05 09:15:00+05:30,DATE_ONLY_CONSERVATIVE_NEXT_SESSION,https://www.niftyindices.com/Press_Release/ind_prs04072023.pdf,ACCEPTED
NSE-ISIN:INE634S01028,MANKIND,ADD,2023-07-04,2023-07-05 09:15:00+05:30,2023-07-13,2023-07-05 09:15:00+05:30,DATE_ONLY_CONSERVATIVE_NEXT_SESSION,https://www.niftyindices.com/Press_Release/ind_prs04072023.pdf,ACCEPTED
NSE-ISIN:IN9155A01020,TATAMTRDVR,ADD,2023-08-17,2023-08-18 09:15:00+05:30,2023-09-29,2023-08-18 09:15:00+05:30,DATE_ONLY_CONSERVATIVE_NEXT_SESSION,https://www.niftyindices.com/Press_Release/ind_prs17082023.pdf,ACCEPTED
NSE-ISIN:INE04I401011,KPITTECH,ADD,2023-08-17,2023-08-18 09:15:00+05:30,2023-09-29,2023-08-18 09:15:00+05:30,DATE_ONLY_CONSERVATIVE_NEXT_SESSION,https://www.niftyindices.com/Press_Release/ind_prs17082023.pdf,ACCEPTED
NSE-ISIN:INE064C01022,TRIDENT,DROP,2023-08-17,2023-08-18 09:15:00+05:30,2023-09-29,2023-08-18 09:15:00+05:30,DATE_ONLY_CONSERVATIVE_NEXT_SESSION,https://www.niftyindices.com/Press_Release/ind_prs17082023.pdf,ACCEPTED
NSE-ISIN:INE171Z01018,BDL,ADD,2023-08-17,2023-08-18 09:15:00+05:30,2023-09-29,2023-08-18 09:15:00+05:30,DATE_ONLY_CONSERVATIVE_NEXT_SESSION,https://www.niftyindices.com/Press_Release/ind_prs17082023.pdf,ACCEPTED
NSE-ISIN:INE188A01015,FACT,ADD,2023-08-17,2023-08-18 09:15:00+05:30,2023-09-29,2023-08-18 09:15:00+05:30,DATE_ONLY_CONSERVATIVE_NEXT_SESSION,https://www.niftyindices.com/Press_Release/ind_prs17082023.pdf,ACCEPTED
NSE-ISIN:INE249Z01012,MAZDOCK,ADD,2023-08-17,2023-08-18 09:15:00+05:30,2023-09-29,2023-08-18 09:15:00+05:30,DATE_ONLY_CONSERVATIVE_NEXT_SESSION,https://www.niftyindices.com/Press_Release/ind_prs17082023.pdf,ACCEPTED
NSE-ISIN:INE267A01025,HINDZINC,DROP,2023-08-17,2023-08-18 09:15:00+05:30,2023-09-29,2023-08-18 09:15:00+05:30,DATE_ONLY_CONSERVATIVE_NEXT_SESSION,https://www.niftyindices.com/Press_Release/ind_prs17082023.pdf,ACCEPTED
NSE-ISIN:INE358A01014,ABBOTINDIA,DROP,2023-08-17,2023-08-18 09:15:00+05:30,2023-09-29,2023-08-18 09:15:00+05:30,DATE_ONLY_CONSERVATIVE_NEXT_SESSION,https://www.niftyindices.com/Press_Release/ind_prs17082023.pdf,ACCEPTED
NSE-ISIN:INE415G01027,RVNL,ADD,2023-08-17,2023-08-18 09:15:00+05:30,2023-09-29,2023-08-18 09:15:00+05:30,DATE_ONLY_CONSERVATIVE_NEXT_SESSION,https://www.niftyindices.com/Press_Release/ind_prs17082023.pdf,ACCEPTED
NSE-ISIN:INE517B01013,TTML,DROP,2023-08-17,2023-08-18 09:15:00+05:30,2023-09-29,2023-08-18 09:15:00+05:30,DATE_ONLY_CONSERVATIVE_NEXT_SESSION,https://www.niftyindices.com/Press_Release/ind_prs17082023.pdf,ACCEPTED
NSE-ISIN:INE670K01029,LODHA,ADD,2023-08-17,2023-08-18 09:15:00+05:30,2023-09-29,2023-08-18 09:15:00+05:30,DATE_ONLY_CONSERVATIVE_NEXT_SESSION,https://www.niftyindices.com/Press_Release/ind_prs17082023.pdf,ACCEPTED
NSE-ISIN:INE671A01010,HONAUT,DROP,2023-08-17,2023-08-18 09:15:00+05:30,2023-09-29,2023-08-18 09:15:00+05:30,DATE_ONLY_CONSERVATIVE_NEXT_SESSION,https://www.niftyindices.com/Press_Release/ind_prs17082023.pdf,ACCEPTED
NSE-ISIN:INE702C01027,APLAPOLLO,ADD,2023-08-17,2023-08-18 09:15:00+05:30,2023-09-29,2023-08-18 09:15:00+05:30,DATE_ONLY_CONSERVATIVE_NEXT_SESSION,https://www.niftyindices.com/Press_Release/ind_prs17082023.pdf,ACCEPTED
NSE-ISIN:INE716A01013,WHIRLPOOL,DROP,2023-08-17,2023-08-18 09:15:00+05:30,2023-09-29,2023-08-18 09:15:00+05:30,DATE_ONLY_CONSERVATIVE_NEXT_SESSION,https://www.niftyindices.com/Press_Release/ind_prs17082023.pdf,ACCEPTED
NSE-ISIN:INE881D01027,OFSS,DROP,2023-08-17,2023-08-18 09:15:00+05:30,2023-09-29,2023-08-18 09:15:00+05:30,DATE_ONLY_CONSERVATIVE_NEXT_SESSION,https://www.niftyindices.com/Press_Release/ind_prs17082023.pdf,ACCEPTED
NSE-ISIN:INE002L01015,SJVN,ADD,2024-02-28,2024-02-29 09:15:00+05:30,2024-03-28,2024-02-29 09:15:00+05:30,DATE_ONLY_CONSERVATIVE_NEXT_SESSION,https://www.niftyindices.com/Press_Release/ind_prs28022024.pdf,ACCEPTED
NSE-ISIN:INE008A01015,IDBI,ADD,2024-02-28,2024-02-29 09:15:00+05:30,2024-03-28,2024-02-29 09:15:00+05:30,DATE_ONLY_CONSERVATIVE_NEXT_SESSION,https://www.niftyindices.com/Press_Release/ind_prs28022024.pdf,ACCEPTED
NSE-ISIN:INE040H01021,SUZLON,ADD,2024-02-28,2024-02-29 09:15:00+05:30,2024-03-28,2024-02-29 09:15:00+05:30,DATE_ONLY_CONSERVATIVE_NEXT_SESSION,https://www.niftyindices.com/Press_Release/ind_prs28022024.pdf,ACCEPTED
NSE-ISIN:INE048G01026,NAVINFLUOR,DROP,2024-02-28,2024-02-29 09:15:00+05:30,2024-03-28,2024-02-29 09:15:00+05:30,DATE_ONLY_CONSERVATIVE_NEXT_SESSION,https://www.niftyindices.com/Press_Release/ind_prs28022024.pdf,ACCEPTED
NSE-ISIN:INE09N301011,FLUOROCHEM,DROP,2024-02-28,2024-02-29 09:15:00+05:30,2024-03-28,2024-02-29 09:15:00+05:30,DATE_ONLY_CONSERVATIVE_NEXT_SESSION,https://www.niftyindices.com/Press_Release/ind_prs28022024.pdf,ACCEPTED
NSE-ISIN:INE0FS801015,MSUMI,DROP,2024-02-28,2024-02-29 09:15:00+05:30,2024-03-28,2024-02-29 09:15:00+05:30,DATE_ONLY_CONSERVATIVE_NEXT_SESSION,https://www.niftyindices.com/Press_Release/ind_prs28022024.pdf,ACCEPTED
NSE-ISIN:INE118H01025,BSE,ADD,2024-03-19,2024-03-20 09:15:00+05:30,2024-03-28,2024-03-20 09:15:00+05:30,DATE_ONLY_CONSERVATIVE_NEXT_SESSION,https://www.niftyindices.com/Press_Release/ind_prs19032024.pdf,ACCEPTED
NSE-ISIN:INE142M01025,TATATECH,ADD,2024-02-28,2024-02-29 09:15:00+05:30,2024-03-28,2024-02-29 09:15:00+05:30,DATE_ONLY_CONSERVATIVE_NEXT_SESSION,https://www.niftyindices.com/Press_Release/ind_prs28022024.pdf,ACCEPTED
NSE-ISIN:INE169A01031,COROMANDEL,DROP,2024-02-28,2024-02-29 09:15:00+05:30,2024-03-28,2024-02-29 09:15:00+05:30,DATE_ONLY_CONSERVATIVE_NEXT_SESSION,https://www.niftyindices.com/Press_Release/ind_prs28022024.pdf,ACCEPTED
NSE-ISIN:INE176A01010,BATAINDIA,DROP,2024-02-28,2024-02-29 09:15:00+05:30,2024-03-28,2024-02-29 09:15:00+05:30,DATE_ONLY_CONSERVATIVE_NEXT_SESSION,https://www.niftyindices.com/Press_Release/ind_prs28022024.pdf,ACCEPTED
NSE-ISIN:INE179A01014,PGHH,DROP,2024-02-28,2024-02-29 09:15:00+05:30,2024-03-28,2024-02-29 09:15:00+05:30,DATE_ONLY_CONSERVATIVE_NEXT_SESSION,https://www.niftyindices.com/Press_Release/ind_prs28022024.pdf,ACCEPTED
NSE-ISIN:INE195A01028,SUPREMEIND,ADD,2024-02-28,2024-02-29 09:15:00+05:30,2024-03-28,2024-02-29 09:15:00+05:30,DATE_ONLY_CONSERVATIVE_NEXT_SESSION,https://www.niftyindices.com/Press_Release/ind_prs28022024.pdf,ACCEPTED
NSE-ISIN:INE299U01018,CROMPTON,DROP,2024-02-28,2024-02-29 09:15:00+05:30,2024-03-28,2024-02-29 09:15:00+05:30,DATE_ONLY_CONSERVATIVE_NEXT_SESSION,https://www.niftyindices.com/Press_Release/ind_prs28022024.pdf,ACCEPTED
NSE-ISIN:INE303R01014,KALYANKJIL,ADD,2024-02-28,2024-02-29 09:15:00+05:30,2024-03-28,2024-02-29 09:15:00+05:30,DATE_ONLY_CONSERVATIVE_NEXT_SESSION,https://www.niftyindices.com/Press_Release/ind_prs28022024.pdf,ACCEPTED
NSE-ISIN:INE331A01037,RAMCOCEM,DROP,2024-02-28,2024-02-29 09:15:00+05:30,2024-03-28,2024-02-29 09:15:00+05:30,DATE_ONLY_CONSERVATIVE_NEXT_SESSION,https://www.niftyindices.com/Press_Release/ind_prs28022024.pdf,ACCEPTED
NSE-ISIN:INE414G01012,MUTHOOTFIN,DROP,2024-02-28,2024-02-29 09:15:00+05:30,2024-03-28,2024-02-29 09:15:00+05:30,DATE_ONLY_CONSERVATIVE_NEXT_SESSION,https://www.niftyindices.com/Press_Release/ind_prs28022024.pdf,ACCEPTED
NSE-ISIN:INE457A01014,MAHABANK,ADD,2024-02-28,2024-02-29 09:15:00+05:30,2024-03-28,2024-02-29 09:15:00+05:30,DATE_ONLY_CONSERVATIVE_NEXT_SESSION,https://www.niftyindices.com/Press_Release/ind_prs28022024.pdf,ACCEPTED
NSE-ISIN:INE686F01025,UBL,DROP,2024-02-28,2024-02-29 09:15:00+05:30,2024-03-28,2024-02-29 09:15:00+05:30,DATE_ONLY_CONSERVATIVE_NEXT_SESSION,https://www.niftyindices.com/Press_Release/ind_prs28022024.pdf,ACCEPTED
NSE-ISIN:INE699H01024,AWL,DROP,2024-02-28,2024-02-29 09:15:00+05:30,2024-03-28,2024-02-29 09:15:00+05:30,DATE_ONLY_CONSERVATIVE_NEXT_SESSION,https://www.niftyindices.com/Press_Release/ind_prs28022024.pdf,ACCEPTED
NSE-ISIN:INE758E01017,JIOFIN,ADD,2024-02-28,2024-02-29 09:15:00+05:30,2024-03-28,2024-02-29 09:15:00+05:30,DATE_ONLY_CONSERVATIVE_NEXT_SESSION,https://www.niftyindices.com/Press_Release/ind_prs28022024.pdf,ACCEPTED
NSE-ISIN:INE776C01039,GMRINFRA,ADD,2024-02-28,2024-02-29 09:15:00+05:30,2024-03-28,2024-02-29 09:15:00+05:30,DATE_ONLY_CONSERVATIVE_NEXT_SESSION,https://www.niftyindices.com/Press_Release/ind_prs28022024.pdf,ACCEPTED
NSE-ISIN:INE872J01023,DEVYANI,DROP,2024-02-28,2024-02-29 09:15:00+05:30,2024-03-28,2024-02-29 09:15:00+05:30,DATE_ONLY_CONSERVATIVE_NEXT_SESSION,https://www.niftyindices.com/Press_Release/ind_prs28022024.pdf,ACCEPTED
NSE-ISIN:INE880J01026,JSWINFRA,ADD,2024-02-28,2024-02-29 09:15:00+05:30,2024-03-28,2024-02-29 09:15:00+05:30,DATE_ONLY_CONSERVATIVE_NEXT_SESSION,https://www.niftyindices.com/Press_Release/ind_prs28022024.pdf,ACCEPTED
NSE-ISIN:INE881D01027,OFSS,ADD,2024-02-28,2024-02-29 09:15:00+05:30,2024-03-28,2024-02-29 09:15:00+05:30,DATE_ONLY_CONSERVATIVE_NEXT_SESSION,https://www.niftyindices.com/Press_Release/ind_prs28022024.pdf,ACCEPTED
NSE-ISIN:IN9155A01020,TATAMTRDVR,DROP,2024-08-23,2024-08-26 09:15:00+05:30,2024-08-30,2024-08-26 09:15:00+05:30,DATE_ONLY_CONSERVATIVE_NEXT_SESSION,https://www.niftyindices.com/Press_Release/ind_prs23082024_1.pdf,ACCEPTED
NSE-ISIN:INE00R701025,DALBHARAT,DROP,2024-08-23,2024-08-26 09:15:00+05:30,2024-09-30,2024-08-26 09:15:00+05:30,DATE_ONLY_CONSERVATIVE_NEXT_SESSION,https://www.niftyindices.com/Press_Release/ind_prs23082024.pdf,ACCEPTED
NSE-ISIN:INE010V01017,LTTS,DROP,2024-08-23,2024-08-26 09:15:00+05:30,2024-09-30,2024-08-26 09:15:00+05:30,DATE_ONLY_CONSERVATIVE_NEXT_SESSION,https://www.niftyindices.com/Press_Release/ind_prs23082024.pdf,ACCEPTED
NSE-ISIN:INE031A01017,HUDCO,ADD,2024-08-23,2024-08-26 09:15:00+05:30,2024-09-30,2024-08-26 09:15:00+05:30,DATE_ONLY_CONSERVATIVE_NEXT_SESSION,https://www.niftyindices.com/Press_Release/ind_prs23082024.pdf,ACCEPTED
NSE-ISIN:INE061F01013,FORTIS,DROP,2024-08-23,2024-08-26 09:15:00+05:30,2024-09-30,2024-08-26 09:15:00+05:30,DATE_ONLY_CONSERVATIVE_NEXT_SESSION,https://www.niftyindices.com/Press_Release/ind_prs23082024.pdf,ACCEPTED
NSE-ISIN:INE068V01023,GLAND,DROP,2024-08-23,2024-08-26 09:15:00+05:30,2024-09-30,2024-08-26 09:15:00+05:30,DATE_ONLY_CONSERVATIVE_NEXT_SESSION,https://www.niftyindices.com/Press_Release/ind_prs23082024.pdf,ACCEPTED
NSE-ISIN:INE103A01014,MRPL,ADD,2024-08-23,2024-08-26 09:15:00+05:30,2024-09-30,2024-08-26 09:15:00+05:30,DATE_ONLY_CONSERVATIVE_NEXT_SESSION,https://www.niftyindices.com/Press_Release/ind_prs23082024.pdf,ACCEPTED
NSE-ISIN:INE140A01024,PEL,DROP,2024-08-23,2024-08-26 09:15:00+05:30,2024-09-30,2024-08-26 09:15:00+05:30,DATE_ONLY_CONSERVATIVE_NEXT_SESSION,https://www.niftyindices.com/Press_Release/ind_prs23082024.pdf,ACCEPTED
NSE-ISIN:INE202E01016,IREDA,ADD,2024-08-23,2024-08-26 09:15:00+05:30,2024-09-30,2024-08-26 09:15:00+05:30,DATE_ONLY_CONSERVATIVE_NEXT_SESSION,https://www.niftyindices.com/Press_Release/ind_prs23082024.pdf,ACCEPTED
NSE-ISIN:INE211B01039,PHOENIXLTD,ADD,2024-08-23,2024-08-26 09:15:00+05:30,2024-09-30,2024-08-26 09:15:00+05:30,DATE_ONLY_CONSERVATIVE_NEXT_SESSION,https://www.niftyindices.com/Press_Release/ind_prs23082024.pdf,ACCEPTED
NSE-ISIN:INE256A01028,ZEEL,DROP,2024-08-23,2024-08-26 09:15:00+05:30,2024-09-30,2024-08-26 09:15:00+05:30,DATE_ONLY_CONSERVATIVE_NEXT_SESSION,https://www.niftyindices.com/Press_Release/ind_prs23082024.pdf,ACCEPTED
NSE-ISIN:INE267A01025,HINDZINC,ADD,2024-08-23,2024-08-26 09:15:00+05:30,2024-09-30,2024-08-26 09:15:00+05:30,DATE_ONLY_CONSERVATIVE_NEXT_SESSION,https://www.niftyindices.com/Press_Release/ind_prs23082024.pdf,ACCEPTED
NSE-ISIN:INE288B01029,DEEPAKNTR,DROP,2024-08-23,2024-08-26 09:15:00+05:30,2024-09-30,2024-08-26 09:15:00+05:30,DATE_ONLY_CONSERVATIVE_NEXT_SESSION,https://www.niftyindices.com/Press_Release/ind_prs23082024.pdf,ACCEPTED
NSE-ISIN:INE302A01020,EXIDEIND,ADD,2024-08-23,2024-08-26 09:15:00+05:30,2024-09-30,2024-08-26 09:15:00+05:30,DATE_ONLY_CONSERVATIVE_NEXT_SESSION,https://www.niftyindices.com/Press_Release/ind_prs23082024.pdf,ACCEPTED
NSE-ISIN:INE343G01021,BHARTIHEXA,ADD,2024-08-23,2024-08-26 09:15:00+05:30,2024-09-30,2024-08-26 09:15:00+05:30,DATE_ONLY_CONSERVATIVE_NEXT_SESSION,https://www.niftyindices.com/Press_Release/ind_prs23082024.pdf,ACCEPTED
NSE-ISIN:INE343H01029,SOLARINDS,ADD,2024-08-23,2024-08-26 09:15:00+05:30,2024-09-30,2024-08-26 09:15:00+05:30,DATE_ONLY_CONSERVATIVE_NEXT_SESSION,https://www.niftyindices.com/Press_Release/ind_prs23082024.pdf,ACCEPTED
NSE-ISIN:INE398R01022,SYNGENE,DROP,2024-08-23,2024-08-26 09:15:00+05:30,2024-09-30,2024-08-26 09:15:00+05:30,DATE_ONLY_CONSERVATIVE_NEXT_SESSION,https://www.niftyindices.com/Press_Release/ind_prs23082024.pdf,ACCEPTED
NSE-ISIN:INE414G01012,MUTHOOTFIN,ADD,2024-08-23,2024-08-26 09:15:00+05:30,2024-09-30,2024-08-26 09:15:00+05:30,DATE_ONLY_CONSERVATIVE_NEXT_SESSION,https://www.niftyindices.com/Press_Release/ind_prs23082024.pdf,ACCEPTED
NSE-ISIN:INE424H01027,SUNTV,DROP,2024-08-23,2024-08-26 09:15:00+05:30,2024-09-30,2024-08-26 09:15:00+05:30,DATE_ONLY_CONSERVATIVE_NEXT_SESSION,https://www.niftyindices.com/Press_Release/ind_prs23082024.pdf,ACCEPTED
NSE-ISIN:INE463A01038,BERGEPAINT,DROP,2024-08-23,2024-08-26 09:15:00+05:30,2024-09-30,2024-08-26 09:15:00+05:30,DATE_ONLY_CONSERVATIVE_NEXT_SESSION,https://www.niftyindices.com/Press_Release/ind_prs23082024.pdf,ACCEPTED
NSE-ISIN:INE483A01010,CENTRALBK,ADD,2024-08-23,2024-08-26 09:15:00+05:30,2024-09-30,2024-08-26 09:15:00+05:30,DATE_ONLY_CONSERVATIVE_NEXT_SESSION,https://www.niftyindices.com/Press_Release/ind_prs23082024.pdf,ACCEPTED
NSE-ISIN:INE565A01014,IOB,ADD,2024-08-23,2024-08-26 09:15:00+05:30,2024-09-30,2024-08-26 09:15:00+05:30,DATE_ONLY_CONSERVATIVE_NEXT_SESSION,https://www.niftyindices.com/Press_Release/ind_prs23082024.pdf,ACCEPTED
NSE-ISIN:INE571A01020,IPCALAB,DROP,2024-08-23,2024-08-26 09:15:00+05:30,2024-09-30,2024-08-26 09:15:00+05:30,DATE_ONLY_CONSERVATIVE_NEXT_SESSION,https://www.niftyindices.com/Press_Release/ind_prs23082024.pdf,ACCEPTED
NSE-ISIN:INE589A01014,NLCINDIA,ADD,2024-08-23,2024-08-26 09:15:00+05:30,2024-09-30,2024-08-26 09:15:00+05:30,DATE_ONLY_CONSERVATIVE_NEXT_SESSION,https://www.niftyindices.com/Press_Release/ind_prs23082024.pdf,ACCEPTED
NSE-ISIN:INE600L01024,LALPATHLAB,DROP,2024-08-23,2024-08-26 09:15:00+05:30,2024-09-30,2024-08-26 09:15:00+05:30,DATE_ONLY_CONSERVATIVE_NEXT_SESSION,https://www.niftyindices.com/Press_Release/ind_prs23082024.pdf,ACCEPTED
NSE-ISIN:INE660A01013,SUNDARMFIN,ADD,2024-08-23,2024-08-26 09:15:00+05:30,2024-09-30,2024-08-26 09:15:00+05:30,DATE_ONLY_CONSERVATIVE_NEXT_SESSION,https://www.niftyindices.com/Press_Release/ind_prs23082024.pdf,ACCEPTED
NSE-ISIN:INE669E01016,IDEA,DROP,2024-08-23,2024-08-26 09:15:00+05:30,2024-09-30,2024-08-26 09:15:00+05:30,DATE_ONLY_CONSERVATIVE_NEXT_SESSION,https://www.niftyindices.com/Press_Release/ind_prs23082024.pdf,ACCEPTED
NSE-ISIN:INE704P01017,COCHINSHIP,ADD,2024-08-23,2024-08-26 09:15:00+05:30,2024-09-30,2024-08-26 09:15:00+05:30,DATE_ONLY_CONSERVATIVE_NEXT_SESSION,https://www.niftyindices.com/Press_Release/ind_prs23082024.pdf,ACCEPTED
NSE-ISIN:INE821I01014,IRB,ADD,2024-08-23,2024-08-26 09:15:00+05:30,2024-09-30,2024-08-26 09:15:00+05:30,DATE_ONLY_CONSERVATIVE_NEXT_SESSION,https://www.niftyindices.com/Press_Release/ind_prs23082024.pdf,ACCEPTED
NSE-ISIN:INE844O01030,GUJGASLTD,DROP,2024-08-23,2024-08-26 09:15:00+05:30,2024-09-30,2024-08-26 09:15:00+05:30,DATE_ONLY_CONSERVATIVE_NEXT_SESSION,https://www.niftyindices.com/Press_Release/ind_prs23082024.pdf,ACCEPTED
NSE-ISIN:INE947Q01028,LAURUSLABS,DROP,2024-08-23,2024-08-26 09:15:00+05:30,2024-09-30,2024-08-26 09:15:00+05:30,DATE_ONLY_CONSERVATIVE_NEXT_SESSION,https://www.niftyindices.com/Press_Release/ind_prs23082024.pdf,ACCEPTED
NSE-ISIN:INE008A01015,IDBI,DROP,2025-02-21,2025-02-24 09:15:00+05:30,2025-03-28,2025-02-24 09:15:00+05:30,DATE_ONLY_CONSERVATIVE_NEXT_SESSION,https://www.niftyindices.com/Press_Release/ind_prs21022025.pdf,ACCEPTED
NSE-ISIN:INE00H001014,SWIGGY,ADD,2025-02-21,2025-02-24 09:15:00+05:30,2025-03-28,2025-02-24 09:15:00+05:30,DATE_ONLY_CONSERVATIVE_NEXT_SESSION,https://www.niftyindices.com/Press_Release/ind_prs21022025.pdf,ACCEPTED
NSE-ISIN:INE01EA01019,VMM,ADD,2025-02-21,2025-02-24 09:15:00+05:30,2025-03-28,2025-02-24 09:15:00+05:30,DATE_ONLY_CONSERVATIVE_NEXT_SESSION,https://www.niftyindices.com/Press_Release/ind_prs21022025.pdf,ACCEPTED
NSE-ISIN:INE092A01019,TATACHEM,DROP,2025-02-21,2025-02-24 09:15:00+05:30,2025-03-28,2025-02-24 09:15:00+05:30,DATE_ONLY_CONSERVATIVE_NEXT_SESSION,https://www.niftyindices.com/Press_Release/ind_prs21022025.pdf,ACCEPTED
NSE-ISIN:INE0BS701011,PREMIERENE,ADD,2025-02-21,2025-02-24 09:15:00+05:30,2025-03-28,2025-02-24 09:15:00+05:30,DATE_ONLY_CONSERVATIVE_NEXT_SESSION,https://www.niftyindices.com/Press_Release/ind_prs21022025.pdf,ACCEPTED
NSE-ISIN:INE0LXG01040,OLAELEC,ADD,2025-02-21,2025-02-24 09:15:00+05:30,2025-03-28,2025-02-24 09:15:00+05:30,DATE_ONLY_CONSERVATIVE_NEXT_SESSION,https://www.niftyindices.com/Press_Release/ind_prs21022025.pdf,ACCEPTED
NSE-ISIN:INE0ONG01011,NTPCGREEN,ADD,2025-02-21,2025-02-24 09:15:00+05:30,2025-03-28,2025-02-24 09:15:00+05:30,DATE_ONLY_CONSERVATIVE_NEXT_SESSION,https://www.niftyindices.com/Press_Release/ind_prs21022025.pdf,ACCEPTED
NSE-ISIN:INE0V6F01027,HYUNDAI,ADD,2025-02-21,2025-02-24 09:15:00+05:30,2025-03-28,2025-02-24 09:15:00+05:30,DATE_ONLY_CONSERVATIVE_NEXT_SESSION,https://www.niftyindices.com/Press_Release/ind_prs21022025.pdf,ACCEPTED
NSE-ISIN:INE103A01014,MRPL,DROP,2025-02-21,2025-02-24 09:15:00+05:30,2025-03-28,2025-02-24 09:15:00+05:30,DATE_ONLY_CONSERVATIVE_NEXT_SESSION,https://www.niftyindices.com/Press_Release/ind_prs21022025.pdf,ACCEPTED
NSE-ISIN:INE139A01034,NATIONALUM,ADD,2025-02-21,2025-02-24 09:15:00+05:30,2025-03-28,2025-02-24 09:15:00+05:30,DATE_ONLY_CONSERVATIVE_NEXT_SESSION,https://www.niftyindices.com/Press_Release/ind_prs21022025.pdf,ACCEPTED
NSE-ISIN:INE148O01028,DELHIVERY,DROP,2025-02-21,2025-02-24 09:15:00+05:30,2025-03-28,2025-02-24 09:15:00+05:30,DATE_ONLY_CONSERVATIVE_NEXT_SESSION,https://www.niftyindices.com/Press_Release/ind_prs21022025.pdf,ACCEPTED
NSE-ISIN:INE188A01015,FACT,DROP,2025-02-21,2025-02-24 09:15:00+05:30,2025-03-28,2025-02-24 09:15:00+05:30,DATE_ONLY_CONSERVATIVE_NEXT_SESSION,https://www.niftyindices.com/Press_Release/ind_prs21022025.pdf,ACCEPTED
NSE-ISIN:INE338I01027,MOTILALOFS,ADD,2025-02-21,2025-02-24 09:15:00+05:30,2025-03-28,2025-02-24 09:15:00+05:30,DATE_ONLY_CONSERVATIVE_NEXT_SESSION,https://www.niftyindices.com/Press_Release/ind_prs21022025.pdf,ACCEPTED
NSE-ISIN:INE377N01017,WAAREEENER,ADD,2025-02-21,2025-02-24 09:15:00+05:30,2025-03-28,2025-02-24 09:15:00+05:30,DATE_ONLY_CONSERVATIVE_NEXT_SESSION,https://www.niftyindices.com/Press_Release/ind_prs21022025.pdf,ACCEPTED
NSE-ISIN:INE377Y01014,BAJAJHFL,ADD,2025-02-21,2025-02-24 09:15:00+05:30,2025-03-28,2025-02-24 09:15:00+05:30,DATE_ONLY_CONSERVATIVE_NEXT_SESSION,https://www.niftyindices.com/Press_Release/ind_prs21022025.pdf,ACCEPTED
NSE-ISIN:INE511C01022,POONAWALLA,DROP,2025-02-21,2025-02-24 09:15:00+05:30,2025-03-28,2025-02-24 09:15:00+05:30,DATE_ONLY_CONSERVATIVE_NEXT_SESSION,https://www.niftyindices.com/Press_Release/ind_prs21022025.pdf,ACCEPTED
NSE-ISIN:INE565A01014,IOB,DROP,2025-02-21,2025-02-24 09:15:00+05:30,2025-03-28,2025-02-24 09:15:00+05:30,DATE_ONLY_CONSERVATIVE_NEXT_SESSION,https://www.niftyindices.com/Press_Release/ind_prs21022025.pdf,ACCEPTED
NSE-ISIN:INE589A01014,NLCINDIA,DROP,2025-02-21,2025-02-24 09:15:00+05:30,2025-03-28,2025-02-24 09:15:00+05:30,DATE_ONLY_CONSERVATIVE_NEXT_SESSION,https://www.niftyindices.com/Press_Release/ind_prs21022025.pdf,ACCEPTED
NSE-ISIN:INE660A01013,SUNDARMFIN,DROP,2025-02-21,2025-02-24 09:15:00+05:30,2025-03-28,2025-02-24 09:15:00+05:30,DATE_ONLY_CONSERVATIVE_NEXT_SESSION,https://www.niftyindices.com/Press_Release/ind_prs21022025.pdf,ACCEPTED
NSE-ISIN:INE787D01026,BALKRISIND,DROP,2025-02-21,2025-02-24 09:15:00+05:30,2025-03-28,2025-02-24 09:15:00+05:30,DATE_ONLY_CONSERVATIVE_NEXT_SESSION,https://www.niftyindices.com/Press_Release/ind_prs21022025.pdf,ACCEPTED
NSE-ISIN:INE880J01026,JSWINFRA,DROP,2025-02-21,2025-02-24 09:15:00+05:30,2025-03-28,2025-02-24 09:15:00+05:30,DATE_ONLY_CONSERVATIVE_NEXT_SESSION,https://www.niftyindices.com/Press_Release/ind_prs21022025.pdf,ACCEPTED
NSE-ISIN:INE935A01035,GLENMARK,ADD,2025-02-21,2025-02-24 09:15:00+05:30,2025-03-28,2025-02-24 09:15:00+05:30,DATE_ONLY_CONSERVATIVE_NEXT_SESSION,https://www.niftyindices.com/Press_Release/ind_prs21022025.pdf,ACCEPTED
NSE-ISIN:INE002L01015,SJVN,DROP,2025-08-22,2025-08-25 09:15:00+05:30,2025-09-30,2025-08-25 09:15:00+05:30,DATE_ONLY_CONSERVATIVE_NEXT_SESSION,https://www.niftyindices.com/Press_Release/ind_prs22082025.pdf,ACCEPTED
NSE-ISIN:INE042A01014,ESCORTS,DROP,2025-08-22,2025-08-25 09:15:00+05:30,2025-09-30,2025-08-25 09:15:00+05:30,DATE_ONLY_CONSERVATIVE_NEXT_SESSION,https://www.niftyindices.com/Press_Release/ind_prs22082025.pdf,ACCEPTED
NSE-ISIN:INE061F01013,FORTIS,ADD,2025-08-22,2025-08-25 09:15:00+05:30,2025-09-30,2025-08-25 09:15:00+05:30,DATE_ONLY_CONSERVATIVE_NEXT_SESSION,https://www.niftyindices.com/Press_Release/ind_prs22082025.pdf,ACCEPTED
NSE-ISIN:INE07Y701011,POWERINDIA,ADD,2025-08-22,2025-08-25 09:15:00+05:30,2025-09-30,2025-08-25 09:15:00+05:30,DATE_ONLY_CONSERVATIVE_NEXT_SESSION,https://www.niftyindices.com/Press_Release/ind_prs22082025.pdf,ACCEPTED
NSE-ISIN:INE0LXG01040,OLAELEC,DROP,2025-08-22,2025-08-25 09:15:00+05:30,2025-09-30,2025-08-25 09:15:00+05:30,DATE_ONLY_CONSERVATIVE_NEXT_SESSION,https://www.niftyindices.com/Press_Release/ind_prs22082025.pdf,ACCEPTED
NSE-ISIN:INE169A01031,COROMANDEL,ADD,2025-08-22,2025-08-25 09:15:00+05:30,2025-09-30,2025-08-25 09:15:00+05:30,DATE_ONLY_CONSERVATIVE_NEXT_SESSION,https://www.niftyindices.com/Press_Release/ind_prs22082025.pdf,ACCEPTED
NSE-ISIN:INE1NPP01017,ENRIN,ADD,2025-08-22,2025-08-25 09:15:00+05:30,2025-09-30,2025-08-25 09:15:00+05:30,DATE_ONLY_CONSERVATIVE_NEXT_SESSION,https://www.niftyindices.com/Press_Release/ind_prs22082025.pdf,ACCEPTED
NSE-ISIN:INE260B01028,GODFRYPHLP,ADD,2025-08-22,2025-08-25 09:15:00+05:30,2025-09-30,2025-08-25 09:15:00+05:30,DATE_ONLY_CONSERVATIVE_NEXT_SESSION,https://www.niftyindices.com/Press_Release/ind_prs22082025.pdf,ACCEPTED
NSE-ISIN:INE347G01014,PETRONET,DROP,2025-08-22,2025-08-25 09:15:00+05:30,2025-09-30,2025-08-25 09:15:00+05:30,DATE_ONLY_CONSERVATIVE_NEXT_SESSION,https://www.niftyindices.com/Press_Release/ind_prs22082025.pdf,ACCEPTED
NSE-ISIN:INE379A01028,ITCHOTELS,ADD,2025-08-22,2025-08-25 09:15:00+05:30,2025-09-30,2025-08-25 09:15:00+05:30,DATE_ONLY_CONSERVATIVE_NEXT_SESSION,https://www.niftyindices.com/Press_Release/ind_prs22082025.pdf,ACCEPTED
NSE-ISIN:INE438A01022,APOLLOTYRE,DROP,2025-08-22,2025-08-25 09:15:00+05:30,2025-09-30,2025-08-25 09:15:00+05:30,DATE_ONLY_CONSERVATIVE_NEXT_SESSION,https://www.niftyindices.com/Press_Release/ind_prs22082025.pdf,ACCEPTED
NSE-ISIN:INE457A01014,MAHABANK,DROP,2025-08-22,2025-08-25 09:15:00+05:30,2025-09-30,2025-08-25 09:15:00+05:30,DATE_ONLY_CONSERVATIVE_NEXT_SESSION,https://www.niftyindices.com/Press_Release/ind_prs22082025.pdf,ACCEPTED
NSE-ISIN:INE466L01038,360ONE,ADD,2025-08-22,2025-08-25 09:15:00+05:30,2025-09-30,2025-08-25 09:15:00+05:30,DATE_ONLY_CONSERVATIVE_NEXT_SESSION,https://www.niftyindices.com/Press_Release/ind_prs22082025.pdf,ACCEPTED
NSE-ISIN:INE472A01039,BLUESTARCO,ADD,2025-08-22,2025-08-25 09:15:00+05:30,2025-09-30,2025-08-25 09:15:00+05:30,DATE_ONLY_CONSERVATIVE_NEXT_SESSION,https://www.niftyindices.com/Press_Release/ind_prs22082025.pdf,ACCEPTED
NSE-ISIN:INE545U01014,BANDHANBNK,DROP,2025-08-22,2025-08-25 09:15:00+05:30,2025-09-30,2025-08-25 09:15:00+05:30,DATE_ONLY_CONSERVATIVE_NEXT_SESSION,https://www.niftyindices.com/Press_Release/ind_prs22082025.pdf,ACCEPTED
NSE-ISIN:INE647O01011,ABFRL,DROP,2025-08-22,2025-08-25 09:15:00+05:30,2025-09-30,2025-08-25 09:15:00+05:30,DATE_ONLY_CONSERVATIVE_NEXT_SESSION,https://www.niftyindices.com/Press_Release/ind_prs22082025.pdf,ACCEPTED
NSE-ISIN:INE726G01019,ICICIPRULI,DROP,2025-08-22,2025-08-25 09:15:00+05:30,2025-09-30,2025-08-25 09:15:00+05:30,DATE_ONLY_CONSERVATIVE_NEXT_SESSION,https://www.niftyindices.com/Press_Release/ind_prs22082025.pdf,ACCEPTED
NSE-ISIN:INE878B01027,KEI,ADD,2025-08-22,2025-08-25 09:15:00+05:30,2025-09-30,2025-08-25 09:15:00+05:30,DATE_ONLY_CONSERVATIVE_NEXT_SESSION,https://www.niftyindices.com/Press_Release/ind_prs22082025.pdf,ACCEPTED
NSE-ISIN:INE012A01025,ACC,DROP,2026-02-23,2026-02-24 09:15:00+05:30,2026-03-30,2026-02-24 09:15:00+05:30,DATE_ONLY_CONSERVATIVE_NEXT_SESSION,https://www.niftyindices.com/Press_Release/ind_prs23022026.pdf,ACCEPTED
NSE-ISIN:INE073K01018,SONACOMS,DROP,2026-02-23,2026-02-24 09:15:00+05:30,2026-03-30,2026-02-24 09:15:00+05:30,DATE_ONLY_CONSERVATIVE_NEXT_SESSION,https://www.niftyindices.com/Press_Release/ind_prs23022026.pdf,ACCEPTED
NSE-ISIN:INE0HOQ01053,GROWW,ADD,2026-02-23,2026-02-24 09:15:00+05:30,2026-03-30,2026-02-24 09:15:00+05:30,DATE_ONLY_CONSERVATIVE_NEXT_SESSION,https://www.niftyindices.com/Press_Release/ind_prs23022026.pdf,ACCEPTED
NSE-ISIN:INE0J1Y01017,LICI,DROP,2026-02-23,2026-02-24 09:15:00+05:30,2026-03-30,2026-02-24 09:15:00+05:30,DATE_ONLY_CONSERVATIVE_NEXT_SESSION,https://www.niftyindices.com/Press_Release/ind_prs23022026.pdf,ACCEPTED
NSE-ISIN:INE0ONG01011,NTPCGREEN,DROP,2026-02-23,2026-02-24 09:15:00+05:30,2026-03-30,2026-02-24 09:15:00+05:30,DATE_ONLY_CONSERVATIVE_NEXT_SESSION,https://www.niftyindices.com/Press_Release/ind_prs23022026.pdf,ACCEPTED
NSE-ISIN:INE142M01025,TATATECH,DROP,2026-02-23,2026-02-24 09:15:00+05:30,2026-03-30,2026-02-24 09:15:00+05:30,DATE_ONLY_CONSERVATIVE_NEXT_SESSION,https://www.niftyindices.com/Press_Release/ind_prs23022026.pdf,ACCEPTED
NSE-ISIN:INE1TAE01010,TMCV,ADD,2026-02-23,2026-02-24 09:15:00+05:30,2026-03-30,2026-02-24 09:15:00+05:30,DATE_ONLY_CONSERVATIVE_NEXT_SESSION,https://www.niftyindices.com/Press_Release/ind_prs23022026.pdf,ACCEPTED
NSE-ISIN:INE200A01026,GVT&D,ADD,2026-02-23,2026-02-24 09:15:00+05:30,2026-03-30,2026-02-24 09:15:00+05:30,DATE_ONLY_CONSERVATIVE_NEXT_SESSION,https://www.niftyindices.com/Press_Release/ind_prs23022026.pdf,ACCEPTED
NSE-ISIN:INE203G01027,IGL,DROP,2026-02-23,2026-02-24 09:15:00+05:30,2026-03-30,2026-02-24 09:15:00+05:30,DATE_ONLY_CONSERVATIVE_NEXT_SESSION,https://www.niftyindices.com/Press_Release/ind_prs23022026.pdf,ACCEPTED
NSE-ISIN:INE324D01010,LGEINDIA,ADD,2026-02-23,2026-02-24 09:15:00+05:30,2026-03-30,2026-02-24 09:15:00+05:30,DATE_ONLY_CONSERVATIVE_NEXT_SESSION,https://www.niftyindices.com/Press_Release/ind_prs23022026.pdf,ACCEPTED
NSE-ISIN:INE343G01021,BHARTIHEXA,DROP,2026-02-23,2026-02-24 09:15:00+05:30,2026-03-30,2026-02-24 09:15:00+05:30,DATE_ONLY_CONSERVATIVE_NEXT_SESSION,https://www.niftyindices.com/Press_Release/ind_prs23022026.pdf,ACCEPTED
NSE-ISIN:INE346A01027,ICICIAMC,ADD,2026-02-23,2026-02-24 09:15:00+05:30,2026-03-30,2026-02-24 09:15:00+05:30,DATE_ONLY_CONSERVATIVE_NEXT_SESSION,https://www.niftyindices.com/Press_Release/ind_prs23022026.pdf,ACCEPTED
NSE-ISIN:INE377Y01014,BAJAJHFL,DROP,2026-02-23,2026-02-24 09:15:00+05:30,2026-03-30,2026-02-24 09:15:00+05:30,DATE_ONLY_CONSERVATIVE_NEXT_SESSION,https://www.niftyindices.com/Press_Release/ind_prs23022026.pdf,ACCEPTED
NSE-ISIN:INE379A01028,ITCHOTELS,DROP,2026-02-23,2026-02-24 09:15:00+05:30,2026-03-30,2026-02-24 09:15:00+05:30,DATE_ONLY_CONSERVATIVE_NEXT_SESSION,https://www.niftyindices.com/Press_Release/ind_prs23022026.pdf,ACCEPTED
NSE-ISIN:INE672A01018,TATAINVEST,ADD,2026-02-23,2026-02-24 09:15:00+05:30,2026-03-30,2026-02-24 09:15:00+05:30,DATE_ONLY_CONSERVATIVE_NEXT_SESSION,https://www.niftyindices.com/Press_Release/ind_prs23022026.pdf,ACCEPTED
NSE-ISIN:INE745G01035,MCX,ADD,2026-02-23,2026-02-24 09:15:00+05:30,2026-03-30,2026-02-24 09:15:00+05:30,DATE_ONLY_CONSERVATIVE_NEXT_SESSION,https://www.niftyindices.com/Press_Release/ind_prs23022026.pdf,ACCEPTED
NSE-ISIN:INE813H01021,TORNTPOWER,DROP,2026-02-23,2026-02-24 09:15:00+05:30,2026-03-30,2026-02-24 09:15:00+05:30,DATE_ONLY_CONSERVATIVE_NEXT_SESSION,https://www.niftyindices.com/Press_Release/ind_prs23022026.pdf,ACCEPTED
NSE-ISIN:INE821I01014,IRB,DROP,2026-02-23,2026-02-24 09:15:00+05:30,2026-03-30,2026-02-24 09:15:00+05:30,DATE_ONLY_CONSERVATIVE_NEXT_SESSION,https://www.niftyindices.com/Press_Release/ind_prs23022026.pdf,ACCEPTED
NSE-ISIN:INE944F01028,RADICO,ADD,2026-02-23,2026-02-24 09:15:00+05:30,2026-03-30,2026-02-24 09:15:00+05:30,DATE_ONLY_CONSERVATIVE_NEXT_SESSION,https://www.niftyindices.com/Press_Release/ind_prs23022026.pdf,ACCEPTED
NSE-ISIN:INE947Q01028,LAURUSLABS,ADD,2026-02-23,2026-02-24 09:15:00+05:30,2026-03-30,2026-02-24 09:15:00+05:30,DATE_ONLY_CONSERVATIVE_NEXT_SESSION,https://www.niftyindices.com/Press_Release/ind_prs23022026.pdf,ACCEPTED
NSE-ISIN:INE956O01016,LENSKART,ADD,2026-02-23,2026-02-24 09:15:00+05:30,2026-03-30,2026-02-24 09:15:00+05:30,DATE_ONLY_CONSERVATIVE_NEXT_SESSION,https://www.niftyindices.com/Press_Release/ind_prs23022026.pdf,ACCEPTED
NSE-ISIN:INE976I01016,TATACAP,ADD,2026-02-23,2026-02-24 09:15:00+05:30,2026-03-30,2026-02-24 09:15:00+05:30,DATE_ONLY_CONSERVATIVE_NEXT_SESSION,https://www.niftyindices.com/Press_Release/ind_prs23022026.pdf,ACCEPTED
NSE-ISIN:INE031A01017,HUDCO,DROP,2026-08-10,2026-08-11 09:15:00+05:30,2026-09-30,2026-08-11 09:15:00+05:30,DATE_ONLY_CONSERVATIVE_NEXT_SESSION,https://www.niftyindices.com/Press_Release/ind_prs10082026.pdf,ACCEPTED
NSE-ISIN:INE04I401011,KPITTECH,DROP,2026-08-10,2026-08-11 09:15:00+05:30,2026-09-30,2026-08-11 09:15:00+05:30,DATE_ONLY_CONSERVATIVE_NEXT_SESSION,https://www.niftyindices.com/Press_Release/ind_prs10082026.pdf,ACCEPTED
NSE-ISIN:INE070A01015,SHREECEM,DROP,2026-08-10,2026-08-11 09:15:00+05:30,2026-09-30,2026-08-11 09:15:00+05:30,DATE_ONLY_CONSERVATIVE_NEXT_SESSION,https://www.niftyindices.com/Press_Release/ind_prs10082026.pdf,ACCEPTED
NSE-ISIN:INE0J1Y01017,LICI,ADD,2026-08-10,2026-08-11 09:15:00+05:30,2026-09-30,2026-08-11 09:15:00+05:30,DATE_ONLY_CONSERVATIVE_NEXT_SESSION,https://www.niftyindices.com/Press_Release/ind_prs10082026.pdf,ACCEPTED
NSE-ISIN:INE0VDM01015,MEESHO,ADD,2026-08-10,2026-08-11 09:15:00+05:30,2026-09-30,2026-08-11 09:15:00+05:30,DATE_ONLY_CONSERVATIVE_NEXT_SESSION,https://www.niftyindices.com/Press_Release/ind_prs10082026.pdf,ACCEPTED
NSE-ISIN:INE169A01031,COROMANDEL,DROP,2026-08-10,2026-08-11 09:15:00+05:30,2026-09-30,2026-08-11 09:15:00+05:30,DATE_ONLY_CONSERVATIVE_NEXT_SESSION,https://www.niftyindices.com/Press_Release/ind_prs10082026.pdf,ACCEPTED
NSE-ISIN:INE1CDF01017,VAML,ADD,2026-08-10,2026-08-11 09:15:00+05:30,2026-09-30,2026-08-11 09:15:00+05:30,DATE_ONLY_CONSERVATIVE_NEXT_SESSION,https://www.niftyindices.com/Press_Release/ind_prs10082026.pdf,ACCEPTED
NSE-ISIN:INE372A01015,APARINDS,ADD,2026-08-10,2026-08-11 09:15:00+05:30,2026-09-30,2026-08-11 09:15:00+05:30,DATE_ONLY_CONSERVATIVE_NEXT_SESSION,https://www.niftyindices.com/Press_Release/ind_prs10082026.pdf,ACCEPTED
NSE-ISIN:INE457A01014,MAHABANK,ADD,2026-08-10,2026-08-11 09:15:00+05:30,2026-09-30,2026-08-11 09:15:00+05:30,DATE_ONLY_CONSERVATIVE_NEXT_SESSION,https://www.niftyindices.com/Press_Release/ind_prs10082026.pdf,ACCEPTED
NSE-ISIN:INE531E01026,HINDCOPPER,ADD,2026-08-10,2026-08-11 09:15:00+05:30,2026-09-30,2026-08-11 09:15:00+05:30,DATE_ONLY_CONSERVATIVE_NEXT_SESSION,https://www.niftyindices.com/Press_Release/ind_prs10082026.pdf,ACCEPTED
NSE-ISIN:INE540L01014,ALKEM,DROP,2026-08-10,2026-08-11 09:15:00+05:30,2026-09-30,2026-08-11 09:15:00+05:30,DATE_ONLY_CONSERVATIVE_NEXT_SESSION,https://www.niftyindices.com/Press_Release/ind_prs10082026.pdf,ACCEPTED
NSE-ISIN:INE589A01014,NLCINDIA,ADD,2026-08-10,2026-08-11 09:15:00+05:30,2026-09-30,2026-08-11 09:15:00+05:30,DATE_ONLY_CONSERVATIVE_NEXT_SESSION,https://www.niftyindices.com/Press_Release/ind_prs10082026.pdf,ACCEPTED
NSE-ISIN:INE670A01012,TATAELXSI,DROP,2026-08-10,2026-08-11 09:15:00+05:30,2026-09-30,2026-08-11 09:15:00+05:30,DATE_ONLY_CONSERVATIVE_NEXT_SESSION,https://www.niftyindices.com/Press_Release/ind_prs10082026.pdf,ACCEPTED
NSE-ISIN:INE672A01026,TATAINVEST,DROP,2026-08-10,2026-08-11 09:15:00+05:30,2026-09-30,2026-08-11 09:15:00+05:30,DATE_ONLY_CONSERVATIVE_NEXT_SESSION,https://www.niftyindices.com/Press_Release/ind_prs10082026.pdf,ACCEPTED
