blocker_id,blocker_type,date,year,symbol,company,instrument_id,isin,expected_value,observed_value,source_tier,source_url,source_sha256,severity,root_cause,resolution_status,resolution_source,notes
COUNT_NOT_200:2012-01-02:1,COUNT_NOT_200,2012-01-02,2012,,,,,200,0,,,,CRITICAL,Replay intervals do not establish the historical expected security count on this NSE session.,UNRESOLVED,,member_count:2012-01-02:0
COUNT_NOT_200:2012-01-03:2,COUNT_NOT_200,2012-01-03,2012,,,,,200,0,,,,CRITICAL,Replay intervals do not establish the historical expected security count on this NSE session.,UNRESOLVED,,member_count:2012-01-03:0
COUNT_NOT_200:2012-01-04:3,COUNT_NOT_200,2012-01-04,2012,,,,,200,0,,,,CRITICAL,Replay intervals do not establish the historical expected security count on this NSE session.,UNRESOLVED,,member_count:2012-01-04:0
COUNT_NOT_200:2012-01-05:4,COUNT_NOT_200,2012-01-05,2012,,,,,200,0,,,,CRITICAL,Replay intervals do not establish the historical expected security count on this NSE session.,UNRESOLVED,,member_count:2012-01-05:0
COUNT_NOT_200:2012-01-06:5,COUNT_NOT_200,2012-01-06,2012,,,,,200,0,,,,CRITICAL,Replay intervals do not establish the historical expected security count on this NSE session.,UNRESOLVED,,member_count:2012-01-06:0
COUNT_NOT_200:2012-01-09:6,COUNT_NOT_200,2012-01-09,2012,,,,,200,0,,,,CRITICAL,Replay intervals do not establish the historical expected security count on this NSE session.,UNRESOLVED,,member_count:2012-01-09:0
COUNT_NOT_200:2012-01-10:7,COUNT_NOT_200,2012-01-10,2012,,,,,200,0,,,,CRITICAL,Replay intervals do not establish the historical expected security count on this NSE session.,UNRESOLVED,,member_count:2012-01-10:0
COUNT_NOT_200:2012-01-11:8,COUNT_NOT_200,2012-01-11,2012,,,,,200,0,,,,CRITICAL,Replay intervals do not establish the historical expected security count on this NSE session.,UNRESOLVED,,member_count:2012-01-11:0
COUNT_NOT_200:2012-01-12:9,COUNT_NOT_200,2012-01-12,2012,,,,,200,0,,,,CRITICAL,Replay intervals do not establish the historical expected security count on this NSE session.,UNRESOLVED,,member_count:2012-01-12:0
COUNT_NOT_200:2012-01-13:10,COUNT_NOT_200,2012-01-13,2012,,,,,200,0,,,,CRITICAL,Replay intervals do not establish the historical expected security count on this NSE session.,UNRESOLVED,,member_count:2012-01-13:0
COUNT_NOT_200:2012-01-16:11,COUNT_NOT_200,2012-01-16,2012,,,,,200,0,,,,CRITICAL,Replay intervals do not establish the historical expected security count on this NSE session.,UNRESOLVED,,member_count:2012-01-16:0
COUNT_NOT_200:2012-01-17:12,COUNT_NOT_200,2012-01-17,2012,,,,,200,0,,,,CRITICAL,Replay intervals do not establish the historical expected security count on this NSE session.,UNRESOLVED,,member_count:2012-01-17:0
COUNT_NOT_200:2012-01-18:13,COUNT_NOT_200,2012-01-18,2012,,,,,200,0,,,,CRITICAL,Replay intervals do not establish the historical expected security count on this NSE session.,UNRESOLVED,,member_count:2012-01-18:0
COUNT_NOT_200:2012-01-19:14,COUNT_NOT_200,2012-01-19,2012,,,,,200,0,,,,CRITICAL,Replay intervals do not establish the historical expected security count on this NSE session.,UNRESOLVED,,member_count:2012-01-19:0
COUNT_NOT_200:2012-01-20:15,COUNT_NOT_200,2012-01-20,2012,,,,,200,0,,,,CRITICAL,Replay intervals do not establish the historical expected security count on this NSE session.,UNRESOLVED,,member_count:2012-01-20:0
COUNT_NOT_200:2012-01-23:16,COUNT_NOT_200,2012-01-23,2012,,,,,200,0,,,,CRITICAL,Replay intervals do not establish the historical expected security count on this NSE session.,UNRESOLVED,,member_count:2012-01-23:0
COUNT_NOT_200:2012-01-24:17,COUNT_NOT_200,2012-01-24,2012,,,,,200,0,,,,CRITICAL,Replay intervals do not establish the historical expected security count on this NSE session.,UNRESOLVED,,member_count:2012-01-24:0
COUNT_NOT_200:2012-01-25:18,COUNT_NOT_200,2012-01-25,2012,,,,,200,0,,,,CRITICAL,Replay intervals do not establish the historical expected security count on this NSE session.,UNRESOLVED,,member_count:2012-01-25:0
COUNT_NOT_200:2012-01-27:19,COUNT_NOT_200,2012-01-27,2012,,,,,200,0,,,,CRITICAL,Replay intervals do not establish the historical expected security count on this NSE session.,UNRESOLVED,,member_count:2012-01-27:0
COUNT_NOT_200:2012-01-30:20,COUNT_NOT_200,2012-01-30,2012,,,,,200,0,,,,CRITICAL,Replay intervals do not establish the historical expected security count on this NSE session.,UNRESOLVED,,member_count:2012-01-30:0
COUNT_NOT_200:2012-01-31:21,COUNT_NOT_200,2012-01-31,2012,,,,,200,0,,,,CRITICAL,Replay intervals do not establish the historical expected security count on this NSE session.,UNRESOLVED,,member_count:2012-01-31:0
COUNT_NOT_200:2012-02-01:22,COUNT_NOT_200,2012-02-01,2012,,,,,200,0,,,,CRITICAL,Replay intervals do not establish the historical expected security count on this NSE session.,UNRESOLVED,,member_count:2012-02-01:0
COUNT_NOT_200:2012-02-02:23,COUNT_NOT_200,2012-02-02,2012,,,,,200,0,,,,CRITICAL,Replay intervals do not establish the historical expected security count on this NSE session.,UNRESOLVED,,member_count:2012-02-02:0
COUNT_NOT_200:2012-02-03:24,COUNT_NOT_200,2012-02-03,2012,,,,,200,0,,,,CRITICAL,Replay intervals do not establish the historical expected security count on this NSE session.,UNRESOLVED,,member_count:2012-02-03:0
COUNT_NOT_200:2012-02-06:25,COUNT_NOT_200,2012-02-06,2012,,,,,200,0,,,,CRITICAL,Replay intervals do not establish the historical expected security count on this NSE session.,UNRESOLVED,,member_count:2012-02-06:0
COUNT_NOT_200:2012-02-07:26,COUNT_NOT_200,2012-02-07,2012,,,,,200,0,,,,CRITICAL,Replay intervals do not establish the historical expected security count on this NSE session.,UNRESOLVED,,member_count:2012-02-07:0
COUNT_NOT_200:2012-02-08:27,COUNT_NOT_200,2012-02-08,2012,,,,,200,0,,,,CRITICAL,Replay intervals do not establish the historical expected security count on this NSE session.,UNRESOLVED,,member_count:2012-02-08:0
COUNT_NOT_200:2012-02-09:28,COUNT_NOT_200,2012-02-09,2012,,,,,200,0,,,,CRITICAL,Replay intervals do not establish the historical expected security count on this NSE session.,UNRESOLVED,,member_count:2012-02-09:0
COUNT_NOT_200:2012-02-10:29,COUNT_NOT_200,2012-02-10,2012,,,,,200,0,,,,CRITICAL,Replay intervals do not establish the historical expected security count on this NSE session.,UNRESOLVED,,member_count:2012-02-10:0
COUNT_NOT_200:2012-02-13:30,COUNT_NOT_200,2012-02-13,2012,,,,,200,0,,,,CRITICAL,Replay intervals do not establish the historical expected security count on this NSE session.,UNRESOLVED,,member_count:2012-02-13:0
COUNT_NOT_200:2012-02-14:31,COUNT_NOT_200,2012-02-14,2012,,,,,200,0,,,,CRITICAL,Replay intervals do not establish the historical expected security count on this NSE session.,UNRESOLVED,,member_count:2012-02-14:0
COUNT_NOT_200:2012-02-15:32,COUNT_NOT_200,2012-02-15,2012,,,,,200,0,,,,CRITICAL,Replay intervals do not establish the historical expected security count on this NSE session.,UNRESOLVED,,member_count:2012-02-15:0
COUNT_NOT_200:2012-02-16:33,COUNT_NOT_200,2012-02-16,2012,,,,,200,0,,,,CRITICAL,Replay intervals do not establish the historical expected security count on this NSE session.,UNRESOLVED,,member_count:2012-02-16:0
COUNT_NOT_200:2012-02-17:34,COUNT_NOT_200,2012-02-17,2012,,,,,200,0,,,,CRITICAL,Replay intervals do not establish the historical expected security count on this NSE session.,UNRESOLVED,,member_count:2012-02-17:0
COUNT_NOT_200:2012-02-21:35,COUNT_NOT_200,2012-02-21,2012,,,,,200,0,,,,CRITICAL,Replay intervals do not establish the historical expected security count on this NSE session.,UNRESOLVED,,member_count:2012-02-21:0
COUNT_NOT_200:2012-02-22:36,COUNT_NOT_200,2012-02-22,2012,,,,,200,0,,,,CRITICAL,Replay intervals do not establish the historical expected security count on this NSE session.,UNRESOLVED,,member_count:2012-02-22:0
COUNT_NOT_200:2012-02-23:37,COUNT_NOT_200,2012-02-23,2012,,,,,200,0,,,,CRITICAL,Replay intervals do not establish the historical expected security count on this NSE session.,UNRESOLVED,,member_count:2012-02-23:0
COUNT_NOT_200:2012-02-24:38,COUNT_NOT_200,2012-02-24,2012,,,,,200,0,,,,CRITICAL,Replay intervals do not establish the historical expected security count on this NSE session.,UNRESOLVED,,member_count:2012-02-24:0
COUNT_NOT_200:2012-02-27:39,COUNT_NOT_200,2012-02-27,2012,,,,,200,0,,,,CRITICAL,Replay intervals do not establish the historical expected security count on this NSE session.,UNRESOLVED,,member_count:2012-02-27:0
COUNT_NOT_200:2012-02-28:40,COUNT_NOT_200,2012-02-28,2012,,,,,200,0,,,,CRITICAL,Replay intervals do not establish the historical expected security count on this NSE session.,UNRESOLVED,,member_count:2012-02-28:0
COUNT_NOT_200:2012-02-29:41,COUNT_NOT_200,2012-02-29,2012,,,,,200,0,,,,CRITICAL,Replay intervals do not establish the historical expected security count on this NSE session.,UNRESOLVED,,member_count:2012-02-29:0
COUNT_NOT_200:2012-03-01:42,COUNT_NOT_200,2012-03-01,2012,,,,,200,0,,,,CRITICAL,Replay intervals do not establish the historical expected security count on this NSE session.,UNRESOLVED,,member_count:2012-03-01:0
COUNT_NOT_200:2012-03-02:43,COUNT_NOT_200,2012-03-02,2012,,,,,200,0,,,,CRITICAL,Replay intervals do not establish the historical expected security count on this NSE session.,UNRESOLVED,,member_count:2012-03-02:0
COUNT_NOT_200:2012-03-05:44,COUNT_NOT_200,2012-03-05,2012,,,,,200,0,,,,CRITICAL,Replay intervals do not establish the historical expected security count on this NSE session.,UNRESOLVED,,member_count:2012-03-05:0
COUNT_NOT_200:2012-03-06:45,COUNT_NOT_200,2012-03-06,2012,,,,,200,0,,,,CRITICAL,Replay intervals do not establish the historical expected security count on this NSE session.,UNRESOLVED,,member_count:2012-03-06:0
COUNT_NOT_200:2012-03-07:46,COUNT_NOT_200,2012-03-07,2012,,,,,200,0,,,,CRITICAL,Replay intervals do not establish the historical expected security count on this NSE session.,UNRESOLVED,,member_count:2012-03-07:0
COUNT_NOT_200:2012-03-09:47,COUNT_NOT_200,2012-03-09,2012,,,,,200,0,,,,CRITICAL,Replay intervals do not establish the historical expected security count on this NSE session.,UNRESOLVED,,member_count:2012-03-09:0
COUNT_NOT_200:2012-03-12:48,COUNT_NOT_200,2012-03-12,2012,,,,,200,0,,,,CRITICAL,Replay intervals do not establish the historical expected security count on this NSE session.,UNRESOLVED,,member_count:2012-03-12:0
COUNT_NOT_200:2012-03-13:49,COUNT_NOT_200,2012-03-13,2012,,,,,200,0,,,,CRITICAL,Replay intervals do not establish the historical expected security count on this NSE session.,UNRESOLVED,,member_count:2012-03-13:0
COUNT_NOT_200:2012-03-14:50,COUNT_NOT_200,2012-03-14,2012,,,,,200,0,,,,CRITICAL,Replay intervals do not establish the historical expected security count on this NSE session.,UNRESOLVED,,member_count:2012-03-14:0
COUNT_NOT_200:2012-03-15:51,COUNT_NOT_200,2012-03-15,2012,,,,,200,0,,,,CRITICAL,Replay intervals do not establish the historical expected security count on this NSE session.,UNRESOLVED,,member_count:2012-03-15:0
COUNT_NOT_200:2012-03-16:52,COUNT_NOT_200,2012-03-16,2012,,,,,200,0,,,,CRITICAL,Replay intervals do not establish the historical expected security count on this NSE session.,UNRESOLVED,,member_count:2012-03-16:0
COUNT_NOT_200:2012-03-19:53,COUNT_NOT_200,2012-03-19,2012,,,,,200,0,,,,CRITICAL,Replay intervals do not establish the historical expected security count on this NSE session.,UNRESOLVED,,member_count:2012-03-19:0
COUNT_NOT_200:2012-03-20:54,COUNT_NOT_200,2012-03-20,2012,,,,,200,0,,,,CRITICAL,Replay intervals do not establish the historical expected security count on this NSE session.,UNRESOLVED,,member_count:2012-03-20:0
COUNT_NOT_200:2012-03-21:55,COUNT_NOT_200,2012-03-21,2012,,,,,200,0,,,,CRITICAL,Replay intervals do not establish the historical expected security count on this NSE session.,UNRESOLVED,,member_count:2012-03-21:0
COUNT_NOT_200:2012-03-22:56,COUNT_NOT_200,2012-03-22,2012,,,,,200,0,,,,CRITICAL,Replay intervals do not establish the historical expected security count on this NSE session.,UNRESOLVED,,member_count:2012-03-22:0
COUNT_NOT_200:2012-03-23:57,COUNT_NOT_200,2012-03-23,2012,,,,,200,0,,,,CRITICAL,Replay intervals do not establish the historical expected security count on this NSE session.,UNRESOLVED,,member_count:2012-03-23:0
COUNT_NOT_200:2012-03-26:58,COUNT_NOT_200,2012-03-26,2012,,,,,200,0,,,,CRITICAL,Replay intervals do not establish the historical expected security count on this NSE session.,UNRESOLVED,,member_count:2012-03-26:0
COUNT_NOT_200:2012-03-27:59,COUNT_NOT_200,2012-03-27,2012,,,,,200,0,,,,CRITICAL,Replay intervals do not establish the historical expected security count on this NSE session.,UNRESOLVED,,member_count:2012-03-27:0
COUNT_NOT_200:2012-03-28:60,COUNT_NOT_200,2012-03-28,2012,,,,,200,0,,,,CRITICAL,Replay intervals do not establish the historical expected security count on this NSE session.,UNRESOLVED,,member_count:2012-03-28:0
COUNT_NOT_200:2012-03-29:61,COUNT_NOT_200,2012-03-29,2012,,,,,200,0,,,,CRITICAL,Replay intervals do not establish the historical expected security count on this NSE session.,UNRESOLVED,,member_count:2012-03-29:0
COUNT_NOT_200:2012-03-30:62,COUNT_NOT_200,2012-03-30,2012,,,,,200,0,,,,CRITICAL,Replay intervals do not establish the historical expected security count on this NSE session.,UNRESOLVED,,member_count:2012-03-30:0
COUNT_NOT_200:2012-04-02:63,COUNT_NOT_200,2012-04-02,2012,,,,,200,0,,,,CRITICAL,Replay intervals do not establish the historical expected security count on this NSE session.,UNRESOLVED,,member_count:2012-04-02:0
COUNT_NOT_200:2012-04-03:64,COUNT_NOT_200,2012-04-03,2012,,,,,200,0,,,,CRITICAL,Replay intervals do not establish the historical expected security count on this NSE session.,UNRESOLVED,,member_count:2012-04-03:0
COUNT_NOT_200:2012-04-04:65,COUNT_NOT_200,2012-04-04,2012,,,,,200,0,,,,CRITICAL,Replay intervals do not establish the historical expected security count on this NSE session.,UNRESOLVED,,member_count:2012-04-04:0
COUNT_NOT_200:2012-04-09:66,COUNT_NOT_200,2012-04-09,2012,,,,,200,0,,,,CRITICAL,Replay intervals do not establish the historical expected security count on this NSE session.,UNRESOLVED,,member_count:2012-04-09:0
COUNT_NOT_200:2012-04-10:67,COUNT_NOT_200,2012-04-10,2012,,,,,200,0,,,,CRITICAL,Replay intervals do not establish the historical expected security count on this NSE session.,UNRESOLVED,,member_count:2012-04-10:0
COUNT_NOT_200:2012-04-11:68,COUNT_NOT_200,2012-04-11,2012,,,,,200,0,,,,CRITICAL,Replay intervals do not establish the historical expected security count on this NSE session.,UNRESOLVED,,member_count:2012-04-11:0
COUNT_NOT_200:2012-04-12:69,COUNT_NOT_200,2012-04-12,2012,,,,,200,0,,,,CRITICAL,Replay intervals do not establish the historical expected security count on this NSE session.,UNRESOLVED,,member_count:2012-04-12:0
COUNT_NOT_200:2012-04-13:70,COUNT_NOT_200,2012-04-13,2012,,,,,200,0,,,,CRITICAL,Replay intervals do not establish the historical expected security count on this NSE session.,UNRESOLVED,,member_count:2012-04-13:0
COUNT_NOT_200:2012-04-16:71,COUNT_NOT_200,2012-04-16,2012,,,,,200,0,,,,CRITICAL,Replay intervals do not establish the historical expected security count on this NSE session.,UNRESOLVED,,member_count:2012-04-16:0
COUNT_NOT_200:2012-04-17:72,COUNT_NOT_200,2012-04-17,2012,,,,,200,0,,,,CRITICAL,Replay intervals do not establish the historical expected security count on this NSE session.,UNRESOLVED,,member_count:2012-04-17:0
COUNT_NOT_200:2012-04-18:73,COUNT_NOT_200,2012-04-18,2012,,,,,200,0,,,,CRITICAL,Replay intervals do not establish the historical expected security count on this NSE session.,UNRESOLVED,,member_count:2012-04-18:0
COUNT_NOT_200:2012-04-19:74,COUNT_NOT_200,2012-04-19,2012,,,,,200,0,,,,CRITICAL,Replay intervals do not establish the historical expected security count on this NSE session.,UNRESOLVED,,member_count:2012-04-19:0
COUNT_NOT_200:2012-04-20:75,COUNT_NOT_200,2012-04-20,2012,,,,,200,0,,,,CRITICAL,Replay intervals do not establish the historical expected security count on this NSE session.,UNRESOLVED,,member_count:2012-04-20:0
COUNT_NOT_200:2012-04-23:76,COUNT_NOT_200,2012-04-23,2012,,,,,200,0,,,,CRITICAL,Replay intervals do not establish the historical expected security count on this NSE session.,UNRESOLVED,,member_count:2012-04-23:0
COUNT_NOT_200:2012-04-24:77,COUNT_NOT_200,2012-04-24,2012,,,,,200,0,,,,CRITICAL,Replay intervals do not establish the historical expected security count on this NSE session.,UNRESOLVED,,member_count:2012-04-24:0
COUNT_NOT_200:2012-04-25:78,COUNT_NOT_200,2012-04-25,2012,,,,,200,0,,,,CRITICAL,Replay intervals do not establish the historical expected security count on this NSE session.,UNRESOLVED,,member_count:2012-04-25:0
COUNT_NOT_200:2012-04-26:79,COUNT_NOT_200,2012-04-26,2012,,,,,200,0,,,,CRITICAL,Replay intervals do not establish the historical expected security count on this NSE session.,UNRESOLVED,,member_count:2012-04-26:0
COUNT_NOT_200:2012-04-27:80,COUNT_NOT_200,2012-04-27,2012,,,,,200,12,,,,CRITICAL,Replay intervals do not establish the historical expected security count on this NSE session.,UNRESOLVED,,member_count:2012-04-27:12
COUNT_NOT_200:2012-04-30:81,COUNT_NOT_200,2012-04-30,2012,,,,,200,12,,,,CRITICAL,Replay intervals do not establish the historical expected security count on this NSE session.,UNRESOLVED,,member_count:2012-04-30:12
COUNT_NOT_200:2012-05-02:82,COUNT_NOT_200,2012-05-02,2012,,,,,200,12,,,,CRITICAL,Replay intervals do not establish the historical expected security count on this NSE session.,UNRESOLVED,,member_count:2012-05-02:12
COUNT_NOT_200:2012-05-03:83,COUNT_NOT_200,2012-05-03,2012,,,,,200,12,,,,CRITICAL,Replay intervals do not establish the historical expected security count on this NSE session.,UNRESOLVED,,member_count:2012-05-03:12
COUNT_NOT_200:2012-05-04:84,COUNT_NOT_200,2012-05-04,2012,,,,,200,12,,,,CRITICAL,Replay intervals do not establish the historical expected security count on this NSE session.,UNRESOLVED,,member_count:2012-05-04:12
COUNT_NOT_200:2012-05-07:85,COUNT_NOT_200,2012-05-07,2012,,,,,200,12,,,,CRITICAL,Replay intervals do not establish the historical expected security count on this NSE session.,UNRESOLVED,,member_count:2012-05-07:12
COUNT_NOT_200:2012-05-08:86,COUNT_NOT_200,2012-05-08,2012,,,,,200,12,,,,CRITICAL,Replay intervals do not establish the historical expected security count on this NSE session.,UNRESOLVED,,member_count:2012-05-08:12
COUNT_NOT_200:2012-05-09:87,COUNT_NOT_200,2012-05-09,2012,,,,,200,12,,,,CRITICAL,Replay intervals do not establish the historical expected security count on this NSE session.,UNRESOLVED,,member_count:2012-05-09:12
COUNT_NOT_200:2012-05-10:88,COUNT_NOT_200,2012-05-10,2012,,,,,200,12,,,,CRITICAL,Replay intervals do not establish the historical expected security count on this NSE session.,UNRESOLVED,,member_count:2012-05-10:12
COUNT_NOT_200:2012-05-11:89,COUNT_NOT_200,2012-05-11,2012,,,,,200,12,,,,CRITICAL,Replay intervals do not establish the historical expected security count on this NSE session.,UNRESOLVED,,member_count:2012-05-11:12
COUNT_NOT_200:2012-05-14:90,COUNT_NOT_200,2012-05-14,2012,,,,,200,12,,,,CRITICAL,Replay intervals do not establish the historical expected security count on this NSE session.,UNRESOLVED,,member_count:2012-05-14:12
COUNT_NOT_200:2012-05-15:91,COUNT_NOT_200,2012-05-15,2012,,,,,200,12,,,,CRITICAL,Replay intervals do not establish the historical expected security count on this NSE session.,UNRESOLVED,,member_count:2012-05-15:12
COUNT_NOT_200:2012-05-16:92,COUNT_NOT_200,2012-05-16,2012,,,,,200,12,,,,CRITICAL,Replay intervals do not establish the historical expected security count on this NSE session.,UNRESOLVED,,member_count:2012-05-16:12
COUNT_NOT_200:2012-05-17:93,COUNT_NOT_200,2012-05-17,2012,,,,,200,12,,,,CRITICAL,Replay intervals do not establish the historical expected security count on this NSE session.,UNRESOLVED,,member_count:2012-05-17:12
COUNT_NOT_200:2012-05-18:94,COUNT_NOT_200,2012-05-18,2012,,,,,200,12,,,,CRITICAL,Replay intervals do not establish the historical expected security count on this NSE session.,UNRESOLVED,,member_count:2012-05-18:12
COUNT_NOT_200:2012-05-21:95,COUNT_NOT_200,2012-05-21,2012,,,,,200,13,,,,CRITICAL,Replay intervals do not establish the historical expected security count on this NSE session.,UNRESOLVED,,member_count:2012-05-21:13
COUNT_NOT_200:2012-05-22:96,COUNT_NOT_200,2012-05-22,2012,,,,,200,13,,,,CRITICAL,Replay intervals do not establish the historical expected security count on this NSE session.,UNRESOLVED,,member_count:2012-05-22:13
COUNT_NOT_200:2012-05-23:97,COUNT_NOT_200,2012-05-23,2012,,,,,200,13,,,,CRITICAL,Replay intervals do not establish the historical expected security count on this NSE session.,UNRESOLVED,,member_count:2012-05-23:13
COUNT_NOT_200:2012-05-24:98,COUNT_NOT_200,2012-05-24,2012,,,,,200,13,,,,CRITICAL,Replay intervals do not establish the historical expected security count on this NSE session.,UNRESOLVED,,member_count:2012-05-24:13
COUNT_NOT_200:2012-05-25:99,COUNT_NOT_200,2012-05-25,2012,,,,,200,13,,,,CRITICAL,Replay intervals do not establish the historical expected security count on this NSE session.,UNRESOLVED,,member_count:2012-05-25:13
COUNT_NOT_200:2012-05-28:100,COUNT_NOT_200,2012-05-28,2012,,,,,200,13,,,,CRITICAL,Replay intervals do not establish the historical expected security count on this NSE session.,UNRESOLVED,,member_count:2012-05-28:13
COUNT_NOT_200:2012-05-29:101,COUNT_NOT_200,2012-05-29,2012,,,,,200,13,,,,CRITICAL,Replay intervals do not establish the historical expected security count on this NSE session.,UNRESOLVED,,member_count:2012-05-29:13
COUNT_NOT_200:2012-05-30:102,COUNT_NOT_200,2012-05-30,2012,,,,,200,13,,,,CRITICAL,Replay intervals do not establish the historical expected security count on this NSE session.,UNRESOLVED,,member_count:2012-05-30:13
COUNT_NOT_200:2012-05-31:103,COUNT_NOT_200,2012-05-31,2012,,,,,200,13,,,,CRITICAL,Replay intervals do not establish the historical expected security count on this NSE session.,UNRESOLVED,,member_count:2012-05-31:13
COUNT_NOT_200:2012-06-01:104,COUNT_NOT_200,2012-06-01,2012,,,,,200,13,,,,CRITICAL,Replay intervals do not establish the historical expected security count on this NSE session.,UNRESOLVED,,member_count:2012-06-01:13
COUNT_NOT_200:2012-06-04:105,COUNT_NOT_200,2012-06-04,2012,,,,,200,13,,,,CRITICAL,Replay intervals do not establish the historical expected security count on this NSE session.,UNRESOLVED,,member_count:2012-06-04:13
COUNT_NOT_200:2012-06-05:106,COUNT_NOT_200,2012-06-05,2012,,,,,200,13,,,,CRITICAL,Replay intervals do not establish the historical expected security count on this NSE session.,UNRESOLVED,,member_count:2012-06-05:13
COUNT_NOT_200:2012-06-06:107,COUNT_NOT_200,2012-06-06,2012,,,,,200,13,,,,CRITICAL,Replay intervals do not establish the historical expected security count on this NSE session.,UNRESOLVED,,member_count:2012-06-06:13
COUNT_NOT_200:2012-06-07:108,COUNT_NOT_200,2012-06-07,2012,,,,,200,13,,,,CRITICAL,Replay intervals do not establish the historical expected security count on this NSE session.,UNRESOLVED,,member_count:2012-06-07:13
COUNT_NOT_200:2012-06-08:109,COUNT_NOT_200,2012-06-08,2012,,,,,200,13,,,,CRITICAL,Replay intervals do not establish the historical expected security count on this NSE session.,UNRESOLVED,,member_count:2012-06-08:13
COUNT_NOT_200:2012-06-11:110,COUNT_NOT_200,2012-06-11,2012,,,,,200,13,,,,CRITICAL,Replay intervals do not establish the historical expected security count on this NSE session.,UNRESOLVED,,member_count:2012-06-11:13
COUNT_NOT_200:2012-06-12:111,COUNT_NOT_200,2012-06-12,2012,,,,,200,13,,,,CRITICAL,Replay intervals do not establish the historical expected security count on this NSE session.,UNRESOLVED,,member_count:2012-06-12:13
COUNT_NOT_200:2012-06-13:112,COUNT_NOT_200,2012-06-13,2012,,,,,200,13,,,,CRITICAL,Replay intervals do not establish the historical expected security count on this NSE session.,UNRESOLVED,,member_count:2012-06-13:13
COUNT_NOT_200:2012-06-14:113,COUNT_NOT_200,2012-06-14,2012,,,,,200,13,,,,CRITICAL,Replay intervals do not establish the historical expected security count on this NSE session.,UNRESOLVED,,member_count:2012-06-14:13
COUNT_NOT_200:2012-06-15:114,COUNT_NOT_200,2012-06-15,2012,,,,,200,13,,,,CRITICAL,Replay intervals do not establish the historical expected security count on this NSE session.,UNRESOLVED,,member_count:2012-06-15:13
COUNT_NOT_200:2012-06-18:115,COUNT_NOT_200,2012-06-18,2012,,,,,200,13,,,,CRITICAL,Replay intervals do not establish the historical expected security count on this NSE session.,UNRESOLVED,,member_count:2012-06-18:13
COUNT_NOT_200:2012-06-19:116,COUNT_NOT_200,2012-06-19,2012,,,,,200,13,,,,CRITICAL,Replay intervals do not establish the historical expected security count on this NSE session.,UNRESOLVED,,member_count:2012-06-19:13
COUNT_NOT_200:2012-06-20:117,COUNT_NOT_200,2012-06-20,2012,,,,,200,13,,,,CRITICAL,Replay intervals do not establish the historical expected security count on this NSE session.,UNRESOLVED,,member_count:2012-06-20:13
COUNT_NOT_200:2012-06-21:118,COUNT_NOT_200,2012-06-21,2012,,,,,200,13,,,,CRITICAL,Replay intervals do not establish the historical expected security count on this NSE session.,UNRESOLVED,,member_count:2012-06-21:13
COUNT_NOT_200:2012-06-22:119,COUNT_NOT_200,2012-06-22,2012,,,,,200,13,,,,CRITICAL,Replay intervals do not establish the historical expected security count on this NSE session.,UNRESOLVED,,member_count:2012-06-22:13
COUNT_NOT_200:2012-06-25:120,COUNT_NOT_200,2012-06-25,2012,,,,,200,13,,,,CRITICAL,Replay intervals do not establish the historical expected security count on this NSE session.,UNRESOLVED,,member_count:2012-06-25:13
COUNT_NOT_200:2012-06-26:121,COUNT_NOT_200,2012-06-26,2012,,,,,200,13,,,,CRITICAL,Replay intervals do not establish the historical expected security count on this NSE session.,UNRESOLVED,,member_count:2012-06-26:13
COUNT_NOT_200:2012-06-27:122,COUNT_NOT_200,2012-06-27,2012,,,,,200,13,,,,CRITICAL,Replay intervals do not establish the historical expected security count on this NSE session.,UNRESOLVED,,member_count:2012-06-27:13
COUNT_NOT_200:2012-06-28:123,COUNT_NOT_200,2012-06-28,2012,,,,,200,13,,,,CRITICAL,Replay intervals do not establish the historical expected security count on this NSE session.,UNRESOLVED,,member_count:2012-06-28:13
COUNT_NOT_200:2012-06-29:124,COUNT_NOT_200,2012-06-29,2012,,,,,200,13,,,,CRITICAL,Replay intervals do not establish the historical expected security count on this NSE session.,UNRESOLVED,,member_count:2012-06-29:13
COUNT_NOT_200:2012-07-02:125,COUNT_NOT_200,2012-07-02,2012,,,,,200,13,,,,CRITICAL,Replay intervals do not establish the historical expected security count on this NSE session.,UNRESOLVED,,member_count:2012-07-02:13
COUNT_NOT_200:2012-07-03:126,COUNT_NOT_200,2012-07-03,2012,,,,,200,13,,,,CRITICAL,Replay intervals do not establish the historical expected security count on this NSE session.,UNRESOLVED,,member_count:2012-07-03:13
COUNT_NOT_200:2012-07-04:127,COUNT_NOT_200,2012-07-04,2012,,,,,200,13,,,,CRITICAL,Replay intervals do not establish the historical expected security count on this NSE session.,UNRESOLVED,,member_count:2012-07-04:13
COUNT_NOT_200:2012-07-05:128,COUNT_NOT_200,2012-07-05,2012,,,,,200,13,,,,CRITICAL,Replay intervals do not establish the historical expected security count on this NSE session.,UNRESOLVED,,member_count:2012-07-05:13
COUNT_NOT_200:2012-07-06:129,COUNT_NOT_200,2012-07-06,2012,,,,,200,13,,,,CRITICAL,Replay intervals do not establish the historical expected security count on this NSE session.,UNRESOLVED,,member_count:2012-07-06:13
COUNT_NOT_200:2012-07-09:130,COUNT_NOT_200,2012-07-09,2012,,,,,200,13,,,,CRITICAL,Replay intervals do not establish the historical expected security count on this NSE session.,UNRESOLVED,,member_count:2012-07-09:13
COUNT_NOT_200:2012-07-10:131,COUNT_NOT_200,2012-07-10,2012,,,,,200,13,,,,CRITICAL,Replay intervals do not establish the historical expected security count on this NSE session.,UNRESOLVED,,member_count:2012-07-10:13
COUNT_NOT_200:2012-07-11:132,COUNT_NOT_200,2012-07-11,2012,,,,,200,13,,,,CRITICAL,Replay intervals do not establish the historical expected security count on this NSE session.,UNRESOLVED,,member_count:2012-07-11:13
COUNT_NOT_200:2012-07-12:133,COUNT_NOT_200,2012-07-12,2012,,,,,200,13,,,,CRITICAL,Replay intervals do not establish the historical expected security count on this NSE session.,UNRESOLVED,,member_count:2012-07-12:13
COUNT_NOT_200:2012-07-13:134,COUNT_NOT_200,2012-07-13,2012,,,,,200,13,,,,CRITICAL,Replay intervals do not establish the historical expected security count on this NSE session.,UNRESOLVED,,member_count:2012-07-13:13
COUNT_NOT_200:2012-07-16:135,COUNT_NOT_200,2012-07-16,2012,,,,,200,13,,,,CRITICAL,Replay intervals do not establish the historical expected security count on this NSE session.,UNRESOLVED,,member_count:2012-07-16:13
COUNT_NOT_200:2012-07-17:136,COUNT_NOT_200,2012-07-17,2012,,,,,200,13,,,,CRITICAL,Replay intervals do not establish the historical expected security count on this NSE session.,UNRESOLVED,,member_count:2012-07-17:13
COUNT_NOT_200:2012-07-18:137,COUNT_NOT_200,2012-07-18,2012,,,,,200,13,,,,CRITICAL,Replay intervals do not establish the historical expected security count on this NSE session.,UNRESOLVED,,member_count:2012-07-18:13
COUNT_NOT_200:2012-07-19:138,COUNT_NOT_200,2012-07-19,2012,,,,,200,13,,,,CRITICAL,Replay intervals do not establish the historical expected security count on this NSE session.,UNRESOLVED,,member_count:2012-07-19:13
COUNT_NOT_200:2012-07-20:139,COUNT_NOT_200,2012-07-20,2012,,,,,200,13,,,,CRITICAL,Replay intervals do not establish the historical expected security count on this NSE session.,UNRESOLVED,,member_count:2012-07-20:13
COUNT_NOT_200:2012-07-23:140,COUNT_NOT_200,2012-07-23,2012,,,,,200,13,,,,CRITICAL,Replay intervals do not establish the historical expected security count on this NSE session.,UNRESOLVED,,member_count:2012-07-23:13
COUNT_NOT_200:2012-07-24:141,COUNT_NOT_200,2012-07-24,2012,,,,,200,13,,,,CRITICAL,Replay intervals do not establish the historical expected security count on this NSE session.,UNRESOLVED,,member_count:2012-07-24:13
COUNT_NOT_200:2012-07-25:142,COUNT_NOT_200,2012-07-25,2012,,,,,200,13,,,,CRITICAL,Replay intervals do not establish the historical expected security count on this NSE session.,UNRESOLVED,,member_count:2012-07-25:13
COUNT_NOT_200:2012-07-26:143,COUNT_NOT_200,2012-07-26,2012,,,,,200,13,,,,CRITICAL,Replay intervals do not establish the historical expected security count on this NSE session.,UNRESOLVED,,member_count:2012-07-26:13
COUNT_NOT_200:2012-07-27:144,COUNT_NOT_200,2012-07-27,2012,,,,,200,13,,,,CRITICAL,Replay intervals do not establish the historical expected security count on this NSE session.,UNRESOLVED,,member_count:2012-07-27:13
COUNT_NOT_200:2012-07-30:145,COUNT_NOT_200,2012-07-30,2012,,,,,200,13,,,,CRITICAL,Replay intervals do not establish the historical expected security count on this NSE session.,UNRESOLVED,,member_count:2012-07-30:13
COUNT_NOT_200:2012-07-31:146,COUNT_NOT_200,2012-07-31,2012,,,,,200,13,,,,CRITICAL,Replay intervals do not establish the historical expected security count on this NSE session.,UNRESOLVED,,member_count:2012-07-31:13
COUNT_NOT_200:2012-08-01:147,COUNT_NOT_200,2012-08-01,2012,,,,,200,13,,,,CRITICAL,Replay intervals do not establish the historical expected security count on this NSE session.,UNRESOLVED,,member_count:2012-08-01:13
COUNT_NOT_200:2012-08-02:148,COUNT_NOT_200,2012-08-02,2012,,,,,200,13,,,,CRITICAL,Replay intervals do not establish the historical expected security count on this NSE session.,UNRESOLVED,,member_count:2012-08-02:13
COUNT_NOT_200:2012-08-03:149,COUNT_NOT_200,2012-08-03,2012,,,,,200,13,,,,CRITICAL,Replay intervals do not establish the historical expected security count on this NSE session.,UNRESOLVED,,member_count:2012-08-03:13
COUNT_NOT_200:2012-08-06:150,COUNT_NOT_200,2012-08-06,2012,,,,,200,13,,,,CRITICAL,Replay intervals do not establish the historical expected security count on this NSE session.,UNRESOLVED,,member_count:2012-08-06:13
COUNT_NOT_200:2012-08-07:151,COUNT_NOT_200,2012-08-07,2012,,,,,200,13,,,,CRITICAL,Replay intervals do not establish the historical expected security count on this NSE session.,UNRESOLVED,,member_count:2012-08-07:13
COUNT_NOT_200:2012-08-08:152,COUNT_NOT_200,2012-08-08,2012,,,,,200,13,,,,CRITICAL,Replay intervals do not establish the historical expected security count on this NSE session.,UNRESOLVED,,member_count:2012-08-08:13
COUNT_NOT_200:2012-08-09:153,COUNT_NOT_200,2012-08-09,2012,,,,,200,13,,,,CRITICAL,Replay intervals do not establish the historical expected security count on this NSE session.,UNRESOLVED,,member_count:2012-08-09:13
COUNT_NOT_200:2012-08-10:154,COUNT_NOT_200,2012-08-10,2012,,,,,200,13,,,,CRITICAL,Replay intervals do not establish the historical expected security count on this NSE session.,UNRESOLVED,,member_count:2012-08-10:13
COUNT_NOT_200:2012-08-13:155,COUNT_NOT_200,2012-08-13,2012,,,,,200,13,,,,CRITICAL,Replay intervals do not establish the historical expected security count on this NSE session.,UNRESOLVED,,member_count:2012-08-13:13
COUNT_NOT_200:2012-08-14:156,COUNT_NOT_200,2012-08-14,2012,,,,,200,13,,,,CRITICAL,Replay intervals do not establish the historical expected security count on this NSE session.,UNRESOLVED,,member_count:2012-08-14:13
COUNT_NOT_200:2012-08-16:157,COUNT_NOT_200,2012-08-16,2012,,,,,200,13,,,,CRITICAL,Replay intervals do not establish the historical expected security count on this NSE session.,UNRESOLVED,,member_count:2012-08-16:13
COUNT_NOT_200:2012-08-17:158,COUNT_NOT_200,2012-08-17,2012,,,,,200,13,,,,CRITICAL,Replay intervals do not establish the historical expected security count on this NSE session.,UNRESOLVED,,member_count:2012-08-17:13
COUNT_NOT_200:2012-08-21:159,COUNT_NOT_200,2012-08-21,2012,,,,,200,13,,,,CRITICAL,Replay intervals do not establish the historical expected security count on this NSE session.,UNRESOLVED,,member_count:2012-08-21:13
COUNT_NOT_200:2012-08-22:160,COUNT_NOT_200,2012-08-22,2012,,,,,200,13,,,,CRITICAL,Replay intervals do not establish the historical expected security count on this NSE session.,UNRESOLVED,,member_count:2012-08-22:13
COUNT_NOT_200:2012-08-23:161,COUNT_NOT_200,2012-08-23,2012,,,,,200,13,,,,CRITICAL,Replay intervals do not establish the historical expected security count on this NSE session.,UNRESOLVED,,member_count:2012-08-23:13
COUNT_NOT_200:2012-08-24:162,COUNT_NOT_200,2012-08-24,2012,,,,,200,13,,,,CRITICAL,Replay intervals do not establish the historical expected security count on this NSE session.,UNRESOLVED,,member_count:2012-08-24:13
COUNT_NOT_200:2012-08-27:163,COUNT_NOT_200,2012-08-27,2012,,,,,200,13,,,,CRITICAL,Replay intervals do not establish the historical expected security count on this NSE session.,UNRESOLVED,,member_count:2012-08-27:13
COUNT_NOT_200:2012-08-28:164,COUNT_NOT_200,2012-08-28,2012,,,,,200,13,,,,CRITICAL,Replay intervals do not establish the historical expected security count on this NSE session.,UNRESOLVED,,member_count:2012-08-28:13
COUNT_NOT_200:2012-08-29:165,COUNT_NOT_200,2012-08-29,2012,,,,,200,13,,,,CRITICAL,Replay intervals do not establish the historical expected security count on this NSE session.,UNRESOLVED,,member_count:2012-08-29:13
COUNT_NOT_200:2012-08-30:166,COUNT_NOT_200,2012-08-30,2012,,,,,200,13,,,,CRITICAL,Replay intervals do not establish the historical expected security count on this NSE session.,UNRESOLVED,,member_count:2012-08-30:13
COUNT_NOT_200:2012-08-31:167,COUNT_NOT_200,2012-08-31,2012,,,,,200,13,,,,CRITICAL,Replay intervals do not establish the historical expected security count on this NSE session.,UNRESOLVED,,member_count:2012-08-31:13
COUNT_NOT_200:2012-09-03:168,COUNT_NOT_200,2012-09-03,2012,,,,,200,13,,,,CRITICAL,Replay intervals do not establish the historical expected security count on this NSE session.,UNRESOLVED,,member_count:2012-09-03:13
COUNT_NOT_200:2012-09-04:169,COUNT_NOT_200,2012-09-04,2012,,,,,200,13,,,,CRITICAL,Replay intervals do not establish the historical expected security count on this NSE session.,UNRESOLVED,,member_count:2012-09-04:13
COUNT_NOT_200:2012-09-05:170,COUNT_NOT_200,2012-09-05,2012,,,,,200,13,,,,CRITICAL,Replay intervals do not establish the historical expected security count on this NSE session.,UNRESOLVED,,member_count:2012-09-05:13
COUNT_NOT_200:2012-09-06:171,COUNT_NOT_200,2012-09-06,2012,,,,,200,13,,,,CRITICAL,Replay intervals do not establish the historical expected security count on this NSE session.,UNRESOLVED,,member_count:2012-09-06:13
COUNT_NOT_200:2012-09-07:172,COUNT_NOT_200,2012-09-07,2012,,,,,200,13,,,,CRITICAL,Replay intervals do not establish the historical expected security count on this NSE session.,UNRESOLVED,,member_count:2012-09-07:13
COUNT_NOT_200:2012-09-10:173,COUNT_NOT_200,2012-09-10,2012,,,,,200,13,,,,CRITICAL,Replay intervals do not establish the historical expected security count on this NSE session.,UNRESOLVED,,member_count:2012-09-10:13
COUNT_NOT_200:2012-09-11:174,COUNT_NOT_200,2012-09-11,2012,,,,,200,13,,,,CRITICAL,Replay intervals do not establish the historical expected security count on this NSE session.,UNRESOLVED,,member_count:2012-09-11:13
COUNT_NOT_200:2012-09-12:175,COUNT_NOT_200,2012-09-12,2012,,,,,200,13,,,,CRITICAL,Replay intervals do not establish the historical expected security count on this NSE session.,UNRESOLVED,,member_count:2012-09-12:13
COUNT_NOT_200:2012-09-13:176,COUNT_NOT_200,2012-09-13,2012,,,,,200,13,,,,CRITICAL,Replay intervals do not establish the historical expected security count on this NSE session.,UNRESOLVED,,member_count:2012-09-13:13
COUNT_NOT_200:2012-09-14:177,COUNT_NOT_200,2012-09-14,2012,,,,,200,13,,,,CRITICAL,Replay intervals do not establish the historical expected security count on this NSE session.,UNRESOLVED,,member_count:2012-09-14:13
COUNT_NOT_200:2012-09-17:178,COUNT_NOT_200,2012-09-17,2012,,,,,200,13,,,,CRITICAL,Replay intervals do not establish the historical expected security count on this NSE session.,UNRESOLVED,,member_count:2012-09-17:13
COUNT_NOT_200:2012-09-18:179,COUNT_NOT_200,2012-09-18,2012,,,,,200,13,,,,CRITICAL,Replay intervals do not establish the historical expected security count on this NSE session.,UNRESOLVED,,member_count:2012-09-18:13
COUNT_NOT_200:2012-09-20:180,COUNT_NOT_200,2012-09-20,2012,,,,,200,13,,,,CRITICAL,Replay intervals do not establish the historical expected security count on this NSE session.,UNRESOLVED,,member_count:2012-09-20:13
COUNT_NOT_200:2012-09-21:181,COUNT_NOT_200,2012-09-21,2012,,,,,200,13,,,,CRITICAL,Replay intervals do not establish the historical expected security count on this NSE session.,UNRESOLVED,,member_count:2012-09-21:13
COUNT_NOT_200:2012-09-24:182,COUNT_NOT_200,2012-09-24,2012,,,,,200,13,,,,CRITICAL,Replay intervals do not establish the historical expected security count on this NSE session.,UNRESOLVED,,member_count:2012-09-24:13
COUNT_NOT_200:2012-09-25:183,COUNT_NOT_200,2012-09-25,2012,,,,,200,13,,,,CRITICAL,Replay intervals do not establish the historical expected security count on this NSE session.,UNRESOLVED,,member_count:2012-09-25:13
COUNT_NOT_200:2012-09-26:184,COUNT_NOT_200,2012-09-26,2012,,,,,200,13,,,,CRITICAL,Replay intervals do not establish the historical expected security count on this NSE session.,UNRESOLVED,,member_count:2012-09-26:13
COUNT_NOT_200:2012-09-27:185,COUNT_NOT_200,2012-09-27,2012,,,,,200,13,,,,CRITICAL,Replay intervals do not establish the historical expected security count on this NSE session.,UNRESOLVED,,member_count:2012-09-27:13
COUNT_NOT_200:2012-09-28:186,COUNT_NOT_200,2012-09-28,2012,,,,,200,25,,,,CRITICAL,Replay intervals do not establish the historical expected security count on this NSE session.,UNRESOLVED,,member_count:2012-09-28:25
COUNT_NOT_200:2012-10-01:187,COUNT_NOT_200,2012-10-01,2012,,,,,200,25,,,,CRITICAL,Replay intervals do not establish the historical expected security count on this NSE session.,UNRESOLVED,,member_count:2012-10-01:25
COUNT_NOT_200:2012-10-03:188,COUNT_NOT_200,2012-10-03,2012,,,,,200,25,,,,CRITICAL,Replay intervals do not establish the historical expected security count on this NSE session.,UNRESOLVED,,member_count:2012-10-03:25
COUNT_NOT_200:2012-10-04:189,COUNT_NOT_200,2012-10-04,2012,,,,,200,25,,,,CRITICAL,Replay intervals do not establish the historical expected security count on this NSE session.,UNRESOLVED,,member_count:2012-10-04:25
COUNT_NOT_200:2012-10-05:190,COUNT_NOT_200,2012-10-05,2012,,,,,200,25,,,,CRITICAL,Replay intervals do not establish the historical expected security count on this NSE session.,UNRESOLVED,,member_count:2012-10-05:25
COUNT_NOT_200:2012-10-08:191,COUNT_NOT_200,2012-10-08,2012,,,,,200,25,,,,CRITICAL,Replay intervals do not establish the historical expected security count on this NSE session.,UNRESOLVED,,member_count:2012-10-08:25
COUNT_NOT_200:2012-10-09:192,COUNT_NOT_200,2012-10-09,2012,,,,,200,25,,,,CRITICAL,Replay intervals do not establish the historical expected security count on this NSE session.,UNRESOLVED,,member_count:2012-10-09:25
COUNT_NOT_200:2012-10-10:193,COUNT_NOT_200,2012-10-10,2012,,,,,200,25,,,,CRITICAL,Replay intervals do not establish the historical expected security count on this NSE session.,UNRESOLVED,,member_count:2012-10-10:25
COUNT_NOT_200:2012-10-11:194,COUNT_NOT_200,2012-10-11,2012,,,,,200,25,,,,CRITICAL,Replay intervals do not establish the historical expected security count on this NSE session.,UNRESOLVED,,member_count:2012-10-11:25
COUNT_NOT_200:2012-10-12:195,COUNT_NOT_200,2012-10-12,2012,,,,,200,25,,,,CRITICAL,Replay intervals do not establish the historical expected security count on this NSE session.,UNRESOLVED,,member_count:2012-10-12:25
COUNT_NOT_200:2012-10-15:196,COUNT_NOT_200,2012-10-15,2012,,,,,200,25,,,,CRITICAL,Replay intervals do not establish the historical expected security count on this NSE session.,UNRESOLVED,,member_count:2012-10-15:25
COUNT_NOT_200:2012-10-16:197,COUNT_NOT_200,2012-10-16,2012,,,,,200,25,,,,CRITICAL,Replay intervals do not establish the historical expected security count on this NSE session.,UNRESOLVED,,member_count:2012-10-16:25
COUNT_NOT_200:2012-10-17:198,COUNT_NOT_200,2012-10-17,2012,,,,,200,25,,,,CRITICAL,Replay intervals do not establish the historical expected security count on this NSE session.,UNRESOLVED,,member_count:2012-10-17:25
COUNT_NOT_200:2012-10-18:199,COUNT_NOT_200,2012-10-18,2012,,,,,200,25,,,,CRITICAL,Replay intervals do not establish the historical expected security count on this NSE session.,UNRESOLVED,,member_count:2012-10-18:25
COUNT_NOT_200:2012-10-19:200,COUNT_NOT_200,2012-10-19,2012,,,,,200,25,,,,CRITICAL,Replay intervals do not establish the historical expected security count on this NSE session.,UNRESOLVED,,member_count:2012-10-19:25
COUNT_NOT_200:2012-10-22:201,COUNT_NOT_200,2012-10-22,2012,,,,,200,25,,,,CRITICAL,Replay intervals do not establish the historical expected security count on this NSE session.,UNRESOLVED,,member_count:2012-10-22:25
COUNT_NOT_200:2012-10-23:202,COUNT_NOT_200,2012-10-23,2012,,,,,200,25,,,,CRITICAL,Replay intervals do not establish the historical expected security count on this NSE session.,UNRESOLVED,,member_count:2012-10-23:25
COUNT_NOT_200:2012-10-25:203,COUNT_NOT_200,2012-10-25,2012,,,,,200,25,,,,CRITICAL,Replay intervals do not establish the historical expected security count on this NSE session.,UNRESOLVED,,member_count:2012-10-25:25
COUNT_NOT_200:2012-10-26:204,COUNT_NOT_200,2012-10-26,2012,,,,,200,25,,,,CRITICAL,Replay intervals do not establish the historical expected security count on this NSE session.,UNRESOLVED,,member_count:2012-10-26:25
COUNT_NOT_200:2012-10-29:205,COUNT_NOT_200,2012-10-29,2012,,,,,200,25,,,,CRITICAL,Replay intervals do not establish the historical expected security count on this NSE session.,UNRESOLVED,,member_count:2012-10-29:25
COUNT_NOT_200:2012-10-30:206,COUNT_NOT_200,2012-10-30,2012,,,,,200,25,,,,CRITICAL,Replay intervals do not establish the historical expected security count on this NSE session.,UNRESOLVED,,member_count:2012-10-30:25
COUNT_NOT_200:2012-10-31:207,COUNT_NOT_200,2012-10-31,2012,,,,,200,25,,,,CRITICAL,Replay intervals do not establish the historical expected security count on this NSE session.,UNRESOLVED,,member_count:2012-10-31:25
COUNT_NOT_200:2012-11-01:208,COUNT_NOT_200,2012-11-01,2012,,,,,200,25,,,,CRITICAL,Replay intervals do not establish the historical expected security count on this NSE session.,UNRESOLVED,,member_count:2012-11-01:25
COUNT_NOT_200:2012-11-02:209,COUNT_NOT_200,2012-11-02,2012,,,,,200,25,,,,CRITICAL,Replay intervals do not establish the historical expected security count on this NSE session.,UNRESOLVED,,member_count:2012-11-02:25
COUNT_NOT_200:2012-11-05:210,COUNT_NOT_200,2012-11-05,2012,,,,,200,25,,,,CRITICAL,Replay intervals do not establish the historical expected security count on this NSE session.,UNRESOLVED,,member_count:2012-11-05:25
COUNT_NOT_200:2012-11-06:211,COUNT_NOT_200,2012-11-06,2012,,,,,200,25,,,,CRITICAL,Replay intervals do not establish the historical expected security count on this NSE session.,UNRESOLVED,,member_count:2012-11-06:25
COUNT_NOT_200:2012-11-07:212,COUNT_NOT_200,2012-11-07,2012,,,,,200,25,,,,CRITICAL,Replay intervals do not establish the historical expected security count on this NSE session.,UNRESOLVED,,member_count:2012-11-07:25
COUNT_NOT_200:2012-11-08:213,COUNT_NOT_200,2012-11-08,2012,,,,,200,25,,,,CRITICAL,Replay intervals do not establish the historical expected security count on this NSE session.,UNRESOLVED,,member_count:2012-11-08:25
COUNT_NOT_200:2012-11-09:214,COUNT_NOT_200,2012-11-09,2012,,,,,200,25,,,,CRITICAL,Replay intervals do not establish the historical expected security count on this NSE session.,UNRESOLVED,,member_count:2012-11-09:25
COUNT_NOT_200:2012-11-12:215,COUNT_NOT_200,2012-11-12,2012,,,,,200,25,,,,CRITICAL,Replay intervals do not establish the historical expected security count on this NSE session.,UNRESOLVED,,member_count:2012-11-12:25
COUNT_NOT_200:2012-11-13:216,COUNT_NOT_200,2012-11-13,2012,,,,,200,25,,,,CRITICAL,Replay intervals do not establish the historical expected security count on this NSE session.,UNRESOLVED,,member_count:2012-11-13:25
COUNT_NOT_200:2012-11-15:217,COUNT_NOT_200,2012-11-15,2012,,,,,200,25,,,,CRITICAL,Replay intervals do not establish the historical expected security count on this NSE session.,UNRESOLVED,,member_count:2012-11-15:25
COUNT_NOT_200:2012-11-16:218,COUNT_NOT_200,2012-11-16,2012,,,,,200,25,,,,CRITICAL,Replay intervals do not establish the historical expected security count on this NSE session.,UNRESOLVED,,member_count:2012-11-16:25
COUNT_NOT_200:2012-11-19:219,COUNT_NOT_200,2012-11-19,2012,,,,,200,25,,,,CRITICAL,Replay intervals do not establish the historical expected security count on this NSE session.,UNRESOLVED,,member_count:2012-11-19:25
COUNT_NOT_200:2012-11-20:220,COUNT_NOT_200,2012-11-20,2012,,,,,200,25,,,,CRITICAL,Replay intervals do not establish the historical expected security count on this NSE session.,UNRESOLVED,,member_count:2012-11-20:25
COUNT_NOT_200:2012-11-21:221,COUNT_NOT_200,2012-11-21,2012,,,,,200,25,,,,CRITICAL,Replay intervals do not establish the historical expected security count on this NSE session.,UNRESOLVED,,member_count:2012-11-21:25
COUNT_NOT_200:2012-11-22:222,COUNT_NOT_200,2012-11-22,2012,,,,,200,25,,,,CRITICAL,Replay intervals do not establish the historical expected security count on this NSE session.,UNRESOLVED,,member_count:2012-11-22:25
COUNT_NOT_200:2012-11-23:223,COUNT_NOT_200,2012-11-23,2012,,,,,200,25,,,,CRITICAL,Replay intervals do not establish the historical expected security count on this NSE session.,UNRESOLVED,,member_count:2012-11-23:25
COUNT_NOT_200:2012-11-26:224,COUNT_NOT_200,2012-11-26,2012,,,,,200,25,,,,CRITICAL,Replay intervals do not establish the historical expected security count on this NSE session.,UNRESOLVED,,member_count:2012-11-26:25
COUNT_NOT_200:2012-11-27:225,COUNT_NOT_200,2012-11-27,2012,,,,,200,25,,,,CRITICAL,Replay intervals do not establish the historical expected security count on this NSE session.,UNRESOLVED,,member_count:2012-11-27:25
COUNT_NOT_200:2012-11-29:226,COUNT_NOT_200,2012-11-29,2012,,,,,200,25,,,,CRITICAL,Replay intervals do not establish the historical expected security count on this NSE session.,UNRESOLVED,,member_count:2012-11-29:25
COUNT_NOT_200:2012-11-30:227,COUNT_NOT_200,2012-11-30,2012,,,,,200,25,,,,CRITICAL,Replay intervals do not establish the historical expected security count on this NSE session.,UNRESOLVED,,member_count:2012-11-30:25
COUNT_NOT_200:2012-12-03:228,COUNT_NOT_200,2012-12-03,2012,,,,,200,25,,,,CRITICAL,Replay intervals do not establish the historical expected security count on this NSE session.,UNRESOLVED,,member_count:2012-12-03:25
COUNT_NOT_200:2012-12-04:229,COUNT_NOT_200,2012-12-04,2012,,,,,200,25,,,,CRITICAL,Replay intervals do not establish the historical expected security count on this NSE session.,UNRESOLVED,,member_count:2012-12-04:25
COUNT_NOT_200:2012-12-05:230,COUNT_NOT_200,2012-12-05,2012,,,,,200,25,,,,CRITICAL,Replay intervals do not establish the historical expected security count on this NSE session.,UNRESOLVED,,member_count:2012-12-05:25
COUNT_NOT_200:2012-12-06:231,COUNT_NOT_200,2012-12-06,2012,,,,,200,25,,,,CRITICAL,Replay intervals do not establish the historical expected security count on this NSE session.,UNRESOLVED,,member_count:2012-12-06:25
COUNT_NOT_200:2012-12-07:232,COUNT_NOT_200,2012-12-07,2012,,,,,200,25,,,,CRITICAL,Replay intervals do not establish the historical expected security count on this NSE session.,UNRESOLVED,,member_count:2012-12-07:25
COUNT_NOT_200:2012-12-10:233,COUNT_NOT_200,2012-12-10,2012,,,,,200,25,,,,CRITICAL,Replay intervals do not establish the historical expected security count on this NSE session.,UNRESOLVED,,member_count:2012-12-10:25
COUNT_NOT_200:2012-12-11:234,COUNT_NOT_200,2012-12-11,2012,,,,,200,25,,,,CRITICAL,Replay intervals do not establish the historical expected security count on this NSE session.,UNRESOLVED,,member_count:2012-12-11:25
COUNT_NOT_200:2012-12-12:235,COUNT_NOT_200,2012-12-12,2012,,,,,200,25,,,,CRITICAL,Replay intervals do not establish the historical expected security count on this NSE session.,UNRESOLVED,,member_count:2012-12-12:25
COUNT_NOT_200:2012-12-13:236,COUNT_NOT_200,2012-12-13,2012,,,,,200,25,,,,CRITICAL,Replay intervals do not establish the historical expected security count on this NSE session.,UNRESOLVED,,member_count:2012-12-13:25
COUNT_NOT_200:2012-12-14:237,COUNT_NOT_200,2012-12-14,2012,,,,,200,25,,,,CRITICAL,Replay intervals do not establish the historical expected security count on this NSE session.,UNRESOLVED,,member_count:2012-12-14:25
COUNT_NOT_200:2012-12-17:238,COUNT_NOT_200,2012-12-17,2012,,,,,200,25,,,,CRITICAL,Replay intervals do not establish the historical expected security count on this NSE session.,UNRESOLVED,,member_count:2012-12-17:25
COUNT_NOT_200:2012-12-18:239,COUNT_NOT_200,2012-12-18,2012,,,,,200,25,,,,CRITICAL,Replay intervals do not establish the historical expected security count on this NSE session.,UNRESOLVED,,member_count:2012-12-18:25
COUNT_NOT_200:2012-12-19:240,COUNT_NOT_200,2012-12-19,2012,,,,,200,25,,,,CRITICAL,Replay intervals do not establish the historical expected security count on this NSE session.,UNRESOLVED,,member_count:2012-12-19:25
COUNT_NOT_200:2012-12-20:241,COUNT_NOT_200,2012-12-20,2012,,,,,200,25,,,,CRITICAL,Replay intervals do not establish the historical expected security count on this NSE session.,UNRESOLVED,,member_count:2012-12-20:25
COUNT_NOT_200:2012-12-21:242,COUNT_NOT_200,2012-12-21,2012,,,,,200,25,,,,CRITICAL,Replay intervals do not establish the historical expected security count on this NSE session.,UNRESOLVED,,member_count:2012-12-21:25
COUNT_NOT_200:2012-12-24:243,COUNT_NOT_200,2012-12-24,2012,,,,,200,25,,,,CRITICAL,Replay intervals do not establish the historical expected security count on this NSE session.,UNRESOLVED,,member_count:2012-12-24:25
COUNT_NOT_200:2012-12-26:244,COUNT_NOT_200,2012-12-26,2012,,,,,200,25,,,,CRITICAL,Replay intervals do not establish the historical expected security count on this NSE session.,UNRESOLVED,,member_count:2012-12-26:25
COUNT_NOT_200:2012-12-27:245,COUNT_NOT_200,2012-12-27,2012,,,,,200,25,,,,CRITICAL,Replay intervals do not establish the historical expected security count on this NSE session.,UNRESOLVED,,member_count:2012-12-27:25
COUNT_NOT_200:2012-12-28:246,COUNT_NOT_200,2012-12-28,2012,,,,,200,25,,,,CRITICAL,Replay intervals do not establish the historical expected security count on this NSE session.,UNRESOLVED,,member_count:2012-12-28:25
COUNT_NOT_200:2012-12-31:247,COUNT_NOT_200,2012-12-31,2012,,,,,200,25,,,,CRITICAL,Replay intervals do not establish the historical expected security count on this NSE session.,UNRESOLVED,,member_count:2012-12-31:25
COUNT_NOT_200:2013-01-01:248,COUNT_NOT_200,2013-01-01,2013,,,,,200,25,,,,CRITICAL,Replay intervals do not establish the historical expected security count on this NSE session.,UNRESOLVED,,member_count:2013-01-01:25
COUNT_NOT_200:2013-01-02:249,COUNT_NOT_200,2013-01-02,2013,,,,,200,25,,,,CRITICAL,Replay intervals do not establish the historical expected security count on this NSE session.,UNRESOLVED,,member_count:2013-01-02:25
COUNT_NOT_200:2013-01-03:250,COUNT_NOT_200,2013-01-03,2013,,,,,200,25,,,,CRITICAL,Replay intervals do not establish the historical expected security count on this NSE session.,UNRESOLVED,,member_count:2013-01-03:25
COUNT_NOT_200:2013-01-04:251,COUNT_NOT_200,2013-01-04,2013,,,,,200,25,,,,CRITICAL,Replay intervals do not establish the historical expected security count on this NSE session.,UNRESOLVED,,member_count:2013-01-04:25
COUNT_NOT_200:2013-01-07:252,COUNT_NOT_200,2013-01-07,2013,,,,,200,25,,,,CRITICAL,Replay intervals do not establish the historical expected security count on this NSE session.,UNRESOLVED,,member_count:2013-01-07:25
COUNT_NOT_200:2013-01-08:253,COUNT_NOT_200,2013-01-08,2013,,,,,200,25,,,,CRITICAL,Replay intervals do not establish the historical expected security count on this NSE session.,UNRESOLVED,,member_count:2013-01-08:25
COUNT_NOT_200:2013-01-09:254,COUNT_NOT_200,2013-01-09,2013,,,,,200,25,,,,CRITICAL,Replay intervals do not establish the historical expected security count on this NSE session.,UNRESOLVED,,member_count:2013-01-09:25
COUNT_NOT_200:2013-01-10:255,COUNT_NOT_200,2013-01-10,2013,,,,,200,25,,,,CRITICAL,Replay intervals do not establish the historical expected security count on this NSE session.,UNRESOLVED,,member_count:2013-01-10:25
COUNT_NOT_200:2013-01-11:256,COUNT_NOT_200,2013-01-11,2013,,,,,200,25,,,,CRITICAL,Replay intervals do not establish the historical expected security count on this NSE session.,UNRESOLVED,,member_count:2013-01-11:25
COUNT_NOT_200:2013-01-14:257,COUNT_NOT_200,2013-01-14,2013,,,,,200,25,,,,CRITICAL,Replay intervals do not establish the historical expected security count on this NSE session.,UNRESOLVED,,member_count:2013-01-14:25
COUNT_NOT_200:2013-01-15:258,COUNT_NOT_200,2013-01-15,2013,,,,,200,25,,,,CRITICAL,Replay intervals do not establish the historical expected security count on this NSE session.,UNRESOLVED,,member_count:2013-01-15:25
COUNT_NOT_200:2013-01-16:259,COUNT_NOT_200,2013-01-16,2013,,,,,200,25,,,,CRITICAL,Replay intervals do not establish the historical expected security count on this NSE session.,UNRESOLVED,,member_count:2013-01-16:25
COUNT_NOT_200:2013-01-17:260,COUNT_NOT_200,2013-01-17,2013,,,,,200,25,,,,CRITICAL,Replay intervals do not establish the historical expected security count on this NSE session.,UNRESOLVED,,member_count:2013-01-17:25
COUNT_NOT_200:2013-01-18:261,COUNT_NOT_200,2013-01-18,2013,,,,,200,25,,,,CRITICAL,Replay intervals do not establish the historical expected security count on this NSE session.,UNRESOLVED,,member_count:2013-01-18:25
COUNT_NOT_200:2013-01-21:262,COUNT_NOT_200,2013-01-21,2013,,,,,200,25,,,,CRITICAL,Replay intervals do not establish the historical expected security count on this NSE session.,UNRESOLVED,,member_count:2013-01-21:25
COUNT_NOT_200:2013-01-22:263,COUNT_NOT_200,2013-01-22,2013,,,,,200,25,,,,CRITICAL,Replay intervals do not establish the historical expected security count on this NSE session.,UNRESOLVED,,member_count:2013-01-22:25
COUNT_NOT_200:2013-01-23:264,COUNT_NOT_200,2013-01-23,2013,,,,,200,25,,,,CRITICAL,Replay intervals do not establish the historical expected security count on this NSE session.,UNRESOLVED,,member_count:2013-01-23:25
COUNT_NOT_200:2013-01-24:265,COUNT_NOT_200,2013-01-24,2013,,,,,200,25,,,,CRITICAL,Replay intervals do not establish the historical expected security count on this NSE session.,UNRESOLVED,,member_count:2013-01-24:25
COUNT_NOT_200:2013-01-25:266,COUNT_NOT_200,2013-01-25,2013,,,,,200,25,,,,CRITICAL,Replay intervals do not establish the historical expected security count on this NSE session.,UNRESOLVED,,member_count:2013-01-25:25
COUNT_NOT_200:2013-01-28:267,COUNT_NOT_200,2013-01-28,2013,,,,,200,25,,,,CRITICAL,Replay intervals do not establish the historical expected security count on this NSE session.,UNRESOLVED,,member_count:2013-01-28:25
COUNT_NOT_200:2013-01-29:268,COUNT_NOT_200,2013-01-29,2013,,,,,200,25,,,,CRITICAL,Replay intervals do not establish the historical expected security count on this NSE session.,UNRESOLVED,,member_count:2013-01-29:25
COUNT_NOT_200:2013-01-30:269,COUNT_NOT_200,2013-01-30,2013,,,,,200,25,,,,CRITICAL,Replay intervals do not establish the historical expected security count on this NSE session.,UNRESOLVED,,member_count:2013-01-30:25
COUNT_NOT_200:2013-01-31:270,COUNT_NOT_200,2013-01-31,2013,,,,,200,25,,,,CRITICAL,Replay intervals do not establish the historical expected security count on this NSE session.,UNRESOLVED,,member_count:2013-01-31:25
COUNT_NOT_200:2013-02-01:271,COUNT_NOT_200,2013-02-01,2013,,,,,200,25,,,,CRITICAL,Replay intervals do not establish the historical expected security count on this NSE session.,UNRESOLVED,,member_count:2013-02-01:25
COUNT_NOT_200:2013-02-04:272,COUNT_NOT_200,2013-02-04,2013,,,,,200,25,,,,CRITICAL,Replay intervals do not establish the historical expected security count on this NSE session.,UNRESOLVED,,member_count:2013-02-04:25
COUNT_NOT_200:2013-02-05:273,COUNT_NOT_200,2013-02-05,2013,,,,,200,25,,,,CRITICAL,Replay intervals do not establish the historical expected security count on this NSE session.,UNRESOLVED,,member_count:2013-02-05:25
COUNT_NOT_200:2013-02-06:274,COUNT_NOT_200,2013-02-06,2013,,,,,200,25,,,,CRITICAL,Replay intervals do not establish the historical expected security count on this NSE session.,UNRESOLVED,,member_count:2013-02-06:25
COUNT_NOT_200:2013-02-07:275,COUNT_NOT_200,2013-02-07,2013,,,,,200,25,,,,CRITICAL,Replay intervals do not establish the historical expected security count on this NSE session.,UNRESOLVED,,member_count:2013-02-07:25
COUNT_NOT_200:2013-02-08:276,COUNT_NOT_200,2013-02-08,2013,,,,,200,25,,,,CRITICAL,Replay intervals do not establish the historical expected security count on this NSE session.,UNRESOLVED,,member_count:2013-02-08:25
COUNT_NOT_200:2013-02-11:277,COUNT_NOT_200,2013-02-11,2013,,,,,200,25,,,,CRITICAL,Replay intervals do not establish the historical expected security count on this NSE session.,UNRESOLVED,,member_count:2013-02-11:25
COUNT_NOT_200:2013-02-12:278,COUNT_NOT_200,2013-02-12,2013,,,,,200,25,,,,CRITICAL,Replay intervals do not establish the historical expected security count on this NSE session.,UNRESOLVED,,member_count:2013-02-12:25
COUNT_NOT_200:2013-02-13:279,COUNT_NOT_200,2013-02-13,2013,,,,,200,25,,,,CRITICAL,Replay intervals do not establish the historical expected security count on this NSE session.,UNRESOLVED,,member_count:2013-02-13:25
COUNT_NOT_200:2013-02-14:280,COUNT_NOT_200,2013-02-14,2013,,,,,200,25,,,,CRITICAL,Replay intervals do not establish the historical expected security count on this NSE session.,UNRESOLVED,,member_count:2013-02-14:25
COUNT_NOT_200:2013-02-15:281,COUNT_NOT_200,2013-02-15,2013,,,,,200,25,,,,CRITICAL,Replay intervals do not establish the historical expected security count on this NSE session.,UNRESOLVED,,member_count:2013-02-15:25
COUNT_NOT_200:2013-02-18:282,COUNT_NOT_200,2013-02-18,2013,,,,,200,25,,,,CRITICAL,Replay intervals do not establish the historical expected security count on this NSE session.,UNRESOLVED,,member_count:2013-02-18:25
COUNT_NOT_200:2013-02-19:283,COUNT_NOT_200,2013-02-19,2013,,,,,200,25,,,,CRITICAL,Replay intervals do not establish the historical expected security count on this NSE session.,UNRESOLVED,,member_count:2013-02-19:25
COUNT_NOT_200:2013-02-20:284,COUNT_NOT_200,2013-02-20,2013,,,,,200,25,,,,CRITICAL,Replay intervals do not establish the historical expected security count on this NSE session.,UNRESOLVED,,member_count:2013-02-20:25
COUNT_NOT_200:2013-02-21:285,COUNT_NOT_200,2013-02-21,2013,,,,,200,25,,,,CRITICAL,Replay intervals do not establish the historical expected security count on this NSE session.,UNRESOLVED,,member_count:2013-02-21:25
COUNT_NOT_200:2013-02-22:286,COUNT_NOT_200,2013-02-22,2013,,,,,200,25,,,,CRITICAL,Replay intervals do not establish the historical expected security count on this NSE session.,UNRESOLVED,,member_count:2013-02-22:25
COUNT_NOT_200:2013-02-25:287,COUNT_NOT_200,2013-02-25,2013,,,,,200,25,,,,CRITICAL,Replay intervals do not establish the historical expected security count on this NSE session.,UNRESOLVED,,member_count:2013-02-25:25
COUNT_NOT_200:2013-02-26:288,COUNT_NOT_200,2013-02-26,2013,,,,,200,25,,,,CRITICAL,Replay intervals do not establish the historical expected security count on this NSE session.,UNRESOLVED,,member_count:2013-02-26:25
COUNT_NOT_200:2013-02-27:289,COUNT_NOT_200,2013-02-27,2013,,,,,200,25,,,,CRITICAL,Replay intervals do not establish the historical expected security count on this NSE session.,UNRESOLVED,,member_count:2013-02-27:25
COUNT_NOT_200:2013-02-28:290,COUNT_NOT_200,2013-02-28,2013,,,,,200,25,,,,CRITICAL,Replay intervals do not establish the historical expected security count on this NSE session.,UNRESOLVED,,member_count:2013-02-28:25
COUNT_NOT_200:2013-03-01:291,COUNT_NOT_200,2013-03-01,2013,,,,,200,25,,,,CRITICAL,Replay intervals do not establish the historical expected security count on this NSE session.,UNRESOLVED,,member_count:2013-03-01:25
COUNT_NOT_200:2013-03-04:292,COUNT_NOT_200,2013-03-04,2013,,,,,200,25,,,,CRITICAL,Replay intervals do not establish the historical expected security count on this NSE session.,UNRESOLVED,,member_count:2013-03-04:25
COUNT_NOT_200:2013-03-05:293,COUNT_NOT_200,2013-03-05,2013,,,,,200,25,,,,CRITICAL,Replay intervals do not establish the historical expected security count on this NSE session.,UNRESOLVED,,member_count:2013-03-05:25
COUNT_NOT_200:2013-03-06:294,COUNT_NOT_200,2013-03-06,2013,,,,,200,25,,,,CRITICAL,Replay intervals do not establish the historical expected security count on this NSE session.,UNRESOLVED,,member_count:2013-03-06:25
COUNT_NOT_200:2013-03-07:295,COUNT_NOT_200,2013-03-07,2013,,,,,200,25,,,,CRITICAL,Replay intervals do not establish the historical expected security count on this NSE session.,UNRESOLVED,,member_count:2013-03-07:25
COUNT_NOT_200:2013-03-08:296,COUNT_NOT_200,2013-03-08,2013,,,,,200,25,,,,CRITICAL,Replay intervals do not establish the historical expected security count on this NSE session.,UNRESOLVED,,member_count:2013-03-08:25
COUNT_NOT_200:2013-03-11:297,COUNT_NOT_200,2013-03-11,2013,,,,,200,25,,,,CRITICAL,Replay intervals do not establish the historical expected security count on this NSE session.,UNRESOLVED,,member_count:2013-03-11:25
COUNT_NOT_200:2013-03-12:298,COUNT_NOT_200,2013-03-12,2013,,,,,200,25,,,,CRITICAL,Replay intervals do not establish the historical expected security count on this NSE session.,UNRESOLVED,,member_count:2013-03-12:25
COUNT_NOT_200:2013-03-13:299,COUNT_NOT_200,2013-03-13,2013,,,,,200,25,,,,CRITICAL,Replay intervals do not establish the historical expected security count on this NSE session.,UNRESOLVED,,member_count:2013-03-13:25
COUNT_NOT_200:2013-03-14:300,COUNT_NOT_200,2013-03-14,2013,,,,,200,25,,,,CRITICAL,Replay intervals do not establish the historical expected security count on this NSE session.,UNRESOLVED,,member_count:2013-03-14:25
COUNT_NOT_200:2013-03-15:301,COUNT_NOT_200,2013-03-15,2013,,,,,200,25,,,,CRITICAL,Replay intervals do not establish the historical expected security count on this NSE session.,UNRESOLVED,,member_count:2013-03-15:25
COUNT_NOT_200:2013-03-18:302,COUNT_NOT_200,2013-03-18,2013,,,,,200,25,,,,CRITICAL,Replay intervals do not establish the historical expected security count on this NSE session.,UNRESOLVED,,member_count:2013-03-18:25
COUNT_NOT_200:2013-03-19:303,COUNT_NOT_200,2013-03-19,2013,,,,,200,26,,,,CRITICAL,Replay intervals do not establish the historical expected security count on this NSE session.,UNRESOLVED,,member_count:2013-03-19:26
COUNT_NOT_200:2013-03-20:304,COUNT_NOT_200,2013-03-20,2013,,,,,200,26,,,,CRITICAL,Replay intervals do not establish the historical expected security count on this NSE session.,UNRESOLVED,,member_count:2013-03-20:26
COUNT_NOT_200:2013-03-21:305,COUNT_NOT_200,2013-03-21,2013,,,,,200,26,,,,CRITICAL,Replay intervals do not establish the historical expected security count on this NSE session.,UNRESOLVED,,member_count:2013-03-21:26
COUNT_NOT_200:2013-03-22:306,COUNT_NOT_200,2013-03-22,2013,,,,,200,26,,,,CRITICAL,Replay intervals do not establish the historical expected security count on this NSE session.,UNRESOLVED,,member_count:2013-03-22:26
COUNT_NOT_200:2013-03-25:307,COUNT_NOT_200,2013-03-25,2013,,,,,200,26,,,,CRITICAL,Replay intervals do not establish the historical expected security count on this NSE session.,UNRESOLVED,,member_count:2013-03-25:26
COUNT_NOT_200:2013-03-26:308,COUNT_NOT_200,2013-03-26,2013,,,,,200,26,,,,CRITICAL,Replay intervals do not establish the historical expected security count on this NSE session.,UNRESOLVED,,member_count:2013-03-26:26
COUNT_NOT_200:2013-03-28:309,COUNT_NOT_200,2013-03-28,2013,,,,,200,26,,,,CRITICAL,Replay intervals do not establish the historical expected security count on this NSE session.,UNRESOLVED,,member_count:2013-03-28:26
COUNT_NOT_200:2013-04-01:310,COUNT_NOT_200,2013-04-01,2013,,,,,200,35,,,,CRITICAL,Replay intervals do not establish the historical expected security count on this NSE session.,UNRESOLVED,,member_count:2013-04-01:35
COUNT_NOT_200:2013-04-02:311,COUNT_NOT_200,2013-04-02,2013,,,,,200,35,,,,CRITICAL,Replay intervals do not establish the historical expected security count on this NSE session.,UNRESOLVED,,member_count:2013-04-02:35
COUNT_NOT_200:2013-04-03:312,COUNT_NOT_200,2013-04-03,2013,,,,,200,35,,,,CRITICAL,Replay intervals do not establish the historical expected security count on this NSE session.,UNRESOLVED,,member_count:2013-04-03:35
COUNT_NOT_200:2013-04-04:313,COUNT_NOT_200,2013-04-04,2013,,,,,200,35,,,,CRITICAL,Replay intervals do not establish the historical expected security count on this NSE session.,UNRESOLVED,,member_count:2013-04-04:35
COUNT_NOT_200:2013-04-05:314,COUNT_NOT_200,2013-04-05,2013,,,,,200,35,,,,CRITICAL,Replay intervals do not establish the historical expected security count on this NSE session.,UNRESOLVED,,member_count:2013-04-05:35
COUNT_NOT_200:2013-04-08:315,COUNT_NOT_200,2013-04-08,2013,,,,,200,35,,,,CRITICAL,Replay intervals do not establish the historical expected security count on this NSE session.,UNRESOLVED,,member_count:2013-04-08:35
COUNT_NOT_200:2013-04-09:316,COUNT_NOT_200,2013-04-09,2013,,,,,200,35,,,,CRITICAL,Replay intervals do not establish the historical expected security count on this NSE session.,UNRESOLVED,,member_count:2013-04-09:35
COUNT_NOT_200:2013-04-10:317,COUNT_NOT_200,2013-04-10,2013,,,,,200,35,,,,CRITICAL,Replay intervals do not establish the historical expected security count on this NSE session.,UNRESOLVED,,member_count:2013-04-10:35
COUNT_NOT_200:2013-04-11:318,COUNT_NOT_200,2013-04-11,2013,,,,,200,35,,,,CRITICAL,Replay intervals do not establish the historical expected security count on this NSE session.,UNRESOLVED,,member_count:2013-04-11:35
COUNT_NOT_200:2013-04-12:319,COUNT_NOT_200,2013-04-12,2013,,,,,200,35,,,,CRITICAL,Replay intervals do not establish the historical expected security count on this NSE session.,UNRESOLVED,,member_count:2013-04-12:35
COUNT_NOT_200:2013-04-15:320,COUNT_NOT_200,2013-04-15,2013,,,,,200,35,,,,CRITICAL,Replay intervals do not establish the historical expected security count on this NSE session.,UNRESOLVED,,member_count:2013-04-15:35
COUNT_NOT_200:2013-04-16:321,COUNT_NOT_200,2013-04-16,2013,,,,,200,35,,,,CRITICAL,Replay intervals do not establish the historical expected security count on this NSE session.,UNRESOLVED,,member_count:2013-04-16:35
COUNT_NOT_200:2013-04-17:322,COUNT_NOT_200,2013-04-17,2013,,,,,200,36,,,,CRITICAL,Replay intervals do not establish the historical expected security count on this NSE session.,UNRESOLVED,,member_count:2013-04-17:36
COUNT_NOT_200:2013-04-18:323,COUNT_NOT_200,2013-04-18,2013,,,,,200,36,,,,CRITICAL,Replay intervals do not establish the historical expected security count on this NSE session.,UNRESOLVED,,member_count:2013-04-18:36
COUNT_NOT_200:2013-04-22:324,COUNT_NOT_200,2013-04-22,2013,,,,,200,36,,,,CRITICAL,Replay intervals do not establish the historical expected security count on this NSE session.,UNRESOLVED,,member_count:2013-04-22:36
COUNT_NOT_200:2013-04-23:325,COUNT_NOT_200,2013-04-23,2013,,,,,200,36,,,,CRITICAL,Replay intervals do not establish the historical expected security count on this NSE session.,UNRESOLVED,,member_count:2013-04-23:36
COUNT_NOT_200:2013-04-25:326,COUNT_NOT_200,2013-04-25,2013,,,,,200,36,,,,CRITICAL,Replay intervals do not establish the historical expected security count on this NSE session.,UNRESOLVED,,member_count:2013-04-25:36
COUNT_NOT_200:2013-04-26:327,COUNT_NOT_200,2013-04-26,2013,,,,,200,36,,,,CRITICAL,Replay intervals do not establish the historical expected security count on this NSE session.,UNRESOLVED,,member_count:2013-04-26:36
COUNT_NOT_200:2013-04-29:328,COUNT_NOT_200,2013-04-29,2013,,,,,200,36,,,,CRITICAL,Replay intervals do not establish the historical expected security count on this NSE session.,UNRESOLVED,,member_count:2013-04-29:36
COUNT_NOT_200:2013-04-30:329,COUNT_NOT_200,2013-04-30,2013,,,,,200,36,,,,CRITICAL,Replay intervals do not establish the historical expected security count on this NSE session.,UNRESOLVED,,member_count:2013-04-30:36
COUNT_NOT_200:2013-05-02:330,COUNT_NOT_200,2013-05-02,2013,,,,,200,36,,,,CRITICAL,Replay intervals do not establish the historical expected security count on this NSE session.,UNRESOLVED,,member_count:2013-05-02:36
COUNT_NOT_200:2013-05-03:331,COUNT_NOT_200,2013-05-03,2013,,,,,200,36,,,,CRITICAL,Replay intervals do not establish the historical expected security count on this NSE session.,UNRESOLVED,,member_count:2013-05-03:36
COUNT_NOT_200:2013-05-06:332,COUNT_NOT_200,2013-05-06,2013,,,,,200,36,,,,CRITICAL,Replay intervals do not establish the historical expected security count on this NSE session.,UNRESOLVED,,member_count:2013-05-06:36
COUNT_NOT_200:2013-05-07:333,COUNT_NOT_200,2013-05-07,2013,,,,,200,36,,,,CRITICAL,Replay intervals do not establish the historical expected security count on this NSE session.,UNRESOLVED,,member_count:2013-05-07:36
COUNT_NOT_200:2013-05-08:334,COUNT_NOT_200,2013-05-08,2013,,,,,200,36,,,,CRITICAL,Replay intervals do not establish the historical expected security count on this NSE session.,UNRESOLVED,,member_count:2013-05-08:36
COUNT_NOT_200:2013-05-09:335,COUNT_NOT_200,2013-05-09,2013,,,,,200,36,,,,CRITICAL,Replay intervals do not establish the historical expected security count on this NSE session.,UNRESOLVED,,member_count:2013-05-09:36
COUNT_NOT_200:2013-05-10:336,COUNT_NOT_200,2013-05-10,2013,,,,,200,36,,,,CRITICAL,Replay intervals do not establish the historical expected security count on this NSE session.,UNRESOLVED,,member_count:2013-05-10:36
COUNT_NOT_200:2013-05-13:337,COUNT_NOT_200,2013-05-13,2013,,,,,200,36,,,,CRITICAL,Replay intervals do not establish the historical expected security count on this NSE session.,UNRESOLVED,,member_count:2013-05-13:36
COUNT_NOT_200:2013-05-14:338,COUNT_NOT_200,2013-05-14,2013,,,,,200,36,,,,CRITICAL,Replay intervals do not establish the historical expected security count on this NSE session.,UNRESOLVED,,member_count:2013-05-14:36
COUNT_NOT_200:2013-05-15:339,COUNT_NOT_200,2013-05-15,2013,,,,,200,36,,,,CRITICAL,Replay intervals do not establish the historical expected security count on this NSE session.,UNRESOLVED,,member_count:2013-05-15:36
COUNT_NOT_200:2013-05-16:340,COUNT_NOT_200,2013-05-16,2013,,,,,200,36,,,,CRITICAL,Replay intervals do not establish the historical expected security count on this NSE session.,UNRESOLVED,,member_count:2013-05-16:36
COUNT_NOT_200:2013-05-17:341,COUNT_NOT_200,2013-05-17,2013,,,,,200,36,,,,CRITICAL,Replay intervals do not establish the historical expected security count on this NSE session.,UNRESOLVED,,member_count:2013-05-17:36
COUNT_NOT_200:2013-05-20:342,COUNT_NOT_200,2013-05-20,2013,,,,,200,36,,,,CRITICAL,Replay intervals do not establish the historical expected security count on this NSE session.,UNRESOLVED,,member_count:2013-05-20:36
COUNT_NOT_200:2013-05-21:343,COUNT_NOT_200,2013-05-21,2013,,,,,200,36,,,,CRITICAL,Replay intervals do not establish the historical expected security count on this NSE session.,UNRESOLVED,,member_count:2013-05-21:36
COUNT_NOT_200:2013-05-22:344,COUNT_NOT_200,2013-05-22,2013,,,,,200,36,,,,CRITICAL,Replay intervals do not establish the historical expected security count on this NSE session.,UNRESOLVED,,member_count:2013-05-22:36
COUNT_NOT_200:2013-05-23:345,COUNT_NOT_200,2013-05-23,2013,,,,,200,36,,,,CRITICAL,Replay intervals do not establish the historical expected security count on this NSE session.,UNRESOLVED,,member_count:2013-05-23:36
COUNT_NOT_200:2013-05-24:346,COUNT_NOT_200,2013-05-24,2013,,,,,200,36,,,,CRITICAL,Replay intervals do not establish the historical expected security count on this NSE session.,UNRESOLVED,,member_count:2013-05-24:36
COUNT_NOT_200:2013-05-27:347,COUNT_NOT_200,2013-05-27,2013,,,,,200,36,,,,CRITICAL,Replay intervals do not establish the historical expected security count on this NSE session.,UNRESOLVED,,member_count:2013-05-27:36
COUNT_NOT_200:2013-05-28:348,COUNT_NOT_200,2013-05-28,2013,,,,,200,36,,,,CRITICAL,Replay intervals do not establish the historical expected security count on this NSE session.,UNRESOLVED,,member_count:2013-05-28:36
COUNT_NOT_200:2013-05-29:349,COUNT_NOT_200,2013-05-29,2013,,,,,200,36,,,,CRITICAL,Replay intervals do not establish the historical expected security count on this NSE session.,UNRESOLVED,,member_count:2013-05-29:36
COUNT_NOT_200:2013-05-30:350,COUNT_NOT_200,2013-05-30,2013,,,,,200,36,,,,CRITICAL,Replay intervals do not establish the historical expected security count on this NSE session.,UNRESOLVED,,member_count:2013-05-30:36
COUNT_NOT_200:2013-05-31:351,COUNT_NOT_200,2013-05-31,2013,,,,,200,36,,,,CRITICAL,Replay intervals do not establish the historical expected security count on this NSE session.,UNRESOLVED,,member_count:2013-05-31:36
COUNT_NOT_200:2013-06-03:352,COUNT_NOT_200,2013-06-03,2013,,,,,200,36,,,,CRITICAL,Replay intervals do not establish the historical expected security count on this NSE session.,UNRESOLVED,,member_count:2013-06-03:36
COUNT_NOT_200:2013-06-04:353,COUNT_NOT_200,2013-06-04,2013,,,,,200,36,,,,CRITICAL,Replay intervals do not establish the historical expected security count on this NSE session.,UNRESOLVED,,member_count:2013-06-04:36
COUNT_NOT_200:2013-06-05:354,COUNT_NOT_200,2013-06-05,2013,,,,,200,36,,,,CRITICAL,Replay intervals do not establish the historical expected security count on this NSE session.,UNRESOLVED,,member_count:2013-06-05:36
COUNT_NOT_200:2013-06-06:355,COUNT_NOT_200,2013-06-06,2013,,,,,200,36,,,,CRITICAL,Replay intervals do not establish the historical expected security count on this NSE session.,UNRESOLVED,,member_count:2013-06-06:36
COUNT_NOT_200:2013-06-07:356,COUNT_NOT_200,2013-06-07,2013,,,,,200,36,,,,CRITICAL,Replay intervals do not establish the historical expected security count on this NSE session.,UNRESOLVED,,member_count:2013-06-07:36
COUNT_NOT_200:2013-06-10:357,COUNT_NOT_200,2013-06-10,2013,,,,,200,36,,,,CRITICAL,Replay intervals do not establish the historical expected security count on this NSE session.,UNRESOLVED,,member_count:2013-06-10:36
COUNT_NOT_200:2013-06-11:358,COUNT_NOT_200,2013-06-11,2013,,,,,200,36,,,,CRITICAL,Replay intervals do not establish the historical expected security count on this NSE session.,UNRESOLVED,,member_count:2013-06-11:36
COUNT_NOT_200:2013-06-12:359,COUNT_NOT_200,2013-06-12,2013,,,,,200,36,,,,CRITICAL,Replay intervals do not establish the historical expected security count on this NSE session.,UNRESOLVED,,member_count:2013-06-12:36
COUNT_NOT_200:2013-06-13:360,COUNT_NOT_200,2013-06-13,2013,,,,,200,36,,,,CRITICAL,Replay intervals do not establish the historical expected security count on this NSE session.,UNRESOLVED,,member_count:2013-06-13:36
COUNT_NOT_200:2013-06-14:361,COUNT_NOT_200,2013-06-14,2013,,,,,200,36,,,,CRITICAL,Replay intervals do not establish the historical expected security count on this NSE session.,UNRESOLVED,,member_count:2013-06-14:36
COUNT_NOT_200:2013-06-17:362,COUNT_NOT_200,2013-06-17,2013,,,,,200,36,,,,CRITICAL,Replay intervals do not establish the historical expected security count on this NSE session.,UNRESOLVED,,member_count:2013-06-17:36
COUNT_NOT_200:2013-06-18:363,COUNT_NOT_200,2013-06-18,2013,,,,,200,36,,,,CRITICAL,Replay intervals do not establish the historical expected security count on this NSE session.,UNRESOLVED,,member_count:2013-06-18:36
COUNT_NOT_200:2013-06-19:364,COUNT_NOT_200,2013-06-19,2013,,,,,200,36,,,,CRITICAL,Replay intervals do not establish the historical expected security count on this NSE session.,UNRESOLVED,,member_count:2013-06-19:36
COUNT_NOT_200:2013-06-20:365,COUNT_NOT_200,2013-06-20,2013,,,,,200,36,,,,CRITICAL,Replay intervals do not establish the historical expected security count on this NSE session.,UNRESOLVED,,member_count:2013-06-20:36
COUNT_NOT_200:2013-06-21:366,COUNT_NOT_200,2013-06-21,2013,,,,,200,36,,,,CRITICAL,Replay intervals do not establish the historical expected security count on this NSE session.,UNRESOLVED,,member_count:2013-06-21:36
COUNT_NOT_200:2013-06-24:367,COUNT_NOT_200,2013-06-24,2013,,,,,200,36,,,,CRITICAL,Replay intervals do not establish the historical expected security count on this NSE session.,UNRESOLVED,,member_count:2013-06-24:36
COUNT_NOT_200:2013-06-25:368,COUNT_NOT_200,2013-06-25,2013,,,,,200,36,,,,CRITICAL,Replay intervals do not establish the historical expected security count on this NSE session.,UNRESOLVED,,member_count:2013-06-25:36
COUNT_NOT_200:2013-06-26:369,COUNT_NOT_200,2013-06-26,2013,,,,,200,36,,,,CRITICAL,Replay intervals do not establish the historical expected security count on this NSE session.,UNRESOLVED,,member_count:2013-06-26:36
COUNT_NOT_200:2013-06-27:370,COUNT_NOT_200,2013-06-27,2013,,,,,200,36,,,,CRITICAL,Replay intervals do not establish the historical expected security count on this NSE session.,UNRESOLVED,,member_count:2013-06-27:36
COUNT_NOT_200:2013-06-28:371,COUNT_NOT_200,2013-06-28,2013,,,,,200,36,,,,CRITICAL,Replay intervals do not establish the historical expected security count on this NSE session.,UNRESOLVED,,member_count:2013-06-28:36
COUNT_NOT_200:2013-07-01:372,COUNT_NOT_200,2013-07-01,2013,,,,,200,36,,,,CRITICAL,Replay intervals do not establish the historical expected security count on this NSE session.,UNRESOLVED,,member_count:2013-07-01:36
COUNT_NOT_200:2013-07-02:373,COUNT_NOT_200,2013-07-02,2013,,,,,200,36,,,,CRITICAL,Replay intervals do not establish the historical expected security count on this NSE session.,UNRESOLVED,,member_count:2013-07-02:36
COUNT_NOT_200:2013-07-03:374,COUNT_NOT_200,2013-07-03,2013,,,,,200,36,,,,CRITICAL,Replay intervals do not establish the historical expected security count on this NSE session.,UNRESOLVED,,member_count:2013-07-03:36
COUNT_NOT_200:2013-07-04:375,COUNT_NOT_200,2013-07-04,2013,,,,,200,36,,,,CRITICAL,Replay intervals do not establish the historical expected security count on this NSE session.,UNRESOLVED,,member_count:2013-07-04:36
COUNT_NOT_200:2013-07-05:376,COUNT_NOT_200,2013-07-05,2013,,,,,200,36,,,,CRITICAL,Replay intervals do not establish the historical expected security count on this NSE session.,UNRESOLVED,,member_count:2013-07-05:36
COUNT_NOT_200:2013-07-08:377,COUNT_NOT_200,2013-07-08,2013,,,,,200,36,,,,CRITICAL,Replay intervals do not establish the historical expected security count on this NSE session.,UNRESOLVED,,member_count:2013-07-08:36
COUNT_NOT_200:2013-07-09:378,COUNT_NOT_200,2013-07-09,2013,,,,,200,36,,,,CRITICAL,Replay intervals do not establish the historical expected security count on this NSE session.,UNRESOLVED,,member_count:2013-07-09:36
COUNT_NOT_200:2013-07-10:379,COUNT_NOT_200,2013-07-10,2013,,,,,200,36,,,,CRITICAL,Replay intervals do not establish the historical expected security count on this NSE session.,UNRESOLVED,,member_count:2013-07-10:36
COUNT_NOT_200:2013-07-11:380,COUNT_NOT_200,2013-07-11,2013,,,,,200,36,,,,CRITICAL,Replay intervals do not establish the historical expected security count on this NSE session.,UNRESOLVED,,member_count:2013-07-11:36
COUNT_NOT_200:2013-07-12:381,COUNT_NOT_200,2013-07-12,2013,,,,,200,36,,,,CRITICAL,Replay intervals do not establish the historical expected security count on this NSE session.,UNRESOLVED,,member_count:2013-07-12:36
COUNT_NOT_200:2013-07-15:382,COUNT_NOT_200,2013-07-15,2013,,,,,200,36,,,,CRITICAL,Replay intervals do not establish the historical expected security count on this NSE session.,UNRESOLVED,,member_count:2013-07-15:36
COUNT_NOT_200:2013-07-16:383,COUNT_NOT_200,2013-07-16,2013,,,,,200,36,,,,CRITICAL,Replay intervals do not establish the historical expected security count on this NSE session.,UNRESOLVED,,member_count:2013-07-16:36
COUNT_NOT_200:2013-07-17:384,COUNT_NOT_200,2013-07-17,2013,,,,,200,36,,,,CRITICAL,Replay intervals do not establish the historical expected security count on this NSE session.,UNRESOLVED,,member_count:2013-07-17:36
COUNT_NOT_200:2013-07-18:385,COUNT_NOT_200,2013-07-18,2013,,,,,200,36,,,,CRITICAL,Replay intervals do not establish the historical expected security count on this NSE session.,UNRESOLVED,,member_count:2013-07-18:36
COUNT_NOT_200:2013-07-19:386,COUNT_NOT_200,2013-07-19,2013,,,,,200,36,,,,CRITICAL,Replay intervals do not establish the historical expected security count on this NSE session.,UNRESOLVED,,member_count:2013-07-19:36
COUNT_NOT_200:2013-07-22:387,COUNT_NOT_200,2013-07-22,2013,,,,,200,36,,,,CRITICAL,Replay intervals do not establish the historical expected security count on this NSE session.,UNRESOLVED,,member_count:2013-07-22:36
COUNT_NOT_200:2013-07-23:388,COUNT_NOT_200,2013-07-23,2013,,,,,200,36,,,,CRITICAL,Replay intervals do not establish the historical expected security count on this NSE session.,UNRESOLVED,,member_count:2013-07-23:36
COUNT_NOT_200:2013-07-24:389,COUNT_NOT_200,2013-07-24,2013,,,,,200,36,,,,CRITICAL,Replay intervals do not establish the historical expected security count on this NSE session.,UNRESOLVED,,member_count:2013-07-24:36
COUNT_NOT_200:2013-07-25:390,COUNT_NOT_200,2013-07-25,2013,,,,,200,36,,,,CRITICAL,Replay intervals do not establish the historical expected security count on this NSE session.,UNRESOLVED,,member_count:2013-07-25:36
COUNT_NOT_200:2013-07-26:391,COUNT_NOT_200,2013-07-26,2013,,,,,200,36,,,,CRITICAL,Replay intervals do not establish the historical expected security count on this NSE session.,UNRESOLVED,,member_count:2013-07-26:36
COUNT_NOT_200:2013-07-29:392,COUNT_NOT_200,2013-07-29,2013,,,,,200,36,,,,CRITICAL,Replay intervals do not establish the historical expected security count on this NSE session.,UNRESOLVED,,member_count:2013-07-29:36
COUNT_NOT_200:2013-07-30:393,COUNT_NOT_200,2013-07-30,2013,,,,,200,36,,,,CRITICAL,Replay intervals do not establish the historical expected security count on this NSE session.,UNRESOLVED,,member_count:2013-07-30:36
COUNT_NOT_200:2013-07-31:394,COUNT_NOT_200,2013-07-31,2013,,,,,200,36,,,,CRITICAL,Replay intervals do not establish the historical expected security count on this NSE session.,UNRESOLVED,,member_count:2013-07-31:36
COUNT_NOT_200:2013-08-01:395,COUNT_NOT_200,2013-08-01,2013,,,,,200,36,,,,CRITICAL,Replay intervals do not establish the historical expected security count on this NSE session.,UNRESOLVED,,member_count:2013-08-01:36
COUNT_NOT_200:2013-08-02:396,COUNT_NOT_200,2013-08-02,2013,,,,,200,36,,,,CRITICAL,Replay intervals do not establish the historical expected security count on this NSE session.,UNRESOLVED,,member_count:2013-08-02:36
COUNT_NOT_200:2013-08-05:397,COUNT_NOT_200,2013-08-05,2013,,,,,200,36,,,,CRITICAL,Replay intervals do not establish the historical expected security count on this NSE session.,UNRESOLVED,,member_count:2013-08-05:36
COUNT_NOT_200:2013-08-06:398,COUNT_NOT_200,2013-08-06,2013,,,,,200,36,,,,CRITICAL,Replay intervals do not establish the historical expected security count on this NSE session.,UNRESOLVED,,member_count:2013-08-06:36
COUNT_NOT_200:2013-08-07:399,COUNT_NOT_200,2013-08-07,2013,,,,,200,36,,,,CRITICAL,Replay intervals do not establish the historical expected security count on this NSE session.,UNRESOLVED,,member_count:2013-08-07:36
COUNT_NOT_200:2013-08-08:400,COUNT_NOT_200,2013-08-08,2013,,,,,200,36,,,,CRITICAL,Replay intervals do not establish the historical expected security count on this NSE session.,UNRESOLVED,,member_count:2013-08-08:36
COUNT_NOT_200:2013-08-12:401,COUNT_NOT_200,2013-08-12,2013,,,,,200,36,,,,CRITICAL,Replay intervals do not establish the historical expected security count on this NSE session.,UNRESOLVED,,member_count:2013-08-12:36
COUNT_NOT_200:2013-08-13:402,COUNT_NOT_200,2013-08-13,2013,,,,,200,36,,,,CRITICAL,Replay intervals do not establish the historical expected security count on this NSE session.,UNRESOLVED,,member_count:2013-08-13:36
COUNT_NOT_200:2013-08-14:403,COUNT_NOT_200,2013-08-14,2013,,,,,200,36,,,,CRITICAL,Replay intervals do not establish the historical expected security count on this NSE session.,UNRESOLVED,,member_count:2013-08-14:36
COUNT_NOT_200:2013-08-16:404,COUNT_NOT_200,2013-08-16,2013,,,,,200,36,,,,CRITICAL,Replay intervals do not establish the historical expected security count on this NSE session.,UNRESOLVED,,member_count:2013-08-16:36
COUNT_NOT_200:2013-08-19:405,COUNT_NOT_200,2013-08-19,2013,,,,,200,36,,,,CRITICAL,Replay intervals do not establish the historical expected security count on this NSE session.,UNRESOLVED,,member_count:2013-08-19:36
COUNT_NOT_200:2013-08-20:406,COUNT_NOT_200,2013-08-20,2013,,,,,200,36,,,,CRITICAL,Replay intervals do not establish the historical expected security count on this NSE session.,UNRESOLVED,,member_count:2013-08-20:36
COUNT_NOT_200:2013-08-21:407,COUNT_NOT_200,2013-08-21,2013,,,,,200,36,,,,CRITICAL,Replay intervals do not establish the historical expected security count on this NSE session.,UNRESOLVED,,member_count:2013-08-21:36
COUNT_NOT_200:2013-08-22:408,COUNT_NOT_200,2013-08-22,2013,,,,,200,36,,,,CRITICAL,Replay intervals do not establish the historical expected security count on this NSE session.,UNRESOLVED,,member_count:2013-08-22:36
COUNT_NOT_200:2013-08-23:409,COUNT_NOT_200,2013-08-23,2013,,,,,200,36,,,,CRITICAL,Replay intervals do not establish the historical expected security count on this NSE session.,UNRESOLVED,,member_count:2013-08-23:36
COUNT_NOT_200:2013-08-26:410,COUNT_NOT_200,2013-08-26,2013,,,,,200,36,,,,CRITICAL,Replay intervals do not establish the historical expected security count on this NSE session.,UNRESOLVED,,member_count:2013-08-26:36
COUNT_NOT_200:2013-08-27:411,COUNT_NOT_200,2013-08-27,2013,,,,,200,36,,,,CRITICAL,Replay intervals do not establish the historical expected security count on this NSE session.,UNRESOLVED,,member_count:2013-08-27:36
COUNT_NOT_200:2013-08-28:412,COUNT_NOT_200,2013-08-28,2013,,,,,200,36,,,,CRITICAL,Replay intervals do not establish the historical expected security count on this NSE session.,UNRESOLVED,,member_count:2013-08-28:36
COUNT_NOT_200:2013-08-29:413,COUNT_NOT_200,2013-08-29,2013,,,,,200,36,,,,CRITICAL,Replay intervals do not establish the historical expected security count on this NSE session.,UNRESOLVED,,member_count:2013-08-29:36
COUNT_NOT_200:2013-08-30:414,COUNT_NOT_200,2013-08-30,2013,,,,,200,36,,,,CRITICAL,Replay intervals do not establish the historical expected security count on this NSE session.,UNRESOLVED,,member_count:2013-08-30:36
COUNT_NOT_200:2013-09-02:415,COUNT_NOT_200,2013-09-02,2013,,,,,200,36,,,,CRITICAL,Replay intervals do not establish the historical expected security count on this NSE session.,UNRESOLVED,,member_count:2013-09-02:36
COUNT_NOT_200:2013-09-03:416,COUNT_NOT_200,2013-09-03,2013,,,,,200,36,,,,CRITICAL,Replay intervals do not establish the historical expected security count on this NSE session.,UNRESOLVED,,member_count:2013-09-03:36
COUNT_NOT_200:2013-09-04:417,COUNT_NOT_200,2013-09-04,2013,,,,,200,36,,,,CRITICAL,Replay intervals do not establish the historical expected security count on this NSE session.,UNRESOLVED,,member_count:2013-09-04:36
COUNT_NOT_200:2013-09-05:418,COUNT_NOT_200,2013-09-05,2013,,,,,200,36,,,,CRITICAL,Replay intervals do not establish the historical expected security count on this NSE session.,UNRESOLVED,,member_count:2013-09-05:36
COUNT_NOT_200:2013-09-06:419,COUNT_NOT_200,2013-09-06,2013,,,,,200,36,,,,CRITICAL,Replay intervals do not establish the historical expected security count on this NSE session.,UNRESOLVED,,member_count:2013-09-06:36
COUNT_NOT_200:2013-09-10:420,COUNT_NOT_200,2013-09-10,2013,,,,,200,36,,,,CRITICAL,Replay intervals do not establish the historical expected security count on this NSE session.,UNRESOLVED,,member_count:2013-09-10:36
COUNT_NOT_200:2013-09-11:421,COUNT_NOT_200,2013-09-11,2013,,,,,200,36,,,,CRITICAL,Replay intervals do not establish the historical expected security count on this NSE session.,UNRESOLVED,,member_count:2013-09-11:36
COUNT_NOT_200:2013-09-12:422,COUNT_NOT_200,2013-09-12,2013,,,,,200,36,,,,CRITICAL,Replay intervals do not establish the historical expected security count on this NSE session.,UNRESOLVED,,member_count:2013-09-12:36
COUNT_NOT_200:2013-09-13:423,COUNT_NOT_200,2013-09-13,2013,,,,,200,36,,,,CRITICAL,Replay intervals do not establish the historical expected security count on this NSE session.,UNRESOLVED,,member_count:2013-09-13:36
COUNT_NOT_200:2013-09-16:424,COUNT_NOT_200,2013-09-16,2013,,,,,200,36,,,,CRITICAL,Replay intervals do not establish the historical expected security count on this NSE session.,UNRESOLVED,,member_count:2013-09-16:36
COUNT_NOT_200:2013-09-17:425,COUNT_NOT_200,2013-09-17,2013,,,,,200,36,,,,CRITICAL,Replay intervals do not establish the historical expected security count on this NSE session.,UNRESOLVED,,member_count:2013-09-17:36
COUNT_NOT_200:2013-09-18:426,COUNT_NOT_200,2013-09-18,2013,,,,,200,36,,,,CRITICAL,Replay intervals do not establish the historical expected security count on this NSE session.,UNRESOLVED,,member_count:2013-09-18:36
COUNT_NOT_200:2013-09-19:427,COUNT_NOT_200,2013-09-19,2013,,,,,200,36,,,,CRITICAL,Replay intervals do not establish the historical expected security count on this NSE session.,UNRESOLVED,,member_count:2013-09-19:36
COUNT_NOT_200:2013-09-20:428,COUNT_NOT_200,2013-09-20,2013,,,,,200,36,,,,CRITICAL,Replay intervals do not establish the historical expected security count on this NSE session.,UNRESOLVED,,member_count:2013-09-20:36
COUNT_NOT_200:2013-09-23:429,COUNT_NOT_200,2013-09-23,2013,,,,,200,36,,,,CRITICAL,Replay intervals do not establish the historical expected security count on this NSE session.,UNRESOLVED,,member_count:2013-09-23:36
COUNT_NOT_200:2013-09-24:430,COUNT_NOT_200,2013-09-24,2013,,,,,200,36,,,,CRITICAL,Replay intervals do not establish the historical expected security count on this NSE session.,UNRESOLVED,,member_count:2013-09-24:36
COUNT_NOT_200:2013-09-25:431,COUNT_NOT_200,2013-09-25,2013,,,,,200,36,,,,CRITICAL,Replay intervals do not establish the historical expected security count on this NSE session.,UNRESOLVED,,member_count:2013-09-25:36
COUNT_NOT_200:2013-09-26:432,COUNT_NOT_200,2013-09-26,2013,,,,,200,36,,,,CRITICAL,Replay intervals do not establish the historical expected security count on this NSE session.,UNRESOLVED,,member_count:2013-09-26:36
COUNT_NOT_200:2013-09-27:433,COUNT_NOT_200,2013-09-27,2013,,,,,200,43,,,,CRITICAL,Replay intervals do not establish the historical expected security count on this NSE session.,UNRESOLVED,,member_count:2013-09-27:43
COUNT_NOT_200:2013-09-30:434,COUNT_NOT_200,2013-09-30,2013,,,,,200,43,,,,CRITICAL,Replay intervals do not establish the historical expected security count on this NSE session.,UNRESOLVED,,member_count:2013-09-30:43
COUNT_NOT_200:2013-10-01:435,COUNT_NOT_200,2013-10-01,2013,,,,,200,43,,,,CRITICAL,Replay intervals do not establish the historical expected security count on this NSE session.,UNRESOLVED,,member_count:2013-10-01:43
COUNT_NOT_200:2013-10-03:436,COUNT_NOT_200,2013-10-03,2013,,,,,200,43,,,,CRITICAL,Replay intervals do not establish the historical expected security count on this NSE session.,UNRESOLVED,,member_count:2013-10-03:43
COUNT_NOT_200:2013-10-04:437,COUNT_NOT_200,2013-10-04,2013,,,,,200,43,,,,CRITICAL,Replay intervals do not establish the historical expected security count on this NSE session.,UNRESOLVED,,member_count:2013-10-04:43
COUNT_NOT_200:2013-10-07:438,COUNT_NOT_200,2013-10-07,2013,,,,,200,43,,,,CRITICAL,Replay intervals do not establish the historical expected security count on this NSE session.,UNRESOLVED,,member_count:2013-10-07:43
COUNT_NOT_200:2013-10-08:439,COUNT_NOT_200,2013-10-08,2013,,,,,200,43,,,,CRITICAL,Replay intervals do not establish the historical expected security count on this NSE session.,UNRESOLVED,,member_count:2013-10-08:43
COUNT_NOT_200:2013-10-09:440,COUNT_NOT_200,2013-10-09,2013,,,,,200,43,,,,CRITICAL,Replay intervals do not establish the historical expected security count on this NSE session.,UNRESOLVED,,member_count:2013-10-09:43
COUNT_NOT_200:2013-10-10:441,COUNT_NOT_200,2013-10-10,2013,,,,,200,43,,,,CRITICAL,Replay intervals do not establish the historical expected security count on this NSE session.,UNRESOLVED,,member_count:2013-10-10:43
COUNT_NOT_200:2013-10-11:442,COUNT_NOT_200,2013-10-11,2013,,,,,200,43,,,,CRITICAL,Replay intervals do not establish the historical expected security count on this NSE session.,UNRESOLVED,,member_count:2013-10-11:43
COUNT_NOT_200:2013-10-14:443,COUNT_NOT_200,2013-10-14,2013,,,,,200,43,,,,CRITICAL,Replay intervals do not establish the historical expected security count on this NSE session.,UNRESOLVED,,member_count:2013-10-14:43
COUNT_NOT_200:2013-10-15:444,COUNT_NOT_200,2013-10-15,2013,,,,,200,43,,,,CRITICAL,Replay intervals do not establish the historical expected security count on this NSE session.,UNRESOLVED,,member_count:2013-10-15:43
COUNT_NOT_200:2013-10-17:445,COUNT_NOT_200,2013-10-17,2013,,,,,200,43,,,,CRITICAL,Replay intervals do not establish the historical expected security count on this NSE session.,UNRESOLVED,,member_count:2013-10-17:43
COUNT_NOT_200:2013-10-18:446,COUNT_NOT_200,2013-10-18,2013,,,,,200,43,,,,CRITICAL,Replay intervals do not establish the historical expected security count on this NSE session.,UNRESOLVED,,member_count:2013-10-18:43
COUNT_NOT_200:2013-10-21:447,COUNT_NOT_200,2013-10-21,2013,,,,,200,43,,,,CRITICAL,Replay intervals do not establish the historical expected security count on this NSE session.,UNRESOLVED,,member_count:2013-10-21:43
COUNT_NOT_200:2013-10-22:448,COUNT_NOT_200,2013-10-22,2013,,,,,200,43,,,,CRITICAL,Replay intervals do not establish the historical expected security count on this NSE session.,UNRESOLVED,,member_count:2013-10-22:43
COUNT_NOT_200:2013-10-23:449,COUNT_NOT_200,2013-10-23,2013,,,,,200,43,,,,CRITICAL,Replay intervals do not establish the historical expected security count on this NSE session.,UNRESOLVED,,member_count:2013-10-23:43
COUNT_NOT_200:2013-10-24:450,COUNT_NOT_200,2013-10-24,2013,,,,,200,43,,,,CRITICAL,Replay intervals do not establish the historical expected security count on this NSE session.,UNRESOLVED,,member_count:2013-10-24:43
COUNT_NOT_200:2013-10-25:451,COUNT_NOT_200,2013-10-25,2013,,,,,200,43,,,,CRITICAL,Replay intervals do not establish the historical expected security count on this NSE session.,UNRESOLVED,,member_count:2013-10-25:43
COUNT_NOT_200:2013-10-28:452,COUNT_NOT_200,2013-10-28,2013,,,,,200,43,,,,CRITICAL,Replay intervals do not establish the historical expected security count on this NSE session.,UNRESOLVED,,member_count:2013-10-28:43
COUNT_NOT_200:2013-10-29:453,COUNT_NOT_200,2013-10-29,2013,,,,,200,43,,,,CRITICAL,Replay intervals do not establish the historical expected security count on this NSE session.,UNRESOLVED,,member_count:2013-10-29:43
COUNT_NOT_200:2013-10-30:454,COUNT_NOT_200,2013-10-30,2013,,,,,200,43,,,,CRITICAL,Replay intervals do not establish the historical expected security count on this NSE session.,UNRESOLVED,,member_count:2013-10-30:43
COUNT_NOT_200:2013-10-31:455,COUNT_NOT_200,2013-10-31,2013,,,,,200,43,,,,CRITICAL,Replay intervals do not establish the historical expected security count on this NSE session.,UNRESOLVED,,member_count:2013-10-31:43
COUNT_NOT_200:2013-11-01:456,COUNT_NOT_200,2013-11-01,2013,,,,,200,44,,,,CRITICAL,Replay intervals do not establish the historical expected security count on this NSE session.,UNRESOLVED,,member_count:2013-11-01:44
COUNT_NOT_200:2013-11-05:457,COUNT_NOT_200,2013-11-05,2013,,,,,200,44,,,,CRITICAL,Replay intervals do not establish the historical expected security count on this NSE session.,UNRESOLVED,,member_count:2013-11-05:44
COUNT_NOT_200:2013-11-06:458,COUNT_NOT_200,2013-11-06,2013,,,,,200,44,,,,CRITICAL,Replay intervals do not establish the historical expected security count on this NSE session.,UNRESOLVED,,member_count:2013-11-06:44
COUNT_NOT_200:2013-11-07:459,COUNT_NOT_200,2013-11-07,2013,,,,,200,44,,,,CRITICAL,Replay intervals do not establish the historical expected security count on this NSE session.,UNRESOLVED,,member_count:2013-11-07:44
COUNT_NOT_200:2013-11-08:460,COUNT_NOT_200,2013-11-08,2013,,,,,200,44,,,,CRITICAL,Replay intervals do not establish the historical expected security count on this NSE session.,UNRESOLVED,,member_count:2013-11-08:44
COUNT_NOT_200:2013-11-11:461,COUNT_NOT_200,2013-11-11,2013,,,,,200,44,,,,CRITICAL,Replay intervals do not establish the historical expected security count on this NSE session.,UNRESOLVED,,member_count:2013-11-11:44
COUNT_NOT_200:2013-11-12:462,COUNT_NOT_200,2013-11-12,2013,,,,,200,44,,,,CRITICAL,Replay intervals do not establish the historical expected security count on this NSE session.,UNRESOLVED,,member_count:2013-11-12:44
COUNT_NOT_200:2013-11-13:463,COUNT_NOT_200,2013-11-13,2013,,,,,200,44,,,,CRITICAL,Replay intervals do not establish the historical expected security count on this NSE session.,UNRESOLVED,,member_count:2013-11-13:44
COUNT_NOT_200:2013-11-14:464,COUNT_NOT_200,2013-11-14,2013,,,,,200,44,,,,CRITICAL,Replay intervals do not establish the historical expected security count on this NSE session.,UNRESOLVED,,member_count:2013-11-14:44
COUNT_NOT_200:2013-11-18:465,COUNT_NOT_200,2013-11-18,2013,,,,,200,45,,,,CRITICAL,Replay intervals do not establish the historical expected security count on this NSE session.,UNRESOLVED,,member_count:2013-11-18:45
COUNT_NOT_200:2013-11-19:466,COUNT_NOT_200,2013-11-19,2013,,,,,200,45,,,,CRITICAL,Replay intervals do not establish the historical expected security count on this NSE session.,UNRESOLVED,,member_count:2013-11-19:45
COUNT_NOT_200:2013-11-20:467,COUNT_NOT_200,2013-11-20,2013,,,,,200,45,,,,CRITICAL,Replay intervals do not establish the historical expected security count on this NSE session.,UNRESOLVED,,member_count:2013-11-20:45
COUNT_NOT_200:2013-11-21:468,COUNT_NOT_200,2013-11-21,2013,,,,,200,45,,,,CRITICAL,Replay intervals do not establish the historical expected security count on this NSE session.,UNRESOLVED,,member_count:2013-11-21:45
COUNT_NOT_200:2013-11-22:469,COUNT_NOT_200,2013-11-22,2013,,,,,200,45,,,,CRITICAL,Replay intervals do not establish the historical expected security count on this NSE session.,UNRESOLVED,,member_count:2013-11-22:45
COUNT_NOT_200:2013-11-25:470,COUNT_NOT_200,2013-11-25,2013,,,,,200,45,,,,CRITICAL,Replay intervals do not establish the historical expected security count on this NSE session.,UNRESOLVED,,member_count:2013-11-25:45
COUNT_NOT_200:2013-11-26:471,COUNT_NOT_200,2013-11-26,2013,,,,,200,45,,,,CRITICAL,Replay intervals do not establish the historical expected security count on this NSE session.,UNRESOLVED,,member_count:2013-11-26:45
COUNT_NOT_200:2013-11-27:472,COUNT_NOT_200,2013-11-27,2013,,,,,200,45,,,,CRITICAL,Replay intervals do not establish the historical expected security count on this NSE session.,UNRESOLVED,,member_count:2013-11-27:45
COUNT_NOT_200:2013-11-28:473,COUNT_NOT_200,2013-11-28,2013,,,,,200,45,,,,CRITICAL,Replay intervals do not establish the historical expected security count on this NSE session.,UNRESOLVED,,member_count:2013-11-28:45
COUNT_NOT_200:2013-11-29:474,COUNT_NOT_200,2013-11-29,2013,,,,,200,45,,,,CRITICAL,Replay intervals do not establish the historical expected security count on this NSE session.,UNRESOLVED,,member_count:2013-11-29:45
COUNT_NOT_200:2013-12-02:475,COUNT_NOT_200,2013-12-02,2013,,,,,200,45,,,,CRITICAL,Replay intervals do not establish the historical expected security count on this NSE session.,UNRESOLVED,,member_count:2013-12-02:45
COUNT_NOT_200:2013-12-03:476,COUNT_NOT_200,2013-12-03,2013,,,,,200,45,,,,CRITICAL,Replay intervals do not establish the historical expected security count on this NSE session.,UNRESOLVED,,member_count:2013-12-03:45
COUNT_NOT_200:2013-12-04:477,COUNT_NOT_200,2013-12-04,2013,,,,,200,45,,,,CRITICAL,Replay intervals do not establish the historical expected security count on this NSE session.,UNRESOLVED,,member_count:2013-12-04:45
COUNT_NOT_200:2013-12-05:478,COUNT_NOT_200,2013-12-05,2013,,,,,200,45,,,,CRITICAL,Replay intervals do not establish the historical expected security count on this NSE session.,UNRESOLVED,,member_count:2013-12-05:45
COUNT_NOT_200:2013-12-06:479,COUNT_NOT_200,2013-12-06,2013,,,,,200,45,,,,CRITICAL,Replay intervals do not establish the historical expected security count on this NSE session.,UNRESOLVED,,member_count:2013-12-06:45
COUNT_NOT_200:2013-12-09:480,COUNT_NOT_200,2013-12-09,2013,,,,,200,45,,,,CRITICAL,Replay intervals do not establish the historical expected security count on this NSE session.,UNRESOLVED,,member_count:2013-12-09:45
COUNT_NOT_200:2013-12-10:481,COUNT_NOT_200,2013-12-10,2013,,,,,200,45,,,,CRITICAL,Replay intervals do not establish the historical expected security count on this NSE session.,UNRESOLVED,,member_count:2013-12-10:45
COUNT_NOT_200:2013-12-11:482,COUNT_NOT_200,2013-12-11,2013,,,,,200,45,,,,CRITICAL,Replay intervals do not establish the historical expected security count on this NSE session.,UNRESOLVED,,member_count:2013-12-11:45
COUNT_NOT_200:2013-12-12:483,COUNT_NOT_200,2013-12-12,2013,,,,,200,45,,,,CRITICAL,Replay intervals do not establish the historical expected security count on this NSE session.,UNRESOLVED,,member_count:2013-12-12:45
COUNT_NOT_200:2013-12-13:484,COUNT_NOT_200,2013-12-13,2013,,,,,200,45,,,,CRITICAL,Replay intervals do not establish the historical expected security count on this NSE session.,UNRESOLVED,,member_count:2013-12-13:45
COUNT_NOT_200:2013-12-16:485,COUNT_NOT_200,2013-12-16,2013,,,,,200,45,,,,CRITICAL,Replay intervals do not establish the historical expected security count on this NSE session.,UNRESOLVED,,member_count:2013-12-16:45
COUNT_NOT_200:2013-12-17:486,COUNT_NOT_200,2013-12-17,2013,,,,,200,45,,,,CRITICAL,Replay intervals do not establish the historical expected security count on this NSE session.,UNRESOLVED,,member_count:2013-12-17:45
COUNT_NOT_200:2013-12-18:487,COUNT_NOT_200,2013-12-18,2013,,,,,200,45,,,,CRITICAL,Replay intervals do not establish the historical expected security count on this NSE session.,UNRESOLVED,,member_count:2013-12-18:45
COUNT_NOT_200:2013-12-19:488,COUNT_NOT_200,2013-12-19,2013,,,,,200,45,,,,CRITICAL,Replay intervals do not establish the historical expected security count on this NSE session.,UNRESOLVED,,member_count:2013-12-19:45
COUNT_NOT_200:2013-12-20:489,COUNT_NOT_200,2013-12-20,2013,,,,,200,45,,,,CRITICAL,Replay intervals do not establish the historical expected security count on this NSE session.,UNRESOLVED,,member_count:2013-12-20:45
COUNT_NOT_200:2013-12-23:490,COUNT_NOT_200,2013-12-23,2013,,,,,200,45,,,,CRITICAL,Replay intervals do not establish the historical expected security count on this NSE session.,UNRESOLVED,,member_count:2013-12-23:45
COUNT_NOT_200:2013-12-24:491,COUNT_NOT_200,2013-12-24,2013,,,,,200,45,,,,CRITICAL,Replay intervals do not establish the historical expected security count on this NSE session.,UNRESOLVED,,member_count:2013-12-24:45
COUNT_NOT_200:2013-12-26:492,COUNT_NOT_200,2013-12-26,2013,,,,,200,45,,,,CRITICAL,Replay intervals do not establish the historical expected security count on this NSE session.,UNRESOLVED,,member_count:2013-12-26:45
COUNT_NOT_200:2013-12-27:493,COUNT_NOT_200,2013-12-27,2013,,,,,200,45,,,,CRITICAL,Replay intervals do not establish the historical expected security count on this NSE session.,UNRESOLVED,,member_count:2013-12-27:45
COUNT_NOT_200:2013-12-30:494,COUNT_NOT_200,2013-12-30,2013,,,,,200,45,,,,CRITICAL,Replay intervals do not establish the historical expected security count on this NSE session.,UNRESOLVED,,member_count:2013-12-30:45
COUNT_NOT_200:2013-12-31:495,COUNT_NOT_200,2013-12-31,2013,,,,,200,45,,,,CRITICAL,Replay intervals do not establish the historical expected security count on this NSE session.,UNRESOLVED,,member_count:2013-12-31:45
COUNT_NOT_200:2014-01-01:496,COUNT_NOT_200,2014-01-01,2014,,,,,200,45,,,,CRITICAL,Replay intervals do not establish the historical expected security count on this NSE session.,UNRESOLVED,,member_count:2014-01-01:45
COUNT_NOT_200:2014-01-02:497,COUNT_NOT_200,2014-01-02,2014,,,,,200,45,,,,CRITICAL,Replay intervals do not establish the historical expected security count on this NSE session.,UNRESOLVED,,member_count:2014-01-02:45
COUNT_NOT_200:2014-01-03:498,COUNT_NOT_200,2014-01-03,2014,,,,,200,45,,,,CRITICAL,Replay intervals do not establish the historical expected security count on this NSE session.,UNRESOLVED,,member_count:2014-01-03:45
COUNT_NOT_200:2014-01-06:499,COUNT_NOT_200,2014-01-06,2014,,,,,200,45,,,,CRITICAL,Replay intervals do not establish the historical expected security count on this NSE session.,UNRESOLVED,,member_count:2014-01-06:45
COUNT_NOT_200:2014-01-07:500,COUNT_NOT_200,2014-01-07,2014,,,,,200,45,,,,CRITICAL,Replay intervals do not establish the historical expected security count on this NSE session.,UNRESOLVED,,member_count:2014-01-07:45
COUNT_NOT_200:2014-01-08:501,COUNT_NOT_200,2014-01-08,2014,,,,,200,45,,,,CRITICAL,Replay intervals do not establish the historical expected security count on this NSE session.,UNRESOLVED,,member_count:2014-01-08:45
COUNT_NOT_200:2014-01-09:502,COUNT_NOT_200,2014-01-09,2014,,,,,200,45,,,,CRITICAL,Replay intervals do not establish the historical expected security count on this NSE session.,UNRESOLVED,,member_count:2014-01-09:45
COUNT_NOT_200:2014-01-10:503,COUNT_NOT_200,2014-01-10,2014,,,,,200,45,,,,CRITICAL,Replay intervals do not establish the historical expected security count on this NSE session.,UNRESOLVED,,member_count:2014-01-10:45
COUNT_NOT_200:2014-01-13:504,COUNT_NOT_200,2014-01-13,2014,,,,,200,45,,,,CRITICAL,Replay intervals do not establish the historical expected security count on this NSE session.,UNRESOLVED,,member_count:2014-01-13:45
COUNT_NOT_200:2014-01-14:505,COUNT_NOT_200,2014-01-14,2014,,,,,200,45,,,,CRITICAL,Replay intervals do not establish the historical expected security count on this NSE session.,UNRESOLVED,,member_count:2014-01-14:45
COUNT_NOT_200:2014-01-15:506,COUNT_NOT_200,2014-01-15,2014,,,,,200,45,,,,CRITICAL,Replay intervals do not establish the historical expected security count on this NSE session.,UNRESOLVED,,member_count:2014-01-15:45
COUNT_NOT_200:2014-01-16:507,COUNT_NOT_200,2014-01-16,2014,,,,,200,45,,,,CRITICAL,Replay intervals do not establish the historical expected security count on this NSE session.,UNRESOLVED,,member_count:2014-01-16:45
COUNT_NOT_200:2014-01-17:508,COUNT_NOT_200,2014-01-17,2014,,,,,200,45,,,,CRITICAL,Replay intervals do not establish the historical expected security count on this NSE session.,UNRESOLVED,,member_count:2014-01-17:45
COUNT_NOT_200:2014-01-20:509,COUNT_NOT_200,2014-01-20,2014,,,,,200,45,,,,CRITICAL,Replay intervals do not establish the historical expected security count on this NSE session.,UNRESOLVED,,member_count:2014-01-20:45
COUNT_NOT_200:2014-01-21:510,COUNT_NOT_200,2014-01-21,2014,,,,,200,45,,,,CRITICAL,Replay intervals do not establish the historical expected security count on this NSE session.,UNRESOLVED,,member_count:2014-01-21:45
COUNT_NOT_200:2014-01-22:511,COUNT_NOT_200,2014-01-22,2014,,,,,200,45,,,,CRITICAL,Replay intervals do not establish the historical expected security count on this NSE session.,UNRESOLVED,,member_count:2014-01-22:45
COUNT_NOT_200:2014-01-23:512,COUNT_NOT_200,2014-01-23,2014,,,,,200,45,,,,CRITICAL,Replay intervals do not establish the historical expected security count on this NSE session.,UNRESOLVED,,member_count:2014-01-23:45
COUNT_NOT_200:2014-01-24:513,COUNT_NOT_200,2014-01-24,2014,,,,,200,45,,,,CRITICAL,Replay intervals do not establish the historical expected security count on this NSE session.,UNRESOLVED,,member_count:2014-01-24:45
COUNT_NOT_200:2014-01-27:514,COUNT_NOT_200,2014-01-27,2014,,,,,200,45,,,,CRITICAL,Replay intervals do not establish the historical expected security count on this NSE session.,UNRESOLVED,,member_count:2014-01-27:45
COUNT_NOT_200:2014-01-28:515,COUNT_NOT_200,2014-01-28,2014,,,,,200,45,,,,CRITICAL,Replay intervals do not establish the historical expected security count on this NSE session.,UNRESOLVED,,member_count:2014-01-28:45
COUNT_NOT_200:2014-01-29:516,COUNT_NOT_200,2014-01-29,2014,,,,,200,45,,,,CRITICAL,Replay intervals do not establish the historical expected security count on this NSE session.,UNRESOLVED,,member_count:2014-01-29:45
COUNT_NOT_200:2014-01-30:517,COUNT_NOT_200,2014-01-30,2014,,,,,200,45,,,,CRITICAL,Replay intervals do not establish the historical expected security count on this NSE session.,UNRESOLVED,,member_count:2014-01-30:45
COUNT_NOT_200:2014-01-31:518,COUNT_NOT_200,2014-01-31,2014,,,,,200,45,,,,CRITICAL,Replay intervals do not establish the historical expected security count on this NSE session.,UNRESOLVED,,member_count:2014-01-31:45
COUNT_NOT_200:2014-02-03:519,COUNT_NOT_200,2014-02-03,2014,,,,,200,45,,,,CRITICAL,Replay intervals do not establish the historical expected security count on this NSE session.,UNRESOLVED,,member_count:2014-02-03:45
COUNT_NOT_200:2014-02-04:520,COUNT_NOT_200,2014-02-04,2014,,,,,200,45,,,,CRITICAL,Replay intervals do not establish the historical expected security count on this NSE session.,UNRESOLVED,,member_count:2014-02-04:45
COUNT_NOT_200:2014-02-05:521,COUNT_NOT_200,2014-02-05,2014,,,,,200,45,,,,CRITICAL,Replay intervals do not establish the historical expected security count on this NSE session.,UNRESOLVED,,member_count:2014-02-05:45
COUNT_NOT_200:2014-02-06:522,COUNT_NOT_200,2014-02-06,2014,,,,,200,45,,,,CRITICAL,Replay intervals do not establish the historical expected security count on this NSE session.,UNRESOLVED,,member_count:2014-02-06:45
COUNT_NOT_200:2014-02-07:523,COUNT_NOT_200,2014-02-07,2014,,,,,200,45,,,,CRITICAL,Replay intervals do not establish the historical expected security count on this NSE session.,UNRESOLVED,,member_count:2014-02-07:45
COUNT_NOT_200:2014-02-10:524,COUNT_NOT_200,2014-02-10,2014,,,,,200,45,,,,CRITICAL,Replay intervals do not establish the historical expected security count on this NSE session.,UNRESOLVED,,member_count:2014-02-10:45
COUNT_NOT_200:2014-02-11:525,COUNT_NOT_200,2014-02-11,2014,,,,,200,45,,,,CRITICAL,Replay intervals do not establish the historical expected security count on this NSE session.,UNRESOLVED,,member_count:2014-02-11:45
COUNT_NOT_200:2014-02-12:526,COUNT_NOT_200,2014-02-12,2014,,,,,200,45,,,,CRITICAL,Replay intervals do not establish the historical expected security count on this NSE session.,UNRESOLVED,,member_count:2014-02-12:45
COUNT_NOT_200:2014-02-13:527,COUNT_NOT_200,2014-02-13,2014,,,,,200,45,,,,CRITICAL,Replay intervals do not establish the historical expected security count on this NSE session.,UNRESOLVED,,member_count:2014-02-13:45
COUNT_NOT_200:2014-02-14:528,COUNT_NOT_200,2014-02-14,2014,,,,,200,45,,,,CRITICAL,Replay intervals do not establish the historical expected security count on this NSE session.,UNRESOLVED,,member_count:2014-02-14:45
COUNT_NOT_200:2014-02-17:529,COUNT_NOT_200,2014-02-17,2014,,,,,200,45,,,,CRITICAL,Replay intervals do not establish the historical expected security count on this NSE session.,UNRESOLVED,,member_count:2014-02-17:45
COUNT_NOT_200:2014-02-18:530,COUNT_NOT_200,2014-02-18,2014,,,,,200,45,,,,CRITICAL,Replay intervals do not establish the historical expected security count on this NSE session.,UNRESOLVED,,member_count:2014-02-18:45
COUNT_NOT_200:2014-02-19:531,COUNT_NOT_200,2014-02-19,2014,,,,,200,45,,,,CRITICAL,Replay intervals do not establish the historical expected security count on this NSE session.,UNRESOLVED,,member_count:2014-02-19:45
COUNT_NOT_200:2014-02-20:532,COUNT_NOT_200,2014-02-20,2014,,,,,200,45,,,,CRITICAL,Replay intervals do not establish the historical expected security count on this NSE session.,UNRESOLVED,,member_count:2014-02-20:45
COUNT_NOT_200:2014-02-21:533,COUNT_NOT_200,2014-02-21,2014,,,,,200,45,,,,CRITICAL,Replay intervals do not establish the historical expected security count on this NSE session.,UNRESOLVED,,member_count:2014-02-21:45
COUNT_NOT_200:2014-02-24:534,COUNT_NOT_200,2014-02-24,2014,,,,,200,45,,,,CRITICAL,Replay intervals do not establish the historical expected security count on this NSE session.,UNRESOLVED,,member_count:2014-02-24:45
COUNT_NOT_200:2014-02-25:535,COUNT_NOT_200,2014-02-25,2014,,,,,200,45,,,,CRITICAL,Replay intervals do not establish the historical expected security count on this NSE session.,UNRESOLVED,,member_count:2014-02-25:45
COUNT_NOT_200:2014-02-26:536,COUNT_NOT_200,2014-02-26,2014,,,,,200,45,,,,CRITICAL,Replay intervals do not establish the historical expected security count on this NSE session.,UNRESOLVED,,member_count:2014-02-26:45
COUNT_NOT_200:2014-02-28:537,COUNT_NOT_200,2014-02-28,2014,,,,,200,46,,,,CRITICAL,Replay intervals do not establish the historical expected security count on this NSE session.,UNRESOLVED,,member_count:2014-02-28:46
COUNT_NOT_200:2014-03-03:538,COUNT_NOT_200,2014-03-03,2014,,,,,200,46,,,,CRITICAL,Replay intervals do not establish the historical expected security count on this NSE session.,UNRESOLVED,,member_count:2014-03-03:46
COUNT_NOT_200:2014-03-04:539,COUNT_NOT_200,2014-03-04,2014,,,,,200,46,,,,CRITICAL,Replay intervals do not establish the historical expected security count on this NSE session.,UNRESOLVED,,member_count:2014-03-04:46
COUNT_NOT_200:2014-03-05:540,COUNT_NOT_200,2014-03-05,2014,,,,,200,46,,,,CRITICAL,Replay intervals do not establish the historical expected security count on this NSE session.,UNRESOLVED,,member_count:2014-03-05:46
COUNT_NOT_200:2014-03-06:541,COUNT_NOT_200,2014-03-06,2014,,,,,200,46,,,,CRITICAL,Replay intervals do not establish the historical expected security count on this NSE session.,UNRESOLVED,,member_count:2014-03-06:46
COUNT_NOT_200:2014-03-07:542,COUNT_NOT_200,2014-03-07,2014,,,,,200,46,,,,CRITICAL,Replay intervals do not establish the historical expected security count on this NSE session.,UNRESOLVED,,member_count:2014-03-07:46
COUNT_NOT_200:2014-03-10:543,COUNT_NOT_200,2014-03-10,2014,,,,,200,46,,,,CRITICAL,Replay intervals do not establish the historical expected security count on this NSE session.,UNRESOLVED,,member_count:2014-03-10:46
COUNT_NOT_200:2014-03-11:544,COUNT_NOT_200,2014-03-11,2014,,,,,200,46,,,,CRITICAL,Replay intervals do not establish the historical expected security count on this NSE session.,UNRESOLVED,,member_count:2014-03-11:46
COUNT_NOT_200:2014-03-12:545,COUNT_NOT_200,2014-03-12,2014,,,,,200,46,,,,CRITICAL,Replay intervals do not establish the historical expected security count on this NSE session.,UNRESOLVED,,member_count:2014-03-12:46
COUNT_NOT_200:2014-03-13:546,COUNT_NOT_200,2014-03-13,2014,,,,,200,46,,,,CRITICAL,Replay intervals do not establish the historical expected security count on this NSE session.,UNRESOLVED,,member_count:2014-03-13:46
COUNT_NOT_200:2014-03-14:547,COUNT_NOT_200,2014-03-14,2014,,,,,200,46,,,,CRITICAL,Replay intervals do not establish the historical expected security count on this NSE session.,UNRESOLVED,,member_count:2014-03-14:46
COUNT_NOT_200:2014-03-18:548,COUNT_NOT_200,2014-03-18,2014,,,,,200,46,,,,CRITICAL,Replay intervals do not establish the historical expected security count on this NSE session.,UNRESOLVED,,member_count:2014-03-18:46
COUNT_NOT_200:2014-03-19:549,COUNT_NOT_200,2014-03-19,2014,,,,,200,46,,,,CRITICAL,Replay intervals do not establish the historical expected security count on this NSE session.,UNRESOLVED,,member_count:2014-03-19:46
COUNT_NOT_200:2014-03-20:550,COUNT_NOT_200,2014-03-20,2014,,,,,200,46,,,,CRITICAL,Replay intervals do not establish the historical expected security count on this NSE session.,UNRESOLVED,,member_count:2014-03-20:46
COUNT_NOT_200:2014-03-21:551,COUNT_NOT_200,2014-03-21,2014,,,,,200,46,,,,CRITICAL,Replay intervals do not establish the historical expected security count on this NSE session.,UNRESOLVED,,member_count:2014-03-21:46
COUNT_NOT_200:2014-03-24:552,COUNT_NOT_200,2014-03-24,2014,,,,,200,46,,,,CRITICAL,Replay intervals do not establish the historical expected security count on this NSE session.,UNRESOLVED,,member_count:2014-03-24:46
COUNT_NOT_200:2014-03-25:553,COUNT_NOT_200,2014-03-25,2014,,,,,200,46,,,,CRITICAL,Replay intervals do not establish the historical expected security count on this NSE session.,UNRESOLVED,,member_count:2014-03-25:46
COUNT_NOT_200:2014-03-26:554,COUNT_NOT_200,2014-03-26,2014,,,,,200,46,,,,CRITICAL,Replay intervals do not establish the historical expected security count on this NSE session.,UNRESOLVED,,member_count:2014-03-26:46
COUNT_NOT_200:2014-03-27:555,COUNT_NOT_200,2014-03-27,2014,,,,,200,46,,,,CRITICAL,Replay intervals do not establish the historical expected security count on this NSE session.,UNRESOLVED,,member_count:2014-03-27:46
COUNT_NOT_200:2014-03-28:556,COUNT_NOT_200,2014-03-28,2014,,,,,200,54,,,,CRITICAL,Replay intervals do not establish the historical expected security count on this NSE session.,UNRESOLVED,,member_count:2014-03-28:54
COUNT_NOT_200:2014-03-31:557,COUNT_NOT_200,2014-03-31,2014,,,,,200,54,,,,CRITICAL,Replay intervals do not establish the historical expected security count on this NSE session.,UNRESOLVED,,member_count:2014-03-31:54
COUNT_NOT_200:2014-04-01:558,COUNT_NOT_200,2014-04-01,2014,,,,,200,54,,,,CRITICAL,Replay intervals do not establish the historical expected security count on this NSE session.,UNRESOLVED,,member_count:2014-04-01:54
COUNT_NOT_200:2014-04-02:559,COUNT_NOT_200,2014-04-02,2014,,,,,200,54,,,,CRITICAL,Replay intervals do not establish the historical expected security count on this NSE session.,UNRESOLVED,,member_count:2014-04-02:54
COUNT_NOT_200:2014-04-03:560,COUNT_NOT_200,2014-04-03,2014,,,,,200,54,,,,CRITICAL,Replay intervals do not establish the historical expected security count on this NSE session.,UNRESOLVED,,member_count:2014-04-03:54
COUNT_NOT_200:2014-04-04:561,COUNT_NOT_200,2014-04-04,2014,,,,,200,54,,,,CRITICAL,Replay intervals do not establish the historical expected security count on this NSE session.,UNRESOLVED,,member_count:2014-04-04:54
COUNT_NOT_200:2014-04-07:562,COUNT_NOT_200,2014-04-07,2014,,,,,200,54,,,,CRITICAL,Replay intervals do not establish the historical expected security count on this NSE session.,UNRESOLVED,,member_count:2014-04-07:54
COUNT_NOT_200:2014-04-09:563,COUNT_NOT_200,2014-04-09,2014,,,,,200,54,,,,CRITICAL,Replay intervals do not establish the historical expected security count on this NSE session.,UNRESOLVED,,member_count:2014-04-09:54
COUNT_NOT_200:2014-04-10:564,COUNT_NOT_200,2014-04-10,2014,,,,,200,54,,,,CRITICAL,Replay intervals do not establish the historical expected security count on this NSE session.,UNRESOLVED,,member_count:2014-04-10:54
COUNT_NOT_200:2014-04-11:565,COUNT_NOT_200,2014-04-11,2014,,,,,200,54,,,,CRITICAL,Replay intervals do not establish the historical expected security count on this NSE session.,UNRESOLVED,,member_count:2014-04-11:54
COUNT_NOT_200:2014-04-15:566,COUNT_NOT_200,2014-04-15,2014,,,,,200,54,,,,CRITICAL,Replay intervals do not establish the historical expected security count on this NSE session.,UNRESOLVED,,member_count:2014-04-15:54
COUNT_NOT_200:2014-04-16:567,COUNT_NOT_200,2014-04-16,2014,,,,,200,54,,,,CRITICAL,Replay intervals do not establish the historical expected security count on this NSE session.,UNRESOLVED,,member_count:2014-04-16:54
COUNT_NOT_200:2014-04-17:568,COUNT_NOT_200,2014-04-17,2014,,,,,200,54,,,,CRITICAL,Replay intervals do not establish the historical expected security count on this NSE session.,UNRESOLVED,,member_count:2014-04-17:54
COUNT_NOT_200:2014-04-21:569,COUNT_NOT_200,2014-04-21,2014,,,,,200,54,,,,CRITICAL,Replay intervals do not establish the historical expected security count on this NSE session.,UNRESOLVED,,member_count:2014-04-21:54
COUNT_NOT_200:2014-04-22:570,COUNT_NOT_200,2014-04-22,2014,,,,,200,54,,,,CRITICAL,Replay intervals do not establish the historical expected security count on this NSE session.,UNRESOLVED,,member_count:2014-04-22:54
COUNT_NOT_200:2014-04-23:571,COUNT_NOT_200,2014-04-23,2014,,,,,200,54,,,,CRITICAL,Replay intervals do not establish the historical expected security count on this NSE session.,UNRESOLVED,,member_count:2014-04-23:54
COUNT_NOT_200:2014-04-25:572,COUNT_NOT_200,2014-04-25,2014,,,,,200,54,,,,CRITICAL,Replay intervals do not establish the historical expected security count on this NSE session.,UNRESOLVED,,member_count:2014-04-25:54
COUNT_NOT_200:2014-04-28:573,COUNT_NOT_200,2014-04-28,2014,,,,,200,54,,,,CRITICAL,Replay intervals do not establish the historical expected security count on this NSE session.,UNRESOLVED,,member_count:2014-04-28:54
COUNT_NOT_200:2014-04-29:574,COUNT_NOT_200,2014-04-29,2014,,,,,200,54,,,,CRITICAL,Replay intervals do not establish the historical expected security count on this NSE session.,UNRESOLVED,,member_count:2014-04-29:54
COUNT_NOT_200:2014-04-30:575,COUNT_NOT_200,2014-04-30,2014,,,,,200,54,,,,CRITICAL,Replay intervals do not establish the historical expected security count on this NSE session.,UNRESOLVED,,member_count:2014-04-30:54
COUNT_NOT_200:2014-05-02:576,COUNT_NOT_200,2014-05-02,2014,,,,,200,54,,,,CRITICAL,Replay intervals do not establish the historical expected security count on this NSE session.,UNRESOLVED,,member_count:2014-05-02:54
COUNT_NOT_200:2014-05-05:577,COUNT_NOT_200,2014-05-05,2014,,,,,200,54,,,,CRITICAL,Replay intervals do not establish the historical expected security count on this NSE session.,UNRESOLVED,,member_count:2014-05-05:54
COUNT_NOT_200:2014-05-06:578,COUNT_NOT_200,2014-05-06,2014,,,,,200,54,,,,CRITICAL,Replay intervals do not establish the historical expected security count on this NSE session.,UNRESOLVED,,member_count:2014-05-06:54
COUNT_NOT_200:2014-05-07:579,COUNT_NOT_200,2014-05-07,2014,,,,,200,54,,,,CRITICAL,Replay intervals do not establish the historical expected security count on this NSE session.,UNRESOLVED,,member_count:2014-05-07:54
COUNT_NOT_200:2014-05-08:580,COUNT_NOT_200,2014-05-08,2014,,,,,200,54,,,,CRITICAL,Replay intervals do not establish the historical expected security count on this NSE session.,UNRESOLVED,,member_count:2014-05-08:54
COUNT_NOT_200:2014-05-09:581,COUNT_NOT_200,2014-05-09,2014,,,,,200,54,,,,CRITICAL,Replay intervals do not establish the historical expected security count on this NSE session.,UNRESOLVED,,member_count:2014-05-09:54
COUNT_NOT_200:2014-05-12:582,COUNT_NOT_200,2014-05-12,2014,,,,,200,54,,,,CRITICAL,Replay intervals do not establish the historical expected security count on this NSE session.,UNRESOLVED,,member_count:2014-05-12:54
COUNT_NOT_200:2014-05-13:583,COUNT_NOT_200,2014-05-13,2014,,,,,200,54,,,,CRITICAL,Replay intervals do not establish the historical expected security count on this NSE session.,UNRESOLVED,,member_count:2014-05-13:54
COUNT_NOT_200:2014-05-14:584,COUNT_NOT_200,2014-05-14,2014,,,,,200,54,,,,CRITICAL,Replay intervals do not establish the historical expected security count on this NSE session.,UNRESOLVED,,member_count:2014-05-14:54
COUNT_NOT_200:2014-05-15:585,COUNT_NOT_200,2014-05-15,2014,,,,,200,54,,,,CRITICAL,Replay intervals do not establish the historical expected security count on this NSE session.,UNRESOLVED,,member_count:2014-05-15:54
COUNT_NOT_200:2014-05-16:586,COUNT_NOT_200,2014-05-16,2014,,,,,200,54,,,,CRITICAL,Replay intervals do not establish the historical expected security count on this NSE session.,UNRESOLVED,,member_count:2014-05-16:54
COUNT_NOT_200:2014-05-19:587,COUNT_NOT_200,2014-05-19,2014,,,,,200,54,,,,CRITICAL,Replay intervals do not establish the historical expected security count on this NSE session.,UNRESOLVED,,member_count:2014-05-19:54
COUNT_NOT_200:2014-05-20:588,COUNT_NOT_200,2014-05-20,2014,,,,,200,54,,,,CRITICAL,Replay intervals do not establish the historical expected security count on this NSE session.,UNRESOLVED,,member_count:2014-05-20:54
COUNT_NOT_200:2014-05-21:589,COUNT_NOT_200,2014-05-21,2014,,,,,200,54,,,,CRITICAL,Replay intervals do not establish the historical expected security count on this NSE session.,UNRESOLVED,,member_count:2014-05-21:54
COUNT_NOT_200:2014-05-22:590,COUNT_NOT_200,2014-05-22,2014,,,,,200,54,,,,CRITICAL,Replay intervals do not establish the historical expected security count on this NSE session.,UNRESOLVED,,member_count:2014-05-22:54
COUNT_NOT_200:2014-05-23:591,COUNT_NOT_200,2014-05-23,2014,,,,,200,54,,,,CRITICAL,Replay intervals do not establish the historical expected security count on this NSE session.,UNRESOLVED,,member_count:2014-05-23:54
COUNT_NOT_200:2014-05-26:592,COUNT_NOT_200,2014-05-26,2014,,,,,200,54,,,,CRITICAL,Replay intervals do not establish the historical expected security count on this NSE session.,UNRESOLVED,,member_count:2014-05-26:54
COUNT_NOT_200:2014-05-27:593,COUNT_NOT_200,2014-05-27,2014,,,,,200,54,,,,CRITICAL,Replay intervals do not establish the historical expected security count on this NSE session.,UNRESOLVED,,member_count:2014-05-27:54
COUNT_NOT_200:2014-05-28:594,COUNT_NOT_200,2014-05-28,2014,,,,,200,54,,,,CRITICAL,Replay intervals do not establish the historical expected security count on this NSE session.,UNRESOLVED,,member_count:2014-05-28:54
COUNT_NOT_200:2014-05-29:595,COUNT_NOT_200,2014-05-29,2014,,,,,200,54,,,,CRITICAL,Replay intervals do not establish the historical expected security count on this NSE session.,UNRESOLVED,,member_count:2014-05-29:54
COUNT_NOT_200:2014-05-30:596,COUNT_NOT_200,2014-05-30,2014,,,,,200,54,,,,CRITICAL,Replay intervals do not establish the historical expected security count on this NSE session.,UNRESOLVED,,member_count:2014-05-30:54
COUNT_NOT_200:2014-06-02:597,COUNT_NOT_200,2014-06-02,2014,,,,,200,54,,,,CRITICAL,Replay intervals do not establish the historical expected security count on this NSE session.,UNRESOLVED,,member_count:2014-06-02:54
COUNT_NOT_200:2014-06-03:598,COUNT_NOT_200,2014-06-03,2014,,,,,200,54,,,,CRITICAL,Replay intervals do not establish the historical expected security count on this NSE session.,UNRESOLVED,,member_count:2014-06-03:54
COUNT_NOT_200:2014-06-04:599,COUNT_NOT_200,2014-06-04,2014,,,,,200,54,,,,CRITICAL,Replay intervals do not establish the historical expected security count on this NSE session.,UNRESOLVED,,member_count:2014-06-04:54
COUNT_NOT_200:2014-06-05:600,COUNT_NOT_200,2014-06-05,2014,,,,,200,54,,,,CRITICAL,Replay intervals do not establish the historical expected security count on this NSE session.,UNRESOLVED,,member_count:2014-06-05:54
COUNT_NOT_200:2014-06-06:601,COUNT_NOT_200,2014-06-06,2014,,,,,200,54,,,,CRITICAL,Replay intervals do not establish the historical expected security count on this NSE session.,UNRESOLVED,,member_count:2014-06-06:54
COUNT_NOT_200:2014-06-09:602,COUNT_NOT_200,2014-06-09,2014,,,,,200,54,,,,CRITICAL,Replay intervals do not establish the historical expected security count on this NSE session.,UNRESOLVED,,member_count:2014-06-09:54
COUNT_NOT_200:2014-06-10:603,COUNT_NOT_200,2014-06-10,2014,,,,,200,54,,,,CRITICAL,Replay intervals do not establish the historical expected security count on this NSE session.,UNRESOLVED,,member_count:2014-06-10:54
COUNT_NOT_200:2014-06-11:604,COUNT_NOT_200,2014-06-11,2014,,,,,200,54,,,,CRITICAL,Replay intervals do not establish the historical expected security count on this NSE session.,UNRESOLVED,,member_count:2014-06-11:54
COUNT_NOT_200:2014-06-12:605,COUNT_NOT_200,2014-06-12,2014,,,,,200,54,,,,CRITICAL,Replay intervals do not establish the historical expected security count on this NSE session.,UNRESOLVED,,member_count:2014-06-12:54
COUNT_NOT_200:2014-06-13:606,COUNT_NOT_200,2014-06-13,2014,,,,,200,54,,,,CRITICAL,Replay intervals do not establish the historical expected security count on this NSE session.,UNRESOLVED,,member_count:2014-06-13:54
COUNT_NOT_200:2014-06-16:607,COUNT_NOT_200,2014-06-16,2014,,,,,200,54,,,,CRITICAL,Replay intervals do not establish the historical expected security count on this NSE session.,UNRESOLVED,,member_count:2014-06-16:54
COUNT_NOT_200:2014-06-17:608,COUNT_NOT_200,2014-06-17,2014,,,,,200,54,,,,CRITICAL,Replay intervals do not establish the historical expected security count on this NSE session.,UNRESOLVED,,member_count:2014-06-17:54
COUNT_NOT_200:2014-06-18:609,COUNT_NOT_200,2014-06-18,2014,,,,,200,54,,,,CRITICAL,Replay intervals do not establish the historical expected security count on this NSE session.,UNRESOLVED,,member_count:2014-06-18:54
COUNT_NOT_200:2014-06-19:610,COUNT_NOT_200,2014-06-19,2014,,,,,200,54,,,,CRITICAL,Replay intervals do not establish the historical expected security count on this NSE session.,UNRESOLVED,,member_count:2014-06-19:54
COUNT_NOT_200:2014-06-20:611,COUNT_NOT_200,2014-06-20,2014,,,,,200,54,,,,CRITICAL,Replay intervals do not establish the historical expected security count on this NSE session.,UNRESOLVED,,member_count:2014-06-20:54
COUNT_NOT_200:2014-06-23:612,COUNT_NOT_200,2014-06-23,2014,,,,,200,54,,,,CRITICAL,Replay intervals do not establish the historical expected security count on this NSE session.,UNRESOLVED,,member_count:2014-06-23:54
COUNT_NOT_200:2014-06-24:613,COUNT_NOT_200,2014-06-24,2014,,,,,200,54,,,,CRITICAL,Replay intervals do not establish the historical expected security count on this NSE session.,UNRESOLVED,,member_count:2014-06-24:54
COUNT_NOT_200:2014-06-25:614,COUNT_NOT_200,2014-06-25,2014,,,,,200,54,,,,CRITICAL,Replay intervals do not establish the historical expected security count on this NSE session.,UNRESOLVED,,member_count:2014-06-25:54
COUNT_NOT_200:2014-06-26:615,COUNT_NOT_200,2014-06-26,2014,,,,,200,54,,,,CRITICAL,Replay intervals do not establish the historical expected security count on this NSE session.,UNRESOLVED,,member_count:2014-06-26:54
COUNT_NOT_200:2014-06-27:616,COUNT_NOT_200,2014-06-27,2014,,,,,200,54,,,,CRITICAL,Replay intervals do not establish the historical expected security count on this NSE session.,UNRESOLVED,,member_count:2014-06-27:54
COUNT_NOT_200:2014-06-30:617,COUNT_NOT_200,2014-06-30,2014,,,,,200,54,,,,CRITICAL,Replay intervals do not establish the historical expected security count on this NSE session.,UNRESOLVED,,member_count:2014-06-30:54
COUNT_NOT_200:2014-07-01:618,COUNT_NOT_200,2014-07-01,2014,,,,,200,54,,,,CRITICAL,Replay intervals do not establish the historical expected security count on this NSE session.,UNRESOLVED,,member_count:2014-07-01:54
COUNT_NOT_200:2014-07-02:619,COUNT_NOT_200,2014-07-02,2014,,,,,200,54,,,,CRITICAL,Replay intervals do not establish the historical expected security count on this NSE session.,UNRESOLVED,,member_count:2014-07-02:54
COUNT_NOT_200:2014-07-03:620,COUNT_NOT_200,2014-07-03,2014,,,,,200,54,,,,CRITICAL,Replay intervals do not establish the historical expected security count on this NSE session.,UNRESOLVED,,member_count:2014-07-03:54
COUNT_NOT_200:2014-07-04:621,COUNT_NOT_200,2014-07-04,2014,,,,,200,54,,,,CRITICAL,Replay intervals do not establish the historical expected security count on this NSE session.,UNRESOLVED,,member_count:2014-07-04:54
COUNT_NOT_200:2014-07-07:622,COUNT_NOT_200,2014-07-07,2014,,,,,200,54,,,,CRITICAL,Replay intervals do not establish the historical expected security count on this NSE session.,UNRESOLVED,,member_count:2014-07-07:54
COUNT_NOT_200:2014-07-08:623,COUNT_NOT_200,2014-07-08,2014,,,,,200,54,,,,CRITICAL,Replay intervals do not establish the historical expected security count on this NSE session.,UNRESOLVED,,member_count:2014-07-08:54
COUNT_NOT_200:2014-07-09:624,COUNT_NOT_200,2014-07-09,2014,,,,,200,54,,,,CRITICAL,Replay intervals do not establish the historical expected security count on this NSE session.,UNRESOLVED,,member_count:2014-07-09:54
COUNT_NOT_200:2014-07-10:625,COUNT_NOT_200,2014-07-10,2014,,,,,200,54,,,,CRITICAL,Replay intervals do not establish the historical expected security count on this NSE session.,UNRESOLVED,,member_count:2014-07-10:54
COUNT_NOT_200:2014-07-11:626,COUNT_NOT_200,2014-07-11,2014,,,,,200,54,,,,CRITICAL,Replay intervals do not establish the historical expected security count on this NSE session.,UNRESOLVED,,member_count:2014-07-11:54
COUNT_NOT_200:2014-07-14:627,COUNT_NOT_200,2014-07-14,2014,,,,,200,54,,,,CRITICAL,Replay intervals do not establish the historical expected security count on this NSE session.,UNRESOLVED,,member_count:2014-07-14:54
COUNT_NOT_200:2014-07-15:628,COUNT_NOT_200,2014-07-15,2014,,,,,200,54,,,,CRITICAL,Replay intervals do not establish the historical expected security count on this NSE session.,UNRESOLVED,,member_count:2014-07-15:54
COUNT_NOT_200:2014-07-16:629,COUNT_NOT_200,2014-07-16,2014,,,,,200,54,,,,CRITICAL,Replay intervals do not establish the historical expected security count on this NSE session.,UNRESOLVED,,member_count:2014-07-16:54
COUNT_NOT_200:2014-07-17:630,COUNT_NOT_200,2014-07-17,2014,,,,,200,54,,,,CRITICAL,Replay intervals do not establish the historical expected security count on this NSE session.,UNRESOLVED,,member_count:2014-07-17:54
COUNT_NOT_200:2014-07-18:631,COUNT_NOT_200,2014-07-18,2014,,,,,200,54,,,,CRITICAL,Replay intervals do not establish the historical expected security count on this NSE session.,UNRESOLVED,,member_count:2014-07-18:54
COUNT_NOT_200:2014-07-21:632,COUNT_NOT_200,2014-07-21,2014,,,,,200,54,,,,CRITICAL,Replay intervals do not establish the historical expected security count on this NSE session.,UNRESOLVED,,member_count:2014-07-21:54
COUNT_NOT_200:2014-07-22:633,COUNT_NOT_200,2014-07-22,2014,,,,,200,54,,,,CRITICAL,Replay intervals do not establish the historical expected security count on this NSE session.,UNRESOLVED,,member_count:2014-07-22:54
COUNT_NOT_200:2014-07-23:634,COUNT_NOT_200,2014-07-23,2014,,,,,200,54,,,,CRITICAL,Replay intervals do not establish the historical expected security count on this NSE session.,UNRESOLVED,,member_count:2014-07-23:54
COUNT_NOT_200:2014-07-24:635,COUNT_NOT_200,2014-07-24,2014,,,,,200,54,,,,CRITICAL,Replay intervals do not establish the historical expected security count on this NSE session.,UNRESOLVED,,member_count:2014-07-24:54
COUNT_NOT_200:2014-07-25:636,COUNT_NOT_200,2014-07-25,2014,,,,,200,54,,,,CRITICAL,Replay intervals do not establish the historical expected security count on this NSE session.,UNRESOLVED,,member_count:2014-07-25:54
COUNT_NOT_200:2014-07-28:637,COUNT_NOT_200,2014-07-28,2014,,,,,200,54,,,,CRITICAL,Replay intervals do not establish the historical expected security count on this NSE session.,UNRESOLVED,,member_count:2014-07-28:54
COUNT_NOT_200:2014-07-30:638,COUNT_NOT_200,2014-07-30,2014,,,,,200,54,,,,CRITICAL,Replay intervals do not establish the historical expected security count on this NSE session.,UNRESOLVED,,member_count:2014-07-30:54
COUNT_NOT_200:2014-07-31:639,COUNT_NOT_200,2014-07-31,2014,,,,,200,54,,,,CRITICAL,Replay intervals do not establish the historical expected security count on this NSE session.,UNRESOLVED,,member_count:2014-07-31:54
COUNT_NOT_200:2014-08-01:640,COUNT_NOT_200,2014-08-01,2014,,,,,200,54,,,,CRITICAL,Replay intervals do not establish the historical expected security count on this NSE session.,UNRESOLVED,,member_count:2014-08-01:54
COUNT_NOT_200:2014-08-04:641,COUNT_NOT_200,2014-08-04,2014,,,,,200,54,,,,CRITICAL,Replay intervals do not establish the historical expected security count on this NSE session.,UNRESOLVED,,member_count:2014-08-04:54
COUNT_NOT_200:2014-08-05:642,COUNT_NOT_200,2014-08-05,2014,,,,,200,54,,,,CRITICAL,Replay intervals do not establish the historical expected security count on this NSE session.,UNRESOLVED,,member_count:2014-08-05:54
COUNT_NOT_200:2014-08-06:643,COUNT_NOT_200,2014-08-06,2014,,,,,200,54,,,,CRITICAL,Replay intervals do not establish the historical expected security count on this NSE session.,UNRESOLVED,,member_count:2014-08-06:54
COUNT_NOT_200:2014-08-07:644,COUNT_NOT_200,2014-08-07,2014,,,,,200,54,,,,CRITICAL,Replay intervals do not establish the historical expected security count on this NSE session.,UNRESOLVED,,member_count:2014-08-07:54
COUNT_NOT_200:2014-08-08:645,COUNT_NOT_200,2014-08-08,2014,,,,,200,54,,,,CRITICAL,Replay intervals do not establish the historical expected security count on this NSE session.,UNRESOLVED,,member_count:2014-08-08:54
COUNT_NOT_200:2014-08-11:646,COUNT_NOT_200,2014-08-11,2014,,,,,200,54,,,,CRITICAL,Replay intervals do not establish the historical expected security count on this NSE session.,UNRESOLVED,,member_count:2014-08-11:54
COUNT_NOT_200:2014-08-12:647,COUNT_NOT_200,2014-08-12,2014,,,,,200,54,,,,CRITICAL,Replay intervals do not establish the historical expected security count on this NSE session.,UNRESOLVED,,member_count:2014-08-12:54
COUNT_NOT_200:2014-08-13:648,COUNT_NOT_200,2014-08-13,2014,,,,,200,54,,,,CRITICAL,Replay intervals do not establish the historical expected security count on this NSE session.,UNRESOLVED,,member_count:2014-08-13:54
COUNT_NOT_200:2014-08-14:649,COUNT_NOT_200,2014-08-14,2014,,,,,200,54,,,,CRITICAL,Replay intervals do not establish the historical expected security count on this NSE session.,UNRESOLVED,,member_count:2014-08-14:54
COUNT_NOT_200:2014-08-18:650,COUNT_NOT_200,2014-08-18,2014,,,,,200,54,,,,CRITICAL,Replay intervals do not establish the historical expected security count on this NSE session.,UNRESOLVED,,member_count:2014-08-18:54
COUNT_NOT_200:2014-08-19:651,COUNT_NOT_200,2014-08-19,2014,,,,,200,54,,,,CRITICAL,Replay intervals do not establish the historical expected security count on this NSE session.,UNRESOLVED,,member_count:2014-08-19:54
COUNT_NOT_200:2014-08-20:652,COUNT_NOT_200,2014-08-20,2014,,,,,200,54,,,,CRITICAL,Replay intervals do not establish the historical expected security count on this NSE session.,UNRESOLVED,,member_count:2014-08-20:54
COUNT_NOT_200:2014-08-21:653,COUNT_NOT_200,2014-08-21,2014,,,,,200,54,,,,CRITICAL,Replay intervals do not establish the historical expected security count on this NSE session.,UNRESOLVED,,member_count:2014-08-21:54
COUNT_NOT_200:2014-08-22:654,COUNT_NOT_200,2014-08-22,2014,,,,,200,54,,,,CRITICAL,Replay intervals do not establish the historical expected security count on this NSE session.,UNRESOLVED,,member_count:2014-08-22:54
COUNT_NOT_200:2014-08-25:655,COUNT_NOT_200,2014-08-25,2014,,,,,200,54,,,,CRITICAL,Replay intervals do not establish the historical expected security count on this NSE session.,UNRESOLVED,,member_count:2014-08-25:54
COUNT_NOT_200:2014-08-26:656,COUNT_NOT_200,2014-08-26,2014,,,,,200,54,,,,CRITICAL,Replay intervals do not establish the historical expected security count on this NSE session.,UNRESOLVED,,member_count:2014-08-26:54
COUNT_NOT_200:2014-08-27:657,COUNT_NOT_200,2014-08-27,2014,,,,,200,54,,,,CRITICAL,Replay intervals do not establish the historical expected security count on this NSE session.,UNRESOLVED,,member_count:2014-08-27:54
COUNT_NOT_200:2014-08-28:658,COUNT_NOT_200,2014-08-28,2014,,,,,200,54,,,,CRITICAL,Replay intervals do not establish the historical expected security count on this NSE session.,UNRESOLVED,,member_count:2014-08-28:54
COUNT_NOT_200:2014-09-01:659,COUNT_NOT_200,2014-09-01,2014,,,,,200,54,,,,CRITICAL,Replay intervals do not establish the historical expected security count on this NSE session.,UNRESOLVED,,member_count:2014-09-01:54
COUNT_NOT_200:2014-09-02:660,COUNT_NOT_200,2014-09-02,2014,,,,,200,54,,,,CRITICAL,Replay intervals do not establish the historical expected security count on this NSE session.,UNRESOLVED,,member_count:2014-09-02:54
COUNT_NOT_200:2014-09-03:661,COUNT_NOT_200,2014-09-03,2014,,,,,200,54,,,,CRITICAL,Replay intervals do not establish the historical expected security count on this NSE session.,UNRESOLVED,,member_count:2014-09-03:54
COUNT_NOT_200:2014-09-04:662,COUNT_NOT_200,2014-09-04,2014,,,,,200,54,,,,CRITICAL,Replay intervals do not establish the historical expected security count on this NSE session.,UNRESOLVED,,member_count:2014-09-04:54
COUNT_NOT_200:2014-09-05:663,COUNT_NOT_200,2014-09-05,2014,,,,,200,54,,,,CRITICAL,Replay intervals do not establish the historical expected security count on this NSE session.,UNRESOLVED,,member_count:2014-09-05:54
COUNT_NOT_200:2014-09-08:664,COUNT_NOT_200,2014-09-08,2014,,,,,200,54,,,,CRITICAL,Replay intervals do not establish the historical expected security count on this NSE session.,UNRESOLVED,,member_count:2014-09-08:54
COUNT_NOT_200:2014-09-09:665,COUNT_NOT_200,2014-09-09,2014,,,,,200,54,,,,CRITICAL,Replay intervals do not establish the historical expected security count on this NSE session.,UNRESOLVED,,member_count:2014-09-09:54
COUNT_NOT_200:2014-09-10:666,COUNT_NOT_200,2014-09-10,2014,,,,,200,54,,,,CRITICAL,Replay intervals do not establish the historical expected security count on this NSE session.,UNRESOLVED,,member_count:2014-09-10:54
COUNT_NOT_200:2014-09-11:667,COUNT_NOT_200,2014-09-11,2014,,,,,200,54,,,,CRITICAL,Replay intervals do not establish the historical expected security count on this NSE session.,UNRESOLVED,,member_count:2014-09-11:54
COUNT_NOT_200:2014-09-12:668,COUNT_NOT_200,2014-09-12,2014,,,,,200,54,,,,CRITICAL,Replay intervals do not establish the historical expected security count on this NSE session.,UNRESOLVED,,member_count:2014-09-12:54
COUNT_NOT_200:2014-09-15:669,COUNT_NOT_200,2014-09-15,2014,,,,,200,54,,,,CRITICAL,Replay intervals do not establish the historical expected security count on this NSE session.,UNRESOLVED,,member_count:2014-09-15:54
COUNT_NOT_200:2014-09-16:670,COUNT_NOT_200,2014-09-16,2014,,,,,200,54,,,,CRITICAL,Replay intervals do not establish the historical expected security count on this NSE session.,UNRESOLVED,,member_count:2014-09-16:54
COUNT_NOT_200:2014-09-17:671,COUNT_NOT_200,2014-09-17,2014,,,,,200,54,,,,CRITICAL,Replay intervals do not establish the historical expected security count on this NSE session.,UNRESOLVED,,member_count:2014-09-17:54
COUNT_NOT_200:2014-09-18:672,COUNT_NOT_200,2014-09-18,2014,,,,,200,54,,,,CRITICAL,Replay intervals do not establish the historical expected security count on this NSE session.,UNRESOLVED,,member_count:2014-09-18:54
COUNT_NOT_200:2014-09-19:673,COUNT_NOT_200,2014-09-19,2014,,,,,200,62,,,,CRITICAL,Replay intervals do not establish the historical expected security count on this NSE session.,UNRESOLVED,,member_count:2014-09-19:62
COUNT_NOT_200:2014-09-22:674,COUNT_NOT_200,2014-09-22,2014,,,,,200,62,,,,CRITICAL,Replay intervals do not establish the historical expected security count on this NSE session.,UNRESOLVED,,member_count:2014-09-22:62
COUNT_NOT_200:2014-09-23:675,COUNT_NOT_200,2014-09-23,2014,,,,,200,62,,,,CRITICAL,Replay intervals do not establish the historical expected security count on this NSE session.,UNRESOLVED,,member_count:2014-09-23:62
COUNT_NOT_200:2014-09-24:676,COUNT_NOT_200,2014-09-24,2014,,,,,200,62,,,,CRITICAL,Replay intervals do not establish the historical expected security count on this NSE session.,UNRESOLVED,,member_count:2014-09-24:62
COUNT_NOT_200:2014-09-25:677,COUNT_NOT_200,2014-09-25,2014,,,,,200,62,,,,CRITICAL,Replay intervals do not establish the historical expected security count on this NSE session.,UNRESOLVED,,member_count:2014-09-25:62
COUNT_NOT_200:2014-09-26:678,COUNT_NOT_200,2014-09-26,2014,,,,,200,62,,,,CRITICAL,Replay intervals do not establish the historical expected security count on this NSE session.,UNRESOLVED,,member_count:2014-09-26:62
COUNT_NOT_200:2014-09-29:679,COUNT_NOT_200,2014-09-29,2014,,,,,200,62,,,,CRITICAL,Replay intervals do not establish the historical expected security count on this NSE session.,UNRESOLVED,,member_count:2014-09-29:62
COUNT_NOT_200:2014-09-30:680,COUNT_NOT_200,2014-09-30,2014,,,,,200,62,,,,CRITICAL,Replay intervals do not establish the historical expected security count on this NSE session.,UNRESOLVED,,member_count:2014-09-30:62
COUNT_NOT_200:2014-10-01:681,COUNT_NOT_200,2014-10-01,2014,,,,,200,62,,,,CRITICAL,Replay intervals do not establish the historical expected security count on this NSE session.,UNRESOLVED,,member_count:2014-10-01:62
COUNT_NOT_200:2014-10-07:682,COUNT_NOT_200,2014-10-07,2014,,,,,200,62,,,,CRITICAL,Replay intervals do not establish the historical expected security count on this NSE session.,UNRESOLVED,,member_count:2014-10-07:62
COUNT_NOT_200:2014-10-08:683,COUNT_NOT_200,2014-10-08,2014,,,,,200,62,,,,CRITICAL,Replay intervals do not establish the historical expected security count on this NSE session.,UNRESOLVED,,member_count:2014-10-08:62
COUNT_NOT_200:2014-10-09:684,COUNT_NOT_200,2014-10-09,2014,,,,,200,62,,,,CRITICAL,Replay intervals do not establish the historical expected security count on this NSE session.,UNRESOLVED,,member_count:2014-10-09:62
COUNT_NOT_200:2014-10-10:685,COUNT_NOT_200,2014-10-10,2014,,,,,200,62,,,,CRITICAL,Replay intervals do not establish the historical expected security count on this NSE session.,UNRESOLVED,,member_count:2014-10-10:62
COUNT_NOT_200:2014-10-13:686,COUNT_NOT_200,2014-10-13,2014,,,,,200,62,,,,CRITICAL,Replay intervals do not establish the historical expected security count on this NSE session.,UNRESOLVED,,member_count:2014-10-13:62
COUNT_NOT_200:2014-10-14:687,COUNT_NOT_200,2014-10-14,2014,,,,,200,62,,,,CRITICAL,Replay intervals do not establish the historical expected security count on this NSE session.,UNRESOLVED,,member_count:2014-10-14:62
COUNT_NOT_200:2014-10-16:688,COUNT_NOT_200,2014-10-16,2014,,,,,200,62,,,,CRITICAL,Replay intervals do not establish the historical expected security count on this NSE session.,UNRESOLVED,,member_count:2014-10-16:62
COUNT_NOT_200:2014-10-17:689,COUNT_NOT_200,2014-10-17,2014,,,,,200,62,,,,CRITICAL,Replay intervals do not establish the historical expected security count on this NSE session.,UNRESOLVED,,member_count:2014-10-17:62
COUNT_NOT_200:2014-10-20:690,COUNT_NOT_200,2014-10-20,2014,,,,,200,62,,,,CRITICAL,Replay intervals do not establish the historical expected security count on this NSE session.,UNRESOLVED,,member_count:2014-10-20:62
COUNT_NOT_200:2014-10-21:691,COUNT_NOT_200,2014-10-21,2014,,,,,200,62,,,,CRITICAL,Replay intervals do not establish the historical expected security count on this NSE session.,UNRESOLVED,,member_count:2014-10-21:62
COUNT_NOT_200:2014-10-22:692,COUNT_NOT_200,2014-10-22,2014,,,,,200,62,,,,CRITICAL,Replay intervals do not establish the historical expected security count on this NSE session.,UNRESOLVED,,member_count:2014-10-22:62
COUNT_NOT_200:2014-10-23:693,COUNT_NOT_200,2014-10-23,2014,,,,,200,62,,,,CRITICAL,Replay intervals do not establish the historical expected security count on this NSE session.,UNRESOLVED,,member_count:2014-10-23:62
COUNT_NOT_200:2014-10-27:694,COUNT_NOT_200,2014-10-27,2014,,,,,200,62,,,,CRITICAL,Replay intervals do not establish the historical expected security count on this NSE session.,UNRESOLVED,,member_count:2014-10-27:62
COUNT_NOT_200:2014-10-28:695,COUNT_NOT_200,2014-10-28,2014,,,,,200,62,,,,CRITICAL,Replay intervals do not establish the historical expected security count on this NSE session.,UNRESOLVED,,member_count:2014-10-28:62
COUNT_NOT_200:2014-10-29:696,COUNT_NOT_200,2014-10-29,2014,,,,,200,62,,,,CRITICAL,Replay intervals do not establish the historical expected security count on this NSE session.,UNRESOLVED,,member_count:2014-10-29:62
COUNT_NOT_200:2014-10-30:697,COUNT_NOT_200,2014-10-30,2014,,,,,200,62,,,,CRITICAL,Replay intervals do not establish the historical expected security count on this NSE session.,UNRESOLVED,,member_count:2014-10-30:62
COUNT_NOT_200:2014-10-31:698,COUNT_NOT_200,2014-10-31,2014,,,,,200,62,,,,CRITICAL,Replay intervals do not establish the historical expected security count on this NSE session.,UNRESOLVED,,member_count:2014-10-31:62
COUNT_NOT_200:2014-11-03:699,COUNT_NOT_200,2014-11-03,2014,,,,,200,62,,,,CRITICAL,Replay intervals do not establish the historical expected security count on this NSE session.,UNRESOLVED,,member_count:2014-11-03:62
COUNT_NOT_200:2014-11-05:700,COUNT_NOT_200,2014-11-05,2014,,,,,200,62,,,,CRITICAL,Replay intervals do not establish the historical expected security count on this NSE session.,UNRESOLVED,,member_count:2014-11-05:62
COUNT_NOT_200:2014-11-07:701,COUNT_NOT_200,2014-11-07,2014,,,,,200,62,,,,CRITICAL,Replay intervals do not establish the historical expected security count on this NSE session.,UNRESOLVED,,member_count:2014-11-07:62
COUNT_NOT_200:2014-11-10:702,COUNT_NOT_200,2014-11-10,2014,,,,,200,62,,,,CRITICAL,Replay intervals do not establish the historical expected security count on this NSE session.,UNRESOLVED,,member_count:2014-11-10:62
COUNT_NOT_200:2014-11-11:703,COUNT_NOT_200,2014-11-11,2014,,,,,200,62,,,,CRITICAL,Replay intervals do not establish the historical expected security count on this NSE session.,UNRESOLVED,,member_count:2014-11-11:62
COUNT_NOT_200:2014-11-12:704,COUNT_NOT_200,2014-11-12,2014,,,,,200,62,,,,CRITICAL,Replay intervals do not establish the historical expected security count on this NSE session.,UNRESOLVED,,member_count:2014-11-12:62
COUNT_NOT_200:2014-11-13:705,COUNT_NOT_200,2014-11-13,2014,,,,,200,62,,,,CRITICAL,Replay intervals do not establish the historical expected security count on this NSE session.,UNRESOLVED,,member_count:2014-11-13:62
COUNT_NOT_200:2014-11-14:706,COUNT_NOT_200,2014-11-14,2014,,,,,200,62,,,,CRITICAL,Replay intervals do not establish the historical expected security count on this NSE session.,UNRESOLVED,,member_count:2014-11-14:62
COUNT_NOT_200:2014-11-17:707,COUNT_NOT_200,2014-11-17,2014,,,,,200,62,,,,CRITICAL,Replay intervals do not establish the historical expected security count on this NSE session.,UNRESOLVED,,member_count:2014-11-17:62
COUNT_NOT_200:2014-11-18:708,COUNT_NOT_200,2014-11-18,2014,,,,,200,62,,,,CRITICAL,Replay intervals do not establish the historical expected security count on this NSE session.,UNRESOLVED,,member_count:2014-11-18:62
COUNT_NOT_200:2014-11-19:709,COUNT_NOT_200,2014-11-19,2014,,,,,200,62,,,,CRITICAL,Replay intervals do not establish the historical expected security count on this NSE session.,UNRESOLVED,,member_count:2014-11-19:62
COUNT_NOT_200:2014-11-20:710,COUNT_NOT_200,2014-11-20,2014,,,,,200,62,,,,CRITICAL,Replay intervals do not establish the historical expected security count on this NSE session.,UNRESOLVED,,member_count:2014-11-20:62
COUNT_NOT_200:2014-11-21:711,COUNT_NOT_200,2014-11-21,2014,,,,,200,62,,,,CRITICAL,Replay intervals do not establish the historical expected security count on this NSE session.,UNRESOLVED,,member_count:2014-11-21:62
COUNT_NOT_200:2014-11-24:712,COUNT_NOT_200,2014-11-24,2014,,,,,200,62,,,,CRITICAL,Replay intervals do not establish the historical expected security count on this NSE session.,UNRESOLVED,,member_count:2014-11-24:62
COUNT_NOT_200:2014-11-25:713,COUNT_NOT_200,2014-11-25,2014,,,,,200,62,,,,CRITICAL,Replay intervals do not establish the historical expected security count on this NSE session.,UNRESOLVED,,member_count:2014-11-25:62
COUNT_NOT_200:2014-11-26:714,COUNT_NOT_200,2014-11-26,2014,,,,,200,62,,,,CRITICAL,Replay intervals do not establish the historical expected security count on this NSE session.,UNRESOLVED,,member_count:2014-11-26:62
COUNT_NOT_200:2014-11-27:715,COUNT_NOT_200,2014-11-27,2014,,,,,200,62,,,,CRITICAL,Replay intervals do not establish the historical expected security count on this NSE session.,UNRESOLVED,,member_count:2014-11-27:62
COUNT_NOT_200:2014-11-28:716,COUNT_NOT_200,2014-11-28,2014,,,,,200,63,,,,CRITICAL,Replay intervals do not establish the historical expected security count on this NSE session.,UNRESOLVED,,member_count:2014-11-28:63
COUNT_NOT_200:2014-12-01:717,COUNT_NOT_200,2014-12-01,2014,,,,,200,63,,,,CRITICAL,Replay intervals do not establish the historical expected security count on this NSE session.,UNRESOLVED,,member_count:2014-12-01:63
COUNT_NOT_200:2014-12-02:718,COUNT_NOT_200,2014-12-02,2014,,,,,200,63,,,,CRITICAL,Replay intervals do not establish the historical expected security count on this NSE session.,UNRESOLVED,,member_count:2014-12-02:63
COUNT_NOT_200:2014-12-03:719,COUNT_NOT_200,2014-12-03,2014,,,,,200,63,,,,CRITICAL,Replay intervals do not establish the historical expected security count on this NSE session.,UNRESOLVED,,member_count:2014-12-03:63
COUNT_NOT_200:2014-12-04:720,COUNT_NOT_200,2014-12-04,2014,,,,,200,63,,,,CRITICAL,Replay intervals do not establish the historical expected security count on this NSE session.,UNRESOLVED,,member_count:2014-12-04:63
COUNT_NOT_200:2014-12-05:721,COUNT_NOT_200,2014-12-05,2014,,,,,200,63,,,,CRITICAL,Replay intervals do not establish the historical expected security count on this NSE session.,UNRESOLVED,,member_count:2014-12-05:63
COUNT_NOT_200:2014-12-08:722,COUNT_NOT_200,2014-12-08,2014,,,,,200,63,,,,CRITICAL,Replay intervals do not establish the historical expected security count on this NSE session.,UNRESOLVED,,member_count:2014-12-08:63
COUNT_NOT_200:2014-12-09:723,COUNT_NOT_200,2014-12-09,2014,,,,,200,63,,,,CRITICAL,Replay intervals do not establish the historical expected security count on this NSE session.,UNRESOLVED,,member_count:2014-12-09:63
COUNT_NOT_200:2014-12-10:724,COUNT_NOT_200,2014-12-10,2014,,,,,200,63,,,,CRITICAL,Replay intervals do not establish the historical expected security count on this NSE session.,UNRESOLVED,,member_count:2014-12-10:63
COUNT_NOT_200:2014-12-11:725,COUNT_NOT_200,2014-12-11,2014,,,,,200,63,,,,CRITICAL,Replay intervals do not establish the historical expected security count on this NSE session.,UNRESOLVED,,member_count:2014-12-11:63
COUNT_NOT_200:2014-12-12:726,COUNT_NOT_200,2014-12-12,2014,,,,,200,63,,,,CRITICAL,Replay intervals do not establish the historical expected security count on this NSE session.,UNRESOLVED,,member_count:2014-12-12:63
COUNT_NOT_200:2014-12-15:727,COUNT_NOT_200,2014-12-15,2014,,,,,200,63,,,,CRITICAL,Replay intervals do not establish the historical expected security count on this NSE session.,UNRESOLVED,,member_count:2014-12-15:63
COUNT_NOT_200:2014-12-16:728,COUNT_NOT_200,2014-12-16,2014,,,,,200,63,,,,CRITICAL,Replay intervals do not establish the historical expected security count on this NSE session.,UNRESOLVED,,member_count:2014-12-16:63
COUNT_NOT_200:2014-12-17:729,COUNT_NOT_200,2014-12-17,2014,,,,,200,63,,,,CRITICAL,Replay intervals do not establish the historical expected security count on this NSE session.,UNRESOLVED,,member_count:2014-12-17:63
COUNT_NOT_200:2014-12-18:730,COUNT_NOT_200,2014-12-18,2014,,,,,200,63,,,,CRITICAL,Replay intervals do not establish the historical expected security count on this NSE session.,UNRESOLVED,,member_count:2014-12-18:63
COUNT_NOT_200:2014-12-19:731,COUNT_NOT_200,2014-12-19,2014,,,,,200,63,,,,CRITICAL,Replay intervals do not establish the historical expected security count on this NSE session.,UNRESOLVED,,member_count:2014-12-19:63
COUNT_NOT_200:2014-12-22:732,COUNT_NOT_200,2014-12-22,2014,,,,,200,63,,,,CRITICAL,Replay intervals do not establish the historical expected security count on this NSE session.,UNRESOLVED,,member_count:2014-12-22:63
COUNT_NOT_200:2014-12-23:733,COUNT_NOT_200,2014-12-23,2014,,,,,200,63,,,,CRITICAL,Replay intervals do not establish the historical expected security count on this NSE session.,UNRESOLVED,,member_count:2014-12-23:63
COUNT_NOT_200:2014-12-24:734,COUNT_NOT_200,2014-12-24,2014,,,,,200,63,,,,CRITICAL,Replay intervals do not establish the historical expected security count on this NSE session.,UNRESOLVED,,member_count:2014-12-24:63
COUNT_NOT_200:2014-12-26:735,COUNT_NOT_200,2014-12-26,2014,,,,,200,63,,,,CRITICAL,Replay intervals do not establish the historical expected security count on this NSE session.,UNRESOLVED,,member_count:2014-12-26:63
COUNT_NOT_200:2014-12-29:736,COUNT_NOT_200,2014-12-29,2014,,,,,200,63,,,,CRITICAL,Replay intervals do not establish the historical expected security count on this NSE session.,UNRESOLVED,,member_count:2014-12-29:63
COUNT_NOT_200:2014-12-30:737,COUNT_NOT_200,2014-12-30,2014,,,,,200,63,,,,CRITICAL,Replay intervals do not establish the historical expected security count on this NSE session.,UNRESOLVED,,member_count:2014-12-30:63
COUNT_NOT_200:2014-12-31:738,COUNT_NOT_200,2014-12-31,2014,,,,,200,63,,,,CRITICAL,Replay intervals do not establish the historical expected security count on this NSE session.,UNRESOLVED,,member_count:2014-12-31:63
COUNT_NOT_200:2015-01-01:739,COUNT_NOT_200,2015-01-01,2015,,,,,200,63,,,,CRITICAL,Replay intervals do not establish the historical expected security count on this NSE session.,UNRESOLVED,,member_count:2015-01-01:63
COUNT_NOT_200:2015-01-02:740,COUNT_NOT_200,2015-01-02,2015,,,,,200,63,,,,CRITICAL,Replay intervals do not establish the historical expected security count on this NSE session.,UNRESOLVED,,member_count:2015-01-02:63
COUNT_NOT_200:2015-01-05:741,COUNT_NOT_200,2015-01-05,2015,,,,,200,63,,,,CRITICAL,Replay intervals do not establish the historical expected security count on this NSE session.,UNRESOLVED,,member_count:2015-01-05:63
COUNT_NOT_200:2015-01-06:742,COUNT_NOT_200,2015-01-06,2015,,,,,200,63,,,,CRITICAL,Replay intervals do not establish the historical expected security count on this NSE session.,UNRESOLVED,,member_count:2015-01-06:63
COUNT_NOT_200:2015-01-07:743,COUNT_NOT_200,2015-01-07,2015,,,,,200,63,,,,CRITICAL,Replay intervals do not establish the historical expected security count on this NSE session.,UNRESOLVED,,member_count:2015-01-07:63
COUNT_NOT_200:2015-01-08:744,COUNT_NOT_200,2015-01-08,2015,,,,,200,63,,,,CRITICAL,Replay intervals do not establish the historical expected security count on this NSE session.,UNRESOLVED,,member_count:2015-01-08:63
COUNT_NOT_200:2015-01-09:745,COUNT_NOT_200,2015-01-09,2015,,,,,200,63,,,,CRITICAL,Replay intervals do not establish the historical expected security count on this NSE session.,UNRESOLVED,,member_count:2015-01-09:63
COUNT_NOT_200:2015-01-12:746,COUNT_NOT_200,2015-01-12,2015,,,,,200,63,,,,CRITICAL,Replay intervals do not establish the historical expected security count on this NSE session.,UNRESOLVED,,member_count:2015-01-12:63
COUNT_NOT_200:2015-01-13:747,COUNT_NOT_200,2015-01-13,2015,,,,,200,63,,,,CRITICAL,Replay intervals do not establish the historical expected security count on this NSE session.,UNRESOLVED,,member_count:2015-01-13:63
COUNT_NOT_200:2015-01-14:748,COUNT_NOT_200,2015-01-14,2015,,,,,200,63,,,,CRITICAL,Replay intervals do not establish the historical expected security count on this NSE session.,UNRESOLVED,,member_count:2015-01-14:63
COUNT_NOT_200:2015-01-15:749,COUNT_NOT_200,2015-01-15,2015,,,,,200,63,,,,CRITICAL,Replay intervals do not establish the historical expected security count on this NSE session.,UNRESOLVED,,member_count:2015-01-15:63
COUNT_NOT_200:2015-01-16:750,COUNT_NOT_200,2015-01-16,2015,,,,,200,63,,,,CRITICAL,Replay intervals do not establish the historical expected security count on this NSE session.,UNRESOLVED,,member_count:2015-01-16:63
COUNT_NOT_200:2015-01-19:751,COUNT_NOT_200,2015-01-19,2015,,,,,200,63,,,,CRITICAL,Replay intervals do not establish the historical expected security count on this NSE session.,UNRESOLVED,,member_count:2015-01-19:63
COUNT_NOT_200:2015-01-20:752,COUNT_NOT_200,2015-01-20,2015,,,,,200,63,,,,CRITICAL,Replay intervals do not establish the historical expected security count on this NSE session.,UNRESOLVED,,member_count:2015-01-20:63
COUNT_NOT_200:2015-01-21:753,COUNT_NOT_200,2015-01-21,2015,,,,,200,63,,,,CRITICAL,Replay intervals do not establish the historical expected security count on this NSE session.,UNRESOLVED,,member_count:2015-01-21:63
COUNT_NOT_200:2015-01-22:754,COUNT_NOT_200,2015-01-22,2015,,,,,200,63,,,,CRITICAL,Replay intervals do not establish the historical expected security count on this NSE session.,UNRESOLVED,,member_count:2015-01-22:63
COUNT_NOT_200:2015-01-23:755,COUNT_NOT_200,2015-01-23,2015,,,,,200,63,,,,CRITICAL,Replay intervals do not establish the historical expected security count on this NSE session.,UNRESOLVED,,member_count:2015-01-23:63
COUNT_NOT_200:2015-01-27:756,COUNT_NOT_200,2015-01-27,2015,,,,,200,63,,,,CRITICAL,Replay intervals do not establish the historical expected security count on this NSE session.,UNRESOLVED,,member_count:2015-01-27:63
COUNT_NOT_200:2015-01-28:757,COUNT_NOT_200,2015-01-28,2015,,,,,200,63,,,,CRITICAL,Replay intervals do not establish the historical expected security count on this NSE session.,UNRESOLVED,,member_count:2015-01-28:63
COUNT_NOT_200:2015-01-29:758,COUNT_NOT_200,2015-01-29,2015,,,,,200,63,,,,CRITICAL,Replay intervals do not establish the historical expected security count on this NSE session.,UNRESOLVED,,member_count:2015-01-29:63
COUNT_NOT_200:2015-01-30:759,COUNT_NOT_200,2015-01-30,2015,,,,,200,63,,,,CRITICAL,Replay intervals do not establish the historical expected security count on this NSE session.,UNRESOLVED,,member_count:2015-01-30:63
COUNT_NOT_200:2015-02-02:760,COUNT_NOT_200,2015-02-02,2015,,,,,200,63,,,,CRITICAL,Replay intervals do not establish the historical expected security count on this NSE session.,UNRESOLVED,,member_count:2015-02-02:63
COUNT_NOT_200:2015-02-03:761,COUNT_NOT_200,2015-02-03,2015,,,,,200,63,,,,CRITICAL,Replay intervals do not establish the historical expected security count on this NSE session.,UNRESOLVED,,member_count:2015-02-03:63
COUNT_NOT_200:2015-02-04:762,COUNT_NOT_200,2015-02-04,2015,,,,,200,63,,,,CRITICAL,Replay intervals do not establish the historical expected security count on this NSE session.,UNRESOLVED,,member_count:2015-02-04:63
COUNT_NOT_200:2015-02-05:763,COUNT_NOT_200,2015-02-05,2015,,,,,200,63,,,,CRITICAL,Replay intervals do not establish the historical expected security count on this NSE session.,UNRESOLVED,,member_count:2015-02-05:63
COUNT_NOT_200:2015-02-06:764,COUNT_NOT_200,2015-02-06,2015,,,,,200,63,,,,CRITICAL,Replay intervals do not establish the historical expected security count on this NSE session.,UNRESOLVED,,member_count:2015-02-06:63
COUNT_NOT_200:2015-02-09:765,COUNT_NOT_200,2015-02-09,2015,,,,,200,63,,,,CRITICAL,Replay intervals do not establish the historical expected security count on this NSE session.,UNRESOLVED,,member_count:2015-02-09:63
COUNT_NOT_200:2015-02-10:766,COUNT_NOT_200,2015-02-10,2015,,,,,200,63,,,,CRITICAL,Replay intervals do not establish the historical expected security count on this NSE session.,UNRESOLVED,,member_count:2015-02-10:63
COUNT_NOT_200:2015-02-11:767,COUNT_NOT_200,2015-02-11,2015,,,,,200,63,,,,CRITICAL,Replay intervals do not establish the historical expected security count on this NSE session.,UNRESOLVED,,member_count:2015-02-11:63
COUNT_NOT_200:2015-02-12:768,COUNT_NOT_200,2015-02-12,2015,,,,,200,63,,,,CRITICAL,Replay intervals do not establish the historical expected security count on this NSE session.,UNRESOLVED,,member_count:2015-02-12:63
COUNT_NOT_200:2015-02-13:769,COUNT_NOT_200,2015-02-13,2015,,,,,200,63,,,,CRITICAL,Replay intervals do not establish the historical expected security count on this NSE session.,UNRESOLVED,,member_count:2015-02-13:63
COUNT_NOT_200:2015-02-16:770,COUNT_NOT_200,2015-02-16,2015,,,,,200,63,,,,CRITICAL,Replay intervals do not establish the historical expected security count on this NSE session.,UNRESOLVED,,member_count:2015-02-16:63
COUNT_NOT_200:2015-02-18:771,COUNT_NOT_200,2015-02-18,2015,,,,,200,63,,,,CRITICAL,Replay intervals do not establish the historical expected security count on this NSE session.,UNRESOLVED,,member_count:2015-02-18:63
COUNT_NOT_200:2015-02-19:772,COUNT_NOT_200,2015-02-19,2015,,,,,200,63,,,,CRITICAL,Replay intervals do not establish the historical expected security count on this NSE session.,UNRESOLVED,,member_count:2015-02-19:63
COUNT_NOT_200:2015-02-20:773,COUNT_NOT_200,2015-02-20,2015,,,,,200,63,,,,CRITICAL,Replay intervals do not establish the historical expected security count on this NSE session.,UNRESOLVED,,member_count:2015-02-20:63
COUNT_NOT_200:2015-02-23:774,COUNT_NOT_200,2015-02-23,2015,,,,,200,63,,,,CRITICAL,Replay intervals do not establish the historical expected security count on this NSE session.,UNRESOLVED,,member_count:2015-02-23:63
COUNT_NOT_200:2015-02-24:775,COUNT_NOT_200,2015-02-24,2015,,,,,200,63,,,,CRITICAL,Replay intervals do not establish the historical expected security count on this NSE session.,UNRESOLVED,,member_count:2015-02-24:63
COUNT_NOT_200:2015-02-25:776,COUNT_NOT_200,2015-02-25,2015,,,,,200,63,,,,CRITICAL,Replay intervals do not establish the historical expected security count on this NSE session.,UNRESOLVED,,member_count:2015-02-25:63
COUNT_NOT_200:2015-02-26:777,COUNT_NOT_200,2015-02-26,2015,,,,,200,63,,,,CRITICAL,Replay intervals do not establish the historical expected security count on this NSE session.,UNRESOLVED,,member_count:2015-02-26:63
COUNT_NOT_200:2015-02-27:778,COUNT_NOT_200,2015-02-27,2015,,,,,200,63,,,,CRITICAL,Replay intervals do not establish the historical expected security count on this NSE session.,UNRESOLVED,,member_count:2015-02-27:63
COUNT_NOT_200:2015-03-02:779,COUNT_NOT_200,2015-03-02,2015,,,,,200,63,,,,CRITICAL,Replay intervals do not establish the historical expected security count on this NSE session.,UNRESOLVED,,member_count:2015-03-02:63
COUNT_NOT_200:2015-03-03:780,COUNT_NOT_200,2015-03-03,2015,,,,,200,63,,,,CRITICAL,Replay intervals do not establish the historical expected security count on this NSE session.,UNRESOLVED,,member_count:2015-03-03:63
COUNT_NOT_200:2015-03-04:781,COUNT_NOT_200,2015-03-04,2015,,,,,200,63,,,,CRITICAL,Replay intervals do not establish the historical expected security count on this NSE session.,UNRESOLVED,,member_count:2015-03-04:63
COUNT_NOT_200:2015-03-05:782,COUNT_NOT_200,2015-03-05,2015,,,,,200,63,,,,CRITICAL,Replay intervals do not establish the historical expected security count on this NSE session.,UNRESOLVED,,member_count:2015-03-05:63
COUNT_NOT_200:2015-03-09:783,COUNT_NOT_200,2015-03-09,2015,,,,,200,63,,,,CRITICAL,Replay intervals do not establish the historical expected security count on this NSE session.,UNRESOLVED,,member_count:2015-03-09:63
COUNT_NOT_200:2015-03-10:784,COUNT_NOT_200,2015-03-10,2015,,,,,200,63,,,,CRITICAL,Replay intervals do not establish the historical expected security count on this NSE session.,UNRESOLVED,,member_count:2015-03-10:63
COUNT_NOT_200:2015-03-11:785,COUNT_NOT_200,2015-03-11,2015,,,,,200,63,,,,CRITICAL,Replay intervals do not establish the historical expected security count on this NSE session.,UNRESOLVED,,member_count:2015-03-11:63
COUNT_NOT_200:2015-03-12:786,COUNT_NOT_200,2015-03-12,2015,,,,,200,63,,,,CRITICAL,Replay intervals do not establish the historical expected security count on this NSE session.,UNRESOLVED,,member_count:2015-03-12:63
COUNT_NOT_200:2015-03-13:787,COUNT_NOT_200,2015-03-13,2015,,,,,200,63,,,,CRITICAL,Replay intervals do not establish the historical expected security count on this NSE session.,UNRESOLVED,,member_count:2015-03-13:63
COUNT_NOT_200:2015-03-16:788,COUNT_NOT_200,2015-03-16,2015,,,,,200,63,,,,CRITICAL,Replay intervals do not establish the historical expected security count on this NSE session.,UNRESOLVED,,member_count:2015-03-16:63
COUNT_NOT_200:2015-03-17:789,COUNT_NOT_200,2015-03-17,2015,,,,,200,63,,,,CRITICAL,Replay intervals do not establish the historical expected security count on this NSE session.,UNRESOLVED,,member_count:2015-03-17:63
COUNT_NOT_200:2015-03-18:790,COUNT_NOT_200,2015-03-18,2015,,,,,200,63,,,,CRITICAL,Replay intervals do not establish the historical expected security count on this NSE session.,UNRESOLVED,,member_count:2015-03-18:63
COUNT_NOT_200:2015-03-19:791,COUNT_NOT_200,2015-03-19,2015,,,,,200,63,,,,CRITICAL,Replay intervals do not establish the historical expected security count on this NSE session.,UNRESOLVED,,member_count:2015-03-19:63
COUNT_NOT_200:2015-03-20:792,COUNT_NOT_200,2015-03-20,2015,,,,,200,63,,,,CRITICAL,Replay intervals do not establish the historical expected security count on this NSE session.,UNRESOLVED,,member_count:2015-03-20:63
COUNT_NOT_200:2015-03-23:793,COUNT_NOT_200,2015-03-23,2015,,,,,200,63,,,,CRITICAL,Replay intervals do not establish the historical expected security count on this NSE session.,UNRESOLVED,,member_count:2015-03-23:63
COUNT_NOT_200:2015-03-24:794,COUNT_NOT_200,2015-03-24,2015,,,,,200,63,,,,CRITICAL,Replay intervals do not establish the historical expected security count on this NSE session.,UNRESOLVED,,member_count:2015-03-24:63
COUNT_NOT_200:2015-03-25:795,COUNT_NOT_200,2015-03-25,2015,,,,,200,63,,,,CRITICAL,Replay intervals do not establish the historical expected security count on this NSE session.,UNRESOLVED,,member_count:2015-03-25:63
COUNT_NOT_200:2015-03-26:796,COUNT_NOT_200,2015-03-26,2015,,,,,200,63,,,,CRITICAL,Replay intervals do not establish the historical expected security count on this NSE session.,UNRESOLVED,,member_count:2015-03-26:63
COUNT_NOT_200:2015-03-27:797,COUNT_NOT_200,2015-03-27,2015,,,,,200,66,,,,CRITICAL,Replay intervals do not establish the historical expected security count on this NSE session.,UNRESOLVED,,member_count:2015-03-27:66
COUNT_NOT_200:2015-03-30:798,COUNT_NOT_200,2015-03-30,2015,,,,,200,66,,,,CRITICAL,Replay intervals do not establish the historical expected security count on this NSE session.,UNRESOLVED,,member_count:2015-03-30:66
COUNT_NOT_200:2015-03-31:799,COUNT_NOT_200,2015-03-31,2015,,,,,200,66,,,,CRITICAL,Replay intervals do not establish the historical expected security count on this NSE session.,UNRESOLVED,,member_count:2015-03-31:66
COUNT_NOT_200:2015-04-01:800,COUNT_NOT_200,2015-04-01,2015,,,,,200,66,,,,CRITICAL,Replay intervals do not establish the historical expected security count on this NSE session.,UNRESOLVED,,member_count:2015-04-01:66
COUNT_NOT_200:2015-04-06:801,COUNT_NOT_200,2015-04-06,2015,,,,,200,66,,,,CRITICAL,Replay intervals do not establish the historical expected security count on this NSE session.,UNRESOLVED,,member_count:2015-04-06:66
COUNT_NOT_200:2015-04-07:802,COUNT_NOT_200,2015-04-07,2015,,,,,200,66,,,,CRITICAL,Replay intervals do not establish the historical expected security count on this NSE session.,UNRESOLVED,,member_count:2015-04-07:66
COUNT_NOT_200:2015-04-08:803,COUNT_NOT_200,2015-04-08,2015,,,,,200,66,,,,CRITICAL,Replay intervals do not establish the historical expected security count on this NSE session.,UNRESOLVED,,member_count:2015-04-08:66
COUNT_NOT_200:2015-04-09:804,COUNT_NOT_200,2015-04-09,2015,,,,,200,66,,,,CRITICAL,Replay intervals do not establish the historical expected security count on this NSE session.,UNRESOLVED,,member_count:2015-04-09:66
COUNT_NOT_200:2015-04-10:805,COUNT_NOT_200,2015-04-10,2015,,,,,200,66,,,,CRITICAL,Replay intervals do not establish the historical expected security count on this NSE session.,UNRESOLVED,,member_count:2015-04-10:66
COUNT_NOT_200:2015-04-13:806,COUNT_NOT_200,2015-04-13,2015,,,,,200,66,,,,CRITICAL,Replay intervals do not establish the historical expected security count on this NSE session.,UNRESOLVED,,member_count:2015-04-13:66
COUNT_NOT_200:2015-04-15:807,COUNT_NOT_200,2015-04-15,2015,,,,,200,66,,,,CRITICAL,Replay intervals do not establish the historical expected security count on this NSE session.,UNRESOLVED,,member_count:2015-04-15:66
COUNT_NOT_200:2015-04-16:808,COUNT_NOT_200,2015-04-16,2015,,,,,200,66,,,,CRITICAL,Replay intervals do not establish the historical expected security count on this NSE session.,UNRESOLVED,,member_count:2015-04-16:66
COUNT_NOT_200:2015-04-17:809,COUNT_NOT_200,2015-04-17,2015,,,,,200,66,,,,CRITICAL,Replay intervals do not establish the historical expected security count on this NSE session.,UNRESOLVED,,member_count:2015-04-17:66
COUNT_NOT_200:2015-04-20:810,COUNT_NOT_200,2015-04-20,2015,,,,,200,66,,,,CRITICAL,Replay intervals do not establish the historical expected security count on this NSE session.,UNRESOLVED,,member_count:2015-04-20:66
COUNT_NOT_200:2015-04-21:811,COUNT_NOT_200,2015-04-21,2015,,,,,200,66,,,,CRITICAL,Replay intervals do not establish the historical expected security count on this NSE session.,UNRESOLVED,,member_count:2015-04-21:66
COUNT_NOT_200:2015-04-22:812,COUNT_NOT_200,2015-04-22,2015,,,,,200,66,,,,CRITICAL,Replay intervals do not establish the historical expected security count on this NSE session.,UNRESOLVED,,member_count:2015-04-22:66
COUNT_NOT_200:2015-04-23:813,COUNT_NOT_200,2015-04-23,2015,,,,,200,66,,,,CRITICAL,Replay intervals do not establish the historical expected security count on this NSE session.,UNRESOLVED,,member_count:2015-04-23:66
COUNT_NOT_200:2015-04-24:814,COUNT_NOT_200,2015-04-24,2015,,,,,200,66,,,,CRITICAL,Replay intervals do not establish the historical expected security count on this NSE session.,UNRESOLVED,,member_count:2015-04-24:66
COUNT_NOT_200:2015-04-27:815,COUNT_NOT_200,2015-04-27,2015,,,,,200,66,,,,CRITICAL,Replay intervals do not establish the historical expected security count on this NSE session.,UNRESOLVED,,member_count:2015-04-27:66
COUNT_NOT_200:2015-04-28:816,COUNT_NOT_200,2015-04-28,2015,,,,,200,66,,,,CRITICAL,Replay intervals do not establish the historical expected security count on this NSE session.,UNRESOLVED,,member_count:2015-04-28:66
COUNT_NOT_200:2015-04-29:817,COUNT_NOT_200,2015-04-29,2015,,,,,200,66,,,,CRITICAL,Replay intervals do not establish the historical expected security count on this NSE session.,UNRESOLVED,,member_count:2015-04-29:66
COUNT_NOT_200:2015-04-30:818,COUNT_NOT_200,2015-04-30,2015,,,,,200,66,,,,CRITICAL,Replay intervals do not establish the historical expected security count on this NSE session.,UNRESOLVED,,member_count:2015-04-30:66
COUNT_NOT_200:2015-05-04:819,COUNT_NOT_200,2015-05-04,2015,,,,,200,66,,,,CRITICAL,Replay intervals do not establish the historical expected security count on this NSE session.,UNRESOLVED,,member_count:2015-05-04:66
COUNT_NOT_200:2015-05-05:820,COUNT_NOT_200,2015-05-05,2015,,,,,200,66,,,,CRITICAL,Replay intervals do not establish the historical expected security count on this NSE session.,UNRESOLVED,,member_count:2015-05-05:66
COUNT_NOT_200:2015-05-06:821,COUNT_NOT_200,2015-05-06,2015,,,,,200,66,,,,CRITICAL,Replay intervals do not establish the historical expected security count on this NSE session.,UNRESOLVED,,member_count:2015-05-06:66
COUNT_NOT_200:2015-05-07:822,COUNT_NOT_200,2015-05-07,2015,,,,,200,66,,,,CRITICAL,Replay intervals do not establish the historical expected security count on this NSE session.,UNRESOLVED,,member_count:2015-05-07:66
COUNT_NOT_200:2015-05-08:823,COUNT_NOT_200,2015-05-08,2015,,,,,200,66,,,,CRITICAL,Replay intervals do not establish the historical expected security count on this NSE session.,UNRESOLVED,,member_count:2015-05-08:66
COUNT_NOT_200:2015-05-11:824,COUNT_NOT_200,2015-05-11,2015,,,,,200,66,,,,CRITICAL,Replay intervals do not establish the historical expected security count on this NSE session.,UNRESOLVED,,member_count:2015-05-11:66
COUNT_NOT_200:2015-05-12:825,COUNT_NOT_200,2015-05-12,2015,,,,,200,66,,,,CRITICAL,Replay intervals do not establish the historical expected security count on this NSE session.,UNRESOLVED,,member_count:2015-05-12:66
COUNT_NOT_200:2015-05-13:826,COUNT_NOT_200,2015-05-13,2015,,,,,200,66,,,,CRITICAL,Replay intervals do not establish the historical expected security count on this NSE session.,UNRESOLVED,,member_count:2015-05-13:66
COUNT_NOT_200:2015-05-14:827,COUNT_NOT_200,2015-05-14,2015,,,,,200,66,,,,CRITICAL,Replay intervals do not establish the historical expected security count on this NSE session.,UNRESOLVED,,member_count:2015-05-14:66
COUNT_NOT_200:2015-05-15:828,COUNT_NOT_200,2015-05-15,2015,,,,,200,66,,,,CRITICAL,Replay intervals do not establish the historical expected security count on this NSE session.,UNRESOLVED,,member_count:2015-05-15:66
COUNT_NOT_200:2015-05-18:829,COUNT_NOT_200,2015-05-18,2015,,,,,200,66,,,,CRITICAL,Replay intervals do not establish the historical expected security count on this NSE session.,UNRESOLVED,,member_count:2015-05-18:66
COUNT_NOT_200:2015-05-19:830,COUNT_NOT_200,2015-05-19,2015,,,,,200,66,,,,CRITICAL,Replay intervals do not establish the historical expected security count on this NSE session.,UNRESOLVED,,member_count:2015-05-19:66
COUNT_NOT_200:2015-05-20:831,COUNT_NOT_200,2015-05-20,2015,,,,,200,66,,,,CRITICAL,Replay intervals do not establish the historical expected security count on this NSE session.,UNRESOLVED,,member_count:2015-05-20:66
COUNT_NOT_200:2015-05-21:832,COUNT_NOT_200,2015-05-21,2015,,,,,200,66,,,,CRITICAL,Replay intervals do not establish the historical expected security count on this NSE session.,UNRESOLVED,,member_count:2015-05-21:66
COUNT_NOT_200:2015-05-22:833,COUNT_NOT_200,2015-05-22,2015,,,,,200,66,,,,CRITICAL,Replay intervals do not establish the historical expected security count on this NSE session.,UNRESOLVED,,member_count:2015-05-22:66
COUNT_NOT_200:2015-05-25:834,COUNT_NOT_200,2015-05-25,2015,,,,,200,66,,,,CRITICAL,Replay intervals do not establish the historical expected security count on this NSE session.,UNRESOLVED,,member_count:2015-05-25:66
COUNT_NOT_200:2015-05-26:835,COUNT_NOT_200,2015-05-26,2015,,,,,200,66,,,,CRITICAL,Replay intervals do not establish the historical expected security count on this NSE session.,UNRESOLVED,,member_count:2015-05-26:66
COUNT_NOT_200:2015-05-27:836,COUNT_NOT_200,2015-05-27,2015,,,,,200,66,,,,CRITICAL,Replay intervals do not establish the historical expected security count on this NSE session.,UNRESOLVED,,member_count:2015-05-27:66
COUNT_NOT_200:2015-05-28:837,COUNT_NOT_200,2015-05-28,2015,,,,,200,66,,,,CRITICAL,Replay intervals do not establish the historical expected security count on this NSE session.,UNRESOLVED,,member_count:2015-05-28:66
COUNT_NOT_200:2015-05-29:838,COUNT_NOT_200,2015-05-29,2015,,,,,200,68,,,,CRITICAL,Replay intervals do not establish the historical expected security count on this NSE session.,UNRESOLVED,,member_count:2015-05-29:68
COUNT_NOT_200:2015-06-01:839,COUNT_NOT_200,2015-06-01,2015,,,,,200,68,,,,CRITICAL,Replay intervals do not establish the historical expected security count on this NSE session.,UNRESOLVED,,member_count:2015-06-01:68
COUNT_NOT_200:2015-06-02:840,COUNT_NOT_200,2015-06-02,2015,,,,,200,68,,,,CRITICAL,Replay intervals do not establish the historical expected security count on this NSE session.,UNRESOLVED,,member_count:2015-06-02:68
COUNT_NOT_200:2015-06-03:841,COUNT_NOT_200,2015-06-03,2015,,,,,200,68,,,,CRITICAL,Replay intervals do not establish the historical expected security count on this NSE session.,UNRESOLVED,,member_count:2015-06-03:68
COUNT_NOT_200:2015-06-04:842,COUNT_NOT_200,2015-06-04,2015,,,,,200,68,,,,CRITICAL,Replay intervals do not establish the historical expected security count on this NSE session.,UNRESOLVED,,member_count:2015-06-04:68
COUNT_NOT_200:2015-06-05:843,COUNT_NOT_200,2015-06-05,2015,,,,,200,68,,,,CRITICAL,Replay intervals do not establish the historical expected security count on this NSE session.,UNRESOLVED,,member_count:2015-06-05:68
COUNT_NOT_200:2015-06-08:844,COUNT_NOT_200,2015-06-08,2015,,,,,200,68,,,,CRITICAL,Replay intervals do not establish the historical expected security count on this NSE session.,UNRESOLVED,,member_count:2015-06-08:68
COUNT_NOT_200:2015-06-09:845,COUNT_NOT_200,2015-06-09,2015,,,,,200,68,,,,CRITICAL,Replay intervals do not establish the historical expected security count on this NSE session.,UNRESOLVED,,member_count:2015-06-09:68
COUNT_NOT_200:2015-06-10:846,COUNT_NOT_200,2015-06-10,2015,,,,,200,68,,,,CRITICAL,Replay intervals do not establish the historical expected security count on this NSE session.,UNRESOLVED,,member_count:2015-06-10:68
COUNT_NOT_200:2015-06-11:847,COUNT_NOT_200,2015-06-11,2015,,,,,200,68,,,,CRITICAL,Replay intervals do not establish the historical expected security count on this NSE session.,UNRESOLVED,,member_count:2015-06-11:68
COUNT_NOT_200:2015-06-12:848,COUNT_NOT_200,2015-06-12,2015,,,,,200,68,,,,CRITICAL,Replay intervals do not establish the historical expected security count on this NSE session.,UNRESOLVED,,member_count:2015-06-12:68
COUNT_NOT_200:2015-06-15:849,COUNT_NOT_200,2015-06-15,2015,,,,,200,68,,,,CRITICAL,Replay intervals do not establish the historical expected security count on this NSE session.,UNRESOLVED,,member_count:2015-06-15:68
COUNT_NOT_200:2015-06-16:850,COUNT_NOT_200,2015-06-16,2015,,,,,200,68,,,,CRITICAL,Replay intervals do not establish the historical expected security count on this NSE session.,UNRESOLVED,,member_count:2015-06-16:68
COUNT_NOT_200:2015-06-17:851,COUNT_NOT_200,2015-06-17,2015,,,,,200,68,,,,CRITICAL,Replay intervals do not establish the historical expected security count on this NSE session.,UNRESOLVED,,member_count:2015-06-17:68
COUNT_NOT_200:2015-06-18:852,COUNT_NOT_200,2015-06-18,2015,,,,,200,68,,,,CRITICAL,Replay intervals do not establish the historical expected security count on this NSE session.,UNRESOLVED,,member_count:2015-06-18:68
COUNT_NOT_200:2015-06-19:853,COUNT_NOT_200,2015-06-19,2015,,,,,200,68,,,,CRITICAL,Replay intervals do not establish the historical expected security count on this NSE session.,UNRESOLVED,,member_count:2015-06-19:68
COUNT_NOT_200:2015-06-22:854,COUNT_NOT_200,2015-06-22,2015,,,,,200,68,,,,CRITICAL,Replay intervals do not establish the historical expected security count on this NSE session.,UNRESOLVED,,member_count:2015-06-22:68
COUNT_NOT_200:2015-06-23:855,COUNT_NOT_200,2015-06-23,2015,,,,,200,68,,,,CRITICAL,Replay intervals do not establish the historical expected security count on this NSE session.,UNRESOLVED,,member_count:2015-06-23:68
COUNT_NOT_200:2015-06-24:856,COUNT_NOT_200,2015-06-24,2015,,,,,200,68,,,,CRITICAL,Replay intervals do not establish the historical expected security count on this NSE session.,UNRESOLVED,,member_count:2015-06-24:68
COUNT_NOT_200:2015-06-25:857,COUNT_NOT_200,2015-06-25,2015,,,,,200,68,,,,CRITICAL,Replay intervals do not establish the historical expected security count on this NSE session.,UNRESOLVED,,member_count:2015-06-25:68
COUNT_NOT_200:2015-06-26:858,COUNT_NOT_200,2015-06-26,2015,,,,,200,68,,,,CRITICAL,Replay intervals do not establish the historical expected security count on this NSE session.,UNRESOLVED,,member_count:2015-06-26:68
COUNT_NOT_200:2015-06-29:859,COUNT_NOT_200,2015-06-29,2015,,,,,200,68,,,,CRITICAL,Replay intervals do not establish the historical expected security count on this NSE session.,UNRESOLVED,,member_count:2015-06-29:68
COUNT_NOT_200:2015-06-30:860,COUNT_NOT_200,2015-06-30,2015,,,,,200,68,,,,CRITICAL,Replay intervals do not establish the historical expected security count on this NSE session.,UNRESOLVED,,member_count:2015-06-30:68
COUNT_NOT_200:2015-07-01:861,COUNT_NOT_200,2015-07-01,2015,,,,,200,68,,,,CRITICAL,Replay intervals do not establish the historical expected security count on this NSE session.,UNRESOLVED,,member_count:2015-07-01:68
COUNT_NOT_200:2015-07-02:862,COUNT_NOT_200,2015-07-02,2015,,,,,200,68,,,,CRITICAL,Replay intervals do not establish the historical expected security count on this NSE session.,UNRESOLVED,,member_count:2015-07-02:68
COUNT_NOT_200:2015-07-03:863,COUNT_NOT_200,2015-07-03,2015,,,,,200,68,,,,CRITICAL,Replay intervals do not establish the historical expected security count on this NSE session.,UNRESOLVED,,member_count:2015-07-03:68
COUNT_NOT_200:2015-07-06:864,COUNT_NOT_200,2015-07-06,2015,,,,,200,68,,,,CRITICAL,Replay intervals do not establish the historical expected security count on this NSE session.,UNRESOLVED,,member_count:2015-07-06:68
COUNT_NOT_200:2015-07-07:865,COUNT_NOT_200,2015-07-07,2015,,,,,200,68,,,,CRITICAL,Replay intervals do not establish the historical expected security count on this NSE session.,UNRESOLVED,,member_count:2015-07-07:68
COUNT_NOT_200:2015-07-08:866,COUNT_NOT_200,2015-07-08,2015,,,,,200,68,,,,CRITICAL,Replay intervals do not establish the historical expected security count on this NSE session.,UNRESOLVED,,member_count:2015-07-08:68
COUNT_NOT_200:2015-07-09:867,COUNT_NOT_200,2015-07-09,2015,,,,,200,68,,,,CRITICAL,Replay intervals do not establish the historical expected security count on this NSE session.,UNRESOLVED,,member_count:2015-07-09:68
COUNT_NOT_200:2015-07-10:868,COUNT_NOT_200,2015-07-10,2015,,,,,200,68,,,,CRITICAL,Replay intervals do not establish the historical expected security count on this NSE session.,UNRESOLVED,,member_count:2015-07-10:68
COUNT_NOT_200:2015-07-13:869,COUNT_NOT_200,2015-07-13,2015,,,,,200,68,,,,CRITICAL,Replay intervals do not establish the historical expected security count on this NSE session.,UNRESOLVED,,member_count:2015-07-13:68
COUNT_NOT_200:2015-07-14:870,COUNT_NOT_200,2015-07-14,2015,,,,,200,68,,,,CRITICAL,Replay intervals do not establish the historical expected security count on this NSE session.,UNRESOLVED,,member_count:2015-07-14:68
COUNT_NOT_200:2015-07-15:871,COUNT_NOT_200,2015-07-15,2015,,,,,200,68,,,,CRITICAL,Replay intervals do not establish the historical expected security count on this NSE session.,UNRESOLVED,,member_count:2015-07-15:68
COUNT_NOT_200:2015-07-16:872,COUNT_NOT_200,2015-07-16,2015,,,,,200,68,,,,CRITICAL,Replay intervals do not establish the historical expected security count on this NSE session.,UNRESOLVED,,member_count:2015-07-16:68
COUNT_NOT_200:2015-07-17:873,COUNT_NOT_200,2015-07-17,2015,,,,,200,68,,,,CRITICAL,Replay intervals do not establish the historical expected security count on this NSE session.,UNRESOLVED,,member_count:2015-07-17:68
COUNT_NOT_200:2015-07-20:874,COUNT_NOT_200,2015-07-20,2015,,,,,200,68,,,,CRITICAL,Replay intervals do not establish the historical expected security count on this NSE session.,UNRESOLVED,,member_count:2015-07-20:68
COUNT_NOT_200:2015-07-21:875,COUNT_NOT_200,2015-07-21,2015,,,,,200,68,,,,CRITICAL,Replay intervals do not establish the historical expected security count on this NSE session.,UNRESOLVED,,member_count:2015-07-21:68
COUNT_NOT_200:2015-07-22:876,COUNT_NOT_200,2015-07-22,2015,,,,,200,68,,,,CRITICAL,Replay intervals do not establish the historical expected security count on this NSE session.,UNRESOLVED,,member_count:2015-07-22:68
COUNT_NOT_200:2015-07-23:877,COUNT_NOT_200,2015-07-23,2015,,,,,200,68,,,,CRITICAL,Replay intervals do not establish the historical expected security count on this NSE session.,UNRESOLVED,,member_count:2015-07-23:68
COUNT_NOT_200:2015-07-24:878,COUNT_NOT_200,2015-07-24,2015,,,,,200,68,,,,CRITICAL,Replay intervals do not establish the historical expected security count on this NSE session.,UNRESOLVED,,member_count:2015-07-24:68
COUNT_NOT_200:2015-07-27:879,COUNT_NOT_200,2015-07-27,2015,,,,,200,68,,,,CRITICAL,Replay intervals do not establish the historical expected security count on this NSE session.,UNRESOLVED,,member_count:2015-07-27:68
COUNT_NOT_200:2015-07-28:880,COUNT_NOT_200,2015-07-28,2015,,,,,200,68,,,,CRITICAL,Replay intervals do not establish the historical expected security count on this NSE session.,UNRESOLVED,,member_count:2015-07-28:68
COUNT_NOT_200:2015-07-29:881,COUNT_NOT_200,2015-07-29,2015,,,,,200,68,,,,CRITICAL,Replay intervals do not establish the historical expected security count on this NSE session.,UNRESOLVED,,member_count:2015-07-29:68
COUNT_NOT_200:2015-07-30:882,COUNT_NOT_200,2015-07-30,2015,,,,,200,68,,,,CRITICAL,Replay intervals do not establish the historical expected security count on this NSE session.,UNRESOLVED,,member_count:2015-07-30:68
COUNT_NOT_200:2015-07-31:883,COUNT_NOT_200,2015-07-31,2015,,,,,200,68,,,,CRITICAL,Replay intervals do not establish the historical expected security count on this NSE session.,UNRESOLVED,,member_count:2015-07-31:68
COUNT_NOT_200:2015-08-03:884,COUNT_NOT_200,2015-08-03,2015,,,,,200,68,,,,CRITICAL,Replay intervals do not establish the historical expected security count on this NSE session.,UNRESOLVED,,member_count:2015-08-03:68
COUNT_NOT_200:2015-08-04:885,COUNT_NOT_200,2015-08-04,2015,,,,,200,68,,,,CRITICAL,Replay intervals do not establish the historical expected security count on this NSE session.,UNRESOLVED,,member_count:2015-08-04:68
COUNT_NOT_200:2015-08-05:886,COUNT_NOT_200,2015-08-05,2015,,,,,200,68,,,,CRITICAL,Replay intervals do not establish the historical expected security count on this NSE session.,UNRESOLVED,,member_count:2015-08-05:68
COUNT_NOT_200:2015-08-06:887,COUNT_NOT_200,2015-08-06,2015,,,,,200,68,,,,CRITICAL,Replay intervals do not establish the historical expected security count on this NSE session.,UNRESOLVED,,member_count:2015-08-06:68
COUNT_NOT_200:2015-08-07:888,COUNT_NOT_200,2015-08-07,2015,,,,,200,68,,,,CRITICAL,Replay intervals do not establish the historical expected security count on this NSE session.,UNRESOLVED,,member_count:2015-08-07:68
COUNT_NOT_200:2015-08-10:889,COUNT_NOT_200,2015-08-10,2015,,,,,200,68,,,,CRITICAL,Replay intervals do not establish the historical expected security count on this NSE session.,UNRESOLVED,,member_count:2015-08-10:68
COUNT_NOT_200:2015-08-11:890,COUNT_NOT_200,2015-08-11,2015,,,,,200,68,,,,CRITICAL,Replay intervals do not establish the historical expected security count on this NSE session.,UNRESOLVED,,member_count:2015-08-11:68
COUNT_NOT_200:2015-08-12:891,COUNT_NOT_200,2015-08-12,2015,,,,,200,68,,,,CRITICAL,Replay intervals do not establish the historical expected security count on this NSE session.,UNRESOLVED,,member_count:2015-08-12:68
COUNT_NOT_200:2015-08-13:892,COUNT_NOT_200,2015-08-13,2015,,,,,200,68,,,,CRITICAL,Replay intervals do not establish the historical expected security count on this NSE session.,UNRESOLVED,,member_count:2015-08-13:68
COUNT_NOT_200:2015-08-14:893,COUNT_NOT_200,2015-08-14,2015,,,,,200,68,,,,CRITICAL,Replay intervals do not establish the historical expected security count on this NSE session.,UNRESOLVED,,member_count:2015-08-14:68
COUNT_NOT_200:2015-08-17:894,COUNT_NOT_200,2015-08-17,2015,,,,,200,68,,,,CRITICAL,Replay intervals do not establish the historical expected security count on this NSE session.,UNRESOLVED,,member_count:2015-08-17:68
COUNT_NOT_200:2015-08-18:895,COUNT_NOT_200,2015-08-18,2015,,,,,200,68,,,,CRITICAL,Replay intervals do not establish the historical expected security count on this NSE session.,UNRESOLVED,,member_count:2015-08-18:68
COUNT_NOT_200:2015-08-19:896,COUNT_NOT_200,2015-08-19,2015,,,,,200,68,,,,CRITICAL,Replay intervals do not establish the historical expected security count on this NSE session.,UNRESOLVED,,member_count:2015-08-19:68
COUNT_NOT_200:2015-08-20:897,COUNT_NOT_200,2015-08-20,2015,,,,,200,68,,,,CRITICAL,Replay intervals do not establish the historical expected security count on this NSE session.,UNRESOLVED,,member_count:2015-08-20:68
COUNT_NOT_200:2015-08-21:898,COUNT_NOT_200,2015-08-21,2015,,,,,200,68,,,,CRITICAL,Replay intervals do not establish the historical expected security count on this NSE session.,UNRESOLVED,,member_count:2015-08-21:68
COUNT_NOT_200:2015-08-24:899,COUNT_NOT_200,2015-08-24,2015,,,,,200,68,,,,CRITICAL,Replay intervals do not establish the historical expected security count on this NSE session.,UNRESOLVED,,member_count:2015-08-24:68
COUNT_NOT_200:2015-08-25:900,COUNT_NOT_200,2015-08-25,2015,,,,,200,68,,,,CRITICAL,Replay intervals do not establish the historical expected security count on this NSE session.,UNRESOLVED,,member_count:2015-08-25:68
COUNT_NOT_200:2015-08-26:901,COUNT_NOT_200,2015-08-26,2015,,,,,200,68,,,,CRITICAL,Replay intervals do not establish the historical expected security count on this NSE session.,UNRESOLVED,,member_count:2015-08-26:68
COUNT_NOT_200:2015-08-27:902,COUNT_NOT_200,2015-08-27,2015,,,,,200,68,,,,CRITICAL,Replay intervals do not establish the historical expected security count on this NSE session.,UNRESOLVED,,member_count:2015-08-27:68
COUNT_NOT_200:2015-08-28:903,COUNT_NOT_200,2015-08-28,2015,,,,,200,68,,,,CRITICAL,Replay intervals do not establish the historical expected security count on this NSE session.,UNRESOLVED,,member_count:2015-08-28:68
COUNT_NOT_200:2015-08-31:904,COUNT_NOT_200,2015-08-31,2015,,,,,200,68,,,,CRITICAL,Replay intervals do not establish the historical expected security count on this NSE session.,UNRESOLVED,,member_count:2015-08-31:68
COUNT_NOT_200:2015-09-01:905,COUNT_NOT_200,2015-09-01,2015,,,,,200,68,,,,CRITICAL,Replay intervals do not establish the historical expected security count on this NSE session.,UNRESOLVED,,member_count:2015-09-01:68
COUNT_NOT_200:2015-09-02:906,COUNT_NOT_200,2015-09-02,2015,,,,,200,68,,,,CRITICAL,Replay intervals do not establish the historical expected security count on this NSE session.,UNRESOLVED,,member_count:2015-09-02:68
COUNT_NOT_200:2015-09-03:907,COUNT_NOT_200,2015-09-03,2015,,,,,200,68,,,,CRITICAL,Replay intervals do not establish the historical expected security count on this NSE session.,UNRESOLVED,,member_count:2015-09-03:68
COUNT_NOT_200:2015-09-04:908,COUNT_NOT_200,2015-09-04,2015,,,,,200,68,,,,CRITICAL,Replay intervals do not establish the historical expected security count on this NSE session.,UNRESOLVED,,member_count:2015-09-04:68
COUNT_NOT_200:2015-09-07:909,COUNT_NOT_200,2015-09-07,2015,,,,,200,68,,,,CRITICAL,Replay intervals do not establish the historical expected security count on this NSE session.,UNRESOLVED,,member_count:2015-09-07:68
COUNT_NOT_200:2015-09-08:910,COUNT_NOT_200,2015-09-08,2015,,,,,200,68,,,,CRITICAL,Replay intervals do not establish the historical expected security count on this NSE session.,UNRESOLVED,,member_count:2015-09-08:68
COUNT_NOT_200:2015-09-09:911,COUNT_NOT_200,2015-09-09,2015,,,,,200,68,,,,CRITICAL,Replay intervals do not establish the historical expected security count on this NSE session.,UNRESOLVED,,member_count:2015-09-09:68
COUNT_NOT_200:2015-09-10:912,COUNT_NOT_200,2015-09-10,2015,,,,,200,68,,,,CRITICAL,Replay intervals do not establish the historical expected security count on this NSE session.,UNRESOLVED,,member_count:2015-09-10:68
COUNT_NOT_200:2015-09-11:913,COUNT_NOT_200,2015-09-11,2015,,,,,200,68,,,,CRITICAL,Replay intervals do not establish the historical expected security count on this NSE session.,UNRESOLVED,,member_count:2015-09-11:68
COUNT_NOT_200:2015-09-14:914,COUNT_NOT_200,2015-09-14,2015,,,,,200,68,,,,CRITICAL,Replay intervals do not establish the historical expected security count on this NSE session.,UNRESOLVED,,member_count:2015-09-14:68
COUNT_NOT_200:2015-09-15:915,COUNT_NOT_200,2015-09-15,2015,,,,,200,68,,,,CRITICAL,Replay intervals do not establish the historical expected security count on this NSE session.,UNRESOLVED,,member_count:2015-09-15:68
COUNT_NOT_200:2015-09-16:916,COUNT_NOT_200,2015-09-16,2015,,,,,200,68,,,,CRITICAL,Replay intervals do not establish the historical expected security count on this NSE session.,UNRESOLVED,,member_count:2015-09-16:68
COUNT_NOT_200:2015-09-18:917,COUNT_NOT_200,2015-09-18,2015,,,,,200,68,,,,CRITICAL,Replay intervals do not establish the historical expected security count on this NSE session.,UNRESOLVED,,member_count:2015-09-18:68
COUNT_NOT_200:2015-09-21:918,COUNT_NOT_200,2015-09-21,2015,,,,,200,68,,,,CRITICAL,Replay intervals do not establish the historical expected security count on this NSE session.,UNRESOLVED,,member_count:2015-09-21:68
COUNT_NOT_200:2015-09-22:919,COUNT_NOT_200,2015-09-22,2015,,,,,200,68,,,,CRITICAL,Replay intervals do not establish the historical expected security count on this NSE session.,UNRESOLVED,,member_count:2015-09-22:68
COUNT_NOT_200:2015-09-23:920,COUNT_NOT_200,2015-09-23,2015,,,,,200,68,,,,CRITICAL,Replay intervals do not establish the historical expected security count on this NSE session.,UNRESOLVED,,member_count:2015-09-23:68
COUNT_NOT_200:2015-09-24:921,COUNT_NOT_200,2015-09-24,2015,,,,,200,68,,,,CRITICAL,Replay intervals do not establish the historical expected security count on this NSE session.,UNRESOLVED,,member_count:2015-09-24:68
COUNT_NOT_200:2015-09-28:922,COUNT_NOT_200,2015-09-28,2015,,,,,200,74,,,,CRITICAL,Replay intervals do not establish the historical expected security count on this NSE session.,UNRESOLVED,,member_count:2015-09-28:74
COUNT_NOT_200:2015-09-29:923,COUNT_NOT_200,2015-09-29,2015,,,,,200,74,,,,CRITICAL,Replay intervals do not establish the historical expected security count on this NSE session.,UNRESOLVED,,member_count:2015-09-29:74
COUNT_NOT_200:2015-09-30:924,COUNT_NOT_200,2015-09-30,2015,,,,,200,74,,,,CRITICAL,Replay intervals do not establish the historical expected security count on this NSE session.,UNRESOLVED,,member_count:2015-09-30:74
COUNT_NOT_200:2015-10-01:925,COUNT_NOT_200,2015-10-01,2015,,,,,200,74,,,,CRITICAL,Replay intervals do not establish the historical expected security count on this NSE session.,UNRESOLVED,,member_count:2015-10-01:74
COUNT_NOT_200:2015-10-05:926,COUNT_NOT_200,2015-10-05,2015,,,,,200,74,,,,CRITICAL,Replay intervals do not establish the historical expected security count on this NSE session.,UNRESOLVED,,member_count:2015-10-05:74
COUNT_NOT_200:2015-10-06:927,COUNT_NOT_200,2015-10-06,2015,,,,,200,74,,,,CRITICAL,Replay intervals do not establish the historical expected security count on this NSE session.,UNRESOLVED,,member_count:2015-10-06:74
COUNT_NOT_200:2015-10-07:928,COUNT_NOT_200,2015-10-07,2015,,,,,200,74,,,,CRITICAL,Replay intervals do not establish the historical expected security count on this NSE session.,UNRESOLVED,,member_count:2015-10-07:74
COUNT_NOT_200:2015-10-08:929,COUNT_NOT_200,2015-10-08,2015,,,,,200,74,,,,CRITICAL,Replay intervals do not establish the historical expected security count on this NSE session.,UNRESOLVED,,member_count:2015-10-08:74
COUNT_NOT_200:2015-10-09:930,COUNT_NOT_200,2015-10-09,2015,,,,,200,74,,,,CRITICAL,Replay intervals do not establish the historical expected security count on this NSE session.,UNRESOLVED,,member_count:2015-10-09:74
COUNT_NOT_200:2015-10-12:931,COUNT_NOT_200,2015-10-12,2015,,,,,200,74,,,,CRITICAL,Replay intervals do not establish the historical expected security count on this NSE session.,UNRESOLVED,,member_count:2015-10-12:74
COUNT_NOT_200:2015-10-13:932,COUNT_NOT_200,2015-10-13,2015,,,,,200,74,,,,CRITICAL,Replay intervals do not establish the historical expected security count on this NSE session.,UNRESOLVED,,member_count:2015-10-13:74
COUNT_NOT_200:2015-10-14:933,COUNT_NOT_200,2015-10-14,2015,,,,,200,74,,,,CRITICAL,Replay intervals do not establish the historical expected security count on this NSE session.,UNRESOLVED,,member_count:2015-10-14:74
COUNT_NOT_200:2015-10-15:934,COUNT_NOT_200,2015-10-15,2015,,,,,200,74,,,,CRITICAL,Replay intervals do not establish the historical expected security count on this NSE session.,UNRESOLVED,,member_count:2015-10-15:74
COUNT_NOT_200:2015-10-16:935,COUNT_NOT_200,2015-10-16,2015,,,,,200,74,,,,CRITICAL,Replay intervals do not establish the historical expected security count on this NSE session.,UNRESOLVED,,member_count:2015-10-16:74
COUNT_NOT_200:2015-10-19:936,COUNT_NOT_200,2015-10-19,2015,,,,,200,75,,,,CRITICAL,Replay intervals do not establish the historical expected security count on this NSE session.,UNRESOLVED,,member_count:2015-10-19:75
COUNT_NOT_200:2015-10-20:937,COUNT_NOT_200,2015-10-20,2015,,,,,200,75,,,,CRITICAL,Replay intervals do not establish the historical expected security count on this NSE session.,UNRESOLVED,,member_count:2015-10-20:75
COUNT_NOT_200:2015-10-21:938,COUNT_NOT_200,2015-10-21,2015,,,,,200,75,,,,CRITICAL,Replay intervals do not establish the historical expected security count on this NSE session.,UNRESOLVED,,member_count:2015-10-21:75
COUNT_NOT_200:2015-10-23:939,COUNT_NOT_200,2015-10-23,2015,,,,,200,75,,,,CRITICAL,Replay intervals do not establish the historical expected security count on this NSE session.,UNRESOLVED,,member_count:2015-10-23:75
COUNT_NOT_200:2015-10-26:940,COUNT_NOT_200,2015-10-26,2015,,,,,200,75,,,,CRITICAL,Replay intervals do not establish the historical expected security count on this NSE session.,UNRESOLVED,,member_count:2015-10-26:75
COUNT_NOT_200:2015-10-27:941,COUNT_NOT_200,2015-10-27,2015,,,,,200,75,,,,CRITICAL,Replay intervals do not establish the historical expected security count on this NSE session.,UNRESOLVED,,member_count:2015-10-27:75
COUNT_NOT_200:2015-10-28:942,COUNT_NOT_200,2015-10-28,2015,,,,,200,75,,,,CRITICAL,Replay intervals do not establish the historical expected security count on this NSE session.,UNRESOLVED,,member_count:2015-10-28:75
COUNT_NOT_200:2015-10-29:943,COUNT_NOT_200,2015-10-29,2015,,,,,200,75,,,,CRITICAL,Replay intervals do not establish the historical expected security count on this NSE session.,UNRESOLVED,,member_count:2015-10-29:75
COUNT_NOT_200:2015-10-30:944,COUNT_NOT_200,2015-10-30,2015,,,,,200,75,,,,CRITICAL,Replay intervals do not establish the historical expected security count on this NSE session.,UNRESOLVED,,member_count:2015-10-30:75
COUNT_NOT_200:2015-11-02:945,COUNT_NOT_200,2015-11-02,2015,,,,,200,75,,,,CRITICAL,Replay intervals do not establish the historical expected security count on this NSE session.,UNRESOLVED,,member_count:2015-11-02:75
COUNT_NOT_200:2015-11-03:946,COUNT_NOT_200,2015-11-03,2015,,,,,200,75,,,,CRITICAL,Replay intervals do not establish the historical expected security count on this NSE session.,UNRESOLVED,,member_count:2015-11-03:75
COUNT_NOT_200:2015-11-04:947,COUNT_NOT_200,2015-11-04,2015,,,,,200,75,,,,CRITICAL,Replay intervals do not establish the historical expected security count on this NSE session.,UNRESOLVED,,member_count:2015-11-04:75
COUNT_NOT_200:2015-11-05:948,COUNT_NOT_200,2015-11-05,2015,,,,,200,75,,,,CRITICAL,Replay intervals do not establish the historical expected security count on this NSE session.,UNRESOLVED,,member_count:2015-11-05:75
COUNT_NOT_200:2015-11-06:949,COUNT_NOT_200,2015-11-06,2015,,,,,200,75,,,,CRITICAL,Replay intervals do not establish the historical expected security count on this NSE session.,UNRESOLVED,,member_count:2015-11-06:75
COUNT_NOT_200:2015-11-09:950,COUNT_NOT_200,2015-11-09,2015,,,,,200,75,,,,CRITICAL,Replay intervals do not establish the historical expected security count on this NSE session.,UNRESOLVED,,member_count:2015-11-09:75
COUNT_NOT_200:2015-11-10:951,COUNT_NOT_200,2015-11-10,2015,,,,,200,75,,,,CRITICAL,Replay intervals do not establish the historical expected security count on this NSE session.,UNRESOLVED,,member_count:2015-11-10:75
COUNT_NOT_200:2015-11-11:952,COUNT_NOT_200,2015-11-11,2015,,,,,200,75,,,,CRITICAL,Replay intervals do not establish the historical expected security count on this NSE session.,UNRESOLVED,,member_count:2015-11-11:75
COUNT_NOT_200:2015-11-13:953,COUNT_NOT_200,2015-11-13,2015,,,,,200,75,,,,CRITICAL,Replay intervals do not establish the historical expected security count on this NSE session.,UNRESOLVED,,member_count:2015-11-13:75
COUNT_NOT_200:2015-11-16:954,COUNT_NOT_200,2015-11-16,2015,,,,,200,75,,,,CRITICAL,Replay intervals do not establish the historical expected security count on this NSE session.,UNRESOLVED,,member_count:2015-11-16:75
COUNT_NOT_200:2015-11-17:955,COUNT_NOT_200,2015-11-17,2015,,,,,200,75,,,,CRITICAL,Replay intervals do not establish the historical expected security count on this NSE session.,UNRESOLVED,,member_count:2015-11-17:75
COUNT_NOT_200:2015-11-18:956,COUNT_NOT_200,2015-11-18,2015,,,,,200,75,,,,CRITICAL,Replay intervals do not establish the historical expected security count on this NSE session.,UNRESOLVED,,member_count:2015-11-18:75
COUNT_NOT_200:2015-11-19:957,COUNT_NOT_200,2015-11-19,2015,,,,,200,75,,,,CRITICAL,Replay intervals do not establish the historical expected security count on this NSE session.,UNRESOLVED,,member_count:2015-11-19:75
COUNT_NOT_200:2015-11-20:958,COUNT_NOT_200,2015-11-20,2015,,,,,200,75,,,,CRITICAL,Replay intervals do not establish the historical expected security count on this NSE session.,UNRESOLVED,,member_count:2015-11-20:75
COUNT_NOT_200:2015-11-23:959,COUNT_NOT_200,2015-11-23,2015,,,,,200,75,,,,CRITICAL,Replay intervals do not establish the historical expected security count on this NSE session.,UNRESOLVED,,member_count:2015-11-23:75
COUNT_NOT_200:2015-11-24:960,COUNT_NOT_200,2015-11-24,2015,,,,,200,75,,,,CRITICAL,Replay intervals do not establish the historical expected security count on this NSE session.,UNRESOLVED,,member_count:2015-11-24:75
COUNT_NOT_200:2015-11-26:961,COUNT_NOT_200,2015-11-26,2015,,,,,200,75,,,,CRITICAL,Replay intervals do not establish the historical expected security count on this NSE session.,UNRESOLVED,,member_count:2015-11-26:75
COUNT_NOT_200:2015-11-27:962,COUNT_NOT_200,2015-11-27,2015,,,,,200,75,,,,CRITICAL,Replay intervals do not establish the historical expected security count on this NSE session.,UNRESOLVED,,member_count:2015-11-27:75
COUNT_NOT_200:2015-11-30:963,COUNT_NOT_200,2015-11-30,2015,,,,,200,75,,,,CRITICAL,Replay intervals do not establish the historical expected security count on this NSE session.,UNRESOLVED,,member_count:2015-11-30:75
COUNT_NOT_200:2015-12-01:964,COUNT_NOT_200,2015-12-01,2015,,,,,200,75,,,,CRITICAL,Replay intervals do not establish the historical expected security count on this NSE session.,UNRESOLVED,,member_count:2015-12-01:75
COUNT_NOT_200:2015-12-02:965,COUNT_NOT_200,2015-12-02,2015,,,,,200,75,,,,CRITICAL,Replay intervals do not establish the historical expected security count on this NSE session.,UNRESOLVED,,member_count:2015-12-02:75
COUNT_NOT_200:2015-12-03:966,COUNT_NOT_200,2015-12-03,2015,,,,,200,75,,,,CRITICAL,Replay intervals do not establish the historical expected security count on this NSE session.,UNRESOLVED,,member_count:2015-12-03:75
COUNT_NOT_200:2015-12-04:967,COUNT_NOT_200,2015-12-04,2015,,,,,200,75,,,,CRITICAL,Replay intervals do not establish the historical expected security count on this NSE session.,UNRESOLVED,,member_count:2015-12-04:75
COUNT_NOT_200:2015-12-07:968,COUNT_NOT_200,2015-12-07,2015,,,,,200,75,,,,CRITICAL,Replay intervals do not establish the historical expected security count on this NSE session.,UNRESOLVED,,member_count:2015-12-07:75
COUNT_NOT_200:2015-12-08:969,COUNT_NOT_200,2015-12-08,2015,,,,,200,75,,,,CRITICAL,Replay intervals do not establish the historical expected security count on this NSE session.,UNRESOLVED,,member_count:2015-12-08:75
COUNT_NOT_200:2015-12-09:970,COUNT_NOT_200,2015-12-09,2015,,,,,200,75,,,,CRITICAL,Replay intervals do not establish the historical expected security count on this NSE session.,UNRESOLVED,,member_count:2015-12-09:75
COUNT_NOT_200:2015-12-10:971,COUNT_NOT_200,2015-12-10,2015,,,,,200,75,,,,CRITICAL,Replay intervals do not establish the historical expected security count on this NSE session.,UNRESOLVED,,member_count:2015-12-10:75
COUNT_NOT_200:2015-12-11:972,COUNT_NOT_200,2015-12-11,2015,,,,,200,75,,,,CRITICAL,Replay intervals do not establish the historical expected security count on this NSE session.,UNRESOLVED,,member_count:2015-12-11:75
COUNT_NOT_200:2015-12-14:973,COUNT_NOT_200,2015-12-14,2015,,,,,200,75,,,,CRITICAL,Replay intervals do not establish the historical expected security count on this NSE session.,UNRESOLVED,,member_count:2015-12-14:75
COUNT_NOT_200:2015-12-15:974,COUNT_NOT_200,2015-12-15,2015,,,,,200,75,,,,CRITICAL,Replay intervals do not establish the historical expected security count on this NSE session.,UNRESOLVED,,member_count:2015-12-15:75
COUNT_NOT_200:2015-12-16:975,COUNT_NOT_200,2015-12-16,2015,,,,,200,75,,,,CRITICAL,Replay intervals do not establish the historical expected security count on this NSE session.,UNRESOLVED,,member_count:2015-12-16:75
COUNT_NOT_200:2015-12-17:976,COUNT_NOT_200,2015-12-17,2015,,,,,200,75,,,,CRITICAL,Replay intervals do not establish the historical expected security count on this NSE session.,UNRESOLVED,,member_count:2015-12-17:75
COUNT_NOT_200:2015-12-18:977,COUNT_NOT_200,2015-12-18,2015,,,,,200,75,,,,CRITICAL,Replay intervals do not establish the historical expected security count on this NSE session.,UNRESOLVED,,member_count:2015-12-18:75
COUNT_NOT_200:2015-12-21:978,COUNT_NOT_200,2015-12-21,2015,,,,,200,75,,,,CRITICAL,Replay intervals do not establish the historical expected security count on this NSE session.,UNRESOLVED,,member_count:2015-12-21:75
COUNT_NOT_200:2015-12-22:979,COUNT_NOT_200,2015-12-22,2015,,,,,200,75,,,,CRITICAL,Replay intervals do not establish the historical expected security count on this NSE session.,UNRESOLVED,,member_count:2015-12-22:75
COUNT_NOT_200:2015-12-23:980,COUNT_NOT_200,2015-12-23,2015,,,,,200,75,,,,CRITICAL,Replay intervals do not establish the historical expected security count on this NSE session.,UNRESOLVED,,member_count:2015-12-23:75
COUNT_NOT_200:2015-12-24:981,COUNT_NOT_200,2015-12-24,2015,,,,,200,75,,,,CRITICAL,Replay intervals do not establish the historical expected security count on this NSE session.,UNRESOLVED,,member_count:2015-12-24:75
COUNT_NOT_200:2015-12-28:982,COUNT_NOT_200,2015-12-28,2015,,,,,200,75,,,,CRITICAL,Replay intervals do not establish the historical expected security count on this NSE session.,UNRESOLVED,,member_count:2015-12-28:75
COUNT_NOT_200:2015-12-29:983,COUNT_NOT_200,2015-12-29,2015,,,,,200,75,,,,CRITICAL,Replay intervals do not establish the historical expected security count on this NSE session.,UNRESOLVED,,member_count:2015-12-29:75
COUNT_NOT_200:2015-12-30:984,COUNT_NOT_200,2015-12-30,2015,,,,,200,75,,,,CRITICAL,Replay intervals do not establish the historical expected security count on this NSE session.,UNRESOLVED,,member_count:2015-12-30:75
COUNT_NOT_200:2015-12-31:985,COUNT_NOT_200,2015-12-31,2015,,,,,200,75,,,,CRITICAL,Replay intervals do not establish the historical expected security count on this NSE session.,UNRESOLVED,,member_count:2015-12-31:75
COUNT_NOT_200:2016-01-01:986,COUNT_NOT_200,2016-01-01,2016,,,,,200,75,,,,CRITICAL,Replay intervals do not establish the historical expected security count on this NSE session.,UNRESOLVED,,member_count:2016-01-01:75
COUNT_NOT_200:2016-01-04:987,COUNT_NOT_200,2016-01-04,2016,,,,,200,75,,,,CRITICAL,Replay intervals do not establish the historical expected security count on this NSE session.,UNRESOLVED,,member_count:2016-01-04:75
COUNT_NOT_200:2016-01-05:988,COUNT_NOT_200,2016-01-05,2016,,,,,200,75,,,,CRITICAL,Replay intervals do not establish the historical expected security count on this NSE session.,UNRESOLVED,,member_count:2016-01-05:75
COUNT_NOT_200:2016-01-06:989,COUNT_NOT_200,2016-01-06,2016,,,,,200,75,,,,CRITICAL,Replay intervals do not establish the historical expected security count on this NSE session.,UNRESOLVED,,member_count:2016-01-06:75
COUNT_NOT_200:2016-01-07:990,COUNT_NOT_200,2016-01-07,2016,,,,,200,75,,,,CRITICAL,Replay intervals do not establish the historical expected security count on this NSE session.,UNRESOLVED,,member_count:2016-01-07:75
COUNT_NOT_200:2016-01-08:991,COUNT_NOT_200,2016-01-08,2016,,,,,200,75,,,,CRITICAL,Replay intervals do not establish the historical expected security count on this NSE session.,UNRESOLVED,,member_count:2016-01-08:75
COUNT_NOT_200:2016-01-11:992,COUNT_NOT_200,2016-01-11,2016,,,,,200,75,,,,CRITICAL,Replay intervals do not establish the historical expected security count on this NSE session.,UNRESOLVED,,member_count:2016-01-11:75
COUNT_NOT_200:2016-01-12:993,COUNT_NOT_200,2016-01-12,2016,,,,,200,75,,,,CRITICAL,Replay intervals do not establish the historical expected security count on this NSE session.,UNRESOLVED,,member_count:2016-01-12:75
COUNT_NOT_200:2016-01-13:994,COUNT_NOT_200,2016-01-13,2016,,,,,200,75,,,,CRITICAL,Replay intervals do not establish the historical expected security count on this NSE session.,UNRESOLVED,,member_count:2016-01-13:75
COUNT_NOT_200:2016-01-14:995,COUNT_NOT_200,2016-01-14,2016,,,,,200,75,,,,CRITICAL,Replay intervals do not establish the historical expected security count on this NSE session.,UNRESOLVED,,member_count:2016-01-14:75
COUNT_NOT_200:2016-01-15:996,COUNT_NOT_200,2016-01-15,2016,,,,,200,75,,,,CRITICAL,Replay intervals do not establish the historical expected security count on this NSE session.,UNRESOLVED,,member_count:2016-01-15:75
COUNT_NOT_200:2016-01-18:997,COUNT_NOT_200,2016-01-18,2016,,,,,200,75,,,,CRITICAL,Replay intervals do not establish the historical expected security count on this NSE session.,UNRESOLVED,,member_count:2016-01-18:75
COUNT_NOT_200:2016-01-19:998,COUNT_NOT_200,2016-01-19,2016,,,,,200,75,,,,CRITICAL,Replay intervals do not establish the historical expected security count on this NSE session.,UNRESOLVED,,member_count:2016-01-19:75
COUNT_NOT_200:2016-01-20:999,COUNT_NOT_200,2016-01-20,2016,,,,,200,75,,,,CRITICAL,Replay intervals do not establish the historical expected security count on this NSE session.,UNRESOLVED,,member_count:2016-01-20:75
COUNT_NOT_200:2016-01-21:1000,COUNT_NOT_200,2016-01-21,2016,,,,,200,75,,,,CRITICAL,Replay intervals do not establish the historical expected security count on this NSE session.,UNRESOLVED,,member_count:2016-01-21:75
COUNT_NOT_200:2016-01-22:1001,COUNT_NOT_200,2016-01-22,2016,,,,,200,75,,,,CRITICAL,Replay intervals do not establish the historical expected security count on this NSE session.,UNRESOLVED,,member_count:2016-01-22:75
COUNT_NOT_200:2016-01-25:1002,COUNT_NOT_200,2016-01-25,2016,,,,,200,75,,,,CRITICAL,Replay intervals do not establish the historical expected security count on this NSE session.,UNRESOLVED,,member_count:2016-01-25:75
COUNT_NOT_200:2016-01-27:1003,COUNT_NOT_200,2016-01-27,2016,,,,,200,75,,,,CRITICAL,Replay intervals do not establish the historical expected security count on this NSE session.,UNRESOLVED,,member_count:2016-01-27:75
COUNT_NOT_200:2016-01-28:1004,COUNT_NOT_200,2016-01-28,2016,,,,,200,75,,,,CRITICAL,Replay intervals do not establish the historical expected security count on this NSE session.,UNRESOLVED,,member_count:2016-01-28:75
COUNT_NOT_200:2016-01-29:1005,COUNT_NOT_200,2016-01-29,2016,,,,,200,75,,,,CRITICAL,Replay intervals do not establish the historical expected security count on this NSE session.,UNRESOLVED,,member_count:2016-01-29:75
COUNT_NOT_200:2016-02-01:1006,COUNT_NOT_200,2016-02-01,2016,,,,,200,75,,,,CRITICAL,Replay intervals do not establish the historical expected security count on this NSE session.,UNRESOLVED,,member_count:2016-02-01:75
COUNT_NOT_200:2016-02-02:1007,COUNT_NOT_200,2016-02-02,2016,,,,,200,75,,,,CRITICAL,Replay intervals do not establish the historical expected security count on this NSE session.,UNRESOLVED,,member_count:2016-02-02:75
COUNT_NOT_200:2016-02-03:1008,COUNT_NOT_200,2016-02-03,2016,,,,,200,75,,,,CRITICAL,Replay intervals do not establish the historical expected security count on this NSE session.,UNRESOLVED,,member_count:2016-02-03:75
COUNT_NOT_200:2016-02-04:1009,COUNT_NOT_200,2016-02-04,2016,,,,,200,75,,,,CRITICAL,Replay intervals do not establish the historical expected security count on this NSE session.,UNRESOLVED,,member_count:2016-02-04:75
COUNT_NOT_200:2016-02-05:1010,COUNT_NOT_200,2016-02-05,2016,,,,,200,75,,,,CRITICAL,Replay intervals do not establish the historical expected security count on this NSE session.,UNRESOLVED,,member_count:2016-02-05:75
COUNT_NOT_200:2016-02-08:1011,COUNT_NOT_200,2016-02-08,2016,,,,,200,75,,,,CRITICAL,Replay intervals do not establish the historical expected security count on this NSE session.,UNRESOLVED,,member_count:2016-02-08:75
COUNT_NOT_200:2016-02-09:1012,COUNT_NOT_200,2016-02-09,2016,,,,,200,75,,,,CRITICAL,Replay intervals do not establish the historical expected security count on this NSE session.,UNRESOLVED,,member_count:2016-02-09:75
COUNT_NOT_200:2016-02-10:1013,COUNT_NOT_200,2016-02-10,2016,,,,,200,75,,,,CRITICAL,Replay intervals do not establish the historical expected security count on this NSE session.,UNRESOLVED,,member_count:2016-02-10:75
COUNT_NOT_200:2016-02-11:1014,COUNT_NOT_200,2016-02-11,2016,,,,,200,75,,,,CRITICAL,Replay intervals do not establish the historical expected security count on this NSE session.,UNRESOLVED,,member_count:2016-02-11:75
COUNT_NOT_200:2016-02-12:1015,COUNT_NOT_200,2016-02-12,2016,,,,,200,75,,,,CRITICAL,Replay intervals do not establish the historical expected security count on this NSE session.,UNRESOLVED,,member_count:2016-02-12:75
COUNT_NOT_200:2016-02-15:1016,COUNT_NOT_200,2016-02-15,2016,,,,,200,75,,,,CRITICAL,Replay intervals do not establish the historical expected security count on this NSE session.,UNRESOLVED,,member_count:2016-02-15:75
COUNT_NOT_200:2016-02-16:1017,COUNT_NOT_200,2016-02-16,2016,,,,,200,75,,,,CRITICAL,Replay intervals do not establish the historical expected security count on this NSE session.,UNRESOLVED,,member_count:2016-02-16:75
COUNT_NOT_200:2016-02-17:1018,COUNT_NOT_200,2016-02-17,2016,,,,,200,75,,,,CRITICAL,Replay intervals do not establish the historical expected security count on this NSE session.,UNRESOLVED,,member_count:2016-02-17:75
COUNT_NOT_200:2016-02-18:1019,COUNT_NOT_200,2016-02-18,2016,,,,,200,75,,,,CRITICAL,Replay intervals do not establish the historical expected security count on this NSE session.,UNRESOLVED,,member_count:2016-02-18:75
COUNT_NOT_200:2016-02-19:1020,COUNT_NOT_200,2016-02-19,2016,,,,,200,75,,,,CRITICAL,Replay intervals do not establish the historical expected security count on this NSE session.,UNRESOLVED,,member_count:2016-02-19:75
COUNT_NOT_200:2016-02-22:1021,COUNT_NOT_200,2016-02-22,2016,,,,,200,75,,,,CRITICAL,Replay intervals do not establish the historical expected security count on this NSE session.,UNRESOLVED,,member_count:2016-02-22:75
COUNT_NOT_200:2016-02-23:1022,COUNT_NOT_200,2016-02-23,2016,,,,,200,75,,,,CRITICAL,Replay intervals do not establish the historical expected security count on this NSE session.,UNRESOLVED,,member_count:2016-02-23:75
COUNT_NOT_200:2016-02-24:1023,COUNT_NOT_200,2016-02-24,2016,,,,,200,75,,,,CRITICAL,Replay intervals do not establish the historical expected security count on this NSE session.,UNRESOLVED,,member_count:2016-02-24:75
COUNT_NOT_200:2016-02-25:1024,COUNT_NOT_200,2016-02-25,2016,,,,,200,75,,,,CRITICAL,Replay intervals do not establish the historical expected security count on this NSE session.,UNRESOLVED,,member_count:2016-02-25:75
COUNT_NOT_200:2016-02-26:1025,COUNT_NOT_200,2016-02-26,2016,,,,,200,75,,,,CRITICAL,Replay intervals do not establish the historical expected security count on this NSE session.,UNRESOLVED,,member_count:2016-02-26:75
COUNT_NOT_200:2016-02-29:1026,COUNT_NOT_200,2016-02-29,2016,,,,,200,75,,,,CRITICAL,Replay intervals do not establish the historical expected security count on this NSE session.,UNRESOLVED,,member_count:2016-02-29:75
COUNT_NOT_200:2016-03-01:1027,COUNT_NOT_200,2016-03-01,2016,,,,,200,75,,,,CRITICAL,Replay intervals do not establish the historical expected security count on this NSE session.,UNRESOLVED,,member_count:2016-03-01:75
COUNT_NOT_200:2016-03-02:1028,COUNT_NOT_200,2016-03-02,2016,,,,,200,75,,,,CRITICAL,Replay intervals do not establish the historical expected security count on this NSE session.,UNRESOLVED,,member_count:2016-03-02:75
COUNT_NOT_200:2016-03-03:1029,COUNT_NOT_200,2016-03-03,2016,,,,,200,75,,,,CRITICAL,Replay intervals do not establish the historical expected security count on this NSE session.,UNRESOLVED,,member_count:2016-03-03:75
COUNT_NOT_200:2016-03-04:1030,COUNT_NOT_200,2016-03-04,2016,,,,,200,75,,,,CRITICAL,Replay intervals do not establish the historical expected security count on this NSE session.,UNRESOLVED,,member_count:2016-03-04:75
COUNT_NOT_200:2016-03-08:1031,COUNT_NOT_200,2016-03-08,2016,,,,,200,75,,,,CRITICAL,Replay intervals do not establish the historical expected security count on this NSE session.,UNRESOLVED,,member_count:2016-03-08:75
COUNT_NOT_200:2016-03-09:1032,COUNT_NOT_200,2016-03-09,2016,,,,,200,75,,,,CRITICAL,Replay intervals do not establish the historical expected security count on this NSE session.,UNRESOLVED,,member_count:2016-03-09:75
COUNT_NOT_200:2016-03-10:1033,COUNT_NOT_200,2016-03-10,2016,,,,,200,75,,,,CRITICAL,Replay intervals do not establish the historical expected security count on this NSE session.,UNRESOLVED,,member_count:2016-03-10:75
COUNT_NOT_200:2016-03-11:1034,COUNT_NOT_200,2016-03-11,2016,,,,,200,75,,,,CRITICAL,Replay intervals do not establish the historical expected security count on this NSE session.,UNRESOLVED,,member_count:2016-03-11:75
COUNT_NOT_200:2016-03-14:1035,COUNT_NOT_200,2016-03-14,2016,,,,,200,75,,,,CRITICAL,Replay intervals do not establish the historical expected security count on this NSE session.,UNRESOLVED,,member_count:2016-03-14:75
COUNT_NOT_200:2016-03-15:1036,COUNT_NOT_200,2016-03-15,2016,,,,,200,75,,,,CRITICAL,Replay intervals do not establish the historical expected security count on this NSE session.,UNRESOLVED,,member_count:2016-03-15:75
COUNT_NOT_200:2016-03-16:1037,COUNT_NOT_200,2016-03-16,2016,,,,,200,75,,,,CRITICAL,Replay intervals do not establish the historical expected security count on this NSE session.,UNRESOLVED,,member_count:2016-03-16:75
COUNT_NOT_200:2016-03-17:1038,COUNT_NOT_200,2016-03-17,2016,,,,,200,75,,,,CRITICAL,Replay intervals do not establish the historical expected security count on this NSE session.,UNRESOLVED,,member_count:2016-03-17:75
COUNT_NOT_200:2016-03-18:1039,COUNT_NOT_200,2016-03-18,2016,,,,,200,75,,,,CRITICAL,Replay intervals do not establish the historical expected security count on this NSE session.,UNRESOLVED,,member_count:2016-03-18:75
COUNT_NOT_200:2016-03-21:1040,COUNT_NOT_200,2016-03-21,2016,,,,,200,75,,,,CRITICAL,Replay intervals do not establish the historical expected security count on this NSE session.,UNRESOLVED,,member_count:2016-03-21:75
COUNT_NOT_200:2016-03-22:1041,COUNT_NOT_200,2016-03-22,2016,,,,,200,75,,,,CRITICAL,Replay intervals do not establish the historical expected security count on this NSE session.,UNRESOLVED,,member_count:2016-03-22:75
COUNT_NOT_200:2016-03-23:1042,COUNT_NOT_200,2016-03-23,2016,,,,,200,75,,,,CRITICAL,Replay intervals do not establish the historical expected security count on this NSE session.,UNRESOLVED,,member_count:2016-03-23:75
COUNT_NOT_200:2016-03-28:1043,COUNT_NOT_200,2016-03-28,2016,,,,,200,75,,,,CRITICAL,Replay intervals do not establish the historical expected security count on this NSE session.,UNRESOLVED,,member_count:2016-03-28:75
COUNT_NOT_200:2016-03-29:1044,COUNT_NOT_200,2016-03-29,2016,,,,,200,75,,,,CRITICAL,Replay intervals do not establish the historical expected security count on this NSE session.,UNRESOLVED,,member_count:2016-03-29:75
COUNT_NOT_200:2016-03-30:1045,COUNT_NOT_200,2016-03-30,2016,,,,,200,75,,,,CRITICAL,Replay intervals do not establish the historical expected security count on this NSE session.,UNRESOLVED,,member_count:2016-03-30:75
COUNT_NOT_200:2016-03-31:1046,COUNT_NOT_200,2016-03-31,2016,,,,,200,75,,,,CRITICAL,Replay intervals do not establish the historical expected security count on this NSE session.,UNRESOLVED,,member_count:2016-03-31:75
COUNT_NOT_200:2016-04-01:1047,COUNT_NOT_200,2016-04-01,2016,,,,,201,91,,,,CRITICAL,Replay intervals do not establish the historical expected security count on this NSE session.,UNRESOLVED,,member_count:2016-04-01:91
COUNT_NOT_200:2016-04-04:1048,COUNT_NOT_200,2016-04-04,2016,,,,,201,91,,,,CRITICAL,Replay intervals do not establish the historical expected security count on this NSE session.,UNRESOLVED,,member_count:2016-04-04:91
COUNT_NOT_200:2016-04-05:1049,COUNT_NOT_200,2016-04-05,2016,,,,,201,91,,,,CRITICAL,Replay intervals do not establish the historical expected security count on this NSE session.,UNRESOLVED,,member_count:2016-04-05:91
COUNT_NOT_200:2016-04-06:1050,COUNT_NOT_200,2016-04-06,2016,,,,,201,91,,,,CRITICAL,Replay intervals do not establish the historical expected security count on this NSE session.,UNRESOLVED,,member_count:2016-04-06:91
COUNT_NOT_200:2016-04-07:1051,COUNT_NOT_200,2016-04-07,2016,,,,,201,91,,,,CRITICAL,Replay intervals do not establish the historical expected security count on this NSE session.,UNRESOLVED,,member_count:2016-04-07:91
COUNT_NOT_200:2016-04-08:1052,COUNT_NOT_200,2016-04-08,2016,,,,,201,91,,,,CRITICAL,Replay intervals do not establish the historical expected security count on this NSE session.,UNRESOLVED,,member_count:2016-04-08:91
COUNT_NOT_200:2016-04-11:1053,COUNT_NOT_200,2016-04-11,2016,,,,,201,91,,,,CRITICAL,Replay intervals do not establish the historical expected security count on this NSE session.,UNRESOLVED,,member_count:2016-04-11:91
COUNT_NOT_200:2016-04-12:1054,COUNT_NOT_200,2016-04-12,2016,,,,,201,91,,,,CRITICAL,Replay intervals do not establish the historical expected security count on this NSE session.,UNRESOLVED,,member_count:2016-04-12:91
COUNT_NOT_200:2016-04-13:1055,COUNT_NOT_200,2016-04-13,2016,,,,,201,91,,,,CRITICAL,Replay intervals do not establish the historical expected security count on this NSE session.,UNRESOLVED,,member_count:2016-04-13:91
COUNT_NOT_200:2016-04-18:1056,COUNT_NOT_200,2016-04-18,2016,,,,,201,91,,,,CRITICAL,Replay intervals do not establish the historical expected security count on this NSE session.,UNRESOLVED,,member_count:2016-04-18:91
COUNT_NOT_200:2016-04-20:1057,COUNT_NOT_200,2016-04-20,2016,,,,,201,91,,,,CRITICAL,Replay intervals do not establish the historical expected security count on this NSE session.,UNRESOLVED,,member_count:2016-04-20:91
COUNT_NOT_200:2016-04-21:1058,COUNT_NOT_200,2016-04-21,2016,,,,,201,91,,,,CRITICAL,Replay intervals do not establish the historical expected security count on this NSE session.,UNRESOLVED,,member_count:2016-04-21:91
COUNT_NOT_200:2016-04-22:1059,COUNT_NOT_200,2016-04-22,2016,,,,,201,91,,,,CRITICAL,Replay intervals do not establish the historical expected security count on this NSE session.,UNRESOLVED,,member_count:2016-04-22:91
COUNT_NOT_200:2016-04-25:1060,COUNT_NOT_200,2016-04-25,2016,,,,,201,91,,,,CRITICAL,Replay intervals do not establish the historical expected security count on this NSE session.,UNRESOLVED,,member_count:2016-04-25:91
COUNT_NOT_200:2016-04-26:1061,COUNT_NOT_200,2016-04-26,2016,,,,,201,91,,,,CRITICAL,Replay intervals do not establish the historical expected security count on this NSE session.,UNRESOLVED,,member_count:2016-04-26:91
COUNT_NOT_200:2016-04-27:1062,COUNT_NOT_200,2016-04-27,2016,,,,,201,91,,,,CRITICAL,Replay intervals do not establish the historical expected security count on this NSE session.,UNRESOLVED,,member_count:2016-04-27:91
COUNT_NOT_200:2016-04-28:1063,COUNT_NOT_200,2016-04-28,2016,,,,,201,91,,,,CRITICAL,Replay intervals do not establish the historical expected security count on this NSE session.,UNRESOLVED,,member_count:2016-04-28:91
COUNT_NOT_200:2016-04-29:1064,COUNT_NOT_200,2016-04-29,2016,,,,,201,91,,,,CRITICAL,Replay intervals do not establish the historical expected security count on this NSE session.,UNRESOLVED,,member_count:2016-04-29:91
COUNT_NOT_200:2016-05-02:1065,COUNT_NOT_200,2016-05-02,2016,,,,,201,91,,,,CRITICAL,Replay intervals do not establish the historical expected security count on this NSE session.,UNRESOLVED,,member_count:2016-05-02:91
COUNT_NOT_200:2016-05-03:1066,COUNT_NOT_200,2016-05-03,2016,,,,,201,91,,,,CRITICAL,Replay intervals do not establish the historical expected security count on this NSE session.,UNRESOLVED,,member_count:2016-05-03:91
COUNT_NOT_200:2016-05-04:1067,COUNT_NOT_200,2016-05-04,2016,,,,,201,91,,,,CRITICAL,Replay intervals do not establish the historical expected security count on this NSE session.,UNRESOLVED,,member_count:2016-05-04:91
COUNT_NOT_200:2016-05-05:1068,COUNT_NOT_200,2016-05-05,2016,,,,,201,91,,,,CRITICAL,Replay intervals do not establish the historical expected security count on this NSE session.,UNRESOLVED,,member_count:2016-05-05:91
COUNT_NOT_200:2016-05-06:1069,COUNT_NOT_200,2016-05-06,2016,,,,,201,91,,,,CRITICAL,Replay intervals do not establish the historical expected security count on this NSE session.,UNRESOLVED,,member_count:2016-05-06:91
COUNT_NOT_200:2016-05-09:1070,COUNT_NOT_200,2016-05-09,2016,,,,,201,91,,,,CRITICAL,Replay intervals do not establish the historical expected security count on this NSE session.,UNRESOLVED,,member_count:2016-05-09:91
COUNT_NOT_200:2016-05-10:1071,COUNT_NOT_200,2016-05-10,2016,,,,,201,91,,,,CRITICAL,Replay intervals do not establish the historical expected security count on this NSE session.,UNRESOLVED,,member_count:2016-05-10:91
COUNT_NOT_200:2016-05-11:1072,COUNT_NOT_200,2016-05-11,2016,,,,,201,91,,,,CRITICAL,Replay intervals do not establish the historical expected security count on this NSE session.,UNRESOLVED,,member_count:2016-05-11:91
COUNT_NOT_200:2016-05-12:1073,COUNT_NOT_200,2016-05-12,2016,,,,,201,91,,,,CRITICAL,Replay intervals do not establish the historical expected security count on this NSE session.,UNRESOLVED,,member_count:2016-05-12:91
COUNT_NOT_200:2016-05-13:1074,COUNT_NOT_200,2016-05-13,2016,,,,,201,91,,,,CRITICAL,Replay intervals do not establish the historical expected security count on this NSE session.,UNRESOLVED,,member_count:2016-05-13:91
COUNT_NOT_200:2016-05-16:1075,COUNT_NOT_200,2016-05-16,2016,,,,,201,91,,,,CRITICAL,Replay intervals do not establish the historical expected security count on this NSE session.,UNRESOLVED,,member_count:2016-05-16:91
COUNT_NOT_200:2016-05-17:1076,COUNT_NOT_200,2016-05-17,2016,,,,,201,91,,,,CRITICAL,Replay intervals do not establish the historical expected security count on this NSE session.,UNRESOLVED,,member_count:2016-05-17:91
COUNT_NOT_200:2016-05-18:1077,COUNT_NOT_200,2016-05-18,2016,,,,,201,91,,,,CRITICAL,Replay intervals do not establish the historical expected security count on this NSE session.,UNRESOLVED,,member_count:2016-05-18:91
COUNT_NOT_200:2016-05-19:1078,COUNT_NOT_200,2016-05-19,2016,,,,,201,91,,,,CRITICAL,Replay intervals do not establish the historical expected security count on this NSE session.,UNRESOLVED,,member_count:2016-05-19:91
COUNT_NOT_200:2016-05-20:1079,COUNT_NOT_200,2016-05-20,2016,,,,,201,91,,,,CRITICAL,Replay intervals do not establish the historical expected security count on this NSE session.,UNRESOLVED,,member_count:2016-05-20:91
COUNT_NOT_200:2016-05-23:1080,COUNT_NOT_200,2016-05-23,2016,,,,,201,91,,,,CRITICAL,Replay intervals do not establish the historical expected security count on this NSE session.,UNRESOLVED,,member_count:2016-05-23:91
COUNT_NOT_200:2016-05-24:1081,COUNT_NOT_200,2016-05-24,2016,,,,,201,91,,,,CRITICAL,Replay intervals do not establish the historical expected security count on this NSE session.,UNRESOLVED,,member_count:2016-05-24:91
COUNT_NOT_200:2016-05-25:1082,COUNT_NOT_200,2016-05-25,2016,,,,,201,91,,,,CRITICAL,Replay intervals do not establish the historical expected security count on this NSE session.,UNRESOLVED,,member_count:2016-05-25:91
COUNT_NOT_200:2016-05-26:1083,COUNT_NOT_200,2016-05-26,2016,,,,,201,91,,,,CRITICAL,Replay intervals do not establish the historical expected security count on this NSE session.,UNRESOLVED,,member_count:2016-05-26:91
COUNT_NOT_200:2016-05-27:1084,COUNT_NOT_200,2016-05-27,2016,,,,,201,91,,,,CRITICAL,Replay intervals do not establish the historical expected security count on this NSE session.,UNRESOLVED,,member_count:2016-05-27:91
COUNT_NOT_200:2016-05-30:1085,COUNT_NOT_200,2016-05-30,2016,,,,,201,91,,,,CRITICAL,Replay intervals do not establish the historical expected security count on this NSE session.,UNRESOLVED,,member_count:2016-05-30:91
COUNT_NOT_200:2016-05-31:1086,COUNT_NOT_200,2016-05-31,2016,,,,,201,91,,,,CRITICAL,Replay intervals do not establish the historical expected security count on this NSE session.,UNRESOLVED,,member_count:2016-05-31:91
COUNT_NOT_200:2016-06-01:1087,COUNT_NOT_200,2016-06-01,2016,,,,,201,91,,,,CRITICAL,Replay intervals do not establish the historical expected security count on this NSE session.,UNRESOLVED,,member_count:2016-06-01:91
COUNT_NOT_200:2016-06-02:1088,COUNT_NOT_200,2016-06-02,2016,,,,,201,91,,,,CRITICAL,Replay intervals do not establish the historical expected security count on this NSE session.,UNRESOLVED,,member_count:2016-06-02:91
COUNT_NOT_200:2016-06-03:1089,COUNT_NOT_200,2016-06-03,2016,,,,,201,91,,,,CRITICAL,Replay intervals do not establish the historical expected security count on this NSE session.,UNRESOLVED,,member_count:2016-06-03:91
COUNT_NOT_200:2016-06-06:1090,COUNT_NOT_200,2016-06-06,2016,,,,,201,91,,,,CRITICAL,Replay intervals do not establish the historical expected security count on this NSE session.,UNRESOLVED,,member_count:2016-06-06:91
COUNT_NOT_200:2016-06-07:1091,COUNT_NOT_200,2016-06-07,2016,,,,,201,91,,,,CRITICAL,Replay intervals do not establish the historical expected security count on this NSE session.,UNRESOLVED,,member_count:2016-06-07:91
COUNT_NOT_200:2016-06-08:1092,COUNT_NOT_200,2016-06-08,2016,,,,,201,91,,,,CRITICAL,Replay intervals do not establish the historical expected security count on this NSE session.,UNRESOLVED,,member_count:2016-06-08:91
COUNT_NOT_200:2016-06-09:1093,COUNT_NOT_200,2016-06-09,2016,,,,,201,91,,,,CRITICAL,Replay intervals do not establish the historical expected security count on this NSE session.,UNRESOLVED,,member_count:2016-06-09:91
COUNT_NOT_200:2016-06-10:1094,COUNT_NOT_200,2016-06-10,2016,,,,,201,91,,,,CRITICAL,Replay intervals do not establish the historical expected security count on this NSE session.,UNRESOLVED,,member_count:2016-06-10:91
COUNT_NOT_200:2016-06-13:1095,COUNT_NOT_200,2016-06-13,2016,,,,,201,91,,,,CRITICAL,Replay intervals do not establish the historical expected security count on this NSE session.,UNRESOLVED,,member_count:2016-06-13:91
COUNT_NOT_200:2016-06-14:1096,COUNT_NOT_200,2016-06-14,2016,,,,,201,91,,,,CRITICAL,Replay intervals do not establish the historical expected security count on this NSE session.,UNRESOLVED,,member_count:2016-06-14:91
COUNT_NOT_200:2016-06-15:1097,COUNT_NOT_200,2016-06-15,2016,,,,,201,91,,,,CRITICAL,Replay intervals do not establish the historical expected security count on this NSE session.,UNRESOLVED,,member_count:2016-06-15:91
COUNT_NOT_200:2016-06-16:1098,COUNT_NOT_200,2016-06-16,2016,,,,,201,91,,,,CRITICAL,Replay intervals do not establish the historical expected security count on this NSE session.,UNRESOLVED,,member_count:2016-06-16:91
COUNT_NOT_200:2016-06-17:1099,COUNT_NOT_200,2016-06-17,2016,,,,,201,91,,,,CRITICAL,Replay intervals do not establish the historical expected security count on this NSE session.,UNRESOLVED,,member_count:2016-06-17:91
COUNT_NOT_200:2016-06-20:1100,COUNT_NOT_200,2016-06-20,2016,,,,,201,91,,,,CRITICAL,Replay intervals do not establish the historical expected security count on this NSE session.,UNRESOLVED,,member_count:2016-06-20:91
COUNT_NOT_200:2016-06-21:1101,COUNT_NOT_200,2016-06-21,2016,,,,,201,91,,,,CRITICAL,Replay intervals do not establish the historical expected security count on this NSE session.,UNRESOLVED,,member_count:2016-06-21:91
COUNT_NOT_200:2016-06-22:1102,COUNT_NOT_200,2016-06-22,2016,,,,,201,91,,,,CRITICAL,Replay intervals do not establish the historical expected security count on this NSE session.,UNRESOLVED,,member_count:2016-06-22:91
COUNT_NOT_200:2016-06-23:1103,COUNT_NOT_200,2016-06-23,2016,,,,,201,91,,,,CRITICAL,Replay intervals do not establish the historical expected security count on this NSE session.,UNRESOLVED,,member_count:2016-06-23:91
COUNT_NOT_200:2016-06-24:1104,COUNT_NOT_200,2016-06-24,2016,,,,,201,91,,,,CRITICAL,Replay intervals do not establish the historical expected security count on this NSE session.,UNRESOLVED,,member_count:2016-06-24:91
COUNT_NOT_200:2016-06-27:1105,COUNT_NOT_200,2016-06-27,2016,,,,,201,91,,,,CRITICAL,Replay intervals do not establish the historical expected security count on this NSE session.,UNRESOLVED,,member_count:2016-06-27:91
COUNT_NOT_200:2016-06-28:1106,COUNT_NOT_200,2016-06-28,2016,,,,,201,91,,,,CRITICAL,Replay intervals do not establish the historical expected security count on this NSE session.,UNRESOLVED,,member_count:2016-06-28:91
COUNT_NOT_200:2016-06-29:1107,COUNT_NOT_200,2016-06-29,2016,,,,,201,91,,,,CRITICAL,Replay intervals do not establish the historical expected security count on this NSE session.,UNRESOLVED,,member_count:2016-06-29:91
COUNT_NOT_200:2016-06-30:1108,COUNT_NOT_200,2016-06-30,2016,,,,,201,91,,,,CRITICAL,Replay intervals do not establish the historical expected security count on this NSE session.,UNRESOLVED,,member_count:2016-06-30:91
COUNT_NOT_200:2016-07-01:1109,COUNT_NOT_200,2016-07-01,2016,,,,,201,91,,,,CRITICAL,Replay intervals do not establish the historical expected security count on this NSE session.,UNRESOLVED,,member_count:2016-07-01:91
COUNT_NOT_200:2016-07-04:1110,COUNT_NOT_200,2016-07-04,2016,,,,,201,91,,,,CRITICAL,Replay intervals do not establish the historical expected security count on this NSE session.,UNRESOLVED,,member_count:2016-07-04:91
COUNT_NOT_200:2016-07-05:1111,COUNT_NOT_200,2016-07-05,2016,,,,,201,91,,,,CRITICAL,Replay intervals do not establish the historical expected security count on this NSE session.,UNRESOLVED,,member_count:2016-07-05:91
COUNT_NOT_200:2016-07-07:1112,COUNT_NOT_200,2016-07-07,2016,,,,,201,91,,,,CRITICAL,Replay intervals do not establish the historical expected security count on this NSE session.,UNRESOLVED,,member_count:2016-07-07:91
COUNT_NOT_200:2016-07-08:1113,COUNT_NOT_200,2016-07-08,2016,,,,,201,91,,,,CRITICAL,Replay intervals do not establish the historical expected security count on this NSE session.,UNRESOLVED,,member_count:2016-07-08:91
COUNT_NOT_200:2016-07-11:1114,COUNT_NOT_200,2016-07-11,2016,,,,,201,91,,,,CRITICAL,Replay intervals do not establish the historical expected security count on this NSE session.,UNRESOLVED,,member_count:2016-07-11:91
COUNT_NOT_200:2016-07-12:1115,COUNT_NOT_200,2016-07-12,2016,,,,,201,91,,,,CRITICAL,Replay intervals do not establish the historical expected security count on this NSE session.,UNRESOLVED,,member_count:2016-07-12:91
COUNT_NOT_200:2016-07-13:1116,COUNT_NOT_200,2016-07-13,2016,,,,,201,91,,,,CRITICAL,Replay intervals do not establish the historical expected security count on this NSE session.,UNRESOLVED,,member_count:2016-07-13:91
COUNT_NOT_200:2016-07-14:1117,COUNT_NOT_200,2016-07-14,2016,,,,,201,91,,,,CRITICAL,Replay intervals do not establish the historical expected security count on this NSE session.,UNRESOLVED,,member_count:2016-07-14:91
COUNT_NOT_200:2016-07-15:1118,COUNT_NOT_200,2016-07-15,2016,,,,,201,91,,,,CRITICAL,Replay intervals do not establish the historical expected security count on this NSE session.,UNRESOLVED,,member_count:2016-07-15:91
COUNT_NOT_200:2016-07-18:1119,COUNT_NOT_200,2016-07-18,2016,,,,,201,91,,,,CRITICAL,Replay intervals do not establish the historical expected security count on this NSE session.,UNRESOLVED,,member_count:2016-07-18:91
COUNT_NOT_200:2016-07-19:1120,COUNT_NOT_200,2016-07-19,2016,,,,,201,91,,,,CRITICAL,Replay intervals do not establish the historical expected security count on this NSE session.,UNRESOLVED,,member_count:2016-07-19:91
COUNT_NOT_200:2016-07-20:1121,COUNT_NOT_200,2016-07-20,2016,,,,,201,91,,,,CRITICAL,Replay intervals do not establish the historical expected security count on this NSE session.,UNRESOLVED,,member_count:2016-07-20:91
COUNT_NOT_200:2016-07-21:1122,COUNT_NOT_200,2016-07-21,2016,,,,,201,91,,,,CRITICAL,Replay intervals do not establish the historical expected security count on this NSE session.,UNRESOLVED,,member_count:2016-07-21:91
COUNT_NOT_200:2016-07-22:1123,COUNT_NOT_200,2016-07-22,2016,,,,,201,91,,,,CRITICAL,Replay intervals do not establish the historical expected security count on this NSE session.,UNRESOLVED,,member_count:2016-07-22:91
COUNT_NOT_200:2016-07-25:1124,COUNT_NOT_200,2016-07-25,2016,,,,,201,91,,,,CRITICAL,Replay intervals do not establish the historical expected security count on this NSE session.,UNRESOLVED,,member_count:2016-07-25:91
COUNT_NOT_200:2016-07-26:1125,COUNT_NOT_200,2016-07-26,2016,,,,,201,91,,,,CRITICAL,Replay intervals do not establish the historical expected security count on this NSE session.,UNRESOLVED,,member_count:2016-07-26:91
COUNT_NOT_200:2016-07-27:1126,COUNT_NOT_200,2016-07-27,2016,,,,,201,91,,,,CRITICAL,Replay intervals do not establish the historical expected security count on this NSE session.,UNRESOLVED,,member_count:2016-07-27:91
COUNT_NOT_200:2016-07-28:1127,COUNT_NOT_200,2016-07-28,2016,,,,,201,91,,,,CRITICAL,Replay intervals do not establish the historical expected security count on this NSE session.,UNRESOLVED,,member_count:2016-07-28:91
COUNT_NOT_200:2016-07-29:1128,COUNT_NOT_200,2016-07-29,2016,,,,,201,91,,,,CRITICAL,Replay intervals do not establish the historical expected security count on this NSE session.,UNRESOLVED,,member_count:2016-07-29:91
COUNT_NOT_200:2016-08-01:1129,COUNT_NOT_200,2016-08-01,2016,,,,,201,91,,,,CRITICAL,Replay intervals do not establish the historical expected security count on this NSE session.,UNRESOLVED,,member_count:2016-08-01:91
COUNT_NOT_200:2016-08-02:1130,COUNT_NOT_200,2016-08-02,2016,,,,,201,91,,,,CRITICAL,Replay intervals do not establish the historical expected security count on this NSE session.,UNRESOLVED,,member_count:2016-08-02:91
COUNT_NOT_200:2016-08-03:1131,COUNT_NOT_200,2016-08-03,2016,,,,,201,91,,,,CRITICAL,Replay intervals do not establish the historical expected security count on this NSE session.,UNRESOLVED,,member_count:2016-08-03:91
COUNT_NOT_200:2016-08-04:1132,COUNT_NOT_200,2016-08-04,2016,,,,,201,91,,,,CRITICAL,Replay intervals do not establish the historical expected security count on this NSE session.,UNRESOLVED,,member_count:2016-08-04:91
COUNT_NOT_200:2016-08-05:1133,COUNT_NOT_200,2016-08-05,2016,,,,,201,91,,,,CRITICAL,Replay intervals do not establish the historical expected security count on this NSE session.,UNRESOLVED,,member_count:2016-08-05:91
COUNT_NOT_200:2016-08-08:1134,COUNT_NOT_200,2016-08-08,2016,,,,,201,91,,,,CRITICAL,Replay intervals do not establish the historical expected security count on this NSE session.,UNRESOLVED,,member_count:2016-08-08:91
COUNT_NOT_200:2016-08-09:1135,COUNT_NOT_200,2016-08-09,2016,,,,,201,91,,,,CRITICAL,Replay intervals do not establish the historical expected security count on this NSE session.,UNRESOLVED,,member_count:2016-08-09:91
COUNT_NOT_200:2016-08-10:1136,COUNT_NOT_200,2016-08-10,2016,,,,,201,91,,,,CRITICAL,Replay intervals do not establish the historical expected security count on this NSE session.,UNRESOLVED,,member_count:2016-08-10:91
COUNT_NOT_200:2016-08-11:1137,COUNT_NOT_200,2016-08-11,2016,,,,,201,91,,,,CRITICAL,Replay intervals do not establish the historical expected security count on this NSE session.,UNRESOLVED,,member_count:2016-08-11:91
COUNT_NOT_200:2016-08-12:1138,COUNT_NOT_200,2016-08-12,2016,,,,,201,91,,,,CRITICAL,Replay intervals do not establish the historical expected security count on this NSE session.,UNRESOLVED,,member_count:2016-08-12:91
COUNT_NOT_200:2016-08-16:1139,COUNT_NOT_200,2016-08-16,2016,,,,,201,91,,,,CRITICAL,Replay intervals do not establish the historical expected security count on this NSE session.,UNRESOLVED,,member_count:2016-08-16:91
COUNT_NOT_200:2016-08-17:1140,COUNT_NOT_200,2016-08-17,2016,,,,,201,91,,,,CRITICAL,Replay intervals do not establish the historical expected security count on this NSE session.,UNRESOLVED,,member_count:2016-08-17:91
COUNT_NOT_200:2016-08-18:1141,COUNT_NOT_200,2016-08-18,2016,,,,,201,91,,,,CRITICAL,Replay intervals do not establish the historical expected security count on this NSE session.,UNRESOLVED,,member_count:2016-08-18:91
COUNT_NOT_200:2016-08-19:1142,COUNT_NOT_200,2016-08-19,2016,,,,,201,91,,,,CRITICAL,Replay intervals do not establish the historical expected security count on this NSE session.,UNRESOLVED,,member_count:2016-08-19:91
COUNT_NOT_200:2016-08-22:1143,COUNT_NOT_200,2016-08-22,2016,,,,,201,91,,,,CRITICAL,Replay intervals do not establish the historical expected security count on this NSE session.,UNRESOLVED,,member_count:2016-08-22:91
COUNT_NOT_200:2016-08-23:1144,COUNT_NOT_200,2016-08-23,2016,,,,,201,91,,,,CRITICAL,Replay intervals do not establish the historical expected security count on this NSE session.,UNRESOLVED,,member_count:2016-08-23:91
COUNT_NOT_200:2016-08-24:1145,COUNT_NOT_200,2016-08-24,2016,,,,,201,91,,,,CRITICAL,Replay intervals do not establish the historical expected security count on this NSE session.,UNRESOLVED,,member_count:2016-08-24:91
COUNT_NOT_200:2016-08-25:1146,COUNT_NOT_200,2016-08-25,2016,,,,,201,91,,,,CRITICAL,Replay intervals do not establish the historical expected security count on this NSE session.,UNRESOLVED,,member_count:2016-08-25:91
COUNT_NOT_200:2016-08-26:1147,COUNT_NOT_200,2016-08-26,2016,,,,,201,91,,,,CRITICAL,Replay intervals do not establish the historical expected security count on this NSE session.,UNRESOLVED,,member_count:2016-08-26:91
COUNT_NOT_200:2016-08-29:1148,COUNT_NOT_200,2016-08-29,2016,,,,,201,91,,,,CRITICAL,Replay intervals do not establish the historical expected security count on this NSE session.,UNRESOLVED,,member_count:2016-08-29:91
COUNT_NOT_200:2016-08-30:1149,COUNT_NOT_200,2016-08-30,2016,,,,,201,91,,,,CRITICAL,Replay intervals do not establish the historical expected security count on this NSE session.,UNRESOLVED,,member_count:2016-08-30:91
COUNT_NOT_200:2016-08-31:1150,COUNT_NOT_200,2016-08-31,2016,,,,,201,91,,,,CRITICAL,Replay intervals do not establish the historical expected security count on this NSE session.,UNRESOLVED,,member_count:2016-08-31:91
COUNT_NOT_200:2016-09-01:1151,COUNT_NOT_200,2016-09-01,2016,,,,,201,91,,,,CRITICAL,Replay intervals do not establish the historical expected security count on this NSE session.,UNRESOLVED,,member_count:2016-09-01:91
COUNT_NOT_200:2016-09-02:1152,COUNT_NOT_200,2016-09-02,2016,,,,,201,91,,,,CRITICAL,Replay intervals do not establish the historical expected security count on this NSE session.,UNRESOLVED,,member_count:2016-09-02:91
COUNT_NOT_200:2016-09-06:1153,COUNT_NOT_200,2016-09-06,2016,,,,,201,91,,,,CRITICAL,Replay intervals do not establish the historical expected security count on this NSE session.,UNRESOLVED,,member_count:2016-09-06:91
COUNT_NOT_200:2016-09-07:1154,COUNT_NOT_200,2016-09-07,2016,,,,,201,91,,,,CRITICAL,Replay intervals do not establish the historical expected security count on this NSE session.,UNRESOLVED,,member_count:2016-09-07:91
COUNT_NOT_200:2016-09-08:1155,COUNT_NOT_200,2016-09-08,2016,,,,,201,91,,,,CRITICAL,Replay intervals do not establish the historical expected security count on this NSE session.,UNRESOLVED,,member_count:2016-09-08:91
COUNT_NOT_200:2016-09-09:1156,COUNT_NOT_200,2016-09-09,2016,,,,,201,91,,,,CRITICAL,Replay intervals do not establish the historical expected security count on this NSE session.,UNRESOLVED,,member_count:2016-09-09:91
COUNT_NOT_200:2016-09-12:1157,COUNT_NOT_200,2016-09-12,2016,,,,,201,91,,,,CRITICAL,Replay intervals do not establish the historical expected security count on this NSE session.,UNRESOLVED,,member_count:2016-09-12:91
COUNT_NOT_200:2016-09-14:1158,COUNT_NOT_200,2016-09-14,2016,,,,,201,91,,,,CRITICAL,Replay intervals do not establish the historical expected security count on this NSE session.,UNRESOLVED,,member_count:2016-09-14:91
COUNT_NOT_200:2016-09-15:1159,COUNT_NOT_200,2016-09-15,2016,,,,,201,91,,,,CRITICAL,Replay intervals do not establish the historical expected security count on this NSE session.,UNRESOLVED,,member_count:2016-09-15:91
COUNT_NOT_200:2016-09-16:1160,COUNT_NOT_200,2016-09-16,2016,,,,,201,91,,,,CRITICAL,Replay intervals do not establish the historical expected security count on this NSE session.,UNRESOLVED,,member_count:2016-09-16:91
COUNT_NOT_200:2016-09-19:1161,COUNT_NOT_200,2016-09-19,2016,,,,,201,91,,,,CRITICAL,Replay intervals do not establish the historical expected security count on this NSE session.,UNRESOLVED,,member_count:2016-09-19:91
COUNT_NOT_200:2016-09-20:1162,COUNT_NOT_200,2016-09-20,2016,,,,,201,91,,,,CRITICAL,Replay intervals do not establish the historical expected security count on this NSE session.,UNRESOLVED,,member_count:2016-09-20:91
COUNT_NOT_200:2016-09-21:1163,COUNT_NOT_200,2016-09-21,2016,,,,,201,91,,,,CRITICAL,Replay intervals do not establish the historical expected security count on this NSE session.,UNRESOLVED,,member_count:2016-09-21:91
COUNT_NOT_200:2016-09-22:1164,COUNT_NOT_200,2016-09-22,2016,,,,,201,91,,,,CRITICAL,Replay intervals do not establish the historical expected security count on this NSE session.,UNRESOLVED,,member_count:2016-09-22:91
COUNT_NOT_200:2016-09-23:1165,COUNT_NOT_200,2016-09-23,2016,,,,,201,91,,,,CRITICAL,Replay intervals do not establish the historical expected security count on this NSE session.,UNRESOLVED,,member_count:2016-09-23:91
COUNT_NOT_200:2016-09-26:1166,COUNT_NOT_200,2016-09-26,2016,,,,,201,91,,,,CRITICAL,Replay intervals do not establish the historical expected security count on this NSE session.,UNRESOLVED,,member_count:2016-09-26:91
COUNT_NOT_200:2016-09-27:1167,COUNT_NOT_200,2016-09-27,2016,,,,,201,91,,,,CRITICAL,Replay intervals do not establish the historical expected security count on this NSE session.,UNRESOLVED,,member_count:2016-09-27:91
COUNT_NOT_200:2016-09-28:1168,COUNT_NOT_200,2016-09-28,2016,,,,,201,91,,,,CRITICAL,Replay intervals do not establish the historical expected security count on this NSE session.,UNRESOLVED,,member_count:2016-09-28:91
COUNT_NOT_200:2016-09-29:1169,COUNT_NOT_200,2016-09-29,2016,,,,,201,91,,,,CRITICAL,Replay intervals do not establish the historical expected security count on this NSE session.,UNRESOLVED,,member_count:2016-09-29:91
COUNT_NOT_200:2016-09-30:1170,COUNT_NOT_200,2016-09-30,2016,,,,,201,91,,,,CRITICAL,Replay intervals do not establish the historical expected security count on this NSE session.,UNRESOLVED,,member_count:2016-09-30:91
COUNT_NOT_200:2016-10-03:1171,COUNT_NOT_200,2016-10-03,2016,,,,,201,91,,,,CRITICAL,Replay intervals do not establish the historical expected security count on this NSE session.,UNRESOLVED,,member_count:2016-10-03:91
COUNT_NOT_200:2016-10-04:1172,COUNT_NOT_200,2016-10-04,2016,,,,,201,91,,,,CRITICAL,Replay intervals do not establish the historical expected security count on this NSE session.,UNRESOLVED,,member_count:2016-10-04:91
COUNT_NOT_200:2016-10-05:1173,COUNT_NOT_200,2016-10-05,2016,,,,,201,91,,,,CRITICAL,Replay intervals do not establish the historical expected security count on this NSE session.,UNRESOLVED,,member_count:2016-10-05:91
COUNT_NOT_200:2016-10-06:1174,COUNT_NOT_200,2016-10-06,2016,,,,,201,91,,,,CRITICAL,Replay intervals do not establish the historical expected security count on this NSE session.,UNRESOLVED,,member_count:2016-10-06:91
COUNT_NOT_200:2016-10-07:1175,COUNT_NOT_200,2016-10-07,2016,,,,,201,91,,,,CRITICAL,Replay intervals do not establish the historical expected security count on this NSE session.,UNRESOLVED,,member_count:2016-10-07:91
COUNT_NOT_200:2016-10-10:1176,COUNT_NOT_200,2016-10-10,2016,,,,,201,91,,,,CRITICAL,Replay intervals do not establish the historical expected security count on this NSE session.,UNRESOLVED,,member_count:2016-10-10:91
COUNT_NOT_200:2016-10-13:1177,COUNT_NOT_200,2016-10-13,2016,,,,,201,91,,,,CRITICAL,Replay intervals do not establish the historical expected security count on this NSE session.,UNRESOLVED,,member_count:2016-10-13:91
COUNT_NOT_200:2016-10-14:1178,COUNT_NOT_200,2016-10-14,2016,,,,,201,91,,,,CRITICAL,Replay intervals do not establish the historical expected security count on this NSE session.,UNRESOLVED,,member_count:2016-10-14:91
COUNT_NOT_200:2016-10-17:1179,COUNT_NOT_200,2016-10-17,2016,,,,,201,91,,,,CRITICAL,Replay intervals do not establish the historical expected security count on this NSE session.,UNRESOLVED,,member_count:2016-10-17:91
COUNT_NOT_200:2016-10-18:1180,COUNT_NOT_200,2016-10-18,2016,,,,,201,91,,,,CRITICAL,Replay intervals do not establish the historical expected security count on this NSE session.,UNRESOLVED,,member_count:2016-10-18:91
COUNT_NOT_200:2016-10-19:1181,COUNT_NOT_200,2016-10-19,2016,,,,,201,91,,,,CRITICAL,Replay intervals do not establish the historical expected security count on this NSE session.,UNRESOLVED,,member_count:2016-10-19:91
COUNT_NOT_200:2016-10-20:1182,COUNT_NOT_200,2016-10-20,2016,,,,,201,91,,,,CRITICAL,Replay intervals do not establish the historical expected security count on this NSE session.,UNRESOLVED,,member_count:2016-10-20:91
COUNT_NOT_200:2016-10-21:1183,COUNT_NOT_200,2016-10-21,2016,,,,,201,91,,,,CRITICAL,Replay intervals do not establish the historical expected security count on this NSE session.,UNRESOLVED,,member_count:2016-10-21:91
COUNT_NOT_200:2016-10-24:1184,COUNT_NOT_200,2016-10-24,2016,,,,,201,91,,,,CRITICAL,Replay intervals do not establish the historical expected security count on this NSE session.,UNRESOLVED,,member_count:2016-10-24:91
COUNT_NOT_200:2016-10-25:1185,COUNT_NOT_200,2016-10-25,2016,,,,,201,91,,,,CRITICAL,Replay intervals do not establish the historical expected security count on this NSE session.,UNRESOLVED,,member_count:2016-10-25:91
COUNT_NOT_200:2016-10-26:1186,COUNT_NOT_200,2016-10-26,2016,,,,,201,91,,,,CRITICAL,Replay intervals do not establish the historical expected security count on this NSE session.,UNRESOLVED,,member_count:2016-10-26:91
COUNT_NOT_200:2016-10-27:1187,COUNT_NOT_200,2016-10-27,2016,,,,,201,91,,,,CRITICAL,Replay intervals do not establish the historical expected security count on this NSE session.,UNRESOLVED,,member_count:2016-10-27:91
COUNT_NOT_200:2016-10-28:1188,COUNT_NOT_200,2016-10-28,2016,,,,,201,91,,,,CRITICAL,Replay intervals do not establish the historical expected security count on this NSE session.,UNRESOLVED,,member_count:2016-10-28:91
COUNT_NOT_200:2016-11-01:1189,COUNT_NOT_200,2016-11-01,2016,,,,,201,91,,,,CRITICAL,Replay intervals do not establish the historical expected security count on this NSE session.,UNRESOLVED,,member_count:2016-11-01:91
COUNT_NOT_200:2016-11-02:1190,COUNT_NOT_200,2016-11-02,2016,,,,,201,91,,,,CRITICAL,Replay intervals do not establish the historical expected security count on this NSE session.,UNRESOLVED,,member_count:2016-11-02:91
COUNT_NOT_200:2016-11-03:1191,COUNT_NOT_200,2016-11-03,2016,,,,,201,91,,,,CRITICAL,Replay intervals do not establish the historical expected security count on this NSE session.,UNRESOLVED,,member_count:2016-11-03:91
COUNT_NOT_200:2016-11-04:1192,COUNT_NOT_200,2016-11-04,2016,,,,,201,91,,,,CRITICAL,Replay intervals do not establish the historical expected security count on this NSE session.,UNRESOLVED,,member_count:2016-11-04:91
COUNT_NOT_200:2016-11-07:1193,COUNT_NOT_200,2016-11-07,2016,,,,,201,91,,,,CRITICAL,Replay intervals do not establish the historical expected security count on this NSE session.,UNRESOLVED,,member_count:2016-11-07:91
COUNT_NOT_200:2016-11-08:1194,COUNT_NOT_200,2016-11-08,2016,,,,,201,91,,,,CRITICAL,Replay intervals do not establish the historical expected security count on this NSE session.,UNRESOLVED,,member_count:2016-11-08:91
COUNT_NOT_200:2016-11-09:1195,COUNT_NOT_200,2016-11-09,2016,,,,,201,91,,,,CRITICAL,Replay intervals do not establish the historical expected security count on this NSE session.,UNRESOLVED,,member_count:2016-11-09:91
COUNT_NOT_200:2016-11-10:1196,COUNT_NOT_200,2016-11-10,2016,,,,,201,91,,,,CRITICAL,Replay intervals do not establish the historical expected security count on this NSE session.,UNRESOLVED,,member_count:2016-11-10:91
COUNT_NOT_200:2016-11-11:1197,COUNT_NOT_200,2016-11-11,2016,,,,,201,91,,,,CRITICAL,Replay intervals do not establish the historical expected security count on this NSE session.,UNRESOLVED,,member_count:2016-11-11:91
COUNT_NOT_200:2016-11-15:1198,COUNT_NOT_200,2016-11-15,2016,,,,,201,92,,,,CRITICAL,Replay intervals do not establish the historical expected security count on this NSE session.,UNRESOLVED,,member_count:2016-11-15:92
COUNT_NOT_200:2016-11-16:1199,COUNT_NOT_200,2016-11-16,2016,,,,,201,92,,,,CRITICAL,Replay intervals do not establish the historical expected security count on this NSE session.,UNRESOLVED,,member_count:2016-11-16:92
COUNT_NOT_200:2016-11-17:1200,COUNT_NOT_200,2016-11-17,2016,,,,,201,92,,,,CRITICAL,Replay intervals do not establish the historical expected security count on this NSE session.,UNRESOLVED,,member_count:2016-11-17:92
COUNT_NOT_200:2016-11-18:1201,COUNT_NOT_200,2016-11-18,2016,,,,,201,92,,,,CRITICAL,Replay intervals do not establish the historical expected security count on this NSE session.,UNRESOLVED,,member_count:2016-11-18:92
COUNT_NOT_200:2016-11-21:1202,COUNT_NOT_200,2016-11-21,2016,,,,,201,92,,,,CRITICAL,Replay intervals do not establish the historical expected security count on this NSE session.,UNRESOLVED,,member_count:2016-11-21:92
COUNT_NOT_200:2016-11-22:1203,COUNT_NOT_200,2016-11-22,2016,,,,,201,92,,,,CRITICAL,Replay intervals do not establish the historical expected security count on this NSE session.,UNRESOLVED,,member_count:2016-11-22:92
COUNT_NOT_200:2016-11-23:1204,COUNT_NOT_200,2016-11-23,2016,,,,,201,92,,,,CRITICAL,Replay intervals do not establish the historical expected security count on this NSE session.,UNRESOLVED,,member_count:2016-11-23:92
COUNT_NOT_200:2016-11-24:1205,COUNT_NOT_200,2016-11-24,2016,,,,,201,92,,,,CRITICAL,Replay intervals do not establish the historical expected security count on this NSE session.,UNRESOLVED,,member_count:2016-11-24:92
COUNT_NOT_200:2016-11-25:1206,COUNT_NOT_200,2016-11-25,2016,,,,,201,92,,,,CRITICAL,Replay intervals do not establish the historical expected security count on this NSE session.,UNRESOLVED,,member_count:2016-11-25:92
COUNT_NOT_200:2016-11-28:1207,COUNT_NOT_200,2016-11-28,2016,,,,,201,92,,,,CRITICAL,Replay intervals do not establish the historical expected security count on this NSE session.,UNRESOLVED,,member_count:2016-11-28:92
COUNT_NOT_200:2016-11-29:1208,COUNT_NOT_200,2016-11-29,2016,,,,,201,92,,,,CRITICAL,Replay intervals do not establish the historical expected security count on this NSE session.,UNRESOLVED,,member_count:2016-11-29:92
COUNT_NOT_200:2016-11-30:1209,COUNT_NOT_200,2016-11-30,2016,,,,,201,92,,,,CRITICAL,Replay intervals do not establish the historical expected security count on this NSE session.,UNRESOLVED,,member_count:2016-11-30:92
COUNT_NOT_200:2016-12-01:1210,COUNT_NOT_200,2016-12-01,2016,,,,,201,92,,,,CRITICAL,Replay intervals do not establish the historical expected security count on this NSE session.,UNRESOLVED,,member_count:2016-12-01:92
COUNT_NOT_200:2016-12-02:1211,COUNT_NOT_200,2016-12-02,2016,,,,,201,92,,,,CRITICAL,Replay intervals do not establish the historical expected security count on this NSE session.,UNRESOLVED,,member_count:2016-12-02:92
COUNT_NOT_200:2016-12-05:1212,COUNT_NOT_200,2016-12-05,2016,,,,,201,92,,,,CRITICAL,Replay intervals do not establish the historical expected security count on this NSE session.,UNRESOLVED,,member_count:2016-12-05:92
COUNT_NOT_200:2016-12-06:1213,COUNT_NOT_200,2016-12-06,2016,,,,,201,92,,,,CRITICAL,Replay intervals do not establish the historical expected security count on this NSE session.,UNRESOLVED,,member_count:2016-12-06:92
COUNT_NOT_200:2016-12-07:1214,COUNT_NOT_200,2016-12-07,2016,,,,,201,92,,,,CRITICAL,Replay intervals do not establish the historical expected security count on this NSE session.,UNRESOLVED,,member_count:2016-12-07:92
COUNT_NOT_200:2016-12-08:1215,COUNT_NOT_200,2016-12-08,2016,,,,,201,92,,,,CRITICAL,Replay intervals do not establish the historical expected security count on this NSE session.,UNRESOLVED,,member_count:2016-12-08:92
COUNT_NOT_200:2016-12-09:1216,COUNT_NOT_200,2016-12-09,2016,,,,,201,92,,,,CRITICAL,Replay intervals do not establish the historical expected security count on this NSE session.,UNRESOLVED,,member_count:2016-12-09:92
COUNT_NOT_200:2016-12-12:1217,COUNT_NOT_200,2016-12-12,2016,,,,,201,92,,,,CRITICAL,Replay intervals do not establish the historical expected security count on this NSE session.,UNRESOLVED,,member_count:2016-12-12:92
COUNT_NOT_200:2016-12-13:1218,COUNT_NOT_200,2016-12-13,2016,,,,,201,92,,,,CRITICAL,Replay intervals do not establish the historical expected security count on this NSE session.,UNRESOLVED,,member_count:2016-12-13:92
COUNT_NOT_200:2016-12-14:1219,COUNT_NOT_200,2016-12-14,2016,,,,,201,92,,,,CRITICAL,Replay intervals do not establish the historical expected security count on this NSE session.,UNRESOLVED,,member_count:2016-12-14:92
COUNT_NOT_200:2016-12-15:1220,COUNT_NOT_200,2016-12-15,2016,,,,,201,92,,,,CRITICAL,Replay intervals do not establish the historical expected security count on this NSE session.,UNRESOLVED,,member_count:2016-12-15:92
COUNT_NOT_200:2016-12-16:1221,COUNT_NOT_200,2016-12-16,2016,,,,,201,92,,,,CRITICAL,Replay intervals do not establish the historical expected security count on this NSE session.,UNRESOLVED,,member_count:2016-12-16:92
COUNT_NOT_200:2016-12-19:1222,COUNT_NOT_200,2016-12-19,2016,,,,,201,92,,,,CRITICAL,Replay intervals do not establish the historical expected security count on this NSE session.,UNRESOLVED,,member_count:2016-12-19:92
COUNT_NOT_200:2016-12-20:1223,COUNT_NOT_200,2016-12-20,2016,,,,,201,92,,,,CRITICAL,Replay intervals do not establish the historical expected security count on this NSE session.,UNRESOLVED,,member_count:2016-12-20:92
COUNT_NOT_200:2016-12-21:1224,COUNT_NOT_200,2016-12-21,2016,,,,,201,92,,,,CRITICAL,Replay intervals do not establish the historical expected security count on this NSE session.,UNRESOLVED,,member_count:2016-12-21:92
COUNT_NOT_200:2016-12-22:1225,COUNT_NOT_200,2016-12-22,2016,,,,,201,92,,,,CRITICAL,Replay intervals do not establish the historical expected security count on this NSE session.,UNRESOLVED,,member_count:2016-12-22:92
COUNT_NOT_200:2016-12-23:1226,COUNT_NOT_200,2016-12-23,2016,,,,,201,92,,,,CRITICAL,Replay intervals do not establish the historical expected security count on this NSE session.,UNRESOLVED,,member_count:2016-12-23:92
COUNT_NOT_200:2016-12-26:1227,COUNT_NOT_200,2016-12-26,2016,,,,,201,92,,,,CRITICAL,Replay intervals do not establish the historical expected security count on this NSE session.,UNRESOLVED,,member_count:2016-12-26:92
COUNT_NOT_200:2016-12-27:1228,COUNT_NOT_200,2016-12-27,2016,,,,,201,92,,,,CRITICAL,Replay intervals do not establish the historical expected security count on this NSE session.,UNRESOLVED,,member_count:2016-12-27:92
COUNT_NOT_200:2016-12-28:1229,COUNT_NOT_200,2016-12-28,2016,,,,,201,92,,,,CRITICAL,Replay intervals do not establish the historical expected security count on this NSE session.,UNRESOLVED,,member_count:2016-12-28:92
COUNT_NOT_200:2016-12-29:1230,COUNT_NOT_200,2016-12-29,2016,,,,,201,92,,,,CRITICAL,Replay intervals do not establish the historical expected security count on this NSE session.,UNRESOLVED,,member_count:2016-12-29:92
COUNT_NOT_200:2016-12-30:1231,COUNT_NOT_200,2016-12-30,2016,,,,,201,92,,,,CRITICAL,Replay intervals do not establish the historical expected security count on this NSE session.,UNRESOLVED,,member_count:2016-12-30:92
COUNT_NOT_200:2017-01-02:1232,COUNT_NOT_200,2017-01-02,2017,,,,,201,92,,,,CRITICAL,Replay intervals do not establish the historical expected security count on this NSE session.,UNRESOLVED,,member_count:2017-01-02:92
COUNT_NOT_200:2017-01-03:1233,COUNT_NOT_200,2017-01-03,2017,,,,,201,92,,,,CRITICAL,Replay intervals do not establish the historical expected security count on this NSE session.,UNRESOLVED,,member_count:2017-01-03:92
COUNT_NOT_200:2017-01-04:1234,COUNT_NOT_200,2017-01-04,2017,,,,,201,92,,,,CRITICAL,Replay intervals do not establish the historical expected security count on this NSE session.,UNRESOLVED,,member_count:2017-01-04:92
COUNT_NOT_200:2017-01-05:1235,COUNT_NOT_200,2017-01-05,2017,,,,,201,92,,,,CRITICAL,Replay intervals do not establish the historical expected security count on this NSE session.,UNRESOLVED,,member_count:2017-01-05:92
COUNT_NOT_200:2017-01-06:1236,COUNT_NOT_200,2017-01-06,2017,,,,,201,92,,,,CRITICAL,Replay intervals do not establish the historical expected security count on this NSE session.,UNRESOLVED,,member_count:2017-01-06:92
COUNT_NOT_200:2017-01-09:1237,COUNT_NOT_200,2017-01-09,2017,,,,,201,92,,,,CRITICAL,Replay intervals do not establish the historical expected security count on this NSE session.,UNRESOLVED,,member_count:2017-01-09:92
COUNT_NOT_200:2017-01-10:1238,COUNT_NOT_200,2017-01-10,2017,,,,,201,92,,,,CRITICAL,Replay intervals do not establish the historical expected security count on this NSE session.,UNRESOLVED,,member_count:2017-01-10:92
COUNT_NOT_200:2017-01-11:1239,COUNT_NOT_200,2017-01-11,2017,,,,,201,92,,,,CRITICAL,Replay intervals do not establish the historical expected security count on this NSE session.,UNRESOLVED,,member_count:2017-01-11:92
COUNT_NOT_200:2017-01-12:1240,COUNT_NOT_200,2017-01-12,2017,,,,,201,92,,,,CRITICAL,Replay intervals do not establish the historical expected security count on this NSE session.,UNRESOLVED,,member_count:2017-01-12:92
COUNT_NOT_200:2017-01-13:1241,COUNT_NOT_200,2017-01-13,2017,,,,,201,92,,,,CRITICAL,Replay intervals do not establish the historical expected security count on this NSE session.,UNRESOLVED,,member_count:2017-01-13:92
COUNT_NOT_200:2017-01-16:1242,COUNT_NOT_200,2017-01-16,2017,,,,,201,92,,,,CRITICAL,Replay intervals do not establish the historical expected security count on this NSE session.,UNRESOLVED,,member_count:2017-01-16:92
COUNT_NOT_200:2017-01-17:1243,COUNT_NOT_200,2017-01-17,2017,,,,,201,92,,,,CRITICAL,Replay intervals do not establish the historical expected security count on this NSE session.,UNRESOLVED,,member_count:2017-01-17:92
COUNT_NOT_200:2017-01-18:1244,COUNT_NOT_200,2017-01-18,2017,,,,,201,92,,,,CRITICAL,Replay intervals do not establish the historical expected security count on this NSE session.,UNRESOLVED,,member_count:2017-01-18:92
COUNT_NOT_200:2017-01-19:1245,COUNT_NOT_200,2017-01-19,2017,,,,,201,92,,,,CRITICAL,Replay intervals do not establish the historical expected security count on this NSE session.,UNRESOLVED,,member_count:2017-01-19:92
COUNT_NOT_200:2017-01-20:1246,COUNT_NOT_200,2017-01-20,2017,,,,,201,92,,,,CRITICAL,Replay intervals do not establish the historical expected security count on this NSE session.,UNRESOLVED,,member_count:2017-01-20:92
COUNT_NOT_200:2017-01-23:1247,COUNT_NOT_200,2017-01-23,2017,,,,,201,92,,,,CRITICAL,Replay intervals do not establish the historical expected security count on this NSE session.,UNRESOLVED,,member_count:2017-01-23:92
COUNT_NOT_200:2017-01-24:1248,COUNT_NOT_200,2017-01-24,2017,,,,,201,92,,,,CRITICAL,Replay intervals do not establish the historical expected security count on this NSE session.,UNRESOLVED,,member_count:2017-01-24:92
COUNT_NOT_200:2017-01-25:1249,COUNT_NOT_200,2017-01-25,2017,,,,,201,92,,,,CRITICAL,Replay intervals do not establish the historical expected security count on this NSE session.,UNRESOLVED,,member_count:2017-01-25:92
COUNT_NOT_200:2017-01-27:1250,COUNT_NOT_200,2017-01-27,2017,,,,,201,92,,,,CRITICAL,Replay intervals do not establish the historical expected security count on this NSE session.,UNRESOLVED,,member_count:2017-01-27:92
COUNT_NOT_200:2017-01-30:1251,COUNT_NOT_200,2017-01-30,2017,,,,,201,92,,,,CRITICAL,Replay intervals do not establish the historical expected security count on this NSE session.,UNRESOLVED,,member_count:2017-01-30:92
COUNT_NOT_200:2017-01-31:1252,COUNT_NOT_200,2017-01-31,2017,,,,,201,92,,,,CRITICAL,Replay intervals do not establish the historical expected security count on this NSE session.,UNRESOLVED,,member_count:2017-01-31:92
COUNT_NOT_200:2017-02-01:1253,COUNT_NOT_200,2017-02-01,2017,,,,,201,92,,,,CRITICAL,Replay intervals do not establish the historical expected security count on this NSE session.,UNRESOLVED,,member_count:2017-02-01:92
COUNT_NOT_200:2017-02-02:1254,COUNT_NOT_200,2017-02-02,2017,,,,,201,92,,,,CRITICAL,Replay intervals do not establish the historical expected security count on this NSE session.,UNRESOLVED,,member_count:2017-02-02:92
COUNT_NOT_200:2017-02-03:1255,COUNT_NOT_200,2017-02-03,2017,,,,,201,92,,,,CRITICAL,Replay intervals do not establish the historical expected security count on this NSE session.,UNRESOLVED,,member_count:2017-02-03:92
COUNT_NOT_200:2017-02-06:1256,COUNT_NOT_200,2017-02-06,2017,,,,,201,92,,,,CRITICAL,Replay intervals do not establish the historical expected security count on this NSE session.,UNRESOLVED,,member_count:2017-02-06:92
COUNT_NOT_200:2017-02-07:1257,COUNT_NOT_200,2017-02-07,2017,,,,,201,92,,,,CRITICAL,Replay intervals do not establish the historical expected security count on this NSE session.,UNRESOLVED,,member_count:2017-02-07:92
COUNT_NOT_200:2017-02-08:1258,COUNT_NOT_200,2017-02-08,2017,,,,,201,92,,,,CRITICAL,Replay intervals do not establish the historical expected security count on this NSE session.,UNRESOLVED,,member_count:2017-02-08:92
COUNT_NOT_200:2017-02-09:1259,COUNT_NOT_200,2017-02-09,2017,,,,,201,92,,,,CRITICAL,Replay intervals do not establish the historical expected security count on this NSE session.,UNRESOLVED,,member_count:2017-02-09:92
COUNT_NOT_200:2017-02-10:1260,COUNT_NOT_200,2017-02-10,2017,,,,,201,92,,,,CRITICAL,Replay intervals do not establish the historical expected security count on this NSE session.,UNRESOLVED,,member_count:2017-02-10:92
COUNT_NOT_200:2017-02-13:1261,COUNT_NOT_200,2017-02-13,2017,,,,,201,92,,,,CRITICAL,Replay intervals do not establish the historical expected security count on this NSE session.,UNRESOLVED,,member_count:2017-02-13:92
COUNT_NOT_200:2017-02-14:1262,COUNT_NOT_200,2017-02-14,2017,,,,,201,92,,,,CRITICAL,Replay intervals do not establish the historical expected security count on this NSE session.,UNRESOLVED,,member_count:2017-02-14:92
COUNT_NOT_200:2017-02-15:1263,COUNT_NOT_200,2017-02-15,2017,,,,,201,92,,,,CRITICAL,Replay intervals do not establish the historical expected security count on this NSE session.,UNRESOLVED,,member_count:2017-02-15:92
COUNT_NOT_200:2017-02-16:1264,COUNT_NOT_200,2017-02-16,2017,,,,,201,92,,,,CRITICAL,Replay intervals do not establish the historical expected security count on this NSE session.,UNRESOLVED,,member_count:2017-02-16:92
COUNT_NOT_200:2017-02-17:1265,COUNT_NOT_200,2017-02-17,2017,,,,,201,92,,,,CRITICAL,Replay intervals do not establish the historical expected security count on this NSE session.,UNRESOLVED,,member_count:2017-02-17:92
COUNT_NOT_200:2017-02-20:1266,COUNT_NOT_200,2017-02-20,2017,,,,,201,92,,,,CRITICAL,Replay intervals do not establish the historical expected security count on this NSE session.,UNRESOLVED,,member_count:2017-02-20:92
COUNT_NOT_200:2017-02-21:1267,COUNT_NOT_200,2017-02-21,2017,,,,,201,92,,,,CRITICAL,Replay intervals do not establish the historical expected security count on this NSE session.,UNRESOLVED,,member_count:2017-02-21:92
COUNT_NOT_200:2017-02-22:1268,COUNT_NOT_200,2017-02-22,2017,,,,,201,92,,,,CRITICAL,Replay intervals do not establish the historical expected security count on this NSE session.,UNRESOLVED,,member_count:2017-02-22:92
COUNT_NOT_200:2017-02-23:1269,COUNT_NOT_200,2017-02-23,2017,,,,,201,92,,,,CRITICAL,Replay intervals do not establish the historical expected security count on this NSE session.,UNRESOLVED,,member_count:2017-02-23:92
COUNT_NOT_200:2017-02-27:1270,COUNT_NOT_200,2017-02-27,2017,,,,,201,92,,,,CRITICAL,Replay intervals do not establish the historical expected security count on this NSE session.,UNRESOLVED,,member_count:2017-02-27:92
COUNT_NOT_200:2017-02-28:1271,COUNT_NOT_200,2017-02-28,2017,,,,,201,92,,,,CRITICAL,Replay intervals do not establish the historical expected security count on this NSE session.,UNRESOLVED,,member_count:2017-02-28:92
COUNT_NOT_200:2017-03-01:1272,COUNT_NOT_200,2017-03-01,2017,,,,,201,92,,,,CRITICAL,Replay intervals do not establish the historical expected security count on this NSE session.,UNRESOLVED,,member_count:2017-03-01:92
COUNT_NOT_200:2017-03-02:1273,COUNT_NOT_200,2017-03-02,2017,,,,,201,92,,,,CRITICAL,Replay intervals do not establish the historical expected security count on this NSE session.,UNRESOLVED,,member_count:2017-03-02:92
COUNT_NOT_200:2017-03-03:1274,COUNT_NOT_200,2017-03-03,2017,,,,,201,92,,,,CRITICAL,Replay intervals do not establish the historical expected security count on this NSE session.,UNRESOLVED,,member_count:2017-03-03:92
COUNT_NOT_200:2017-03-06:1275,COUNT_NOT_200,2017-03-06,2017,,,,,201,92,,,,CRITICAL,Replay intervals do not establish the historical expected security count on this NSE session.,UNRESOLVED,,member_count:2017-03-06:92
COUNT_NOT_200:2017-03-07:1276,COUNT_NOT_200,2017-03-07,2017,,,,,201,92,,,,CRITICAL,Replay intervals do not establish the historical expected security count on this NSE session.,UNRESOLVED,,member_count:2017-03-07:92
COUNT_NOT_200:2017-03-08:1277,COUNT_NOT_200,2017-03-08,2017,,,,,201,92,,,,CRITICAL,Replay intervals do not establish the historical expected security count on this NSE session.,UNRESOLVED,,member_count:2017-03-08:92
COUNT_NOT_200:2017-03-09:1278,COUNT_NOT_200,2017-03-09,2017,,,,,201,92,,,,CRITICAL,Replay intervals do not establish the historical expected security count on this NSE session.,UNRESOLVED,,member_count:2017-03-09:92
COUNT_NOT_200:2017-03-10:1279,COUNT_NOT_200,2017-03-10,2017,,,,,201,92,,,,CRITICAL,Replay intervals do not establish the historical expected security count on this NSE session.,UNRESOLVED,,member_count:2017-03-10:92
COUNT_NOT_200:2017-03-14:1280,COUNT_NOT_200,2017-03-14,2017,,,,,201,92,,,,CRITICAL,Replay intervals do not establish the historical expected security count on this NSE session.,UNRESOLVED,,member_count:2017-03-14:92
COUNT_NOT_200:2017-03-15:1281,COUNT_NOT_200,2017-03-15,2017,,,,,201,92,,,,CRITICAL,Replay intervals do not establish the historical expected security count on this NSE session.,UNRESOLVED,,member_count:2017-03-15:92
COUNT_NOT_200:2017-03-16:1282,COUNT_NOT_200,2017-03-16,2017,,,,,201,92,,,,CRITICAL,Replay intervals do not establish the historical expected security count on this NSE session.,UNRESOLVED,,member_count:2017-03-16:92
COUNT_NOT_200:2017-03-17:1283,COUNT_NOT_200,2017-03-17,2017,,,,,201,92,,,,CRITICAL,Replay intervals do not establish the historical expected security count on this NSE session.,UNRESOLVED,,member_count:2017-03-17:92
COUNT_NOT_200:2017-03-20:1284,COUNT_NOT_200,2017-03-20,2017,,,,,201,92,,,,CRITICAL,Replay intervals do not establish the historical expected security count on this NSE session.,UNRESOLVED,,member_count:2017-03-20:92
COUNT_NOT_200:2017-03-21:1285,COUNT_NOT_200,2017-03-21,2017,,,,,201,92,,,,CRITICAL,Replay intervals do not establish the historical expected security count on this NSE session.,UNRESOLVED,,member_count:2017-03-21:92
COUNT_NOT_200:2017-03-22:1286,COUNT_NOT_200,2017-03-22,2017,,,,,201,92,,,,CRITICAL,Replay intervals do not establish the historical expected security count on this NSE session.,UNRESOLVED,,member_count:2017-03-22:92
COUNT_NOT_200:2017-03-23:1287,COUNT_NOT_200,2017-03-23,2017,,,,,201,92,,,,CRITICAL,Replay intervals do not establish the historical expected security count on this NSE session.,UNRESOLVED,,member_count:2017-03-23:92
COUNT_NOT_200:2017-03-24:1288,COUNT_NOT_200,2017-03-24,2017,,,,,201,92,,,,CRITICAL,Replay intervals do not establish the historical expected security count on this NSE session.,UNRESOLVED,,member_count:2017-03-24:92
COUNT_NOT_200:2017-03-27:1289,COUNT_NOT_200,2017-03-27,2017,,,,,201,92,,,,CRITICAL,Replay intervals do not establish the historical expected security count on this NSE session.,UNRESOLVED,,member_count:2017-03-27:92
COUNT_NOT_200:2017-03-28:1290,COUNT_NOT_200,2017-03-28,2017,,,,,201,92,,,,CRITICAL,Replay intervals do not establish the historical expected security count on this NSE session.,UNRESOLVED,,member_count:2017-03-28:92
COUNT_NOT_200:2017-03-29:1291,COUNT_NOT_200,2017-03-29,2017,,,,,201,92,,,,CRITICAL,Replay intervals do not establish the historical expected security count on this NSE session.,UNRESOLVED,,member_count:2017-03-29:92
COUNT_NOT_200:2017-03-30:1292,COUNT_NOT_200,2017-03-30,2017,,,,,201,92,,,,CRITICAL,Replay intervals do not establish the historical expected security count on this NSE session.,UNRESOLVED,,member_count:2017-03-30:92
COUNT_NOT_200:2017-03-31:1293,COUNT_NOT_200,2017-03-31,2017,,,,,201,92,,,,CRITICAL,Replay intervals do not establish the historical expected security count on this NSE session.,UNRESOLVED,,member_count:2017-03-31:92
COUNT_NOT_200:2017-04-03:1294,COUNT_NOT_200,2017-04-03,2017,,,,,201,92,,,,CRITICAL,Replay intervals do not establish the historical expected security count on this NSE session.,UNRESOLVED,,member_count:2017-04-03:92
COUNT_NOT_200:2017-04-05:1295,COUNT_NOT_200,2017-04-05,2017,,,,,201,92,,,,CRITICAL,Replay intervals do not establish the historical expected security count on this NSE session.,UNRESOLVED,,member_count:2017-04-05:92
COUNT_NOT_200:2017-04-06:1296,COUNT_NOT_200,2017-04-06,2017,,,,,201,92,,,,CRITICAL,Replay intervals do not establish the historical expected security count on this NSE session.,UNRESOLVED,,member_count:2017-04-06:92
COUNT_NOT_200:2017-04-07:1297,COUNT_NOT_200,2017-04-07,2017,,,,,201,92,,,,CRITICAL,Replay intervals do not establish the historical expected security count on this NSE session.,UNRESOLVED,,member_count:2017-04-07:92
COUNT_NOT_200:2017-04-10:1298,COUNT_NOT_200,2017-04-10,2017,,,,,201,92,,,,CRITICAL,Replay intervals do not establish the historical expected security count on this NSE session.,UNRESOLVED,,member_count:2017-04-10:92
COUNT_NOT_200:2017-04-11:1299,COUNT_NOT_200,2017-04-11,2017,,,,,201,92,,,,CRITICAL,Replay intervals do not establish the historical expected security count on this NSE session.,UNRESOLVED,,member_count:2017-04-11:92
COUNT_NOT_200:2017-04-12:1300,COUNT_NOT_200,2017-04-12,2017,,,,,201,92,,,,CRITICAL,Replay intervals do not establish the historical expected security count on this NSE session.,UNRESOLVED,,member_count:2017-04-12:92
COUNT_NOT_200:2017-04-13:1301,COUNT_NOT_200,2017-04-13,2017,,,,,201,92,,,,CRITICAL,Replay intervals do not establish the historical expected security count on this NSE session.,UNRESOLVED,,member_count:2017-04-13:92
COUNT_NOT_200:2017-04-17:1302,COUNT_NOT_200,2017-04-17,2017,,,,,201,92,,,,CRITICAL,Replay intervals do not establish the historical expected security count on this NSE session.,UNRESOLVED,,member_count:2017-04-17:92
COUNT_NOT_200:2017-04-18:1303,COUNT_NOT_200,2017-04-18,2017,,,,,201,92,,,,CRITICAL,Replay intervals do not establish the historical expected security count on this NSE session.,UNRESOLVED,,member_count:2017-04-18:92
COUNT_NOT_200:2017-04-19:1304,COUNT_NOT_200,2017-04-19,2017,,,,,201,92,,,,CRITICAL,Replay intervals do not establish the historical expected security count on this NSE session.,UNRESOLVED,,member_count:2017-04-19:92
COUNT_NOT_200:2017-04-20:1305,COUNT_NOT_200,2017-04-20,2017,,,,,201,92,,,,CRITICAL,Replay intervals do not establish the historical expected security count on this NSE session.,UNRESOLVED,,member_count:2017-04-20:92
COUNT_NOT_200:2017-04-21:1306,COUNT_NOT_200,2017-04-21,2017,,,,,201,92,,,,CRITICAL,Replay intervals do not establish the historical expected security count on this NSE session.,UNRESOLVED,,member_count:2017-04-21:92
COUNT_NOT_200:2017-04-24:1307,COUNT_NOT_200,2017-04-24,2017,,,,,201,92,,,,CRITICAL,Replay intervals do not establish the historical expected security count on this NSE session.,UNRESOLVED,,member_count:2017-04-24:92
COUNT_NOT_200:2017-04-25:1308,COUNT_NOT_200,2017-04-25,2017,,,,,201,92,,,,CRITICAL,Replay intervals do not establish the historical expected security count on this NSE session.,UNRESOLVED,,member_count:2017-04-25:92
COUNT_NOT_200:2017-04-26:1309,COUNT_NOT_200,2017-04-26,2017,,,,,201,92,,,,CRITICAL,Replay intervals do not establish the historical expected security count on this NSE session.,UNRESOLVED,,member_count:2017-04-26:92
COUNT_NOT_200:2017-04-27:1310,COUNT_NOT_200,2017-04-27,2017,,,,,201,92,,,,CRITICAL,Replay intervals do not establish the historical expected security count on this NSE session.,UNRESOLVED,,member_count:2017-04-27:92
COUNT_NOT_200:2017-04-28:1311,COUNT_NOT_200,2017-04-28,2017,,,,,201,92,,,,CRITICAL,Replay intervals do not establish the historical expected security count on this NSE session.,UNRESOLVED,,member_count:2017-04-28:92
COUNT_NOT_200:2017-05-02:1312,COUNT_NOT_200,2017-05-02,2017,,,,,201,92,,,,CRITICAL,Replay intervals do not establish the historical expected security count on this NSE session.,UNRESOLVED,,member_count:2017-05-02:92
COUNT_NOT_200:2017-05-03:1313,COUNT_NOT_200,2017-05-03,2017,,,,,201,92,,,,CRITICAL,Replay intervals do not establish the historical expected security count on this NSE session.,UNRESOLVED,,member_count:2017-05-03:92
COUNT_NOT_200:2017-05-04:1314,COUNT_NOT_200,2017-05-04,2017,,,,,201,92,,,,CRITICAL,Replay intervals do not establish the historical expected security count on this NSE session.,UNRESOLVED,,member_count:2017-05-04:92
COUNT_NOT_200:2017-05-05:1315,COUNT_NOT_200,2017-05-05,2017,,,,,201,92,,,,CRITICAL,Replay intervals do not establish the historical expected security count on this NSE session.,UNRESOLVED,,member_count:2017-05-05:92
COUNT_NOT_200:2017-05-08:1316,COUNT_NOT_200,2017-05-08,2017,,,,,201,92,,,,CRITICAL,Replay intervals do not establish the historical expected security count on this NSE session.,UNRESOLVED,,member_count:2017-05-08:92
COUNT_NOT_200:2017-05-09:1317,COUNT_NOT_200,2017-05-09,2017,,,,,201,92,,,,CRITICAL,Replay intervals do not establish the historical expected security count on this NSE session.,UNRESOLVED,,member_count:2017-05-09:92
COUNT_NOT_200:2017-05-10:1318,COUNT_NOT_200,2017-05-10,2017,,,,,201,92,,,,CRITICAL,Replay intervals do not establish the historical expected security count on this NSE session.,UNRESOLVED,,member_count:2017-05-10:92
COUNT_NOT_200:2017-05-11:1319,COUNT_NOT_200,2017-05-11,2017,,,,,201,92,,,,CRITICAL,Replay intervals do not establish the historical expected security count on this NSE session.,UNRESOLVED,,member_count:2017-05-11:92
COUNT_NOT_200:2017-05-12:1320,COUNT_NOT_200,2017-05-12,2017,,,,,201,92,,,,CRITICAL,Replay intervals do not establish the historical expected security count on this NSE session.,UNRESOLVED,,member_count:2017-05-12:92
COUNT_NOT_200:2017-05-15:1321,COUNT_NOT_200,2017-05-15,2017,,,,,201,92,,,,CRITICAL,Replay intervals do not establish the historical expected security count on this NSE session.,UNRESOLVED,,member_count:2017-05-15:92
COUNT_NOT_200:2017-05-16:1322,COUNT_NOT_200,2017-05-16,2017,,,,,201,92,,,,CRITICAL,Replay intervals do not establish the historical expected security count on this NSE session.,UNRESOLVED,,member_count:2017-05-16:92
COUNT_NOT_200:2017-05-17:1323,COUNT_NOT_200,2017-05-17,2017,,,,,201,92,,,,CRITICAL,Replay intervals do not establish the historical expected security count on this NSE session.,UNRESOLVED,,member_count:2017-05-17:92
COUNT_NOT_200:2017-05-18:1324,COUNT_NOT_200,2017-05-18,2017,,,,,201,92,,,,CRITICAL,Replay intervals do not establish the historical expected security count on this NSE session.,UNRESOLVED,,member_count:2017-05-18:92
COUNT_NOT_200:2017-05-19:1325,COUNT_NOT_200,2017-05-19,2017,,,,,201,92,,,,CRITICAL,Replay intervals do not establish the historical expected security count on this NSE session.,UNRESOLVED,,member_count:2017-05-19:92
COUNT_NOT_200:2017-05-22:1326,COUNT_NOT_200,2017-05-22,2017,,,,,201,92,,,,CRITICAL,Replay intervals do not establish the historical expected security count on this NSE session.,UNRESOLVED,,member_count:2017-05-22:92
COUNT_NOT_200:2017-05-23:1327,COUNT_NOT_200,2017-05-23,2017,,,,,201,92,,,,CRITICAL,Replay intervals do not establish the historical expected security count on this NSE session.,UNRESOLVED,,member_count:2017-05-23:92
COUNT_NOT_200:2017-05-24:1328,COUNT_NOT_200,2017-05-24,2017,,,,,201,92,,,,CRITICAL,Replay intervals do not establish the historical expected security count on this NSE session.,UNRESOLVED,,member_count:2017-05-24:92
COUNT_NOT_200:2017-05-25:1329,COUNT_NOT_200,2017-05-25,2017,,,,,201,92,,,,CRITICAL,Replay intervals do not establish the historical expected security count on this NSE session.,UNRESOLVED,,member_count:2017-05-25:92
COUNT_NOT_200:2017-05-26:1330,COUNT_NOT_200,2017-05-26,2017,,,,,201,93,,,,CRITICAL,Replay intervals do not establish the historical expected security count on this NSE session.,UNRESOLVED,,member_count:2017-05-26:93
COUNT_NOT_200:2017-05-29:1331,COUNT_NOT_200,2017-05-29,2017,,,,,201,93,,,,CRITICAL,Replay intervals do not establish the historical expected security count on this NSE session.,UNRESOLVED,,member_count:2017-05-29:93
COUNT_NOT_200:2017-05-30:1332,COUNT_NOT_200,2017-05-30,2017,,,,,201,93,,,,CRITICAL,Replay intervals do not establish the historical expected security count on this NSE session.,UNRESOLVED,,member_count:2017-05-30:93
COUNT_NOT_200:2017-05-31:1333,COUNT_NOT_200,2017-05-31,2017,,,,,201,93,,,,CRITICAL,Replay intervals do not establish the historical expected security count on this NSE session.,UNRESOLVED,,member_count:2017-05-31:93
COUNT_NOT_200:2017-06-01:1334,COUNT_NOT_200,2017-06-01,2017,,,,,201,93,,,,CRITICAL,Replay intervals do not establish the historical expected security count on this NSE session.,UNRESOLVED,,member_count:2017-06-01:93
COUNT_NOT_200:2017-06-02:1335,COUNT_NOT_200,2017-06-02,2017,,,,,201,93,,,,CRITICAL,Replay intervals do not establish the historical expected security count on this NSE session.,UNRESOLVED,,member_count:2017-06-02:93
COUNT_NOT_200:2017-06-05:1336,COUNT_NOT_200,2017-06-05,2017,,,,,201,93,,,,CRITICAL,Replay intervals do not establish the historical expected security count on this NSE session.,UNRESOLVED,,member_count:2017-06-05:93
COUNT_NOT_200:2017-06-06:1337,COUNT_NOT_200,2017-06-06,2017,,,,,201,93,,,,CRITICAL,Replay intervals do not establish the historical expected security count on this NSE session.,UNRESOLVED,,member_count:2017-06-06:93
COUNT_NOT_200:2017-06-07:1338,COUNT_NOT_200,2017-06-07,2017,,,,,201,93,,,,CRITICAL,Replay intervals do not establish the historical expected security count on this NSE session.,UNRESOLVED,,member_count:2017-06-07:93
COUNT_NOT_200:2017-06-08:1339,COUNT_NOT_200,2017-06-08,2017,,,,,201,93,,,,CRITICAL,Replay intervals do not establish the historical expected security count on this NSE session.,UNRESOLVED,,member_count:2017-06-08:93
COUNT_NOT_200:2017-06-09:1340,COUNT_NOT_200,2017-06-09,2017,,,,,201,93,,,,CRITICAL,Replay intervals do not establish the historical expected security count on this NSE session.,UNRESOLVED,,member_count:2017-06-09:93
COUNT_NOT_200:2017-06-12:1341,COUNT_NOT_200,2017-06-12,2017,,,,,201,93,,,,CRITICAL,Replay intervals do not establish the historical expected security count on this NSE session.,UNRESOLVED,,member_count:2017-06-12:93
COUNT_NOT_200:2017-06-13:1342,COUNT_NOT_200,2017-06-13,2017,,,,,201,93,,,,CRITICAL,Replay intervals do not establish the historical expected security count on this NSE session.,UNRESOLVED,,member_count:2017-06-13:93
COUNT_NOT_200:2017-06-14:1343,COUNT_NOT_200,2017-06-14,2017,,,,,201,93,,,,CRITICAL,Replay intervals do not establish the historical expected security count on this NSE session.,UNRESOLVED,,member_count:2017-06-14:93
COUNT_NOT_200:2017-06-15:1344,COUNT_NOT_200,2017-06-15,2017,,,,,201,93,,,,CRITICAL,Replay intervals do not establish the historical expected security count on this NSE session.,UNRESOLVED,,member_count:2017-06-15:93
COUNT_NOT_200:2017-06-16:1345,COUNT_NOT_200,2017-06-16,2017,,,,,201,93,,,,CRITICAL,Replay intervals do not establish the historical expected security count on this NSE session.,UNRESOLVED,,member_count:2017-06-16:93
COUNT_NOT_200:2017-06-19:1346,COUNT_NOT_200,2017-06-19,2017,,,,,201,93,,,,CRITICAL,Replay intervals do not establish the historical expected security count on this NSE session.,UNRESOLVED,,member_count:2017-06-19:93
COUNT_NOT_200:2017-06-20:1347,COUNT_NOT_200,2017-06-20,2017,,,,,201,93,,,,CRITICAL,Replay intervals do not establish the historical expected security count on this NSE session.,UNRESOLVED,,member_count:2017-06-20:93
COUNT_NOT_200:2017-06-21:1348,COUNT_NOT_200,2017-06-21,2017,,,,,201,93,,,,CRITICAL,Replay intervals do not establish the historical expected security count on this NSE session.,UNRESOLVED,,member_count:2017-06-21:93
COUNT_NOT_200:2017-06-22:1349,COUNT_NOT_200,2017-06-22,2017,,,,,201,93,,,,CRITICAL,Replay intervals do not establish the historical expected security count on this NSE session.,UNRESOLVED,,member_count:2017-06-22:93
COUNT_NOT_200:2017-06-23:1350,COUNT_NOT_200,2017-06-23,2017,,,,,201,93,,,,CRITICAL,Replay intervals do not establish the historical expected security count on this NSE session.,UNRESOLVED,,member_count:2017-06-23:93
COUNT_NOT_200:2017-06-27:1351,COUNT_NOT_200,2017-06-27,2017,,,,,201,93,,,,CRITICAL,Replay intervals do not establish the historical expected security count on this NSE session.,UNRESOLVED,,member_count:2017-06-27:93
COUNT_NOT_200:2017-06-28:1352,COUNT_NOT_200,2017-06-28,2017,,,,,201,93,,,,CRITICAL,Replay intervals do not establish the historical expected security count on this NSE session.,UNRESOLVED,,member_count:2017-06-28:93
COUNT_NOT_200:2017-06-29:1353,COUNT_NOT_200,2017-06-29,2017,,,,,201,93,,,,CRITICAL,Replay intervals do not establish the historical expected security count on this NSE session.,UNRESOLVED,,member_count:2017-06-29:93
COUNT_NOT_200:2017-06-30:1354,COUNT_NOT_200,2017-06-30,2017,,,,,201,93,,,,CRITICAL,Replay intervals do not establish the historical expected security count on this NSE session.,UNRESOLVED,,member_count:2017-06-30:93
COUNT_NOT_200:2017-07-03:1355,COUNT_NOT_200,2017-07-03,2017,,,,,201,93,,,,CRITICAL,Replay intervals do not establish the historical expected security count on this NSE session.,UNRESOLVED,,member_count:2017-07-03:93
COUNT_NOT_200:2017-07-04:1356,COUNT_NOT_200,2017-07-04,2017,,,,,201,93,,,,CRITICAL,Replay intervals do not establish the historical expected security count on this NSE session.,UNRESOLVED,,member_count:2017-07-04:93
COUNT_NOT_200:2017-07-05:1357,COUNT_NOT_200,2017-07-05,2017,,,,,201,93,,,,CRITICAL,Replay intervals do not establish the historical expected security count on this NSE session.,UNRESOLVED,,member_count:2017-07-05:93
COUNT_NOT_200:2017-07-06:1358,COUNT_NOT_200,2017-07-06,2017,,,,,201,93,,,,CRITICAL,Replay intervals do not establish the historical expected security count on this NSE session.,UNRESOLVED,,member_count:2017-07-06:93
COUNT_NOT_200:2017-07-07:1359,COUNT_NOT_200,2017-07-07,2017,,,,,201,93,,,,CRITICAL,Replay intervals do not establish the historical expected security count on this NSE session.,UNRESOLVED,,member_count:2017-07-07:93
COUNT_NOT_200:2017-07-10:1360,COUNT_NOT_200,2017-07-10,2017,,,,,201,93,,,,CRITICAL,Replay intervals do not establish the historical expected security count on this NSE session.,UNRESOLVED,,member_count:2017-07-10:93
COUNT_NOT_200:2017-07-11:1361,COUNT_NOT_200,2017-07-11,2017,,,,,201,93,,,,CRITICAL,Replay intervals do not establish the historical expected security count on this NSE session.,UNRESOLVED,,member_count:2017-07-11:93
COUNT_NOT_200:2017-07-12:1362,COUNT_NOT_200,2017-07-12,2017,,,,,201,93,,,,CRITICAL,Replay intervals do not establish the historical expected security count on this NSE session.,UNRESOLVED,,member_count:2017-07-12:93
COUNT_NOT_200:2017-07-13:1363,COUNT_NOT_200,2017-07-13,2017,,,,,201,93,,,,CRITICAL,Replay intervals do not establish the historical expected security count on this NSE session.,UNRESOLVED,,member_count:2017-07-13:93
COUNT_NOT_200:2017-07-14:1364,COUNT_NOT_200,2017-07-14,2017,,,,,201,93,,,,CRITICAL,Replay intervals do not establish the historical expected security count on this NSE session.,UNRESOLVED,,member_count:2017-07-14:93
COUNT_NOT_200:2017-07-17:1365,COUNT_NOT_200,2017-07-17,2017,,,,,201,93,,,,CRITICAL,Replay intervals do not establish the historical expected security count on this NSE session.,UNRESOLVED,,member_count:2017-07-17:93
COUNT_NOT_200:2017-07-18:1366,COUNT_NOT_200,2017-07-18,2017,,,,,201,93,,,,CRITICAL,Replay intervals do not establish the historical expected security count on this NSE session.,UNRESOLVED,,member_count:2017-07-18:93
COUNT_NOT_200:2017-07-19:1367,COUNT_NOT_200,2017-07-19,2017,,,,,201,93,,,,CRITICAL,Replay intervals do not establish the historical expected security count on this NSE session.,UNRESOLVED,,member_count:2017-07-19:93
COUNT_NOT_200:2017-07-20:1368,COUNT_NOT_200,2017-07-20,2017,,,,,201,93,,,,CRITICAL,Replay intervals do not establish the historical expected security count on this NSE session.,UNRESOLVED,,member_count:2017-07-20:93
COUNT_NOT_200:2017-07-21:1369,COUNT_NOT_200,2017-07-21,2017,,,,,201,93,,,,CRITICAL,Replay intervals do not establish the historical expected security count on this NSE session.,UNRESOLVED,,member_count:2017-07-21:93
COUNT_NOT_200:2017-07-24:1370,COUNT_NOT_200,2017-07-24,2017,,,,,201,93,,,,CRITICAL,Replay intervals do not establish the historical expected security count on this NSE session.,UNRESOLVED,,member_count:2017-07-24:93
COUNT_NOT_200:2017-07-25:1371,COUNT_NOT_200,2017-07-25,2017,,,,,201,93,,,,CRITICAL,Replay intervals do not establish the historical expected security count on this NSE session.,UNRESOLVED,,member_count:2017-07-25:93
COUNT_NOT_200:2017-07-26:1372,COUNT_NOT_200,2017-07-26,2017,,,,,201,93,,,,CRITICAL,Replay intervals do not establish the historical expected security count on this NSE session.,UNRESOLVED,,member_count:2017-07-26:93
COUNT_NOT_200:2017-07-27:1373,COUNT_NOT_200,2017-07-27,2017,,,,,201,93,,,,CRITICAL,Replay intervals do not establish the historical expected security count on this NSE session.,UNRESOLVED,,member_count:2017-07-27:93
COUNT_NOT_200:2017-07-28:1374,COUNT_NOT_200,2017-07-28,2017,,,,,201,93,,,,CRITICAL,Replay intervals do not establish the historical expected security count on this NSE session.,UNRESOLVED,,member_count:2017-07-28:93
COUNT_NOT_200:2017-07-31:1375,COUNT_NOT_200,2017-07-31,2017,,,,,201,93,,,,CRITICAL,Replay intervals do not establish the historical expected security count on this NSE session.,UNRESOLVED,,member_count:2017-07-31:93
COUNT_NOT_200:2017-08-01:1376,COUNT_NOT_200,2017-08-01,2017,,,,,201,93,,,,CRITICAL,Replay intervals do not establish the historical expected security count on this NSE session.,UNRESOLVED,,member_count:2017-08-01:93
COUNT_NOT_200:2017-08-02:1377,COUNT_NOT_200,2017-08-02,2017,,,,,201,93,,,,CRITICAL,Replay intervals do not establish the historical expected security count on this NSE session.,UNRESOLVED,,member_count:2017-08-02:93
COUNT_NOT_200:2017-08-03:1378,COUNT_NOT_200,2017-08-03,2017,,,,,201,93,,,,CRITICAL,Replay intervals do not establish the historical expected security count on this NSE session.,UNRESOLVED,,member_count:2017-08-03:93
COUNT_NOT_200:2017-08-04:1379,COUNT_NOT_200,2017-08-04,2017,,,,,201,93,,,,CRITICAL,Replay intervals do not establish the historical expected security count on this NSE session.,UNRESOLVED,,member_count:2017-08-04:93
COUNT_NOT_200:2017-08-07:1380,COUNT_NOT_200,2017-08-07,2017,,,,,201,93,,,,CRITICAL,Replay intervals do not establish the historical expected security count on this NSE session.,UNRESOLVED,,member_count:2017-08-07:93
COUNT_NOT_200:2017-08-08:1381,COUNT_NOT_200,2017-08-08,2017,,,,,201,93,,,,CRITICAL,Replay intervals do not establish the historical expected security count on this NSE session.,UNRESOLVED,,member_count:2017-08-08:93
COUNT_NOT_200:2017-08-09:1382,COUNT_NOT_200,2017-08-09,2017,,,,,201,93,,,,CRITICAL,Replay intervals do not establish the historical expected security count on this NSE session.,UNRESOLVED,,member_count:2017-08-09:93
COUNT_NOT_200:2017-08-10:1383,COUNT_NOT_200,2017-08-10,2017,,,,,201,93,,,,CRITICAL,Replay intervals do not establish the historical expected security count on this NSE session.,UNRESOLVED,,member_count:2017-08-10:93
COUNT_NOT_200:2017-08-11:1384,COUNT_NOT_200,2017-08-11,2017,,,,,201,93,,,,CRITICAL,Replay intervals do not establish the historical expected security count on this NSE session.,UNRESOLVED,,member_count:2017-08-11:93
COUNT_NOT_200:2017-08-14:1385,COUNT_NOT_200,2017-08-14,2017,,,,,201,93,,,,CRITICAL,Replay intervals do not establish the historical expected security count on this NSE session.,UNRESOLVED,,member_count:2017-08-14:93
COUNT_NOT_200:2017-08-16:1386,COUNT_NOT_200,2017-08-16,2017,,,,,201,93,,,,CRITICAL,Replay intervals do not establish the historical expected security count on this NSE session.,UNRESOLVED,,member_count:2017-08-16:93
COUNT_NOT_200:2017-08-17:1387,COUNT_NOT_200,2017-08-17,2017,,,,,201,93,,,,CRITICAL,Replay intervals do not establish the historical expected security count on this NSE session.,UNRESOLVED,,member_count:2017-08-17:93
COUNT_NOT_200:2017-08-18:1388,COUNT_NOT_200,2017-08-18,2017,,,,,201,93,,,,CRITICAL,Replay intervals do not establish the historical expected security count on this NSE session.,UNRESOLVED,,member_count:2017-08-18:93
COUNT_NOT_200:2017-08-21:1389,COUNT_NOT_200,2017-08-21,2017,,,,,201,93,,,,CRITICAL,Replay intervals do not establish the historical expected security count on this NSE session.,UNRESOLVED,,member_count:2017-08-21:93
COUNT_NOT_200:2017-08-22:1390,COUNT_NOT_200,2017-08-22,2017,,,,,201,93,,,,CRITICAL,Replay intervals do not establish the historical expected security count on this NSE session.,UNRESOLVED,,member_count:2017-08-22:93
COUNT_NOT_200:2017-08-23:1391,COUNT_NOT_200,2017-08-23,2017,,,,,201,93,,,,CRITICAL,Replay intervals do not establish the historical expected security count on this NSE session.,UNRESOLVED,,member_count:2017-08-23:93
COUNT_NOT_200:2017-08-24:1392,COUNT_NOT_200,2017-08-24,2017,,,,,201,93,,,,CRITICAL,Replay intervals do not establish the historical expected security count on this NSE session.,UNRESOLVED,,member_count:2017-08-24:93
COUNT_NOT_200:2017-08-28:1393,COUNT_NOT_200,2017-08-28,2017,,,,,201,93,,,,CRITICAL,Replay intervals do not establish the historical expected security count on this NSE session.,UNRESOLVED,,member_count:2017-08-28:93
COUNT_NOT_200:2017-08-29:1394,COUNT_NOT_200,2017-08-29,2017,,,,,201,93,,,,CRITICAL,Replay intervals do not establish the historical expected security count on this NSE session.,UNRESOLVED,,member_count:2017-08-29:93
COUNT_NOT_200:2017-08-30:1395,COUNT_NOT_200,2017-08-30,2017,,,,,201,93,,,,CRITICAL,Replay intervals do not establish the historical expected security count on this NSE session.,UNRESOLVED,,member_count:2017-08-30:93
COUNT_NOT_200:2017-08-31:1396,COUNT_NOT_200,2017-08-31,2017,,,,,201,93,,,,CRITICAL,Replay intervals do not establish the historical expected security count on this NSE session.,UNRESOLVED,,member_count:2017-08-31:93
COUNT_NOT_200:2017-09-01:1397,COUNT_NOT_200,2017-09-01,2017,,,,,201,93,,,,CRITICAL,Replay intervals do not establish the historical expected security count on this NSE session.,UNRESOLVED,,member_count:2017-09-01:93
COUNT_NOT_200:2017-09-04:1398,COUNT_NOT_200,2017-09-04,2017,,,,,201,93,,,,CRITICAL,Replay intervals do not establish the historical expected security count on this NSE session.,UNRESOLVED,,member_count:2017-09-04:93
COUNT_NOT_200:2017-09-05:1399,COUNT_NOT_200,2017-09-05,2017,,,,,201,94,,,,CRITICAL,Replay intervals do not establish the historical expected security count on this NSE session.,UNRESOLVED,,member_count:2017-09-05:94
COUNT_NOT_200:2017-09-06:1400,COUNT_NOT_200,2017-09-06,2017,,,,,201,94,,,,CRITICAL,Replay intervals do not establish the historical expected security count on this NSE session.,UNRESOLVED,,member_count:2017-09-06:94
COUNT_NOT_200:2017-09-07:1401,COUNT_NOT_200,2017-09-07,2017,,,,,201,94,,,,CRITICAL,Replay intervals do not establish the historical expected security count on this NSE session.,UNRESOLVED,,member_count:2017-09-07:94
COUNT_NOT_200:2017-09-08:1402,COUNT_NOT_200,2017-09-08,2017,,,,,201,94,,,,CRITICAL,Replay intervals do not establish the historical expected security count on this NSE session.,UNRESOLVED,,member_count:2017-09-08:94
COUNT_NOT_200:2017-09-11:1403,COUNT_NOT_200,2017-09-11,2017,,,,,201,94,,,,CRITICAL,Replay intervals do not establish the historical expected security count on this NSE session.,UNRESOLVED,,member_count:2017-09-11:94
COUNT_NOT_200:2017-09-12:1404,COUNT_NOT_200,2017-09-12,2017,,,,,201,94,,,,CRITICAL,Replay intervals do not establish the historical expected security count on this NSE session.,UNRESOLVED,,member_count:2017-09-12:94
COUNT_NOT_200:2017-09-13:1405,COUNT_NOT_200,2017-09-13,2017,,,,,201,94,,,,CRITICAL,Replay intervals do not establish the historical expected security count on this NSE session.,UNRESOLVED,,member_count:2017-09-13:94
COUNT_NOT_200:2017-09-14:1406,COUNT_NOT_200,2017-09-14,2017,,,,,201,94,,,,CRITICAL,Replay intervals do not establish the historical expected security count on this NSE session.,UNRESOLVED,,member_count:2017-09-14:94
COUNT_NOT_200:2017-09-15:1407,COUNT_NOT_200,2017-09-15,2017,,,,,201,94,,,,CRITICAL,Replay intervals do not establish the historical expected security count on this NSE session.,UNRESOLVED,,member_count:2017-09-15:94
COUNT_NOT_200:2017-09-18:1408,COUNT_NOT_200,2017-09-18,2017,,,,,201,94,,,,CRITICAL,Replay intervals do not establish the historical expected security count on this NSE session.,UNRESOLVED,,member_count:2017-09-18:94
COUNT_NOT_200:2017-09-19:1409,COUNT_NOT_200,2017-09-19,2017,,,,,201,94,,,,CRITICAL,Replay intervals do not establish the historical expected security count on this NSE session.,UNRESOLVED,,member_count:2017-09-19:94
COUNT_NOT_200:2017-09-20:1410,COUNT_NOT_200,2017-09-20,2017,,,,,201,94,,,,CRITICAL,Replay intervals do not establish the historical expected security count on this NSE session.,UNRESOLVED,,member_count:2017-09-20:94
COUNT_NOT_200:2017-09-21:1411,COUNT_NOT_200,2017-09-21,2017,,,,,201,94,,,,CRITICAL,Replay intervals do not establish the historical expected security count on this NSE session.,UNRESOLVED,,member_count:2017-09-21:94
COUNT_NOT_200:2017-09-22:1412,COUNT_NOT_200,2017-09-22,2017,,,,,201,94,,,,CRITICAL,Replay intervals do not establish the historical expected security count on this NSE session.,UNRESOLVED,,member_count:2017-09-22:94
COUNT_NOT_200:2017-09-25:1413,COUNT_NOT_200,2017-09-25,2017,,,,,201,94,,,,CRITICAL,Replay intervals do not establish the historical expected security count on this NSE session.,UNRESOLVED,,member_count:2017-09-25:94
COUNT_NOT_200:2017-09-26:1414,COUNT_NOT_200,2017-09-26,2017,,,,,201,94,,,,CRITICAL,Replay intervals do not establish the historical expected security count on this NSE session.,UNRESOLVED,,member_count:2017-09-26:94
COUNT_NOT_200:2017-09-27:1415,COUNT_NOT_200,2017-09-27,2017,,,,,201,94,,,,CRITICAL,Replay intervals do not establish the historical expected security count on this NSE session.,UNRESOLVED,,member_count:2017-09-27:94
COUNT_NOT_200:2017-09-28:1416,COUNT_NOT_200,2017-09-28,2017,,,,,201,94,,,,CRITICAL,Replay intervals do not establish the historical expected security count on this NSE session.,UNRESOLVED,,member_count:2017-09-28:94
COUNT_NOT_200:2017-09-29:1417,COUNT_NOT_200,2017-09-29,2017,,,,,201,94,,,,CRITICAL,Replay intervals do not establish the historical expected security count on this NSE session.,UNRESOLVED,,member_count:2017-09-29:94
COUNT_NOT_200:2017-10-03:1418,COUNT_NOT_200,2017-10-03,2017,,,,,201,94,,,,CRITICAL,Replay intervals do not establish the historical expected security count on this NSE session.,UNRESOLVED,,member_count:2017-10-03:94
COUNT_NOT_200:2017-10-04:1419,COUNT_NOT_200,2017-10-04,2017,,,,,201,94,,,,CRITICAL,Replay intervals do not establish the historical expected security count on this NSE session.,UNRESOLVED,,member_count:2017-10-04:94
COUNT_NOT_200:2017-10-05:1420,COUNT_NOT_200,2017-10-05,2017,,,,,201,94,,,,CRITICAL,Replay intervals do not establish the historical expected security count on this NSE session.,UNRESOLVED,,member_count:2017-10-05:94
COUNT_NOT_200:2017-10-06:1421,COUNT_NOT_200,2017-10-06,2017,,,,,201,94,,,,CRITICAL,Replay intervals do not establish the historical expected security count on this NSE session.,UNRESOLVED,,member_count:2017-10-06:94
COUNT_NOT_200:2017-10-09:1422,COUNT_NOT_200,2017-10-09,2017,,,,,201,94,,,,CRITICAL,Replay intervals do not establish the historical expected security count on this NSE session.,UNRESOLVED,,member_count:2017-10-09:94
COUNT_NOT_200:2017-10-10:1423,COUNT_NOT_200,2017-10-10,2017,,,,,201,94,,,,CRITICAL,Replay intervals do not establish the historical expected security count on this NSE session.,UNRESOLVED,,member_count:2017-10-10:94
COUNT_NOT_200:2017-10-11:1424,COUNT_NOT_200,2017-10-11,2017,,,,,201,94,,,,CRITICAL,Replay intervals do not establish the historical expected security count on this NSE session.,UNRESOLVED,,member_count:2017-10-11:94
COUNT_NOT_200:2017-10-12:1425,COUNT_NOT_200,2017-10-12,2017,,,,,201,94,,,,CRITICAL,Replay intervals do not establish the historical expected security count on this NSE session.,UNRESOLVED,,member_count:2017-10-12:94
COUNT_NOT_200:2017-10-13:1426,COUNT_NOT_200,2017-10-13,2017,,,,,201,94,,,,CRITICAL,Replay intervals do not establish the historical expected security count on this NSE session.,UNRESOLVED,,member_count:2017-10-13:94
COUNT_NOT_200:2017-10-16:1427,COUNT_NOT_200,2017-10-16,2017,,,,,201,94,,,,CRITICAL,Replay intervals do not establish the historical expected security count on this NSE session.,UNRESOLVED,,member_count:2017-10-16:94
COUNT_NOT_200:2017-10-17:1428,COUNT_NOT_200,2017-10-17,2017,,,,,201,94,,,,CRITICAL,Replay intervals do not establish the historical expected security count on this NSE session.,UNRESOLVED,,member_count:2017-10-17:94
COUNT_NOT_200:2017-10-18:1429,COUNT_NOT_200,2017-10-18,2017,,,,,201,94,,,,CRITICAL,Replay intervals do not establish the historical expected security count on this NSE session.,UNRESOLVED,,member_count:2017-10-18:94
COUNT_NOT_200:2017-10-19:1430,COUNT_NOT_200,2017-10-19,2017,,,,,201,94,,,,CRITICAL,Replay intervals do not establish the historical expected security count on this NSE session.,UNRESOLVED,,member_count:2017-10-19:94
COUNT_NOT_200:2017-10-23:1431,COUNT_NOT_200,2017-10-23,2017,,,,,201,94,,,,CRITICAL,Replay intervals do not establish the historical expected security count on this NSE session.,UNRESOLVED,,member_count:2017-10-23:94
COUNT_NOT_200:2017-10-24:1432,COUNT_NOT_200,2017-10-24,2017,,,,,201,94,,,,CRITICAL,Replay intervals do not establish the historical expected security count on this NSE session.,UNRESOLVED,,member_count:2017-10-24:94
COUNT_NOT_200:2017-10-25:1433,COUNT_NOT_200,2017-10-25,2017,,,,,201,94,,,,CRITICAL,Replay intervals do not establish the historical expected security count on this NSE session.,UNRESOLVED,,member_count:2017-10-25:94
COUNT_NOT_200:2017-10-26:1434,COUNT_NOT_200,2017-10-26,2017,,,,,201,94,,,,CRITICAL,Replay intervals do not establish the historical expected security count on this NSE session.,UNRESOLVED,,member_count:2017-10-26:94
COUNT_NOT_200:2017-10-27:1435,COUNT_NOT_200,2017-10-27,2017,,,,,201,94,,,,CRITICAL,Replay intervals do not establish the historical expected security count on this NSE session.,UNRESOLVED,,member_count:2017-10-27:94
COUNT_NOT_200:2017-10-30:1436,COUNT_NOT_200,2017-10-30,2017,,,,,201,94,,,,CRITICAL,Replay intervals do not establish the historical expected security count on this NSE session.,UNRESOLVED,,member_count:2017-10-30:94
COUNT_NOT_200:2017-10-31:1437,COUNT_NOT_200,2017-10-31,2017,,,,,201,94,,,,CRITICAL,Replay intervals do not establish the historical expected security count on this NSE session.,UNRESOLVED,,member_count:2017-10-31:94
COUNT_NOT_200:2017-11-01:1438,COUNT_NOT_200,2017-11-01,2017,,,,,201,94,,,,CRITICAL,Replay intervals do not establish the historical expected security count on this NSE session.,UNRESOLVED,,member_count:2017-11-01:94
COUNT_NOT_200:2017-11-02:1439,COUNT_NOT_200,2017-11-02,2017,,,,,201,94,,,,CRITICAL,Replay intervals do not establish the historical expected security count on this NSE session.,UNRESOLVED,,member_count:2017-11-02:94
COUNT_NOT_200:2017-11-03:1440,COUNT_NOT_200,2017-11-03,2017,,,,,201,94,,,,CRITICAL,Replay intervals do not establish the historical expected security count on this NSE session.,UNRESOLVED,,member_count:2017-11-03:94
COUNT_NOT_200:2017-11-06:1441,COUNT_NOT_200,2017-11-06,2017,,,,,201,94,,,,CRITICAL,Replay intervals do not establish the historical expected security count on this NSE session.,UNRESOLVED,,member_count:2017-11-06:94
COUNT_NOT_200:2017-11-07:1442,COUNT_NOT_200,2017-11-07,2017,,,,,201,94,,,,CRITICAL,Replay intervals do not establish the historical expected security count on this NSE session.,UNRESOLVED,,member_count:2017-11-07:94
COUNT_NOT_200:2017-11-08:1443,COUNT_NOT_200,2017-11-08,2017,,,,,201,94,,,,CRITICAL,Replay intervals do not establish the historical expected security count on this NSE session.,UNRESOLVED,,member_count:2017-11-08:94
COUNT_NOT_200:2017-11-09:1444,COUNT_NOT_200,2017-11-09,2017,,,,,201,94,,,,CRITICAL,Replay intervals do not establish the historical expected security count on this NSE session.,UNRESOLVED,,member_count:2017-11-09:94
COUNT_NOT_200:2017-11-10:1445,COUNT_NOT_200,2017-11-10,2017,,,,,201,94,,,,CRITICAL,Replay intervals do not establish the historical expected security count on this NSE session.,UNRESOLVED,,member_count:2017-11-10:94
COUNT_NOT_200:2017-11-13:1446,COUNT_NOT_200,2017-11-13,2017,,,,,201,94,,,,CRITICAL,Replay intervals do not establish the historical expected security count on this NSE session.,UNRESOLVED,,member_count:2017-11-13:94
COUNT_NOT_200:2017-11-14:1447,COUNT_NOT_200,2017-11-14,2017,,,,,201,94,,,,CRITICAL,Replay intervals do not establish the historical expected security count on this NSE session.,UNRESOLVED,,member_count:2017-11-14:94
COUNT_NOT_200:2017-11-15:1448,COUNT_NOT_200,2017-11-15,2017,,,,,201,94,,,,CRITICAL,Replay intervals do not establish the historical expected security count on this NSE session.,UNRESOLVED,,member_count:2017-11-15:94
COUNT_NOT_200:2017-11-16:1449,COUNT_NOT_200,2017-11-16,2017,,,,,201,94,,,,CRITICAL,Replay intervals do not establish the historical expected security count on this NSE session.,UNRESOLVED,,member_count:2017-11-16:94
COUNT_NOT_200:2017-11-17:1450,COUNT_NOT_200,2017-11-17,2017,,,,,201,94,,,,CRITICAL,Replay intervals do not establish the historical expected security count on this NSE session.,UNRESOLVED,,member_count:2017-11-17:94
COUNT_NOT_200:2017-11-20:1451,COUNT_NOT_200,2017-11-20,2017,,,,,201,94,,,,CRITICAL,Replay intervals do not establish the historical expected security count on this NSE session.,UNRESOLVED,,member_count:2017-11-20:94
COUNT_NOT_200:2017-11-21:1452,COUNT_NOT_200,2017-11-21,2017,,,,,201,94,,,,CRITICAL,Replay intervals do not establish the historical expected security count on this NSE session.,UNRESOLVED,,member_count:2017-11-21:94
COUNT_NOT_200:2017-11-22:1453,COUNT_NOT_200,2017-11-22,2017,,,,,201,94,,,,CRITICAL,Replay intervals do not establish the historical expected security count on this NSE session.,UNRESOLVED,,member_count:2017-11-22:94
COUNT_NOT_200:2017-11-23:1454,COUNT_NOT_200,2017-11-23,2017,,,,,201,94,,,,CRITICAL,Replay intervals do not establish the historical expected security count on this NSE session.,UNRESOLVED,,member_count:2017-11-23:94
COUNT_NOT_200:2017-11-24:1455,COUNT_NOT_200,2017-11-24,2017,,,,,201,94,,,,CRITICAL,Replay intervals do not establish the historical expected security count on this NSE session.,UNRESOLVED,,member_count:2017-11-24:94
COUNT_NOT_200:2017-11-27:1456,COUNT_NOT_200,2017-11-27,2017,,,,,201,94,,,,CRITICAL,Replay intervals do not establish the historical expected security count on this NSE session.,UNRESOLVED,,member_count:2017-11-27:94
COUNT_NOT_200:2017-11-28:1457,COUNT_NOT_200,2017-11-28,2017,,,,,201,94,,,,CRITICAL,Replay intervals do not establish the historical expected security count on this NSE session.,UNRESOLVED,,member_count:2017-11-28:94
COUNT_NOT_200:2017-11-29:1458,COUNT_NOT_200,2017-11-29,2017,,,,,201,94,,,,CRITICAL,Replay intervals do not establish the historical expected security count on this NSE session.,UNRESOLVED,,member_count:2017-11-29:94
COUNT_NOT_200:2017-11-30:1459,COUNT_NOT_200,2017-11-30,2017,,,,,201,94,,,,CRITICAL,Replay intervals do not establish the historical expected security count on this NSE session.,UNRESOLVED,,member_count:2017-11-30:94
COUNT_NOT_200:2017-12-01:1460,COUNT_NOT_200,2017-12-01,2017,,,,,201,94,,,,CRITICAL,Replay intervals do not establish the historical expected security count on this NSE session.,UNRESOLVED,,member_count:2017-12-01:94
COUNT_NOT_200:2017-12-04:1461,COUNT_NOT_200,2017-12-04,2017,,,,,201,94,,,,CRITICAL,Replay intervals do not establish the historical expected security count on this NSE session.,UNRESOLVED,,member_count:2017-12-04:94
COUNT_NOT_200:2017-12-05:1462,COUNT_NOT_200,2017-12-05,2017,,,,,201,94,,,,CRITICAL,Replay intervals do not establish the historical expected security count on this NSE session.,UNRESOLVED,,member_count:2017-12-05:94
COUNT_NOT_200:2017-12-06:1463,COUNT_NOT_200,2017-12-06,2017,,,,,201,94,,,,CRITICAL,Replay intervals do not establish the historical expected security count on this NSE session.,UNRESOLVED,,member_count:2017-12-06:94
COUNT_NOT_200:2017-12-07:1464,COUNT_NOT_200,2017-12-07,2017,,,,,201,94,,,,CRITICAL,Replay intervals do not establish the historical expected security count on this NSE session.,UNRESOLVED,,member_count:2017-12-07:94
COUNT_NOT_200:2017-12-08:1465,COUNT_NOT_200,2017-12-08,2017,,,,,201,94,,,,CRITICAL,Replay intervals do not establish the historical expected security count on this NSE session.,UNRESOLVED,,member_count:2017-12-08:94
COUNT_NOT_200:2017-12-11:1466,COUNT_NOT_200,2017-12-11,2017,,,,,201,94,,,,CRITICAL,Replay intervals do not establish the historical expected security count on this NSE session.,UNRESOLVED,,member_count:2017-12-11:94
COUNT_NOT_200:2017-12-12:1467,COUNT_NOT_200,2017-12-12,2017,,,,,201,94,,,,CRITICAL,Replay intervals do not establish the historical expected security count on this NSE session.,UNRESOLVED,,member_count:2017-12-12:94
COUNT_NOT_200:2017-12-13:1468,COUNT_NOT_200,2017-12-13,2017,,,,,201,94,,,,CRITICAL,Replay intervals do not establish the historical expected security count on this NSE session.,UNRESOLVED,,member_count:2017-12-13:94
COUNT_NOT_200:2017-12-14:1469,COUNT_NOT_200,2017-12-14,2017,,,,,201,94,,,,CRITICAL,Replay intervals do not establish the historical expected security count on this NSE session.,UNRESOLVED,,member_count:2017-12-14:94
COUNT_NOT_200:2017-12-15:1470,COUNT_NOT_200,2017-12-15,2017,,,,,201,94,,,,CRITICAL,Replay intervals do not establish the historical expected security count on this NSE session.,UNRESOLVED,,member_count:2017-12-15:94
COUNT_NOT_200:2017-12-18:1471,COUNT_NOT_200,2017-12-18,2017,,,,,201,94,,,,CRITICAL,Replay intervals do not establish the historical expected security count on this NSE session.,UNRESOLVED,,member_count:2017-12-18:94
COUNT_NOT_200:2017-12-19:1472,COUNT_NOT_200,2017-12-19,2017,,,,,201,94,,,,CRITICAL,Replay intervals do not establish the historical expected security count on this NSE session.,UNRESOLVED,,member_count:2017-12-19:94
COUNT_NOT_200:2017-12-20:1473,COUNT_NOT_200,2017-12-20,2017,,,,,201,94,,,,CRITICAL,Replay intervals do not establish the historical expected security count on this NSE session.,UNRESOLVED,,member_count:2017-12-20:94
COUNT_NOT_200:2017-12-21:1474,COUNT_NOT_200,2017-12-21,2017,,,,,201,94,,,,CRITICAL,Replay intervals do not establish the historical expected security count on this NSE session.,UNRESOLVED,,member_count:2017-12-21:94
COUNT_NOT_200:2017-12-22:1475,COUNT_NOT_200,2017-12-22,2017,,,,,201,94,,,,CRITICAL,Replay intervals do not establish the historical expected security count on this NSE session.,UNRESOLVED,,member_count:2017-12-22:94
COUNT_NOT_200:2017-12-26:1476,COUNT_NOT_200,2017-12-26,2017,,,,,201,94,,,,CRITICAL,Replay intervals do not establish the historical expected security count on this NSE session.,UNRESOLVED,,member_count:2017-12-26:94
COUNT_NOT_200:2017-12-27:1477,COUNT_NOT_200,2017-12-27,2017,,,,,201,94,,,,CRITICAL,Replay intervals do not establish the historical expected security count on this NSE session.,UNRESOLVED,,member_count:2017-12-27:94
COUNT_NOT_200:2017-12-28:1478,COUNT_NOT_200,2017-12-28,2017,,,,,201,94,,,,CRITICAL,Replay intervals do not establish the historical expected security count on this NSE session.,UNRESOLVED,,member_count:2017-12-28:94
COUNT_NOT_200:2017-12-29:1479,COUNT_NOT_200,2017-12-29,2017,,,,,201,94,,,,CRITICAL,Replay intervals do not establish the historical expected security count on this NSE session.,UNRESOLVED,,member_count:2017-12-29:94
COUNT_NOT_200:2018-01-01:1480,COUNT_NOT_200,2018-01-01,2018,,,,,201,94,,,,CRITICAL,Replay intervals do not establish the historical expected security count on this NSE session.,UNRESOLVED,,member_count:2018-01-01:94
COUNT_NOT_200:2018-01-02:1481,COUNT_NOT_200,2018-01-02,2018,,,,,201,94,,,,CRITICAL,Replay intervals do not establish the historical expected security count on this NSE session.,UNRESOLVED,,member_count:2018-01-02:94
COUNT_NOT_200:2018-01-03:1482,COUNT_NOT_200,2018-01-03,2018,,,,,201,94,,,,CRITICAL,Replay intervals do not establish the historical expected security count on this NSE session.,UNRESOLVED,,member_count:2018-01-03:94
COUNT_NOT_200:2018-01-04:1483,COUNT_NOT_200,2018-01-04,2018,,,,,201,94,,,,CRITICAL,Replay intervals do not establish the historical expected security count on this NSE session.,UNRESOLVED,,member_count:2018-01-04:94
COUNT_NOT_200:2018-01-05:1484,COUNT_NOT_200,2018-01-05,2018,,,,,201,94,,,,CRITICAL,Replay intervals do not establish the historical expected security count on this NSE session.,UNRESOLVED,,member_count:2018-01-05:94
COUNT_NOT_200:2018-01-08:1485,COUNT_NOT_200,2018-01-08,2018,,,,,201,94,,,,CRITICAL,Replay intervals do not establish the historical expected security count on this NSE session.,UNRESOLVED,,member_count:2018-01-08:94
COUNT_NOT_200:2018-01-09:1486,COUNT_NOT_200,2018-01-09,2018,,,,,201,94,,,,CRITICAL,Replay intervals do not establish the historical expected security count on this NSE session.,UNRESOLVED,,member_count:2018-01-09:94
COUNT_NOT_200:2018-01-10:1487,COUNT_NOT_200,2018-01-10,2018,,,,,201,94,,,,CRITICAL,Replay intervals do not establish the historical expected security count on this NSE session.,UNRESOLVED,,member_count:2018-01-10:94
COUNT_NOT_200:2018-01-11:1488,COUNT_NOT_200,2018-01-11,2018,,,,,201,94,,,,CRITICAL,Replay intervals do not establish the historical expected security count on this NSE session.,UNRESOLVED,,member_count:2018-01-11:94
COUNT_NOT_200:2018-01-12:1489,COUNT_NOT_200,2018-01-12,2018,,,,,201,94,,,,CRITICAL,Replay intervals do not establish the historical expected security count on this NSE session.,UNRESOLVED,,member_count:2018-01-12:94
COUNT_NOT_200:2018-01-15:1490,COUNT_NOT_200,2018-01-15,2018,,,,,201,94,,,,CRITICAL,Replay intervals do not establish the historical expected security count on this NSE session.,UNRESOLVED,,member_count:2018-01-15:94
COUNT_NOT_200:2018-01-16:1491,COUNT_NOT_200,2018-01-16,2018,,,,,201,94,,,,CRITICAL,Replay intervals do not establish the historical expected security count on this NSE session.,UNRESOLVED,,member_count:2018-01-16:94
COUNT_NOT_200:2018-01-17:1492,COUNT_NOT_200,2018-01-17,2018,,,,,201,94,,,,CRITICAL,Replay intervals do not establish the historical expected security count on this NSE session.,UNRESOLVED,,member_count:2018-01-17:94
COUNT_NOT_200:2018-01-18:1493,COUNT_NOT_200,2018-01-18,2018,,,,,201,94,,,,CRITICAL,Replay intervals do not establish the historical expected security count on this NSE session.,UNRESOLVED,,member_count:2018-01-18:94
COUNT_NOT_200:2018-01-19:1494,COUNT_NOT_200,2018-01-19,2018,,,,,201,94,,,,CRITICAL,Replay intervals do not establish the historical expected security count on this NSE session.,UNRESOLVED,,member_count:2018-01-19:94
COUNT_NOT_200:2018-01-22:1495,COUNT_NOT_200,2018-01-22,2018,,,,,201,94,,,,CRITICAL,Replay intervals do not establish the historical expected security count on this NSE session.,UNRESOLVED,,member_count:2018-01-22:94
COUNT_NOT_200:2018-01-23:1496,COUNT_NOT_200,2018-01-23,2018,,,,,201,94,,,,CRITICAL,Replay intervals do not establish the historical expected security count on this NSE session.,UNRESOLVED,,member_count:2018-01-23:94
COUNT_NOT_200:2018-01-24:1497,COUNT_NOT_200,2018-01-24,2018,,,,,201,94,,,,CRITICAL,Replay intervals do not establish the historical expected security count on this NSE session.,UNRESOLVED,,member_count:2018-01-24:94
COUNT_NOT_200:2018-01-25:1498,COUNT_NOT_200,2018-01-25,2018,,,,,201,94,,,,CRITICAL,Replay intervals do not establish the historical expected security count on this NSE session.,UNRESOLVED,,member_count:2018-01-25:94
COUNT_NOT_200:2018-01-29:1499,COUNT_NOT_200,2018-01-29,2018,,,,,201,94,,,,CRITICAL,Replay intervals do not establish the historical expected security count on this NSE session.,UNRESOLVED,,member_count:2018-01-29:94
COUNT_NOT_200:2018-01-30:1500,COUNT_NOT_200,2018-01-30,2018,,,,,201,94,,,,CRITICAL,Replay intervals do not establish the historical expected security count on this NSE session.,UNRESOLVED,,member_count:2018-01-30:94
COUNT_NOT_200:2018-01-31:1501,COUNT_NOT_200,2018-01-31,2018,,,,,201,94,,,,CRITICAL,Replay intervals do not establish the historical expected security count on this NSE session.,UNRESOLVED,,member_count:2018-01-31:94
COUNT_NOT_200:2018-02-01:1502,COUNT_NOT_200,2018-02-01,2018,,,,,201,94,,,,CRITICAL,Replay intervals do not establish the historical expected security count on this NSE session.,UNRESOLVED,,member_count:2018-02-01:94
COUNT_NOT_200:2018-02-02:1503,COUNT_NOT_200,2018-02-02,2018,,,,,201,94,,,,CRITICAL,Replay intervals do not establish the historical expected security count on this NSE session.,UNRESOLVED,,member_count:2018-02-02:94
COUNT_NOT_200:2018-02-05:1504,COUNT_NOT_200,2018-02-05,2018,,,,,201,96,,,,CRITICAL,Replay intervals do not establish the historical expected security count on this NSE session.,UNRESOLVED,,member_count:2018-02-05:96
COUNT_NOT_200:2018-02-06:1505,COUNT_NOT_200,2018-02-06,2018,,,,,201,96,,,,CRITICAL,Replay intervals do not establish the historical expected security count on this NSE session.,UNRESOLVED,,member_count:2018-02-06:96
COUNT_NOT_200:2018-02-07:1506,COUNT_NOT_200,2018-02-07,2018,,,,,201,96,,,,CRITICAL,Replay intervals do not establish the historical expected security count on this NSE session.,UNRESOLVED,,member_count:2018-02-07:96
COUNT_NOT_200:2018-02-08:1507,COUNT_NOT_200,2018-02-08,2018,,,,,201,96,,,,CRITICAL,Replay intervals do not establish the historical expected security count on this NSE session.,UNRESOLVED,,member_count:2018-02-08:96
COUNT_NOT_200:2018-02-09:1508,COUNT_NOT_200,2018-02-09,2018,,,,,201,96,,,,CRITICAL,Replay intervals do not establish the historical expected security count on this NSE session.,UNRESOLVED,,member_count:2018-02-09:96
COUNT_NOT_200:2018-02-12:1509,COUNT_NOT_200,2018-02-12,2018,,,,,201,96,,,,CRITICAL,Replay intervals do not establish the historical expected security count on this NSE session.,UNRESOLVED,,member_count:2018-02-12:96
COUNT_NOT_200:2018-02-14:1510,COUNT_NOT_200,2018-02-14,2018,,,,,201,96,,,,CRITICAL,Replay intervals do not establish the historical expected security count on this NSE session.,UNRESOLVED,,member_count:2018-02-14:96
COUNT_NOT_200:2018-02-15:1511,COUNT_NOT_200,2018-02-15,2018,,,,,201,96,,,,CRITICAL,Replay intervals do not establish the historical expected security count on this NSE session.,UNRESOLVED,,member_count:2018-02-15:96
COUNT_NOT_200:2018-02-16:1512,COUNT_NOT_200,2018-02-16,2018,,,,,201,96,,,,CRITICAL,Replay intervals do not establish the historical expected security count on this NSE session.,UNRESOLVED,,member_count:2018-02-16:96
COUNT_NOT_200:2018-02-19:1513,COUNT_NOT_200,2018-02-19,2018,,,,,201,96,,,,CRITICAL,Replay intervals do not establish the historical expected security count on this NSE session.,UNRESOLVED,,member_count:2018-02-19:96
COUNT_NOT_200:2018-02-20:1514,COUNT_NOT_200,2018-02-20,2018,,,,,201,96,,,,CRITICAL,Replay intervals do not establish the historical expected security count on this NSE session.,UNRESOLVED,,member_count:2018-02-20:96
COUNT_NOT_200:2018-02-21:1515,COUNT_NOT_200,2018-02-21,2018,,,,,201,96,,,,CRITICAL,Replay intervals do not establish the historical expected security count on this NSE session.,UNRESOLVED,,member_count:2018-02-21:96
COUNT_NOT_200:2018-02-22:1516,COUNT_NOT_200,2018-02-22,2018,,,,,201,96,,,,CRITICAL,Replay intervals do not establish the historical expected security count on this NSE session.,UNRESOLVED,,member_count:2018-02-22:96
COUNT_NOT_200:2018-02-23:1517,COUNT_NOT_200,2018-02-23,2018,,,,,201,96,,,,CRITICAL,Replay intervals do not establish the historical expected security count on this NSE session.,UNRESOLVED,,member_count:2018-02-23:96
COUNT_NOT_200:2018-02-26:1518,COUNT_NOT_200,2018-02-26,2018,,,,,201,96,,,,CRITICAL,Replay intervals do not establish the historical expected security count on this NSE session.,UNRESOLVED,,member_count:2018-02-26:96
COUNT_NOT_200:2018-02-27:1519,COUNT_NOT_200,2018-02-27,2018,,,,,201,96,,,,CRITICAL,Replay intervals do not establish the historical expected security count on this NSE session.,UNRESOLVED,,member_count:2018-02-27:96
COUNT_NOT_200:2018-02-28:1520,COUNT_NOT_200,2018-02-28,2018,,,,,201,96,,,,CRITICAL,Replay intervals do not establish the historical expected security count on this NSE session.,UNRESOLVED,,member_count:2018-02-28:96
COUNT_NOT_200:2018-03-01:1521,COUNT_NOT_200,2018-03-01,2018,,,,,201,96,,,,CRITICAL,Replay intervals do not establish the historical expected security count on this NSE session.,UNRESOLVED,,member_count:2018-03-01:96
COUNT_NOT_200:2018-03-05:1522,COUNT_NOT_200,2018-03-05,2018,,,,,201,96,,,,CRITICAL,Replay intervals do not establish the historical expected security count on this NSE session.,UNRESOLVED,,member_count:2018-03-05:96
COUNT_NOT_200:2018-03-06:1523,COUNT_NOT_200,2018-03-06,2018,,,,,201,96,,,,CRITICAL,Replay intervals do not establish the historical expected security count on this NSE session.,UNRESOLVED,,member_count:2018-03-06:96
COUNT_NOT_200:2018-03-07:1524,COUNT_NOT_200,2018-03-07,2018,,,,,201,96,,,,CRITICAL,Replay intervals do not establish the historical expected security count on this NSE session.,UNRESOLVED,,member_count:2018-03-07:96
COUNT_NOT_200:2018-03-08:1525,COUNT_NOT_200,2018-03-08,2018,,,,,201,96,,,,CRITICAL,Replay intervals do not establish the historical expected security count on this NSE session.,UNRESOLVED,,member_count:2018-03-08:96
COUNT_NOT_200:2018-03-09:1526,COUNT_NOT_200,2018-03-09,2018,,,,,201,96,,,,CRITICAL,Replay intervals do not establish the historical expected security count on this NSE session.,UNRESOLVED,,member_count:2018-03-09:96
COUNT_NOT_200:2018-03-12:1527,COUNT_NOT_200,2018-03-12,2018,,,,,201,96,,,,CRITICAL,Replay intervals do not establish the historical expected security count on this NSE session.,UNRESOLVED,,member_count:2018-03-12:96
COUNT_NOT_200:2018-03-13:1528,COUNT_NOT_200,2018-03-13,2018,,,,,201,96,,,,CRITICAL,Replay intervals do not establish the historical expected security count on this NSE session.,UNRESOLVED,,member_count:2018-03-13:96
COUNT_NOT_200:2018-03-14:1529,COUNT_NOT_200,2018-03-14,2018,,,,,201,96,,,,CRITICAL,Replay intervals do not establish the historical expected security count on this NSE session.,UNRESOLVED,,member_count:2018-03-14:96
COUNT_NOT_200:2018-03-15:1530,COUNT_NOT_200,2018-03-15,2018,,,,,201,96,,,,CRITICAL,Replay intervals do not establish the historical expected security count on this NSE session.,UNRESOLVED,,member_count:2018-03-15:96
COUNT_NOT_200:2018-03-16:1531,COUNT_NOT_200,2018-03-16,2018,,,,,201,96,,,,CRITICAL,Replay intervals do not establish the historical expected security count on this NSE session.,UNRESOLVED,,member_count:2018-03-16:96
COUNT_NOT_200:2018-03-19:1532,COUNT_NOT_200,2018-03-19,2018,,,,,201,96,,,,CRITICAL,Replay intervals do not establish the historical expected security count on this NSE session.,UNRESOLVED,,member_count:2018-03-19:96
COUNT_NOT_200:2018-03-20:1533,COUNT_NOT_200,2018-03-20,2018,,,,,201,96,,,,CRITICAL,Replay intervals do not establish the historical expected security count on this NSE session.,UNRESOLVED,,member_count:2018-03-20:96
COUNT_NOT_200:2018-03-21:1534,COUNT_NOT_200,2018-03-21,2018,,,,,201,96,,,,CRITICAL,Replay intervals do not establish the historical expected security count on this NSE session.,UNRESOLVED,,member_count:2018-03-21:96
COUNT_NOT_200:2018-03-22:1535,COUNT_NOT_200,2018-03-22,2018,,,,,201,96,,,,CRITICAL,Replay intervals do not establish the historical expected security count on this NSE session.,UNRESOLVED,,member_count:2018-03-22:96
COUNT_NOT_200:2018-03-23:1536,COUNT_NOT_200,2018-03-23,2018,,,,,201,96,,,,CRITICAL,Replay intervals do not establish the historical expected security count on this NSE session.,UNRESOLVED,,member_count:2018-03-23:96
COUNT_NOT_200:2018-03-26:1537,COUNT_NOT_200,2018-03-26,2018,,,,,201,96,,,,CRITICAL,Replay intervals do not establish the historical expected security count on this NSE session.,UNRESOLVED,,member_count:2018-03-26:96
COUNT_NOT_200:2018-03-27:1538,COUNT_NOT_200,2018-03-27,2018,,,,,201,96,,,,CRITICAL,Replay intervals do not establish the historical expected security count on this NSE session.,UNRESOLVED,,member_count:2018-03-27:96
COUNT_NOT_200:2018-03-28:1539,COUNT_NOT_200,2018-03-28,2018,,,,,201,96,,,,CRITICAL,Replay intervals do not establish the historical expected security count on this NSE session.,UNRESOLVED,,member_count:2018-03-28:96
COUNT_NOT_200:2018-04-02:1540,COUNT_NOT_200,2018-04-02,2018,,,,,201,98,,,,CRITICAL,Replay intervals do not establish the historical expected security count on this NSE session.,UNRESOLVED,,member_count:2018-04-02:98
COUNT_NOT_200:2018-04-03:1541,COUNT_NOT_200,2018-04-03,2018,,,,,201,98,,,,CRITICAL,Replay intervals do not establish the historical expected security count on this NSE session.,UNRESOLVED,,member_count:2018-04-03:98
COUNT_NOT_200:2018-04-04:1542,COUNT_NOT_200,2018-04-04,2018,,,,,201,98,,,,CRITICAL,Replay intervals do not establish the historical expected security count on this NSE session.,UNRESOLVED,,member_count:2018-04-04:98
COUNT_NOT_200:2018-04-05:1543,COUNT_NOT_200,2018-04-05,2018,,,,,201,98,,,,CRITICAL,Replay intervals do not establish the historical expected security count on this NSE session.,UNRESOLVED,,member_count:2018-04-05:98
COUNT_NOT_200:2018-04-06:1544,COUNT_NOT_200,2018-04-06,2018,,,,,201,98,,,,CRITICAL,Replay intervals do not establish the historical expected security count on this NSE session.,UNRESOLVED,,member_count:2018-04-06:98
COUNT_NOT_200:2018-04-09:1545,COUNT_NOT_200,2018-04-09,2018,,,,,201,98,,,,CRITICAL,Replay intervals do not establish the historical expected security count on this NSE session.,UNRESOLVED,,member_count:2018-04-09:98
COUNT_NOT_200:2018-04-10:1546,COUNT_NOT_200,2018-04-10,2018,,,,,201,98,,,,CRITICAL,Replay intervals do not establish the historical expected security count on this NSE session.,UNRESOLVED,,member_count:2018-04-10:98
COUNT_NOT_200:2018-04-11:1547,COUNT_NOT_200,2018-04-11,2018,,,,,201,98,,,,CRITICAL,Replay intervals do not establish the historical expected security count on this NSE session.,UNRESOLVED,,member_count:2018-04-11:98
COUNT_NOT_200:2018-04-12:1548,COUNT_NOT_200,2018-04-12,2018,,,,,201,98,,,,CRITICAL,Replay intervals do not establish the historical expected security count on this NSE session.,UNRESOLVED,,member_count:2018-04-12:98
COUNT_NOT_200:2018-04-13:1549,COUNT_NOT_200,2018-04-13,2018,,,,,201,98,,,,CRITICAL,Replay intervals do not establish the historical expected security count on this NSE session.,UNRESOLVED,,member_count:2018-04-13:98
COUNT_NOT_200:2018-04-16:1550,COUNT_NOT_200,2018-04-16,2018,,,,,201,98,,,,CRITICAL,Replay intervals do not establish the historical expected security count on this NSE session.,UNRESOLVED,,member_count:2018-04-16:98
COUNT_NOT_200:2018-04-17:1551,COUNT_NOT_200,2018-04-17,2018,,,,,201,98,,,,CRITICAL,Replay intervals do not establish the historical expected security count on this NSE session.,UNRESOLVED,,member_count:2018-04-17:98
COUNT_NOT_200:2018-04-18:1552,COUNT_NOT_200,2018-04-18,2018,,,,,201,98,,,,CRITICAL,Replay intervals do not establish the historical expected security count on this NSE session.,UNRESOLVED,,member_count:2018-04-18:98
COUNT_NOT_200:2018-04-19:1553,COUNT_NOT_200,2018-04-19,2018,,,,,201,98,,,,CRITICAL,Replay intervals do not establish the historical expected security count on this NSE session.,UNRESOLVED,,member_count:2018-04-19:98
COUNT_NOT_200:2018-04-20:1554,COUNT_NOT_200,2018-04-20,2018,,,,,201,98,,,,CRITICAL,Replay intervals do not establish the historical expected security count on this NSE session.,UNRESOLVED,,member_count:2018-04-20:98
COUNT_NOT_200:2018-04-23:1555,COUNT_NOT_200,2018-04-23,2018,,,,,201,98,,,,CRITICAL,Replay intervals do not establish the historical expected security count on this NSE session.,UNRESOLVED,,member_count:2018-04-23:98
COUNT_NOT_200:2018-04-24:1556,COUNT_NOT_200,2018-04-24,2018,,,,,201,98,,,,CRITICAL,Replay intervals do not establish the historical expected security count on this NSE session.,UNRESOLVED,,member_count:2018-04-24:98
COUNT_NOT_200:2018-04-25:1557,COUNT_NOT_200,2018-04-25,2018,,,,,201,98,,,,CRITICAL,Replay intervals do not establish the historical expected security count on this NSE session.,UNRESOLVED,,member_count:2018-04-25:98
COUNT_NOT_200:2018-04-26:1558,COUNT_NOT_200,2018-04-26,2018,,,,,201,98,,,,CRITICAL,Replay intervals do not establish the historical expected security count on this NSE session.,UNRESOLVED,,member_count:2018-04-26:98
COUNT_NOT_200:2018-04-27:1559,COUNT_NOT_200,2018-04-27,2018,,,,,201,98,,,,CRITICAL,Replay intervals do not establish the historical expected security count on this NSE session.,UNRESOLVED,,member_count:2018-04-27:98
COUNT_NOT_200:2018-04-30:1560,COUNT_NOT_200,2018-04-30,2018,,,,,201,98,,,,CRITICAL,Replay intervals do not establish the historical expected security count on this NSE session.,UNRESOLVED,,member_count:2018-04-30:98
COUNT_NOT_200:2018-05-02:1561,COUNT_NOT_200,2018-05-02,2018,,,,,201,98,,,,CRITICAL,Replay intervals do not establish the historical expected security count on this NSE session.,UNRESOLVED,,member_count:2018-05-02:98
COUNT_NOT_200:2018-05-03:1562,COUNT_NOT_200,2018-05-03,2018,,,,,201,98,,,,CRITICAL,Replay intervals do not establish the historical expected security count on this NSE session.,UNRESOLVED,,member_count:2018-05-03:98
COUNT_NOT_200:2018-05-04:1563,COUNT_NOT_200,2018-05-04,2018,,,,,201,98,,,,CRITICAL,Replay intervals do not establish the historical expected security count on this NSE session.,UNRESOLVED,,member_count:2018-05-04:98
COUNT_NOT_200:2018-05-07:1564,COUNT_NOT_200,2018-05-07,2018,,,,,201,98,,,,CRITICAL,Replay intervals do not establish the historical expected security count on this NSE session.,UNRESOLVED,,member_count:2018-05-07:98
COUNT_NOT_200:2018-05-08:1565,COUNT_NOT_200,2018-05-08,2018,,,,,201,98,,,,CRITICAL,Replay intervals do not establish the historical expected security count on this NSE session.,UNRESOLVED,,member_count:2018-05-08:98
COUNT_NOT_200:2018-05-09:1566,COUNT_NOT_200,2018-05-09,2018,,,,,201,98,,,,CRITICAL,Replay intervals do not establish the historical expected security count on this NSE session.,UNRESOLVED,,member_count:2018-05-09:98
COUNT_NOT_200:2018-05-10:1567,COUNT_NOT_200,2018-05-10,2018,,,,,201,98,,,,CRITICAL,Replay intervals do not establish the historical expected security count on this NSE session.,UNRESOLVED,,member_count:2018-05-10:98
COUNT_NOT_200:2018-05-11:1568,COUNT_NOT_200,2018-05-11,2018,,,,,201,98,,,,CRITICAL,Replay intervals do not establish the historical expected security count on this NSE session.,UNRESOLVED,,member_count:2018-05-11:98
COUNT_NOT_200:2018-05-14:1569,COUNT_NOT_200,2018-05-14,2018,,,,,201,98,,,,CRITICAL,Replay intervals do not establish the historical expected security count on this NSE session.,UNRESOLVED,,member_count:2018-05-14:98
COUNT_NOT_200:2018-05-15:1570,COUNT_NOT_200,2018-05-15,2018,,,,,201,98,,,,CRITICAL,Replay intervals do not establish the historical expected security count on this NSE session.,UNRESOLVED,,member_count:2018-05-15:98
COUNT_NOT_200:2018-05-16:1571,COUNT_NOT_200,2018-05-16,2018,,,,,201,98,,,,CRITICAL,Replay intervals do not establish the historical expected security count on this NSE session.,UNRESOLVED,,member_count:2018-05-16:98
COUNT_NOT_200:2018-05-17:1572,COUNT_NOT_200,2018-05-17,2018,,,,,201,98,,,,CRITICAL,Replay intervals do not establish the historical expected security count on this NSE session.,UNRESOLVED,,member_count:2018-05-17:98
COUNT_NOT_200:2018-05-18:1573,COUNT_NOT_200,2018-05-18,2018,,,,,201,98,,,,CRITICAL,Replay intervals do not establish the historical expected security count on this NSE session.,UNRESOLVED,,member_count:2018-05-18:98
COUNT_NOT_200:2018-05-21:1574,COUNT_NOT_200,2018-05-21,2018,,,,,201,98,,,,CRITICAL,Replay intervals do not establish the historical expected security count on this NSE session.,UNRESOLVED,,member_count:2018-05-21:98
COUNT_NOT_200:2018-05-22:1575,COUNT_NOT_200,2018-05-22,2018,,,,,201,98,,,,CRITICAL,Replay intervals do not establish the historical expected security count on this NSE session.,UNRESOLVED,,member_count:2018-05-22:98
COUNT_NOT_200:2018-05-23:1576,COUNT_NOT_200,2018-05-23,2018,,,,,201,98,,,,CRITICAL,Replay intervals do not establish the historical expected security count on this NSE session.,UNRESOLVED,,member_count:2018-05-23:98
COUNT_NOT_200:2018-05-24:1577,COUNT_NOT_200,2018-05-24,2018,,,,,201,98,,,,CRITICAL,Replay intervals do not establish the historical expected security count on this NSE session.,UNRESOLVED,,member_count:2018-05-24:98
COUNT_NOT_200:2018-05-25:1578,COUNT_NOT_200,2018-05-25,2018,,,,,201,98,,,,CRITICAL,Replay intervals do not establish the historical expected security count on this NSE session.,UNRESOLVED,,member_count:2018-05-25:98
COUNT_NOT_200:2018-05-28:1579,COUNT_NOT_200,2018-05-28,2018,,,,,201,98,,,,CRITICAL,Replay intervals do not establish the historical expected security count on this NSE session.,UNRESOLVED,,member_count:2018-05-28:98
COUNT_NOT_200:2018-05-29:1580,COUNT_NOT_200,2018-05-29,2018,,,,,201,98,,,,CRITICAL,Replay intervals do not establish the historical expected security count on this NSE session.,UNRESOLVED,,member_count:2018-05-29:98
COUNT_NOT_200:2018-05-30:1581,COUNT_NOT_200,2018-05-30,2018,,,,,201,98,,,,CRITICAL,Replay intervals do not establish the historical expected security count on this NSE session.,UNRESOLVED,,member_count:2018-05-30:98
COUNT_NOT_200:2018-05-31:1582,COUNT_NOT_200,2018-05-31,2018,,,,,201,98,,,,CRITICAL,Replay intervals do not establish the historical expected security count on this NSE session.,UNRESOLVED,,member_count:2018-05-31:98
COUNT_NOT_200:2018-06-01:1583,COUNT_NOT_200,2018-06-01,2018,,,,,201,98,,,,CRITICAL,Replay intervals do not establish the historical expected security count on this NSE session.,UNRESOLVED,,member_count:2018-06-01:98
COUNT_NOT_200:2018-06-04:1584,COUNT_NOT_200,2018-06-04,2018,,,,,201,98,,,,CRITICAL,Replay intervals do not establish the historical expected security count on this NSE session.,UNRESOLVED,,member_count:2018-06-04:98
COUNT_NOT_200:2018-06-05:1585,COUNT_NOT_200,2018-06-05,2018,,,,,201,98,,,,CRITICAL,Replay intervals do not establish the historical expected security count on this NSE session.,UNRESOLVED,,member_count:2018-06-05:98
COUNT_NOT_200:2018-06-06:1586,COUNT_NOT_200,2018-06-06,2018,,,,,201,98,,,,CRITICAL,Replay intervals do not establish the historical expected security count on this NSE session.,UNRESOLVED,,member_count:2018-06-06:98
COUNT_NOT_200:2018-06-07:1587,COUNT_NOT_200,2018-06-07,2018,,,,,201,98,,,,CRITICAL,Replay intervals do not establish the historical expected security count on this NSE session.,UNRESOLVED,,member_count:2018-06-07:98
COUNT_NOT_200:2018-06-08:1588,COUNT_NOT_200,2018-06-08,2018,,,,,201,98,,,,CRITICAL,Replay intervals do not establish the historical expected security count on this NSE session.,UNRESOLVED,,member_count:2018-06-08:98
COUNT_NOT_200:2018-06-11:1589,COUNT_NOT_200,2018-06-11,2018,,,,,201,98,,,,CRITICAL,Replay intervals do not establish the historical expected security count on this NSE session.,UNRESOLVED,,member_count:2018-06-11:98
COUNT_NOT_200:2018-06-12:1590,COUNT_NOT_200,2018-06-12,2018,,,,,201,98,,,,CRITICAL,Replay intervals do not establish the historical expected security count on this NSE session.,UNRESOLVED,,member_count:2018-06-12:98
COUNT_NOT_200:2018-06-13:1591,COUNT_NOT_200,2018-06-13,2018,,,,,201,98,,,,CRITICAL,Replay intervals do not establish the historical expected security count on this NSE session.,UNRESOLVED,,member_count:2018-06-13:98
COUNT_NOT_200:2018-06-14:1592,COUNT_NOT_200,2018-06-14,2018,,,,,201,98,,,,CRITICAL,Replay intervals do not establish the historical expected security count on this NSE session.,UNRESOLVED,,member_count:2018-06-14:98
COUNT_NOT_200:2018-06-15:1593,COUNT_NOT_200,2018-06-15,2018,,,,,201,98,,,,CRITICAL,Replay intervals do not establish the historical expected security count on this NSE session.,UNRESOLVED,,member_count:2018-06-15:98
COUNT_NOT_200:2018-06-18:1594,COUNT_NOT_200,2018-06-18,2018,,,,,201,98,,,,CRITICAL,Replay intervals do not establish the historical expected security count on this NSE session.,UNRESOLVED,,member_count:2018-06-18:98
COUNT_NOT_200:2018-06-19:1595,COUNT_NOT_200,2018-06-19,2018,,,,,201,98,,,,CRITICAL,Replay intervals do not establish the historical expected security count on this NSE session.,UNRESOLVED,,member_count:2018-06-19:98
COUNT_NOT_200:2018-06-20:1596,COUNT_NOT_200,2018-06-20,2018,,,,,201,98,,,,CRITICAL,Replay intervals do not establish the historical expected security count on this NSE session.,UNRESOLVED,,member_count:2018-06-20:98
COUNT_NOT_200:2018-06-21:1597,COUNT_NOT_200,2018-06-21,2018,,,,,201,98,,,,CRITICAL,Replay intervals do not establish the historical expected security count on this NSE session.,UNRESOLVED,,member_count:2018-06-21:98
COUNT_NOT_200:2018-06-22:1598,COUNT_NOT_200,2018-06-22,2018,,,,,201,98,,,,CRITICAL,Replay intervals do not establish the historical expected security count on this NSE session.,UNRESOLVED,,member_count:2018-06-22:98
COUNT_NOT_200:2018-06-25:1599,COUNT_NOT_200,2018-06-25,2018,,,,,201,98,,,,CRITICAL,Replay intervals do not establish the historical expected security count on this NSE session.,UNRESOLVED,,member_count:2018-06-25:98
COUNT_NOT_200:2018-06-26:1600,COUNT_NOT_200,2018-06-26,2018,,,,,201,98,,,,CRITICAL,Replay intervals do not establish the historical expected security count on this NSE session.,UNRESOLVED,,member_count:2018-06-26:98
COUNT_NOT_200:2018-06-27:1601,COUNT_NOT_200,2018-06-27,2018,,,,,201,98,,,,CRITICAL,Replay intervals do not establish the historical expected security count on this NSE session.,UNRESOLVED,,member_count:2018-06-27:98
COUNT_NOT_200:2018-06-28:1602,COUNT_NOT_200,2018-06-28,2018,,,,,201,98,,,,CRITICAL,Replay intervals do not establish the historical expected security count on this NSE session.,UNRESOLVED,,member_count:2018-06-28:98
COUNT_NOT_200:2018-06-29:1603,COUNT_NOT_200,2018-06-29,2018,,,,,201,99,,,,CRITICAL,Replay intervals do not establish the historical expected security count on this NSE session.,UNRESOLVED,,member_count:2018-06-29:99
COUNT_NOT_200:2018-07-02:1604,COUNT_NOT_200,2018-07-02,2018,,,,,201,99,,,,CRITICAL,Replay intervals do not establish the historical expected security count on this NSE session.,UNRESOLVED,,member_count:2018-07-02:99
COUNT_NOT_200:2018-07-03:1605,COUNT_NOT_200,2018-07-03,2018,,,,,201,99,,,,CRITICAL,Replay intervals do not establish the historical expected security count on this NSE session.,UNRESOLVED,,member_count:2018-07-03:99
COUNT_NOT_200:2018-07-04:1606,COUNT_NOT_200,2018-07-04,2018,,,,,201,99,,,,CRITICAL,Replay intervals do not establish the historical expected security count on this NSE session.,UNRESOLVED,,member_count:2018-07-04:99
COUNT_NOT_200:2018-07-05:1607,COUNT_NOT_200,2018-07-05,2018,,,,,201,99,,,,CRITICAL,Replay intervals do not establish the historical expected security count on this NSE session.,UNRESOLVED,,member_count:2018-07-05:99
COUNT_NOT_200:2018-07-06:1608,COUNT_NOT_200,2018-07-06,2018,,,,,201,99,,,,CRITICAL,Replay intervals do not establish the historical expected security count on this NSE session.,UNRESOLVED,,member_count:2018-07-06:99
COUNT_NOT_200:2018-07-09:1609,COUNT_NOT_200,2018-07-09,2018,,,,,201,99,,,,CRITICAL,Replay intervals do not establish the historical expected security count on this NSE session.,UNRESOLVED,,member_count:2018-07-09:99
COUNT_NOT_200:2018-07-10:1610,COUNT_NOT_200,2018-07-10,2018,,,,,201,99,,,,CRITICAL,Replay intervals do not establish the historical expected security count on this NSE session.,UNRESOLVED,,member_count:2018-07-10:99
COUNT_NOT_200:2018-07-11:1611,COUNT_NOT_200,2018-07-11,2018,,,,,201,99,,,,CRITICAL,Replay intervals do not establish the historical expected security count on this NSE session.,UNRESOLVED,,member_count:2018-07-11:99
COUNT_NOT_200:2018-07-12:1612,COUNT_NOT_200,2018-07-12,2018,,,,,201,99,,,,CRITICAL,Replay intervals do not establish the historical expected security count on this NSE session.,UNRESOLVED,,member_count:2018-07-12:99
COUNT_NOT_200:2018-07-13:1613,COUNT_NOT_200,2018-07-13,2018,,,,,201,99,,,,CRITICAL,Replay intervals do not establish the historical expected security count on this NSE session.,UNRESOLVED,,member_count:2018-07-13:99
COUNT_NOT_200:2018-07-16:1614,COUNT_NOT_200,2018-07-16,2018,,,,,201,99,,,,CRITICAL,Replay intervals do not establish the historical expected security count on this NSE session.,UNRESOLVED,,member_count:2018-07-16:99
COUNT_NOT_200:2018-07-17:1615,COUNT_NOT_200,2018-07-17,2018,,,,,201,99,,,,CRITICAL,Replay intervals do not establish the historical expected security count on this NSE session.,UNRESOLVED,,member_count:2018-07-17:99
COUNT_NOT_200:2018-07-18:1616,COUNT_NOT_200,2018-07-18,2018,,,,,201,99,,,,CRITICAL,Replay intervals do not establish the historical expected security count on this NSE session.,UNRESOLVED,,member_count:2018-07-18:99
COUNT_NOT_200:2018-07-19:1617,COUNT_NOT_200,2018-07-19,2018,,,,,201,99,,,,CRITICAL,Replay intervals do not establish the historical expected security count on this NSE session.,UNRESOLVED,,member_count:2018-07-19:99
COUNT_NOT_200:2018-07-20:1618,COUNT_NOT_200,2018-07-20,2018,,,,,201,99,,,,CRITICAL,Replay intervals do not establish the historical expected security count on this NSE session.,UNRESOLVED,,member_count:2018-07-20:99
COUNT_NOT_200:2018-07-23:1619,COUNT_NOT_200,2018-07-23,2018,,,,,201,99,,,,CRITICAL,Replay intervals do not establish the historical expected security count on this NSE session.,UNRESOLVED,,member_count:2018-07-23:99
COUNT_NOT_200:2018-07-24:1620,COUNT_NOT_200,2018-07-24,2018,,,,,201,99,,,,CRITICAL,Replay intervals do not establish the historical expected security count on this NSE session.,UNRESOLVED,,member_count:2018-07-24:99
COUNT_NOT_200:2018-07-25:1621,COUNT_NOT_200,2018-07-25,2018,,,,,201,99,,,,CRITICAL,Replay intervals do not establish the historical expected security count on this NSE session.,UNRESOLVED,,member_count:2018-07-25:99
COUNT_NOT_200:2018-07-26:1622,COUNT_NOT_200,2018-07-26,2018,,,,,201,99,,,,CRITICAL,Replay intervals do not establish the historical expected security count on this NSE session.,UNRESOLVED,,member_count:2018-07-26:99
COUNT_NOT_200:2018-07-27:1623,COUNT_NOT_200,2018-07-27,2018,,,,,201,99,,,,CRITICAL,Replay intervals do not establish the historical expected security count on this NSE session.,UNRESOLVED,,member_count:2018-07-27:99
COUNT_NOT_200:2018-07-30:1624,COUNT_NOT_200,2018-07-30,2018,,,,,201,99,,,,CRITICAL,Replay intervals do not establish the historical expected security count on this NSE session.,UNRESOLVED,,member_count:2018-07-30:99
COUNT_NOT_200:2018-07-31:1625,COUNT_NOT_200,2018-07-31,2018,,,,,201,99,,,,CRITICAL,Replay intervals do not establish the historical expected security count on this NSE session.,UNRESOLVED,,member_count:2018-07-31:99
COUNT_NOT_200:2018-08-01:1626,COUNT_NOT_200,2018-08-01,2018,,,,,201,99,,,,CRITICAL,Replay intervals do not establish the historical expected security count on this NSE session.,UNRESOLVED,,member_count:2018-08-01:99
COUNT_NOT_200:2018-08-02:1627,COUNT_NOT_200,2018-08-02,2018,,,,,201,99,,,,CRITICAL,Replay intervals do not establish the historical expected security count on this NSE session.,UNRESOLVED,,member_count:2018-08-02:99
COUNT_NOT_200:2018-08-03:1628,COUNT_NOT_200,2018-08-03,2018,,,,,201,99,,,,CRITICAL,Replay intervals do not establish the historical expected security count on this NSE session.,UNRESOLVED,,member_count:2018-08-03:99
COUNT_NOT_200:2018-08-06:1629,COUNT_NOT_200,2018-08-06,2018,,,,,201,99,,,,CRITICAL,Replay intervals do not establish the historical expected security count on this NSE session.,UNRESOLVED,,member_count:2018-08-06:99
COUNT_NOT_200:2018-08-07:1630,COUNT_NOT_200,2018-08-07,2018,,,,,201,99,,,,CRITICAL,Replay intervals do not establish the historical expected security count on this NSE session.,UNRESOLVED,,member_count:2018-08-07:99
COUNT_NOT_200:2018-08-08:1631,COUNT_NOT_200,2018-08-08,2018,,,,,201,99,,,,CRITICAL,Replay intervals do not establish the historical expected security count on this NSE session.,UNRESOLVED,,member_count:2018-08-08:99
COUNT_NOT_200:2018-08-09:1632,COUNT_NOT_200,2018-08-09,2018,,,,,201,99,,,,CRITICAL,Replay intervals do not establish the historical expected security count on this NSE session.,UNRESOLVED,,member_count:2018-08-09:99
COUNT_NOT_200:2018-08-10:1633,COUNT_NOT_200,2018-08-10,2018,,,,,201,99,,,,CRITICAL,Replay intervals do not establish the historical expected security count on this NSE session.,UNRESOLVED,,member_count:2018-08-10:99
COUNT_NOT_200:2018-08-13:1634,COUNT_NOT_200,2018-08-13,2018,,,,,201,99,,,,CRITICAL,Replay intervals do not establish the historical expected security count on this NSE session.,UNRESOLVED,,member_count:2018-08-13:99
COUNT_NOT_200:2018-08-14:1635,COUNT_NOT_200,2018-08-14,2018,,,,,201,99,,,,CRITICAL,Replay intervals do not establish the historical expected security count on this NSE session.,UNRESOLVED,,member_count:2018-08-14:99
COUNT_NOT_200:2018-08-16:1636,COUNT_NOT_200,2018-08-16,2018,,,,,201,99,,,,CRITICAL,Replay intervals do not establish the historical expected security count on this NSE session.,UNRESOLVED,,member_count:2018-08-16:99
COUNT_NOT_200:2018-08-17:1637,COUNT_NOT_200,2018-08-17,2018,,,,,201,99,,,,CRITICAL,Replay intervals do not establish the historical expected security count on this NSE session.,UNRESOLVED,,member_count:2018-08-17:99
COUNT_NOT_200:2018-08-20:1638,COUNT_NOT_200,2018-08-20,2018,,,,,201,99,,,,CRITICAL,Replay intervals do not establish the historical expected security count on this NSE session.,UNRESOLVED,,member_count:2018-08-20:99
COUNT_NOT_200:2018-08-21:1639,COUNT_NOT_200,2018-08-21,2018,,,,,201,99,,,,CRITICAL,Replay intervals do not establish the historical expected security count on this NSE session.,UNRESOLVED,,member_count:2018-08-21:99
COUNT_NOT_200:2018-08-23:1640,COUNT_NOT_200,2018-08-23,2018,,,,,201,99,,,,CRITICAL,Replay intervals do not establish the historical expected security count on this NSE session.,UNRESOLVED,,member_count:2018-08-23:99
COUNT_NOT_200:2018-08-24:1641,COUNT_NOT_200,2018-08-24,2018,,,,,201,99,,,,CRITICAL,Replay intervals do not establish the historical expected security count on this NSE session.,UNRESOLVED,,member_count:2018-08-24:99
COUNT_NOT_200:2018-08-27:1642,COUNT_NOT_200,2018-08-27,2018,,,,,201,99,,,,CRITICAL,Replay intervals do not establish the historical expected security count on this NSE session.,UNRESOLVED,,member_count:2018-08-27:99
COUNT_NOT_200:2018-08-28:1643,COUNT_NOT_200,2018-08-28,2018,,,,,201,99,,,,CRITICAL,Replay intervals do not establish the historical expected security count on this NSE session.,UNRESOLVED,,member_count:2018-08-28:99
COUNT_NOT_200:2018-08-29:1644,COUNT_NOT_200,2018-08-29,2018,,,,,201,99,,,,CRITICAL,Replay intervals do not establish the historical expected security count on this NSE session.,UNRESOLVED,,member_count:2018-08-29:99
COUNT_NOT_200:2018-08-30:1645,COUNT_NOT_200,2018-08-30,2018,,,,,201,99,,,,CRITICAL,Replay intervals do not establish the historical expected security count on this NSE session.,UNRESOLVED,,member_count:2018-08-30:99
COUNT_NOT_200:2018-08-31:1646,COUNT_NOT_200,2018-08-31,2018,,,,,201,99,,,,CRITICAL,Replay intervals do not establish the historical expected security count on this NSE session.,UNRESOLVED,,member_count:2018-08-31:99
COUNT_NOT_200:2018-09-03:1647,COUNT_NOT_200,2018-09-03,2018,,,,,201,99,,,,CRITICAL,Replay intervals do not establish the historical expected security count on this NSE session.,UNRESOLVED,,member_count:2018-09-03:99
COUNT_NOT_200:2018-09-04:1648,COUNT_NOT_200,2018-09-04,2018,,,,,201,99,,,,CRITICAL,Replay intervals do not establish the historical expected security count on this NSE session.,UNRESOLVED,,member_count:2018-09-04:99
COUNT_NOT_200:2018-09-05:1649,COUNT_NOT_200,2018-09-05,2018,,,,,201,99,,,,CRITICAL,Replay intervals do not establish the historical expected security count on this NSE session.,UNRESOLVED,,member_count:2018-09-05:99
COUNT_NOT_200:2018-09-06:1650,COUNT_NOT_200,2018-09-06,2018,,,,,201,99,,,,CRITICAL,Replay intervals do not establish the historical expected security count on this NSE session.,UNRESOLVED,,member_count:2018-09-06:99
COUNT_NOT_200:2018-09-07:1651,COUNT_NOT_200,2018-09-07,2018,,,,,201,99,,,,CRITICAL,Replay intervals do not establish the historical expected security count on this NSE session.,UNRESOLVED,,member_count:2018-09-07:99
COUNT_NOT_200:2018-09-10:1652,COUNT_NOT_200,2018-09-10,2018,,,,,201,99,,,,CRITICAL,Replay intervals do not establish the historical expected security count on this NSE session.,UNRESOLVED,,member_count:2018-09-10:99
COUNT_NOT_200:2018-09-11:1653,COUNT_NOT_200,2018-09-11,2018,,,,,201,99,,,,CRITICAL,Replay intervals do not establish the historical expected security count on this NSE session.,UNRESOLVED,,member_count:2018-09-11:99
COUNT_NOT_200:2018-09-12:1654,COUNT_NOT_200,2018-09-12,2018,,,,,201,99,,,,CRITICAL,Replay intervals do not establish the historical expected security count on this NSE session.,UNRESOLVED,,member_count:2018-09-12:99
COUNT_NOT_200:2018-09-14:1655,COUNT_NOT_200,2018-09-14,2018,,,,,201,99,,,,CRITICAL,Replay intervals do not establish the historical expected security count on this NSE session.,UNRESOLVED,,member_count:2018-09-14:99
COUNT_NOT_200:2018-09-17:1656,COUNT_NOT_200,2018-09-17,2018,,,,,201,99,,,,CRITICAL,Replay intervals do not establish the historical expected security count on this NSE session.,UNRESOLVED,,member_count:2018-09-17:99
COUNT_NOT_200:2018-09-18:1657,COUNT_NOT_200,2018-09-18,2018,,,,,201,99,,,,CRITICAL,Replay intervals do not establish the historical expected security count on this NSE session.,UNRESOLVED,,member_count:2018-09-18:99
COUNT_NOT_200:2018-09-19:1658,COUNT_NOT_200,2018-09-19,2018,,,,,201,99,,,,CRITICAL,Replay intervals do not establish the historical expected security count on this NSE session.,UNRESOLVED,,member_count:2018-09-19:99
COUNT_NOT_200:2018-09-21:1659,COUNT_NOT_200,2018-09-21,2018,,,,,201,99,,,,CRITICAL,Replay intervals do not establish the historical expected security count on this NSE session.,UNRESOLVED,,member_count:2018-09-21:99
COUNT_NOT_200:2018-09-24:1660,COUNT_NOT_200,2018-09-24,2018,,,,,201,99,,,,CRITICAL,Replay intervals do not establish the historical expected security count on this NSE session.,UNRESOLVED,,member_count:2018-09-24:99
COUNT_NOT_200:2018-09-25:1661,COUNT_NOT_200,2018-09-25,2018,,,,,201,99,,,,CRITICAL,Replay intervals do not establish the historical expected security count on this NSE session.,UNRESOLVED,,member_count:2018-09-25:99
COUNT_NOT_200:2018-09-26:1662,COUNT_NOT_200,2018-09-26,2018,,,,,201,99,,,,CRITICAL,Replay intervals do not establish the historical expected security count on this NSE session.,UNRESOLVED,,member_count:2018-09-26:99
COUNT_NOT_200:2018-09-27:1663,COUNT_NOT_200,2018-09-27,2018,,,,,201,99,,,,CRITICAL,Replay intervals do not establish the historical expected security count on this NSE session.,UNRESOLVED,,member_count:2018-09-27:99
COUNT_NOT_200:2018-09-28:1664,COUNT_NOT_200,2018-09-28,2018,,,,,201,102,,,,CRITICAL,Replay intervals do not establish the historical expected security count on this NSE session.,UNRESOLVED,,member_count:2018-09-28:102
COUNT_NOT_200:2018-10-01:1665,COUNT_NOT_200,2018-10-01,2018,,,,,201,102,,,,CRITICAL,Replay intervals do not establish the historical expected security count on this NSE session.,UNRESOLVED,,member_count:2018-10-01:102
COUNT_NOT_200:2018-10-03:1666,COUNT_NOT_200,2018-10-03,2018,,,,,201,102,,,,CRITICAL,Replay intervals do not establish the historical expected security count on this NSE session.,UNRESOLVED,,member_count:2018-10-03:102
COUNT_NOT_200:2018-10-04:1667,COUNT_NOT_200,2018-10-04,2018,,,,,201,102,,,,CRITICAL,Replay intervals do not establish the historical expected security count on this NSE session.,UNRESOLVED,,member_count:2018-10-04:102
COUNT_NOT_200:2018-10-05:1668,COUNT_NOT_200,2018-10-05,2018,,,,,201,102,,,,CRITICAL,Replay intervals do not establish the historical expected security count on this NSE session.,UNRESOLVED,,member_count:2018-10-05:102
COUNT_NOT_200:2018-10-08:1669,COUNT_NOT_200,2018-10-08,2018,,,,,201,102,,,,CRITICAL,Replay intervals do not establish the historical expected security count on this NSE session.,UNRESOLVED,,member_count:2018-10-08:102
COUNT_NOT_200:2018-10-09:1670,COUNT_NOT_200,2018-10-09,2018,,,,,201,102,,,,CRITICAL,Replay intervals do not establish the historical expected security count on this NSE session.,UNRESOLVED,,member_count:2018-10-09:102
COUNT_NOT_200:2018-10-10:1671,COUNT_NOT_200,2018-10-10,2018,,,,,201,102,,,,CRITICAL,Replay intervals do not establish the historical expected security count on this NSE session.,UNRESOLVED,,member_count:2018-10-10:102
COUNT_NOT_200:2018-10-11:1672,COUNT_NOT_200,2018-10-11,2018,,,,,201,102,,,,CRITICAL,Replay intervals do not establish the historical expected security count on this NSE session.,UNRESOLVED,,member_count:2018-10-11:102
COUNT_NOT_200:2018-10-12:1673,COUNT_NOT_200,2018-10-12,2018,,,,,201,102,,,,CRITICAL,Replay intervals do not establish the historical expected security count on this NSE session.,UNRESOLVED,,member_count:2018-10-12:102
COUNT_NOT_200:2018-10-15:1674,COUNT_NOT_200,2018-10-15,2018,,,,,201,102,,,,CRITICAL,Replay intervals do not establish the historical expected security count on this NSE session.,UNRESOLVED,,member_count:2018-10-15:102
COUNT_NOT_200:2018-10-16:1675,COUNT_NOT_200,2018-10-16,2018,,,,,201,102,,,,CRITICAL,Replay intervals do not establish the historical expected security count on this NSE session.,UNRESOLVED,,member_count:2018-10-16:102
COUNT_NOT_200:2018-10-17:1676,COUNT_NOT_200,2018-10-17,2018,,,,,201,102,,,,CRITICAL,Replay intervals do not establish the historical expected security count on this NSE session.,UNRESOLVED,,member_count:2018-10-17:102
COUNT_NOT_200:2018-10-19:1677,COUNT_NOT_200,2018-10-19,2018,,,,,201,102,,,,CRITICAL,Replay intervals do not establish the historical expected security count on this NSE session.,UNRESOLVED,,member_count:2018-10-19:102
COUNT_NOT_200:2018-10-22:1678,COUNT_NOT_200,2018-10-22,2018,,,,,201,102,,,,CRITICAL,Replay intervals do not establish the historical expected security count on this NSE session.,UNRESOLVED,,member_count:2018-10-22:102
COUNT_NOT_200:2018-10-23:1679,COUNT_NOT_200,2018-10-23,2018,,,,,201,102,,,,CRITICAL,Replay intervals do not establish the historical expected security count on this NSE session.,UNRESOLVED,,member_count:2018-10-23:102
COUNT_NOT_200:2018-10-24:1680,COUNT_NOT_200,2018-10-24,2018,,,,,201,102,,,,CRITICAL,Replay intervals do not establish the historical expected security count on this NSE session.,UNRESOLVED,,member_count:2018-10-24:102
COUNT_NOT_200:2018-10-25:1681,COUNT_NOT_200,2018-10-25,2018,,,,,201,102,,,,CRITICAL,Replay intervals do not establish the historical expected security count on this NSE session.,UNRESOLVED,,member_count:2018-10-25:102
COUNT_NOT_200:2018-10-26:1682,COUNT_NOT_200,2018-10-26,2018,,,,,201,102,,,,CRITICAL,Replay intervals do not establish the historical expected security count on this NSE session.,UNRESOLVED,,member_count:2018-10-26:102
COUNT_NOT_200:2018-10-29:1683,COUNT_NOT_200,2018-10-29,2018,,,,,201,102,,,,CRITICAL,Replay intervals do not establish the historical expected security count on this NSE session.,UNRESOLVED,,member_count:2018-10-29:102
COUNT_NOT_200:2018-10-30:1684,COUNT_NOT_200,2018-10-30,2018,,,,,201,102,,,,CRITICAL,Replay intervals do not establish the historical expected security count on this NSE session.,UNRESOLVED,,member_count:2018-10-30:102
COUNT_NOT_200:2018-10-31:1685,COUNT_NOT_200,2018-10-31,2018,,,,,201,102,,,,CRITICAL,Replay intervals do not establish the historical expected security count on this NSE session.,UNRESOLVED,,member_count:2018-10-31:102
COUNT_NOT_200:2018-11-01:1686,COUNT_NOT_200,2018-11-01,2018,,,,,201,102,,,,CRITICAL,Replay intervals do not establish the historical expected security count on this NSE session.,UNRESOLVED,,member_count:2018-11-01:102
COUNT_NOT_200:2018-11-02:1687,COUNT_NOT_200,2018-11-02,2018,,,,,201,102,,,,CRITICAL,Replay intervals do not establish the historical expected security count on this NSE session.,UNRESOLVED,,member_count:2018-11-02:102
COUNT_NOT_200:2018-11-05:1688,COUNT_NOT_200,2018-11-05,2018,,,,,201,102,,,,CRITICAL,Replay intervals do not establish the historical expected security count on this NSE session.,UNRESOLVED,,member_count:2018-11-05:102
COUNT_NOT_200:2018-11-06:1689,COUNT_NOT_200,2018-11-06,2018,,,,,201,102,,,,CRITICAL,Replay intervals do not establish the historical expected security count on this NSE session.,UNRESOLVED,,member_count:2018-11-06:102
COUNT_NOT_200:2018-11-07:1690,COUNT_NOT_200,2018-11-07,2018,,,,,201,102,,,,CRITICAL,Replay intervals do not establish the historical expected security count on this NSE session.,UNRESOLVED,,member_count:2018-11-07:102
COUNT_NOT_200:2018-11-09:1691,COUNT_NOT_200,2018-11-09,2018,,,,,201,102,,,,CRITICAL,Replay intervals do not establish the historical expected security count on this NSE session.,UNRESOLVED,,member_count:2018-11-09:102
COUNT_NOT_200:2018-11-12:1692,COUNT_NOT_200,2018-11-12,2018,,,,,201,102,,,,CRITICAL,Replay intervals do not establish the historical expected security count on this NSE session.,UNRESOLVED,,member_count:2018-11-12:102
COUNT_NOT_200:2018-11-13:1693,COUNT_NOT_200,2018-11-13,2018,,,,,201,102,,,,CRITICAL,Replay intervals do not establish the historical expected security count on this NSE session.,UNRESOLVED,,member_count:2018-11-13:102
COUNT_NOT_200:2018-11-14:1694,COUNT_NOT_200,2018-11-14,2018,,,,,201,102,,,,CRITICAL,Replay intervals do not establish the historical expected security count on this NSE session.,UNRESOLVED,,member_count:2018-11-14:102
COUNT_NOT_200:2018-11-15:1695,COUNT_NOT_200,2018-11-15,2018,,,,,201,102,,,,CRITICAL,Replay intervals do not establish the historical expected security count on this NSE session.,UNRESOLVED,,member_count:2018-11-15:102
COUNT_NOT_200:2018-11-16:1696,COUNT_NOT_200,2018-11-16,2018,,,,,201,102,,,,CRITICAL,Replay intervals do not establish the historical expected security count on this NSE session.,UNRESOLVED,,member_count:2018-11-16:102
COUNT_NOT_200:2018-11-19:1697,COUNT_NOT_200,2018-11-19,2018,,,,,201,102,,,,CRITICAL,Replay intervals do not establish the historical expected security count on this NSE session.,UNRESOLVED,,member_count:2018-11-19:102
COUNT_NOT_200:2018-11-20:1698,COUNT_NOT_200,2018-11-20,2018,,,,,201,102,,,,CRITICAL,Replay intervals do not establish the historical expected security count on this NSE session.,UNRESOLVED,,member_count:2018-11-20:102
COUNT_NOT_200:2018-11-21:1699,COUNT_NOT_200,2018-11-21,2018,,,,,201,102,,,,CRITICAL,Replay intervals do not establish the historical expected security count on this NSE session.,UNRESOLVED,,member_count:2018-11-21:102
COUNT_NOT_200:2018-11-22:1700,COUNT_NOT_200,2018-11-22,2018,,,,,201,102,,,,CRITICAL,Replay intervals do not establish the historical expected security count on this NSE session.,UNRESOLVED,,member_count:2018-11-22:102
COUNT_NOT_200:2018-11-26:1701,COUNT_NOT_200,2018-11-26,2018,,,,,201,102,,,,CRITICAL,Replay intervals do not establish the historical expected security count on this NSE session.,UNRESOLVED,,member_count:2018-11-26:102
COUNT_NOT_200:2018-11-27:1702,COUNT_NOT_200,2018-11-27,2018,,,,,201,102,,,,CRITICAL,Replay intervals do not establish the historical expected security count on this NSE session.,UNRESOLVED,,member_count:2018-11-27:102
COUNT_NOT_200:2018-11-28:1703,COUNT_NOT_200,2018-11-28,2018,,,,,201,102,,,,CRITICAL,Replay intervals do not establish the historical expected security count on this NSE session.,UNRESOLVED,,member_count:2018-11-28:102
COUNT_NOT_200:2018-11-29:1704,COUNT_NOT_200,2018-11-29,2018,,,,,201,102,,,,CRITICAL,Replay intervals do not establish the historical expected security count on this NSE session.,UNRESOLVED,,member_count:2018-11-29:102
COUNT_NOT_200:2018-11-30:1705,COUNT_NOT_200,2018-11-30,2018,,,,,201,102,,,,CRITICAL,Replay intervals do not establish the historical expected security count on this NSE session.,UNRESOLVED,,member_count:2018-11-30:102
COUNT_NOT_200:2018-12-03:1706,COUNT_NOT_200,2018-12-03,2018,,,,,201,102,,,,CRITICAL,Replay intervals do not establish the historical expected security count on this NSE session.,UNRESOLVED,,member_count:2018-12-03:102
COUNT_NOT_200:2018-12-04:1707,COUNT_NOT_200,2018-12-04,2018,,,,,201,102,,,,CRITICAL,Replay intervals do not establish the historical expected security count on this NSE session.,UNRESOLVED,,member_count:2018-12-04:102
COUNT_NOT_200:2018-12-05:1708,COUNT_NOT_200,2018-12-05,2018,,,,,201,102,,,,CRITICAL,Replay intervals do not establish the historical expected security count on this NSE session.,UNRESOLVED,,member_count:2018-12-05:102
COUNT_NOT_200:2018-12-06:1709,COUNT_NOT_200,2018-12-06,2018,,,,,201,102,,,,CRITICAL,Replay intervals do not establish the historical expected security count on this NSE session.,UNRESOLVED,,member_count:2018-12-06:102
COUNT_NOT_200:2018-12-07:1710,COUNT_NOT_200,2018-12-07,2018,,,,,201,102,,,,CRITICAL,Replay intervals do not establish the historical expected security count on this NSE session.,UNRESOLVED,,member_count:2018-12-07:102
COUNT_NOT_200:2018-12-10:1711,COUNT_NOT_200,2018-12-10,2018,,,,,201,102,,,,CRITICAL,Replay intervals do not establish the historical expected security count on this NSE session.,UNRESOLVED,,member_count:2018-12-10:102
COUNT_NOT_200:2018-12-11:1712,COUNT_NOT_200,2018-12-11,2018,,,,,201,102,,,,CRITICAL,Replay intervals do not establish the historical expected security count on this NSE session.,UNRESOLVED,,member_count:2018-12-11:102
COUNT_NOT_200:2018-12-12:1713,COUNT_NOT_200,2018-12-12,2018,,,,,201,102,,,,CRITICAL,Replay intervals do not establish the historical expected security count on this NSE session.,UNRESOLVED,,member_count:2018-12-12:102
COUNT_NOT_200:2018-12-13:1714,COUNT_NOT_200,2018-12-13,2018,,,,,201,102,,,,CRITICAL,Replay intervals do not establish the historical expected security count on this NSE session.,UNRESOLVED,,member_count:2018-12-13:102
COUNT_NOT_200:2018-12-14:1715,COUNT_NOT_200,2018-12-14,2018,,,,,201,102,,,,CRITICAL,Replay intervals do not establish the historical expected security count on this NSE session.,UNRESOLVED,,member_count:2018-12-14:102
COUNT_NOT_200:2018-12-17:1716,COUNT_NOT_200,2018-12-17,2018,,,,,201,102,,,,CRITICAL,Replay intervals do not establish the historical expected security count on this NSE session.,UNRESOLVED,,member_count:2018-12-17:102
COUNT_NOT_200:2018-12-18:1717,COUNT_NOT_200,2018-12-18,2018,,,,,201,102,,,,CRITICAL,Replay intervals do not establish the historical expected security count on this NSE session.,UNRESOLVED,,member_count:2018-12-18:102
COUNT_NOT_200:2018-12-19:1718,COUNT_NOT_200,2018-12-19,2018,,,,,201,102,,,,CRITICAL,Replay intervals do not establish the historical expected security count on this NSE session.,UNRESOLVED,,member_count:2018-12-19:102
COUNT_NOT_200:2018-12-20:1719,COUNT_NOT_200,2018-12-20,2018,,,,,201,102,,,,CRITICAL,Replay intervals do not establish the historical expected security count on this NSE session.,UNRESOLVED,,member_count:2018-12-20:102
COUNT_NOT_200:2018-12-21:1720,COUNT_NOT_200,2018-12-21,2018,,,,,201,102,,,,CRITICAL,Replay intervals do not establish the historical expected security count on this NSE session.,UNRESOLVED,,member_count:2018-12-21:102
COUNT_NOT_200:2018-12-24:1721,COUNT_NOT_200,2018-12-24,2018,,,,,201,102,,,,CRITICAL,Replay intervals do not establish the historical expected security count on this NSE session.,UNRESOLVED,,member_count:2018-12-24:102
COUNT_NOT_200:2018-12-26:1722,COUNT_NOT_200,2018-12-26,2018,,,,,201,102,,,,CRITICAL,Replay intervals do not establish the historical expected security count on this NSE session.,UNRESOLVED,,member_count:2018-12-26:102
COUNT_NOT_200:2018-12-27:1723,COUNT_NOT_200,2018-12-27,2018,,,,,201,102,,,,CRITICAL,Replay intervals do not establish the historical expected security count on this NSE session.,UNRESOLVED,,member_count:2018-12-27:102
COUNT_NOT_200:2018-12-28:1724,COUNT_NOT_200,2018-12-28,2018,,,,,201,103,,,,CRITICAL,Replay intervals do not establish the historical expected security count on this NSE session.,UNRESOLVED,,member_count:2018-12-28:103
COUNT_NOT_200:2018-12-31:1725,COUNT_NOT_200,2018-12-31,2018,,,,,201,103,,,,CRITICAL,Replay intervals do not establish the historical expected security count on this NSE session.,UNRESOLVED,,member_count:2018-12-31:103
COUNT_NOT_200:2019-01-01:1726,COUNT_NOT_200,2019-01-01,2019,,,,,201,103,,,,CRITICAL,Replay intervals do not establish the historical expected security count on this NSE session.,UNRESOLVED,,member_count:2019-01-01:103
COUNT_NOT_200:2019-01-02:1727,COUNT_NOT_200,2019-01-02,2019,,,,,201,103,,,,CRITICAL,Replay intervals do not establish the historical expected security count on this NSE session.,UNRESOLVED,,member_count:2019-01-02:103
COUNT_NOT_200:2019-01-03:1728,COUNT_NOT_200,2019-01-03,2019,,,,,201,103,,,,CRITICAL,Replay intervals do not establish the historical expected security count on this NSE session.,UNRESOLVED,,member_count:2019-01-03:103
COUNT_NOT_200:2019-01-04:1729,COUNT_NOT_200,2019-01-04,2019,,,,,201,103,,,,CRITICAL,Replay intervals do not establish the historical expected security count on this NSE session.,UNRESOLVED,,member_count:2019-01-04:103
COUNT_NOT_200:2019-01-07:1730,COUNT_NOT_200,2019-01-07,2019,,,,,201,103,,,,CRITICAL,Replay intervals do not establish the historical expected security count on this NSE session.,UNRESOLVED,,member_count:2019-01-07:103
COUNT_NOT_200:2019-01-08:1731,COUNT_NOT_200,2019-01-08,2019,,,,,201,103,,,,CRITICAL,Replay intervals do not establish the historical expected security count on this NSE session.,UNRESOLVED,,member_count:2019-01-08:103
COUNT_NOT_200:2019-01-09:1732,COUNT_NOT_200,2019-01-09,2019,,,,,201,103,,,,CRITICAL,Replay intervals do not establish the historical expected security count on this NSE session.,UNRESOLVED,,member_count:2019-01-09:103
COUNT_NOT_200:2019-01-10:1733,COUNT_NOT_200,2019-01-10,2019,,,,,201,103,,,,CRITICAL,Replay intervals do not establish the historical expected security count on this NSE session.,UNRESOLVED,,member_count:2019-01-10:103
COUNT_NOT_200:2019-01-11:1734,COUNT_NOT_200,2019-01-11,2019,,,,,201,103,,,,CRITICAL,Replay intervals do not establish the historical expected security count on this NSE session.,UNRESOLVED,,member_count:2019-01-11:103
COUNT_NOT_200:2019-01-14:1735,COUNT_NOT_200,2019-01-14,2019,,,,,201,103,,,,CRITICAL,Replay intervals do not establish the historical expected security count on this NSE session.,UNRESOLVED,,member_count:2019-01-14:103
COUNT_NOT_200:2019-01-15:1736,COUNT_NOT_200,2019-01-15,2019,,,,,201,103,,,,CRITICAL,Replay intervals do not establish the historical expected security count on this NSE session.,UNRESOLVED,,member_count:2019-01-15:103
COUNT_NOT_200:2019-01-16:1737,COUNT_NOT_200,2019-01-16,2019,,,,,201,103,,,,CRITICAL,Replay intervals do not establish the historical expected security count on this NSE session.,UNRESOLVED,,member_count:2019-01-16:103
COUNT_NOT_200:2019-01-17:1738,COUNT_NOT_200,2019-01-17,2019,,,,,201,103,,,,CRITICAL,Replay intervals do not establish the historical expected security count on this NSE session.,UNRESOLVED,,member_count:2019-01-17:103
COUNT_NOT_200:2019-01-18:1739,COUNT_NOT_200,2019-01-18,2019,,,,,201,103,,,,CRITICAL,Replay intervals do not establish the historical expected security count on this NSE session.,UNRESOLVED,,member_count:2019-01-18:103
COUNT_NOT_200:2019-01-21:1740,COUNT_NOT_200,2019-01-21,2019,,,,,201,103,,,,CRITICAL,Replay intervals do not establish the historical expected security count on this NSE session.,UNRESOLVED,,member_count:2019-01-21:103
COUNT_NOT_200:2019-01-22:1741,COUNT_NOT_200,2019-01-22,2019,,,,,201,103,,,,CRITICAL,Replay intervals do not establish the historical expected security count on this NSE session.,UNRESOLVED,,member_count:2019-01-22:103
COUNT_NOT_200:2019-01-23:1742,COUNT_NOT_200,2019-01-23,2019,,,,,201,103,,,,CRITICAL,Replay intervals do not establish the historical expected security count on this NSE session.,UNRESOLVED,,member_count:2019-01-23:103
COUNT_NOT_200:2019-01-24:1743,COUNT_NOT_200,2019-01-24,2019,,,,,201,103,,,,CRITICAL,Replay intervals do not establish the historical expected security count on this NSE session.,UNRESOLVED,,member_count:2019-01-24:103
COUNT_NOT_200:2019-01-25:1744,COUNT_NOT_200,2019-01-25,2019,,,,,201,103,,,,CRITICAL,Replay intervals do not establish the historical expected security count on this NSE session.,UNRESOLVED,,member_count:2019-01-25:103
COUNT_NOT_200:2019-01-28:1745,COUNT_NOT_200,2019-01-28,2019,,,,,201,103,,,,CRITICAL,Replay intervals do not establish the historical expected security count on this NSE session.,UNRESOLVED,,member_count:2019-01-28:103
COUNT_NOT_200:2019-01-29:1746,COUNT_NOT_200,2019-01-29,2019,,,,,201,103,,,,CRITICAL,Replay intervals do not establish the historical expected security count on this NSE session.,UNRESOLVED,,member_count:2019-01-29:103
COUNT_NOT_200:2019-01-30:1747,COUNT_NOT_200,2019-01-30,2019,,,,,201,103,,,,CRITICAL,Replay intervals do not establish the historical expected security count on this NSE session.,UNRESOLVED,,member_count:2019-01-30:103
COUNT_NOT_200:2019-01-31:1748,COUNT_NOT_200,2019-01-31,2019,,,,,201,103,,,,CRITICAL,Replay intervals do not establish the historical expected security count on this NSE session.,UNRESOLVED,,member_count:2019-01-31:103
COUNT_NOT_200:2019-02-01:1749,COUNT_NOT_200,2019-02-01,2019,,,,,201,103,,,,CRITICAL,Replay intervals do not establish the historical expected security count on this NSE session.,UNRESOLVED,,member_count:2019-02-01:103
COUNT_NOT_200:2019-02-04:1750,COUNT_NOT_200,2019-02-04,2019,,,,,201,103,,,,CRITICAL,Replay intervals do not establish the historical expected security count on this NSE session.,UNRESOLVED,,member_count:2019-02-04:103
COUNT_NOT_200:2019-02-05:1751,COUNT_NOT_200,2019-02-05,2019,,,,,201,103,,,,CRITICAL,Replay intervals do not establish the historical expected security count on this NSE session.,UNRESOLVED,,member_count:2019-02-05:103
COUNT_NOT_200:2019-02-06:1752,COUNT_NOT_200,2019-02-06,2019,,,,,201,103,,,,CRITICAL,Replay intervals do not establish the historical expected security count on this NSE session.,UNRESOLVED,,member_count:2019-02-06:103
COUNT_NOT_200:2019-02-07:1753,COUNT_NOT_200,2019-02-07,2019,,,,,201,103,,,,CRITICAL,Replay intervals do not establish the historical expected security count on this NSE session.,UNRESOLVED,,member_count:2019-02-07:103
COUNT_NOT_200:2019-02-08:1754,COUNT_NOT_200,2019-02-08,2019,,,,,201,103,,,,CRITICAL,Replay intervals do not establish the historical expected security count on this NSE session.,UNRESOLVED,,member_count:2019-02-08:103
COUNT_NOT_200:2019-02-11:1755,COUNT_NOT_200,2019-02-11,2019,,,,,201,103,,,,CRITICAL,Replay intervals do not establish the historical expected security count on this NSE session.,UNRESOLVED,,member_count:2019-02-11:103
COUNT_NOT_200:2019-02-12:1756,COUNT_NOT_200,2019-02-12,2019,,,,,201,103,,,,CRITICAL,Replay intervals do not establish the historical expected security count on this NSE session.,UNRESOLVED,,member_count:2019-02-12:103
COUNT_NOT_200:2019-02-13:1757,COUNT_NOT_200,2019-02-13,2019,,,,,201,103,,,,CRITICAL,Replay intervals do not establish the historical expected security count on this NSE session.,UNRESOLVED,,member_count:2019-02-13:103
COUNT_NOT_200:2019-02-14:1758,COUNT_NOT_200,2019-02-14,2019,,,,,201,103,,,,CRITICAL,Replay intervals do not establish the historical expected security count on this NSE session.,UNRESOLVED,,member_count:2019-02-14:103
COUNT_NOT_200:2019-02-15:1759,COUNT_NOT_200,2019-02-15,2019,,,,,201,103,,,,CRITICAL,Replay intervals do not establish the historical expected security count on this NSE session.,UNRESOLVED,,member_count:2019-02-15:103
COUNT_NOT_200:2019-02-18:1760,COUNT_NOT_200,2019-02-18,2019,,,,,201,103,,,,CRITICAL,Replay intervals do not establish the historical expected security count on this NSE session.,UNRESOLVED,,member_count:2019-02-18:103
COUNT_NOT_200:2019-02-19:1761,COUNT_NOT_200,2019-02-19,2019,,,,,201,103,,,,CRITICAL,Replay intervals do not establish the historical expected security count on this NSE session.,UNRESOLVED,,member_count:2019-02-19:103
COUNT_NOT_200:2019-02-20:1762,COUNT_NOT_200,2019-02-20,2019,,,,,201,103,,,,CRITICAL,Replay intervals do not establish the historical expected security count on this NSE session.,UNRESOLVED,,member_count:2019-02-20:103
COUNT_NOT_200:2019-02-21:1763,COUNT_NOT_200,2019-02-21,2019,,,,,201,103,,,,CRITICAL,Replay intervals do not establish the historical expected security count on this NSE session.,UNRESOLVED,,member_count:2019-02-21:103
COUNT_NOT_200:2019-02-22:1764,COUNT_NOT_200,2019-02-22,2019,,,,,201,103,,,,CRITICAL,Replay intervals do not establish the historical expected security count on this NSE session.,UNRESOLVED,,member_count:2019-02-22:103
COUNT_NOT_200:2019-02-25:1765,COUNT_NOT_200,2019-02-25,2019,,,,,201,103,,,,CRITICAL,Replay intervals do not establish the historical expected security count on this NSE session.,UNRESOLVED,,member_count:2019-02-25:103
COUNT_NOT_200:2019-02-26:1766,COUNT_NOT_200,2019-02-26,2019,,,,,201,103,,,,CRITICAL,Replay intervals do not establish the historical expected security count on this NSE session.,UNRESOLVED,,member_count:2019-02-26:103
COUNT_NOT_200:2019-02-27:1767,COUNT_NOT_200,2019-02-27,2019,,,,,201,103,,,,CRITICAL,Replay intervals do not establish the historical expected security count on this NSE session.,UNRESOLVED,,member_count:2019-02-27:103
COUNT_NOT_200:2019-02-28:1768,COUNT_NOT_200,2019-02-28,2019,,,,,201,103,,,,CRITICAL,Replay intervals do not establish the historical expected security count on this NSE session.,UNRESOLVED,,member_count:2019-02-28:103
COUNT_NOT_200:2019-03-01:1769,COUNT_NOT_200,2019-03-01,2019,,,,,201,103,,,,CRITICAL,Replay intervals do not establish the historical expected security count on this NSE session.,UNRESOLVED,,member_count:2019-03-01:103
COUNT_NOT_200:2019-03-05:1770,COUNT_NOT_200,2019-03-05,2019,,,,,201,103,,,,CRITICAL,Replay intervals do not establish the historical expected security count on this NSE session.,UNRESOLVED,,member_count:2019-03-05:103
COUNT_NOT_200:2019-03-06:1771,COUNT_NOT_200,2019-03-06,2019,,,,,201,103,,,,CRITICAL,Replay intervals do not establish the historical expected security count on this NSE session.,UNRESOLVED,,member_count:2019-03-06:103
COUNT_NOT_200:2019-03-07:1772,COUNT_NOT_200,2019-03-07,2019,,,,,201,103,,,,CRITICAL,Replay intervals do not establish the historical expected security count on this NSE session.,UNRESOLVED,,member_count:2019-03-07:103
COUNT_NOT_200:2019-03-08:1773,COUNT_NOT_200,2019-03-08,2019,,,,,201,103,,,,CRITICAL,Replay intervals do not establish the historical expected security count on this NSE session.,UNRESOLVED,,member_count:2019-03-08:103
COUNT_NOT_200:2019-03-11:1774,COUNT_NOT_200,2019-03-11,2019,,,,,201,103,,,,CRITICAL,Replay intervals do not establish the historical expected security count on this NSE session.,UNRESOLVED,,member_count:2019-03-11:103
COUNT_NOT_200:2019-03-12:1775,COUNT_NOT_200,2019-03-12,2019,,,,,201,103,,,,CRITICAL,Replay intervals do not establish the historical expected security count on this NSE session.,UNRESOLVED,,member_count:2019-03-12:103
COUNT_NOT_200:2019-03-13:1776,COUNT_NOT_200,2019-03-13,2019,,,,,201,103,,,,CRITICAL,Replay intervals do not establish the historical expected security count on this NSE session.,UNRESOLVED,,member_count:2019-03-13:103
COUNT_NOT_200:2019-03-14:1777,COUNT_NOT_200,2019-03-14,2019,,,,,201,103,,,,CRITICAL,Replay intervals do not establish the historical expected security count on this NSE session.,UNRESOLVED,,member_count:2019-03-14:103
COUNT_NOT_200:2019-03-15:1778,COUNT_NOT_200,2019-03-15,2019,,,,,201,103,,,,CRITICAL,Replay intervals do not establish the historical expected security count on this NSE session.,UNRESOLVED,,member_count:2019-03-15:103
COUNT_NOT_200:2019-03-18:1779,COUNT_NOT_200,2019-03-18,2019,,,,,201,103,,,,CRITICAL,Replay intervals do not establish the historical expected security count on this NSE session.,UNRESOLVED,,member_count:2019-03-18:103
COUNT_NOT_200:2019-03-19:1780,COUNT_NOT_200,2019-03-19,2019,,,,,201,103,,,,CRITICAL,Replay intervals do not establish the historical expected security count on this NSE session.,UNRESOLVED,,member_count:2019-03-19:103
COUNT_NOT_200:2019-03-20:1781,COUNT_NOT_200,2019-03-20,2019,,,,,201,103,,,,CRITICAL,Replay intervals do not establish the historical expected security count on this NSE session.,UNRESOLVED,,member_count:2019-03-20:103
COUNT_NOT_200:2019-03-22:1782,COUNT_NOT_200,2019-03-22,2019,,,,,201,103,,,,CRITICAL,Replay intervals do not establish the historical expected security count on this NSE session.,UNRESOLVED,,member_count:2019-03-22:103
COUNT_NOT_200:2019-03-25:1783,COUNT_NOT_200,2019-03-25,2019,,,,,201,103,,,,CRITICAL,Replay intervals do not establish the historical expected security count on this NSE session.,UNRESOLVED,,member_count:2019-03-25:103
COUNT_NOT_200:2019-03-26:1784,COUNT_NOT_200,2019-03-26,2019,,,,,201,103,,,,CRITICAL,Replay intervals do not establish the historical expected security count on this NSE session.,UNRESOLVED,,member_count:2019-03-26:103
COUNT_NOT_200:2019-03-27:1785,COUNT_NOT_200,2019-03-27,2019,,,,,201,103,,,,CRITICAL,Replay intervals do not establish the historical expected security count on this NSE session.,UNRESOLVED,,member_count:2019-03-27:103
COUNT_NOT_200:2019-03-28:1786,COUNT_NOT_200,2019-03-28,2019,,,,,201,103,,,,CRITICAL,Replay intervals do not establish the historical expected security count on this NSE session.,UNRESOLVED,,member_count:2019-03-28:103
COUNT_NOT_200:2019-03-29:1787,COUNT_NOT_200,2019-03-29,2019,,,,,201,103,,,,CRITICAL,Replay intervals do not establish the historical expected security count on this NSE session.,UNRESOLVED,,member_count:2019-03-29:103
COUNT_NOT_200:2019-04-01:1788,COUNT_NOT_200,2019-04-01,2019,,,,,201,103,,,,CRITICAL,Replay intervals do not establish the historical expected security count on this NSE session.,UNRESOLVED,,member_count:2019-04-01:103
COUNT_NOT_200:2019-04-02:1789,COUNT_NOT_200,2019-04-02,2019,,,,,201,103,,,,CRITICAL,Replay intervals do not establish the historical expected security count on this NSE session.,UNRESOLVED,,member_count:2019-04-02:103
COUNT_NOT_200:2019-04-03:1790,COUNT_NOT_200,2019-04-03,2019,,,,,201,103,,,,CRITICAL,Replay intervals do not establish the historical expected security count on this NSE session.,UNRESOLVED,,member_count:2019-04-03:103
COUNT_NOT_200:2019-04-04:1791,COUNT_NOT_200,2019-04-04,2019,,,,,201,103,,,,CRITICAL,Replay intervals do not establish the historical expected security count on this NSE session.,UNRESOLVED,,member_count:2019-04-04:103
COUNT_NOT_200:2019-04-05:1792,COUNT_NOT_200,2019-04-05,2019,,,,,201,103,,,,CRITICAL,Replay intervals do not establish the historical expected security count on this NSE session.,UNRESOLVED,,member_count:2019-04-05:103
COUNT_NOT_200:2019-04-08:1793,COUNT_NOT_200,2019-04-08,2019,,,,,201,103,,,,CRITICAL,Replay intervals do not establish the historical expected security count on this NSE session.,UNRESOLVED,,member_count:2019-04-08:103
COUNT_NOT_200:2019-04-09:1794,COUNT_NOT_200,2019-04-09,2019,,,,,201,103,,,,CRITICAL,Replay intervals do not establish the historical expected security count on this NSE session.,UNRESOLVED,,member_count:2019-04-09:103
COUNT_NOT_200:2019-04-10:1795,COUNT_NOT_200,2019-04-10,2019,,,,,201,103,,,,CRITICAL,Replay intervals do not establish the historical expected security count on this NSE session.,UNRESOLVED,,member_count:2019-04-10:103
COUNT_NOT_200:2019-04-11:1796,COUNT_NOT_200,2019-04-11,2019,,,,,201,103,,,,CRITICAL,Replay intervals do not establish the historical expected security count on this NSE session.,UNRESOLVED,,member_count:2019-04-11:103
COUNT_NOT_200:2019-04-12:1797,COUNT_NOT_200,2019-04-12,2019,,,,,201,103,,,,CRITICAL,Replay intervals do not establish the historical expected security count on this NSE session.,UNRESOLVED,,member_count:2019-04-12:103
COUNT_NOT_200:2019-04-15:1798,COUNT_NOT_200,2019-04-15,2019,,,,,201,103,,,,CRITICAL,Replay intervals do not establish the historical expected security count on this NSE session.,UNRESOLVED,,member_count:2019-04-15:103
COUNT_NOT_200:2019-04-16:1799,COUNT_NOT_200,2019-04-16,2019,,,,,201,103,,,,CRITICAL,Replay intervals do not establish the historical expected security count on this NSE session.,UNRESOLVED,,member_count:2019-04-16:103
COUNT_NOT_200:2019-04-18:1800,COUNT_NOT_200,2019-04-18,2019,,,,,201,103,,,,CRITICAL,Replay intervals do not establish the historical expected security count on this NSE session.,UNRESOLVED,,member_count:2019-04-18:103
COUNT_NOT_200:2019-04-22:1801,COUNT_NOT_200,2019-04-22,2019,,,,,201,103,,,,CRITICAL,Replay intervals do not establish the historical expected security count on this NSE session.,UNRESOLVED,,member_count:2019-04-22:103
COUNT_NOT_200:2019-04-23:1802,COUNT_NOT_200,2019-04-23,2019,,,,,201,103,,,,CRITICAL,Replay intervals do not establish the historical expected security count on this NSE session.,UNRESOLVED,,member_count:2019-04-23:103
COUNT_NOT_200:2019-04-24:1803,COUNT_NOT_200,2019-04-24,2019,,,,,201,103,,,,CRITICAL,Replay intervals do not establish the historical expected security count on this NSE session.,UNRESOLVED,,member_count:2019-04-24:103
COUNT_NOT_200:2019-04-25:1804,COUNT_NOT_200,2019-04-25,2019,,,,,201,103,,,,CRITICAL,Replay intervals do not establish the historical expected security count on this NSE session.,UNRESOLVED,,member_count:2019-04-25:103
COUNT_NOT_200:2019-04-26:1805,COUNT_NOT_200,2019-04-26,2019,,,,,201,103,,,,CRITICAL,Replay intervals do not establish the historical expected security count on this NSE session.,UNRESOLVED,,member_count:2019-04-26:103
COUNT_NOT_200:2019-04-30:1806,COUNT_NOT_200,2019-04-30,2019,,,,,201,103,,,,CRITICAL,Replay intervals do not establish the historical expected security count on this NSE session.,UNRESOLVED,,member_count:2019-04-30:103
COUNT_NOT_200:2019-05-02:1807,COUNT_NOT_200,2019-05-02,2019,,,,,201,103,,,,CRITICAL,Replay intervals do not establish the historical expected security count on this NSE session.,UNRESOLVED,,member_count:2019-05-02:103
COUNT_NOT_200:2019-05-03:1808,COUNT_NOT_200,2019-05-03,2019,,,,,201,103,,,,CRITICAL,Replay intervals do not establish the historical expected security count on this NSE session.,UNRESOLVED,,member_count:2019-05-03:103
COUNT_NOT_200:2019-05-06:1809,COUNT_NOT_200,2019-05-06,2019,,,,,201,103,,,,CRITICAL,Replay intervals do not establish the historical expected security count on this NSE session.,UNRESOLVED,,member_count:2019-05-06:103
COUNT_NOT_200:2019-05-07:1810,COUNT_NOT_200,2019-05-07,2019,,,,,201,103,,,,CRITICAL,Replay intervals do not establish the historical expected security count on this NSE session.,UNRESOLVED,,member_count:2019-05-07:103
COUNT_NOT_200:2019-05-08:1811,COUNT_NOT_200,2019-05-08,2019,,,,,201,103,,,,CRITICAL,Replay intervals do not establish the historical expected security count on this NSE session.,UNRESOLVED,,member_count:2019-05-08:103
COUNT_NOT_200:2019-05-09:1812,COUNT_NOT_200,2019-05-09,2019,,,,,201,103,,,,CRITICAL,Replay intervals do not establish the historical expected security count on this NSE session.,UNRESOLVED,,member_count:2019-05-09:103
COUNT_NOT_200:2019-05-10:1813,COUNT_NOT_200,2019-05-10,2019,,,,,201,103,,,,CRITICAL,Replay intervals do not establish the historical expected security count on this NSE session.,UNRESOLVED,,member_count:2019-05-10:103
COUNT_NOT_200:2019-05-13:1814,COUNT_NOT_200,2019-05-13,2019,,,,,201,103,,,,CRITICAL,Replay intervals do not establish the historical expected security count on this NSE session.,UNRESOLVED,,member_count:2019-05-13:103
COUNT_NOT_200:2019-05-14:1815,COUNT_NOT_200,2019-05-14,2019,,,,,201,103,,,,CRITICAL,Replay intervals do not establish the historical expected security count on this NSE session.,UNRESOLVED,,member_count:2019-05-14:103
COUNT_NOT_200:2019-05-15:1816,COUNT_NOT_200,2019-05-15,2019,,,,,201,103,,,,CRITICAL,Replay intervals do not establish the historical expected security count on this NSE session.,UNRESOLVED,,member_count:2019-05-15:103
COUNT_NOT_200:2019-05-16:1817,COUNT_NOT_200,2019-05-16,2019,,,,,201,103,,,,CRITICAL,Replay intervals do not establish the historical expected security count on this NSE session.,UNRESOLVED,,member_count:2019-05-16:103
COUNT_NOT_200:2019-05-17:1818,COUNT_NOT_200,2019-05-17,2019,,,,,201,103,,,,CRITICAL,Replay intervals do not establish the historical expected security count on this NSE session.,UNRESOLVED,,member_count:2019-05-17:103
COUNT_NOT_200:2019-05-20:1819,COUNT_NOT_200,2019-05-20,2019,,,,,201,103,,,,CRITICAL,Replay intervals do not establish the historical expected security count on this NSE session.,UNRESOLVED,,member_count:2019-05-20:103
COUNT_NOT_200:2019-05-21:1820,COUNT_NOT_200,2019-05-21,2019,,,,,201,103,,,,CRITICAL,Replay intervals do not establish the historical expected security count on this NSE session.,UNRESOLVED,,member_count:2019-05-21:103
COUNT_NOT_200:2019-05-22:1821,COUNT_NOT_200,2019-05-22,2019,,,,,201,103,,,,CRITICAL,Replay intervals do not establish the historical expected security count on this NSE session.,UNRESOLVED,,member_count:2019-05-22:103
COUNT_NOT_200:2019-05-23:1822,COUNT_NOT_200,2019-05-23,2019,,,,,201,103,,,,CRITICAL,Replay intervals do not establish the historical expected security count on this NSE session.,UNRESOLVED,,member_count:2019-05-23:103
COUNT_NOT_200:2019-05-24:1823,COUNT_NOT_200,2019-05-24,2019,,,,,201,103,,,,CRITICAL,Replay intervals do not establish the historical expected security count on this NSE session.,UNRESOLVED,,member_count:2019-05-24:103
COUNT_NOT_200:2019-05-27:1824,COUNT_NOT_200,2019-05-27,2019,,,,,201,103,,,,CRITICAL,Replay intervals do not establish the historical expected security count on this NSE session.,UNRESOLVED,,member_count:2019-05-27:103
COUNT_NOT_200:2019-05-28:1825,COUNT_NOT_200,2019-05-28,2019,,,,,201,103,,,,CRITICAL,Replay intervals do not establish the historical expected security count on this NSE session.,UNRESOLVED,,member_count:2019-05-28:103
COUNT_NOT_200:2019-05-29:1826,COUNT_NOT_200,2019-05-29,2019,,,,,201,103,,,,CRITICAL,Replay intervals do not establish the historical expected security count on this NSE session.,UNRESOLVED,,member_count:2019-05-29:103
COUNT_NOT_200:2019-05-30:1827,COUNT_NOT_200,2019-05-30,2019,,,,,201,103,,,,CRITICAL,Replay intervals do not establish the historical expected security count on this NSE session.,UNRESOLVED,,member_count:2019-05-30:103
COUNT_NOT_200:2019-05-31:1828,COUNT_NOT_200,2019-05-31,2019,,,,,201,103,,,,CRITICAL,Replay intervals do not establish the historical expected security count on this NSE session.,UNRESOLVED,,member_count:2019-05-31:103
COUNT_NOT_200:2019-06-03:1829,COUNT_NOT_200,2019-06-03,2019,,,,,201,103,,,,CRITICAL,Replay intervals do not establish the historical expected security count on this NSE session.,UNRESOLVED,,member_count:2019-06-03:103
COUNT_NOT_200:2019-06-04:1830,COUNT_NOT_200,2019-06-04,2019,,,,,201,103,,,,CRITICAL,Replay intervals do not establish the historical expected security count on this NSE session.,UNRESOLVED,,member_count:2019-06-04:103
COUNT_NOT_200:2019-06-06:1831,COUNT_NOT_200,2019-06-06,2019,,,,,201,103,,,,CRITICAL,Replay intervals do not establish the historical expected security count on this NSE session.,UNRESOLVED,,member_count:2019-06-06:103
COUNT_NOT_200:2019-06-07:1832,COUNT_NOT_200,2019-06-07,2019,,,,,201,103,,,,CRITICAL,Replay intervals do not establish the historical expected security count on this NSE session.,UNRESOLVED,,member_count:2019-06-07:103
COUNT_NOT_200:2019-06-10:1833,COUNT_NOT_200,2019-06-10,2019,,,,,201,103,,,,CRITICAL,Replay intervals do not establish the historical expected security count on this NSE session.,UNRESOLVED,,member_count:2019-06-10:103
COUNT_NOT_200:2019-06-11:1834,COUNT_NOT_200,2019-06-11,2019,,,,,201,103,,,,CRITICAL,Replay intervals do not establish the historical expected security count on this NSE session.,UNRESOLVED,,member_count:2019-06-11:103
COUNT_NOT_200:2019-06-12:1835,COUNT_NOT_200,2019-06-12,2019,,,,,201,103,,,,CRITICAL,Replay intervals do not establish the historical expected security count on this NSE session.,UNRESOLVED,,member_count:2019-06-12:103
COUNT_NOT_200:2019-06-13:1836,COUNT_NOT_200,2019-06-13,2019,,,,,201,103,,,,CRITICAL,Replay intervals do not establish the historical expected security count on this NSE session.,UNRESOLVED,,member_count:2019-06-13:103
COUNT_NOT_200:2019-06-14:1837,COUNT_NOT_200,2019-06-14,2019,,,,,201,103,,,,CRITICAL,Replay intervals do not establish the historical expected security count on this NSE session.,UNRESOLVED,,member_count:2019-06-14:103
COUNT_NOT_200:2019-06-17:1838,COUNT_NOT_200,2019-06-17,2019,,,,,201,103,,,,CRITICAL,Replay intervals do not establish the historical expected security count on this NSE session.,UNRESOLVED,,member_count:2019-06-17:103
COUNT_NOT_200:2019-06-18:1839,COUNT_NOT_200,2019-06-18,2019,,,,,201,103,,,,CRITICAL,Replay intervals do not establish the historical expected security count on this NSE session.,UNRESOLVED,,member_count:2019-06-18:103
COUNT_NOT_200:2019-06-19:1840,COUNT_NOT_200,2019-06-19,2019,,,,,201,103,,,,CRITICAL,Replay intervals do not establish the historical expected security count on this NSE session.,UNRESOLVED,,member_count:2019-06-19:103
COUNT_NOT_200:2019-06-20:1841,COUNT_NOT_200,2019-06-20,2019,,,,,201,103,,,,CRITICAL,Replay intervals do not establish the historical expected security count on this NSE session.,UNRESOLVED,,member_count:2019-06-20:103
COUNT_NOT_200:2019-06-21:1842,COUNT_NOT_200,2019-06-21,2019,,,,,201,103,,,,CRITICAL,Replay intervals do not establish the historical expected security count on this NSE session.,UNRESOLVED,,member_count:2019-06-21:103
COUNT_NOT_200:2019-06-24:1843,COUNT_NOT_200,2019-06-24,2019,,,,,201,103,,,,CRITICAL,Replay intervals do not establish the historical expected security count on this NSE session.,UNRESOLVED,,member_count:2019-06-24:103
COUNT_NOT_200:2019-06-25:1844,COUNT_NOT_200,2019-06-25,2019,,,,,201,103,,,,CRITICAL,Replay intervals do not establish the historical expected security count on this NSE session.,UNRESOLVED,,member_count:2019-06-25:103
COUNT_NOT_200:2019-06-26:1845,COUNT_NOT_200,2019-06-26,2019,,,,,201,103,,,,CRITICAL,Replay intervals do not establish the historical expected security count on this NSE session.,UNRESOLVED,,member_count:2019-06-26:103
COUNT_NOT_200:2019-06-27:1846,COUNT_NOT_200,2019-06-27,2019,,,,,201,103,,,,CRITICAL,Replay intervals do not establish the historical expected security count on this NSE session.,UNRESOLVED,,member_count:2019-06-27:103
COUNT_NOT_200:2019-06-28:1847,COUNT_NOT_200,2019-06-28,2019,,,,,201,103,,,,CRITICAL,Replay intervals do not establish the historical expected security count on this NSE session.,UNRESOLVED,,member_count:2019-06-28:103
COUNT_NOT_200:2019-07-01:1848,COUNT_NOT_200,2019-07-01,2019,,,,,201,103,,,,CRITICAL,Replay intervals do not establish the historical expected security count on this NSE session.,UNRESOLVED,,member_count:2019-07-01:103
COUNT_NOT_200:2019-07-02:1849,COUNT_NOT_200,2019-07-02,2019,,,,,201,103,,,,CRITICAL,Replay intervals do not establish the historical expected security count on this NSE session.,UNRESOLVED,,member_count:2019-07-02:103
COUNT_NOT_200:2019-07-03:1850,COUNT_NOT_200,2019-07-03,2019,,,,,201,103,,,,CRITICAL,Replay intervals do not establish the historical expected security count on this NSE session.,UNRESOLVED,,member_count:2019-07-03:103
COUNT_NOT_200:2019-07-04:1851,COUNT_NOT_200,2019-07-04,2019,,,,,201,103,,,,CRITICAL,Replay intervals do not establish the historical expected security count on this NSE session.,UNRESOLVED,,member_count:2019-07-04:103
COUNT_NOT_200:2019-07-05:1852,COUNT_NOT_200,2019-07-05,2019,,,,,201,103,,,,CRITICAL,Replay intervals do not establish the historical expected security count on this NSE session.,UNRESOLVED,,member_count:2019-07-05:103
COUNT_NOT_200:2019-07-08:1853,COUNT_NOT_200,2019-07-08,2019,,,,,201,103,,,,CRITICAL,Replay intervals do not establish the historical expected security count on this NSE session.,UNRESOLVED,,member_count:2019-07-08:103
COUNT_NOT_200:2019-07-09:1854,COUNT_NOT_200,2019-07-09,2019,,,,,201,103,,,,CRITICAL,Replay intervals do not establish the historical expected security count on this NSE session.,UNRESOLVED,,member_count:2019-07-09:103
COUNT_NOT_200:2019-07-10:1855,COUNT_NOT_200,2019-07-10,2019,,,,,201,103,,,,CRITICAL,Replay intervals do not establish the historical expected security count on this NSE session.,UNRESOLVED,,member_count:2019-07-10:103
COUNT_NOT_200:2019-07-11:1856,COUNT_NOT_200,2019-07-11,2019,,,,,201,103,,,,CRITICAL,Replay intervals do not establish the historical expected security count on this NSE session.,UNRESOLVED,,member_count:2019-07-11:103
COUNT_NOT_200:2019-07-12:1857,COUNT_NOT_200,2019-07-12,2019,,,,,201,103,,,,CRITICAL,Replay intervals do not establish the historical expected security count on this NSE session.,UNRESOLVED,,member_count:2019-07-12:103
COUNT_NOT_200:2019-07-15:1858,COUNT_NOT_200,2019-07-15,2019,,,,,201,103,,,,CRITICAL,Replay intervals do not establish the historical expected security count on this NSE session.,UNRESOLVED,,member_count:2019-07-15:103
COUNT_NOT_200:2019-07-16:1859,COUNT_NOT_200,2019-07-16,2019,,,,,201,103,,,,CRITICAL,Replay intervals do not establish the historical expected security count on this NSE session.,UNRESOLVED,,member_count:2019-07-16:103
COUNT_NOT_200:2019-07-17:1860,COUNT_NOT_200,2019-07-17,2019,,,,,201,103,,,,CRITICAL,Replay intervals do not establish the historical expected security count on this NSE session.,UNRESOLVED,,member_count:2019-07-17:103
COUNT_NOT_200:2019-07-18:1861,COUNT_NOT_200,2019-07-18,2019,,,,,201,103,,,,CRITICAL,Replay intervals do not establish the historical expected security count on this NSE session.,UNRESOLVED,,member_count:2019-07-18:103
COUNT_NOT_200:2019-07-19:1862,COUNT_NOT_200,2019-07-19,2019,,,,,201,103,,,,CRITICAL,Replay intervals do not establish the historical expected security count on this NSE session.,UNRESOLVED,,member_count:2019-07-19:103
COUNT_NOT_200:2019-07-22:1863,COUNT_NOT_200,2019-07-22,2019,,,,,201,103,,,,CRITICAL,Replay intervals do not establish the historical expected security count on this NSE session.,UNRESOLVED,,member_count:2019-07-22:103
COUNT_NOT_200:2019-07-23:1864,COUNT_NOT_200,2019-07-23,2019,,,,,201,103,,,,CRITICAL,Replay intervals do not establish the historical expected security count on this NSE session.,UNRESOLVED,,member_count:2019-07-23:103
COUNT_NOT_200:2019-07-24:1865,COUNT_NOT_200,2019-07-24,2019,,,,,201,103,,,,CRITICAL,Replay intervals do not establish the historical expected security count on this NSE session.,UNRESOLVED,,member_count:2019-07-24:103
COUNT_NOT_200:2019-07-25:1866,COUNT_NOT_200,2019-07-25,2019,,,,,201,103,,,,CRITICAL,Replay intervals do not establish the historical expected security count on this NSE session.,UNRESOLVED,,member_count:2019-07-25:103
COUNT_NOT_200:2019-07-26:1867,COUNT_NOT_200,2019-07-26,2019,,,,,201,103,,,,CRITICAL,Replay intervals do not establish the historical expected security count on this NSE session.,UNRESOLVED,,member_count:2019-07-26:103
COUNT_NOT_200:2019-07-29:1868,COUNT_NOT_200,2019-07-29,2019,,,,,201,103,,,,CRITICAL,Replay intervals do not establish the historical expected security count on this NSE session.,UNRESOLVED,,member_count:2019-07-29:103
COUNT_NOT_200:2019-07-30:1869,COUNT_NOT_200,2019-07-30,2019,,,,,201,103,,,,CRITICAL,Replay intervals do not establish the historical expected security count on this NSE session.,UNRESOLVED,,member_count:2019-07-30:103
COUNT_NOT_200:2019-07-31:1870,COUNT_NOT_200,2019-07-31,2019,,,,,201,103,,,,CRITICAL,Replay intervals do not establish the historical expected security count on this NSE session.,UNRESOLVED,,member_count:2019-07-31:103
COUNT_NOT_200:2019-08-01:1871,COUNT_NOT_200,2019-08-01,2019,,,,,201,103,,,,CRITICAL,Replay intervals do not establish the historical expected security count on this NSE session.,UNRESOLVED,,member_count:2019-08-01:103
COUNT_NOT_200:2019-08-02:1872,COUNT_NOT_200,2019-08-02,2019,,,,,201,103,,,,CRITICAL,Replay intervals do not establish the historical expected security count on this NSE session.,UNRESOLVED,,member_count:2019-08-02:103
COUNT_NOT_200:2019-08-05:1873,COUNT_NOT_200,2019-08-05,2019,,,,,201,103,,,,CRITICAL,Replay intervals do not establish the historical expected security count on this NSE session.,UNRESOLVED,,member_count:2019-08-05:103
COUNT_NOT_200:2019-08-06:1874,COUNT_NOT_200,2019-08-06,2019,,,,,201,103,,,,CRITICAL,Replay intervals do not establish the historical expected security count on this NSE session.,UNRESOLVED,,member_count:2019-08-06:103
COUNT_NOT_200:2019-08-07:1875,COUNT_NOT_200,2019-08-07,2019,,,,,201,103,,,,CRITICAL,Replay intervals do not establish the historical expected security count on this NSE session.,UNRESOLVED,,member_count:2019-08-07:103
COUNT_NOT_200:2019-08-08:1876,COUNT_NOT_200,2019-08-08,2019,,,,,201,103,,,,CRITICAL,Replay intervals do not establish the historical expected security count on this NSE session.,UNRESOLVED,,member_count:2019-08-08:103
COUNT_NOT_200:2019-08-09:1877,COUNT_NOT_200,2019-08-09,2019,,,,,201,103,,,,CRITICAL,Replay intervals do not establish the historical expected security count on this NSE session.,UNRESOLVED,,member_count:2019-08-09:103
COUNT_NOT_200:2019-08-13:1878,COUNT_NOT_200,2019-08-13,2019,,,,,201,103,,,,CRITICAL,Replay intervals do not establish the historical expected security count on this NSE session.,UNRESOLVED,,member_count:2019-08-13:103
COUNT_NOT_200:2019-08-14:1879,COUNT_NOT_200,2019-08-14,2019,,,,,201,103,,,,CRITICAL,Replay intervals do not establish the historical expected security count on this NSE session.,UNRESOLVED,,member_count:2019-08-14:103
COUNT_NOT_200:2019-08-16:1880,COUNT_NOT_200,2019-08-16,2019,,,,,201,103,,,,CRITICAL,Replay intervals do not establish the historical expected security count on this NSE session.,UNRESOLVED,,member_count:2019-08-16:103
COUNT_NOT_200:2019-08-19:1881,COUNT_NOT_200,2019-08-19,2019,,,,,201,103,,,,CRITICAL,Replay intervals do not establish the historical expected security count on this NSE session.,UNRESOLVED,,member_count:2019-08-19:103
COUNT_NOT_200:2019-08-20:1882,COUNT_NOT_200,2019-08-20,2019,,,,,201,103,,,,CRITICAL,Replay intervals do not establish the historical expected security count on this NSE session.,UNRESOLVED,,member_count:2019-08-20:103
COUNT_NOT_200:2019-08-21:1883,COUNT_NOT_200,2019-08-21,2019,,,,,201,103,,,,CRITICAL,Replay intervals do not establish the historical expected security count on this NSE session.,UNRESOLVED,,member_count:2019-08-21:103
COUNT_NOT_200:2019-08-22:1884,COUNT_NOT_200,2019-08-22,2019,,,,,201,103,,,,CRITICAL,Replay intervals do not establish the historical expected security count on this NSE session.,UNRESOLVED,,member_count:2019-08-22:103
COUNT_NOT_200:2019-08-23:1885,COUNT_NOT_200,2019-08-23,2019,,,,,201,103,,,,CRITICAL,Replay intervals do not establish the historical expected security count on this NSE session.,UNRESOLVED,,member_count:2019-08-23:103
COUNT_NOT_200:2019-08-26:1886,COUNT_NOT_200,2019-08-26,2019,,,,,201,103,,,,CRITICAL,Replay intervals do not establish the historical expected security count on this NSE session.,UNRESOLVED,,member_count:2019-08-26:103
COUNT_NOT_200:2019-08-27:1887,COUNT_NOT_200,2019-08-27,2019,,,,,201,103,,,,CRITICAL,Replay intervals do not establish the historical expected security count on this NSE session.,UNRESOLVED,,member_count:2019-08-27:103
COUNT_NOT_200:2019-08-28:1888,COUNT_NOT_200,2019-08-28,2019,,,,,201,103,,,,CRITICAL,Replay intervals do not establish the historical expected security count on this NSE session.,UNRESOLVED,,member_count:2019-08-28:103
COUNT_NOT_200:2019-08-29:1889,COUNT_NOT_200,2019-08-29,2019,,,,,201,103,,,,CRITICAL,Replay intervals do not establish the historical expected security count on this NSE session.,UNRESOLVED,,member_count:2019-08-29:103
COUNT_NOT_200:2019-08-30:1890,COUNT_NOT_200,2019-08-30,2019,,,,,201,103,,,,CRITICAL,Replay intervals do not establish the historical expected security count on this NSE session.,UNRESOLVED,,member_count:2019-08-30:103
COUNT_NOT_200:2019-09-03:1891,COUNT_NOT_200,2019-09-03,2019,,,,,201,103,,,,CRITICAL,Replay intervals do not establish the historical expected security count on this NSE session.,UNRESOLVED,,member_count:2019-09-03:103
COUNT_NOT_200:2019-09-04:1892,COUNT_NOT_200,2019-09-04,2019,,,,,201,103,,,,CRITICAL,Replay intervals do not establish the historical expected security count on this NSE session.,UNRESOLVED,,member_count:2019-09-04:103
COUNT_NOT_200:2019-09-05:1893,COUNT_NOT_200,2019-09-05,2019,,,,,201,103,,,,CRITICAL,Replay intervals do not establish the historical expected security count on this NSE session.,UNRESOLVED,,member_count:2019-09-05:103
COUNT_NOT_200:2019-09-06:1894,COUNT_NOT_200,2019-09-06,2019,,,,,201,103,,,,CRITICAL,Replay intervals do not establish the historical expected security count on this NSE session.,UNRESOLVED,,member_count:2019-09-06:103
COUNT_NOT_200:2019-09-09:1895,COUNT_NOT_200,2019-09-09,2019,,,,,201,103,,,,CRITICAL,Replay intervals do not establish the historical expected security count on this NSE session.,UNRESOLVED,,member_count:2019-09-09:103
COUNT_NOT_200:2019-09-11:1896,COUNT_NOT_200,2019-09-11,2019,,,,,201,103,,,,CRITICAL,Replay intervals do not establish the historical expected security count on this NSE session.,UNRESOLVED,,member_count:2019-09-11:103
COUNT_NOT_200:2019-09-12:1897,COUNT_NOT_200,2019-09-12,2019,,,,,201,103,,,,CRITICAL,Replay intervals do not establish the historical expected security count on this NSE session.,UNRESOLVED,,member_count:2019-09-12:103
COUNT_NOT_200:2019-09-13:1898,COUNT_NOT_200,2019-09-13,2019,,,,,201,103,,,,CRITICAL,Replay intervals do not establish the historical expected security count on this NSE session.,UNRESOLVED,,member_count:2019-09-13:103
COUNT_NOT_200:2019-09-16:1899,COUNT_NOT_200,2019-09-16,2019,,,,,201,103,,,,CRITICAL,Replay intervals do not establish the historical expected security count on this NSE session.,UNRESOLVED,,member_count:2019-09-16:103
COUNT_NOT_200:2019-09-17:1900,COUNT_NOT_200,2019-09-17,2019,,,,,201,103,,,,CRITICAL,Replay intervals do not establish the historical expected security count on this NSE session.,UNRESOLVED,,member_count:2019-09-17:103
COUNT_NOT_200:2019-09-18:1901,COUNT_NOT_200,2019-09-18,2019,,,,,201,103,,,,CRITICAL,Replay intervals do not establish the historical expected security count on this NSE session.,UNRESOLVED,,member_count:2019-09-18:103
COUNT_NOT_200:2019-09-19:1902,COUNT_NOT_200,2019-09-19,2019,,,,,201,103,,,,CRITICAL,Replay intervals do not establish the historical expected security count on this NSE session.,UNRESOLVED,,member_count:2019-09-19:103
COUNT_NOT_200:2019-09-20:1903,COUNT_NOT_200,2019-09-20,2019,,,,,201,103,,,,CRITICAL,Replay intervals do not establish the historical expected security count on this NSE session.,UNRESOLVED,,member_count:2019-09-20:103
COUNT_NOT_200:2019-09-23:1904,COUNT_NOT_200,2019-09-23,2019,,,,,201,103,,,,CRITICAL,Replay intervals do not establish the historical expected security count on this NSE session.,UNRESOLVED,,member_count:2019-09-23:103
COUNT_NOT_200:2019-09-24:1905,COUNT_NOT_200,2019-09-24,2019,,,,,201,103,,,,CRITICAL,Replay intervals do not establish the historical expected security count on this NSE session.,UNRESOLVED,,member_count:2019-09-24:103
COUNT_NOT_200:2019-09-25:1906,COUNT_NOT_200,2019-09-25,2019,,,,,201,103,,,,CRITICAL,Replay intervals do not establish the historical expected security count on this NSE session.,UNRESOLVED,,member_count:2019-09-25:103
COUNT_NOT_200:2019-09-26:1907,COUNT_NOT_200,2019-09-26,2019,,,,,201,103,,,,CRITICAL,Replay intervals do not establish the historical expected security count on this NSE session.,UNRESOLVED,,member_count:2019-09-26:103
COUNT_NOT_200:2019-09-27:1908,COUNT_NOT_200,2019-09-27,2019,,,,,201,107,,,,CRITICAL,Replay intervals do not establish the historical expected security count on this NSE session.,UNRESOLVED,,member_count:2019-09-27:107
COUNT_NOT_200:2019-09-30:1909,COUNT_NOT_200,2019-09-30,2019,,,,,201,107,,,,CRITICAL,Replay intervals do not establish the historical expected security count on this NSE session.,UNRESOLVED,,member_count:2019-09-30:107
COUNT_NOT_200:2019-10-01:1910,COUNT_NOT_200,2019-10-01,2019,,,,,201,107,,,,CRITICAL,Replay intervals do not establish the historical expected security count on this NSE session.,UNRESOLVED,,member_count:2019-10-01:107
COUNT_NOT_200:2019-10-03:1911,COUNT_NOT_200,2019-10-03,2019,,,,,201,107,,,,CRITICAL,Replay intervals do not establish the historical expected security count on this NSE session.,UNRESOLVED,,member_count:2019-10-03:107
COUNT_NOT_200:2019-10-04:1912,COUNT_NOT_200,2019-10-04,2019,,,,,201,107,,,,CRITICAL,Replay intervals do not establish the historical expected security count on this NSE session.,UNRESOLVED,,member_count:2019-10-04:107
COUNT_NOT_200:2019-10-07:1913,COUNT_NOT_200,2019-10-07,2019,,,,,201,107,,,,CRITICAL,Replay intervals do not establish the historical expected security count on this NSE session.,UNRESOLVED,,member_count:2019-10-07:107
COUNT_NOT_200:2019-10-09:1914,COUNT_NOT_200,2019-10-09,2019,,,,,201,107,,,,CRITICAL,Replay intervals do not establish the historical expected security count on this NSE session.,UNRESOLVED,,member_count:2019-10-09:107
COUNT_NOT_200:2019-10-10:1915,COUNT_NOT_200,2019-10-10,2019,,,,,201,107,,,,CRITICAL,Replay intervals do not establish the historical expected security count on this NSE session.,UNRESOLVED,,member_count:2019-10-10:107
COUNT_NOT_200:2019-10-11:1916,COUNT_NOT_200,2019-10-11,2019,,,,,201,107,,,,CRITICAL,Replay intervals do not establish the historical expected security count on this NSE session.,UNRESOLVED,,member_count:2019-10-11:107
COUNT_NOT_200:2019-10-14:1917,COUNT_NOT_200,2019-10-14,2019,,,,,201,107,,,,CRITICAL,Replay intervals do not establish the historical expected security count on this NSE session.,UNRESOLVED,,member_count:2019-10-14:107
COUNT_NOT_200:2019-10-15:1918,COUNT_NOT_200,2019-10-15,2019,,,,,201,107,,,,CRITICAL,Replay intervals do not establish the historical expected security count on this NSE session.,UNRESOLVED,,member_count:2019-10-15:107
COUNT_NOT_200:2019-10-16:1919,COUNT_NOT_200,2019-10-16,2019,,,,,201,107,,,,CRITICAL,Replay intervals do not establish the historical expected security count on this NSE session.,UNRESOLVED,,member_count:2019-10-16:107
COUNT_NOT_200:2019-10-17:1920,COUNT_NOT_200,2019-10-17,2019,,,,,201,107,,,,CRITICAL,Replay intervals do not establish the historical expected security count on this NSE session.,UNRESOLVED,,member_count:2019-10-17:107
COUNT_NOT_200:2019-10-18:1921,COUNT_NOT_200,2019-10-18,2019,,,,,201,107,,,,CRITICAL,Replay intervals do not establish the historical expected security count on this NSE session.,UNRESOLVED,,member_count:2019-10-18:107
COUNT_NOT_200:2019-10-22:1922,COUNT_NOT_200,2019-10-22,2019,,,,,201,107,,,,CRITICAL,Replay intervals do not establish the historical expected security count on this NSE session.,UNRESOLVED,,member_count:2019-10-22:107
COUNT_NOT_200:2019-10-23:1923,COUNT_NOT_200,2019-10-23,2019,,,,,201,107,,,,CRITICAL,Replay intervals do not establish the historical expected security count on this NSE session.,UNRESOLVED,,member_count:2019-10-23:107
COUNT_NOT_200:2019-10-24:1924,COUNT_NOT_200,2019-10-24,2019,,,,,201,107,,,,CRITICAL,Replay intervals do not establish the historical expected security count on this NSE session.,UNRESOLVED,,member_count:2019-10-24:107
COUNT_NOT_200:2019-10-25:1925,COUNT_NOT_200,2019-10-25,2019,,,,,201,107,,,,CRITICAL,Replay intervals do not establish the historical expected security count on this NSE session.,UNRESOLVED,,member_count:2019-10-25:107
COUNT_NOT_200:2019-10-29:1926,COUNT_NOT_200,2019-10-29,2019,,,,,201,107,,,,CRITICAL,Replay intervals do not establish the historical expected security count on this NSE session.,UNRESOLVED,,member_count:2019-10-29:107
COUNT_NOT_200:2019-10-30:1927,COUNT_NOT_200,2019-10-30,2019,,,,,201,107,,,,CRITICAL,Replay intervals do not establish the historical expected security count on this NSE session.,UNRESOLVED,,member_count:2019-10-30:107
COUNT_NOT_200:2019-10-31:1928,COUNT_NOT_200,2019-10-31,2019,,,,,201,107,,,,CRITICAL,Replay intervals do not establish the historical expected security count on this NSE session.,UNRESOLVED,,member_count:2019-10-31:107
COUNT_NOT_200:2019-11-01:1929,COUNT_NOT_200,2019-11-01,2019,,,,,201,107,,,,CRITICAL,Replay intervals do not establish the historical expected security count on this NSE session.,UNRESOLVED,,member_count:2019-11-01:107
COUNT_NOT_200:2019-11-04:1930,COUNT_NOT_200,2019-11-04,2019,,,,,201,107,,,,CRITICAL,Replay intervals do not establish the historical expected security count on this NSE session.,UNRESOLVED,,member_count:2019-11-04:107
COUNT_NOT_200:2019-11-05:1931,COUNT_NOT_200,2019-11-05,2019,,,,,201,107,,,,CRITICAL,Replay intervals do not establish the historical expected security count on this NSE session.,UNRESOLVED,,member_count:2019-11-05:107
COUNT_NOT_200:2019-11-06:1932,COUNT_NOT_200,2019-11-06,2019,,,,,201,107,,,,CRITICAL,Replay intervals do not establish the historical expected security count on this NSE session.,UNRESOLVED,,member_count:2019-11-06:107
COUNT_NOT_200:2019-11-07:1933,COUNT_NOT_200,2019-11-07,2019,,,,,201,107,,,,CRITICAL,Replay intervals do not establish the historical expected security count on this NSE session.,UNRESOLVED,,member_count:2019-11-07:107
COUNT_NOT_200:2019-11-08:1934,COUNT_NOT_200,2019-11-08,2019,,,,,201,107,,,,CRITICAL,Replay intervals do not establish the historical expected security count on this NSE session.,UNRESOLVED,,member_count:2019-11-08:107
COUNT_NOT_200:2019-11-11:1935,COUNT_NOT_200,2019-11-11,2019,,,,,201,107,,,,CRITICAL,Replay intervals do not establish the historical expected security count on this NSE session.,UNRESOLVED,,member_count:2019-11-11:107
COUNT_NOT_200:2019-11-13:1936,COUNT_NOT_200,2019-11-13,2019,,,,,201,107,,,,CRITICAL,Replay intervals do not establish the historical expected security count on this NSE session.,UNRESOLVED,,member_count:2019-11-13:107
COUNT_NOT_200:2019-11-14:1937,COUNT_NOT_200,2019-11-14,2019,,,,,201,107,,,,CRITICAL,Replay intervals do not establish the historical expected security count on this NSE session.,UNRESOLVED,,member_count:2019-11-14:107
COUNT_NOT_200:2019-11-15:1938,COUNT_NOT_200,2019-11-15,2019,,,,,201,107,,,,CRITICAL,Replay intervals do not establish the historical expected security count on this NSE session.,UNRESOLVED,,member_count:2019-11-15:107
COUNT_NOT_200:2019-11-18:1939,COUNT_NOT_200,2019-11-18,2019,,,,,201,107,,,,CRITICAL,Replay intervals do not establish the historical expected security count on this NSE session.,UNRESOLVED,,member_count:2019-11-18:107
COUNT_NOT_200:2019-11-19:1940,COUNT_NOT_200,2019-11-19,2019,,,,,201,107,,,,CRITICAL,Replay intervals do not establish the historical expected security count on this NSE session.,UNRESOLVED,,member_count:2019-11-19:107
COUNT_NOT_200:2019-11-20:1941,COUNT_NOT_200,2019-11-20,2019,,,,,201,107,,,,CRITICAL,Replay intervals do not establish the historical expected security count on this NSE session.,UNRESOLVED,,member_count:2019-11-20:107
COUNT_NOT_200:2019-11-21:1942,COUNT_NOT_200,2019-11-21,2019,,,,,201,107,,,,CRITICAL,Replay intervals do not establish the historical expected security count on this NSE session.,UNRESOLVED,,member_count:2019-11-21:107
COUNT_NOT_200:2019-11-22:1943,COUNT_NOT_200,2019-11-22,2019,,,,,201,107,,,,CRITICAL,Replay intervals do not establish the historical expected security count on this NSE session.,UNRESOLVED,,member_count:2019-11-22:107
COUNT_NOT_200:2019-11-25:1944,COUNT_NOT_200,2019-11-25,2019,,,,,201,107,,,,CRITICAL,Replay intervals do not establish the historical expected security count on this NSE session.,UNRESOLVED,,member_count:2019-11-25:107
COUNT_NOT_200:2019-11-26:1945,COUNT_NOT_200,2019-11-26,2019,,,,,201,107,,,,CRITICAL,Replay intervals do not establish the historical expected security count on this NSE session.,UNRESOLVED,,member_count:2019-11-26:107
COUNT_NOT_200:2019-11-27:1946,COUNT_NOT_200,2019-11-27,2019,,,,,201,107,,,,CRITICAL,Replay intervals do not establish the historical expected security count on this NSE session.,UNRESOLVED,,member_count:2019-11-27:107
COUNT_NOT_200:2019-11-28:1947,COUNT_NOT_200,2019-11-28,2019,,,,,201,107,,,,CRITICAL,Replay intervals do not establish the historical expected security count on this NSE session.,UNRESOLVED,,member_count:2019-11-28:107
COUNT_NOT_200:2019-11-29:1948,COUNT_NOT_200,2019-11-29,2019,,,,,201,107,,,,CRITICAL,Replay intervals do not establish the historical expected security count on this NSE session.,UNRESOLVED,,member_count:2019-11-29:107
COUNT_NOT_200:2019-12-02:1949,COUNT_NOT_200,2019-12-02,2019,,,,,201,107,,,,CRITICAL,Replay intervals do not establish the historical expected security count on this NSE session.,UNRESOLVED,,member_count:2019-12-02:107
COUNT_NOT_200:2019-12-03:1950,COUNT_NOT_200,2019-12-03,2019,,,,,201,107,,,,CRITICAL,Replay intervals do not establish the historical expected security count on this NSE session.,UNRESOLVED,,member_count:2019-12-03:107
COUNT_NOT_200:2019-12-04:1951,COUNT_NOT_200,2019-12-04,2019,,,,,201,107,,,,CRITICAL,Replay intervals do not establish the historical expected security count on this NSE session.,UNRESOLVED,,member_count:2019-12-04:107
COUNT_NOT_200:2019-12-05:1952,COUNT_NOT_200,2019-12-05,2019,,,,,201,107,,,,CRITICAL,Replay intervals do not establish the historical expected security count on this NSE session.,UNRESOLVED,,member_count:2019-12-05:107
COUNT_NOT_200:2019-12-06:1953,COUNT_NOT_200,2019-12-06,2019,,,,,201,107,,,,CRITICAL,Replay intervals do not establish the historical expected security count on this NSE session.,UNRESOLVED,,member_count:2019-12-06:107
COUNT_NOT_200:2019-12-09:1954,COUNT_NOT_200,2019-12-09,2019,,,,,201,107,,,,CRITICAL,Replay intervals do not establish the historical expected security count on this NSE session.,UNRESOLVED,,member_count:2019-12-09:107
COUNT_NOT_200:2019-12-10:1955,COUNT_NOT_200,2019-12-10,2019,,,,,201,107,,,,CRITICAL,Replay intervals do not establish the historical expected security count on this NSE session.,UNRESOLVED,,member_count:2019-12-10:107
COUNT_NOT_200:2019-12-11:1956,COUNT_NOT_200,2019-12-11,2019,,,,,201,107,,,,CRITICAL,Replay intervals do not establish the historical expected security count on this NSE session.,UNRESOLVED,,member_count:2019-12-11:107
COUNT_NOT_200:2019-12-12:1957,COUNT_NOT_200,2019-12-12,2019,,,,,201,107,,,,CRITICAL,Replay intervals do not establish the historical expected security count on this NSE session.,UNRESOLVED,,member_count:2019-12-12:107
COUNT_NOT_200:2019-12-13:1958,COUNT_NOT_200,2019-12-13,2019,,,,,201,107,,,,CRITICAL,Replay intervals do not establish the historical expected security count on this NSE session.,UNRESOLVED,,member_count:2019-12-13:107
COUNT_NOT_200:2019-12-16:1959,COUNT_NOT_200,2019-12-16,2019,,,,,201,107,,,,CRITICAL,Replay intervals do not establish the historical expected security count on this NSE session.,UNRESOLVED,,member_count:2019-12-16:107
COUNT_NOT_200:2019-12-17:1960,COUNT_NOT_200,2019-12-17,2019,,,,,201,107,,,,CRITICAL,Replay intervals do not establish the historical expected security count on this NSE session.,UNRESOLVED,,member_count:2019-12-17:107
COUNT_NOT_200:2019-12-18:1961,COUNT_NOT_200,2019-12-18,2019,,,,,201,107,,,,CRITICAL,Replay intervals do not establish the historical expected security count on this NSE session.,UNRESOLVED,,member_count:2019-12-18:107
COUNT_NOT_200:2019-12-19:1962,COUNT_NOT_200,2019-12-19,2019,,,,,201,107,,,,CRITICAL,Replay intervals do not establish the historical expected security count on this NSE session.,UNRESOLVED,,member_count:2019-12-19:107
COUNT_NOT_200:2019-12-20:1963,COUNT_NOT_200,2019-12-20,2019,,,,,201,107,,,,CRITICAL,Replay intervals do not establish the historical expected security count on this NSE session.,UNRESOLVED,,member_count:2019-12-20:107
COUNT_NOT_200:2019-12-23:1964,COUNT_NOT_200,2019-12-23,2019,,,,,201,107,,,,CRITICAL,Replay intervals do not establish the historical expected security count on this NSE session.,UNRESOLVED,,member_count:2019-12-23:107
COUNT_NOT_200:2019-12-24:1965,COUNT_NOT_200,2019-12-24,2019,,,,,201,107,,,,CRITICAL,Replay intervals do not establish the historical expected security count on this NSE session.,UNRESOLVED,,member_count:2019-12-24:107
COUNT_NOT_200:2019-12-26:1966,COUNT_NOT_200,2019-12-26,2019,,,,,201,107,,,,CRITICAL,Replay intervals do not establish the historical expected security count on this NSE session.,UNRESOLVED,,member_count:2019-12-26:107
COUNT_NOT_200:2019-12-27:1967,COUNT_NOT_200,2019-12-27,2019,,,,,201,108,,,,CRITICAL,Replay intervals do not establish the historical expected security count on this NSE session.,UNRESOLVED,,member_count:2019-12-27:108
COUNT_NOT_200:2019-12-30:1968,COUNT_NOT_200,2019-12-30,2019,,,,,201,108,,,,CRITICAL,Replay intervals do not establish the historical expected security count on this NSE session.,UNRESOLVED,,member_count:2019-12-30:108
COUNT_NOT_200:2019-12-31:1969,COUNT_NOT_200,2019-12-31,2019,,,,,201,108,,,,CRITICAL,Replay intervals do not establish the historical expected security count on this NSE session.,UNRESOLVED,,member_count:2019-12-31:108
COUNT_NOT_200:2020-01-01:1970,COUNT_NOT_200,2020-01-01,2020,,,,,201,108,,,,CRITICAL,Replay intervals do not establish the historical expected security count on this NSE session.,UNRESOLVED,,member_count:2020-01-01:108
COUNT_NOT_200:2020-01-02:1971,COUNT_NOT_200,2020-01-02,2020,,,,,201,108,,,,CRITICAL,Replay intervals do not establish the historical expected security count on this NSE session.,UNRESOLVED,,member_count:2020-01-02:108
COUNT_NOT_200:2020-01-03:1972,COUNT_NOT_200,2020-01-03,2020,,,,,201,108,,,,CRITICAL,Replay intervals do not establish the historical expected security count on this NSE session.,UNRESOLVED,,member_count:2020-01-03:108
COUNT_NOT_200:2020-01-06:1973,COUNT_NOT_200,2020-01-06,2020,,,,,201,108,,,,CRITICAL,Replay intervals do not establish the historical expected security count on this NSE session.,UNRESOLVED,,member_count:2020-01-06:108
COUNT_NOT_200:2020-01-07:1974,COUNT_NOT_200,2020-01-07,2020,,,,,201,108,,,,CRITICAL,Replay intervals do not establish the historical expected security count on this NSE session.,UNRESOLVED,,member_count:2020-01-07:108
COUNT_NOT_200:2020-01-08:1975,COUNT_NOT_200,2020-01-08,2020,,,,,201,108,,,,CRITICAL,Replay intervals do not establish the historical expected security count on this NSE session.,UNRESOLVED,,member_count:2020-01-08:108
COUNT_NOT_200:2020-01-09:1976,COUNT_NOT_200,2020-01-09,2020,,,,,201,108,,,,CRITICAL,Replay intervals do not establish the historical expected security count on this NSE session.,UNRESOLVED,,member_count:2020-01-09:108
COUNT_NOT_200:2020-01-10:1977,COUNT_NOT_200,2020-01-10,2020,,,,,201,108,,,,CRITICAL,Replay intervals do not establish the historical expected security count on this NSE session.,UNRESOLVED,,member_count:2020-01-10:108
COUNT_NOT_200:2020-01-13:1978,COUNT_NOT_200,2020-01-13,2020,,,,,201,108,,,,CRITICAL,Replay intervals do not establish the historical expected security count on this NSE session.,UNRESOLVED,,member_count:2020-01-13:108
COUNT_NOT_200:2020-01-14:1979,COUNT_NOT_200,2020-01-14,2020,,,,,201,108,,,,CRITICAL,Replay intervals do not establish the historical expected security count on this NSE session.,UNRESOLVED,,member_count:2020-01-14:108
COUNT_NOT_200:2020-01-15:1980,COUNT_NOT_200,2020-01-15,2020,,,,,201,108,,,,CRITICAL,Replay intervals do not establish the historical expected security count on this NSE session.,UNRESOLVED,,member_count:2020-01-15:108
COUNT_NOT_200:2020-01-16:1981,COUNT_NOT_200,2020-01-16,2020,,,,,201,108,,,,CRITICAL,Replay intervals do not establish the historical expected security count on this NSE session.,UNRESOLVED,,member_count:2020-01-16:108
COUNT_NOT_200:2020-01-17:1982,COUNT_NOT_200,2020-01-17,2020,,,,,201,108,,,,CRITICAL,Replay intervals do not establish the historical expected security count on this NSE session.,UNRESOLVED,,member_count:2020-01-17:108
COUNT_NOT_200:2020-01-20:1983,COUNT_NOT_200,2020-01-20,2020,,,,,201,108,,,,CRITICAL,Replay intervals do not establish the historical expected security count on this NSE session.,UNRESOLVED,,member_count:2020-01-20:108
COUNT_NOT_200:2020-01-21:1984,COUNT_NOT_200,2020-01-21,2020,,,,,201,108,,,,CRITICAL,Replay intervals do not establish the historical expected security count on this NSE session.,UNRESOLVED,,member_count:2020-01-21:108
COUNT_NOT_200:2020-01-22:1985,COUNT_NOT_200,2020-01-22,2020,,,,,201,108,,,,CRITICAL,Replay intervals do not establish the historical expected security count on this NSE session.,UNRESOLVED,,member_count:2020-01-22:108
COUNT_NOT_200:2020-01-23:1986,COUNT_NOT_200,2020-01-23,2020,,,,,201,108,,,,CRITICAL,Replay intervals do not establish the historical expected security count on this NSE session.,UNRESOLVED,,member_count:2020-01-23:108
COUNT_NOT_200:2020-01-24:1987,COUNT_NOT_200,2020-01-24,2020,,,,,201,108,,,,CRITICAL,Replay intervals do not establish the historical expected security count on this NSE session.,UNRESOLVED,,member_count:2020-01-24:108
COUNT_NOT_200:2020-01-27:1988,COUNT_NOT_200,2020-01-27,2020,,,,,201,108,,,,CRITICAL,Replay intervals do not establish the historical expected security count on this NSE session.,UNRESOLVED,,member_count:2020-01-27:108
COUNT_NOT_200:2020-01-28:1989,COUNT_NOT_200,2020-01-28,2020,,,,,201,108,,,,CRITICAL,Replay intervals do not establish the historical expected security count on this NSE session.,UNRESOLVED,,member_count:2020-01-28:108
COUNT_NOT_200:2020-01-29:1990,COUNT_NOT_200,2020-01-29,2020,,,,,201,108,,,,CRITICAL,Replay intervals do not establish the historical expected security count on this NSE session.,UNRESOLVED,,member_count:2020-01-29:108
COUNT_NOT_200:2020-01-30:1991,COUNT_NOT_200,2020-01-30,2020,,,,,201,108,,,,CRITICAL,Replay intervals do not establish the historical expected security count on this NSE session.,UNRESOLVED,,member_count:2020-01-30:108
COUNT_NOT_200:2020-01-31:1992,COUNT_NOT_200,2020-01-31,2020,,,,,201,108,,,,CRITICAL,Replay intervals do not establish the historical expected security count on this NSE session.,UNRESOLVED,,member_count:2020-01-31:108
COUNT_NOT_200:2020-02-03:1993,COUNT_NOT_200,2020-02-03,2020,,,,,201,108,,,,CRITICAL,Replay intervals do not establish the historical expected security count on this NSE session.,UNRESOLVED,,member_count:2020-02-03:108
COUNT_NOT_200:2020-02-04:1994,COUNT_NOT_200,2020-02-04,2020,,,,,201,108,,,,CRITICAL,Replay intervals do not establish the historical expected security count on this NSE session.,UNRESOLVED,,member_count:2020-02-04:108
COUNT_NOT_200:2020-02-05:1995,COUNT_NOT_200,2020-02-05,2020,,,,,201,108,,,,CRITICAL,Replay intervals do not establish the historical expected security count on this NSE session.,UNRESOLVED,,member_count:2020-02-05:108
COUNT_NOT_200:2020-02-06:1996,COUNT_NOT_200,2020-02-06,2020,,,,,201,108,,,,CRITICAL,Replay intervals do not establish the historical expected security count on this NSE session.,UNRESOLVED,,member_count:2020-02-06:108
COUNT_NOT_200:2020-02-07:1997,COUNT_NOT_200,2020-02-07,2020,,,,,201,108,,,,CRITICAL,Replay intervals do not establish the historical expected security count on this NSE session.,UNRESOLVED,,member_count:2020-02-07:108
COUNT_NOT_200:2020-02-10:1998,COUNT_NOT_200,2020-02-10,2020,,,,,201,108,,,,CRITICAL,Replay intervals do not establish the historical expected security count on this NSE session.,UNRESOLVED,,member_count:2020-02-10:108
COUNT_NOT_200:2020-02-11:1999,COUNT_NOT_200,2020-02-11,2020,,,,,201,108,,,,CRITICAL,Replay intervals do not establish the historical expected security count on this NSE session.,UNRESOLVED,,member_count:2020-02-11:108
COUNT_NOT_200:2020-02-12:2000,COUNT_NOT_200,2020-02-12,2020,,,,,201,108,,,,CRITICAL,Replay intervals do not establish the historical expected security count on this NSE session.,UNRESOLVED,,member_count:2020-02-12:108
COUNT_NOT_200:2020-02-13:2001,COUNT_NOT_200,2020-02-13,2020,,,,,201,108,,,,CRITICAL,Replay intervals do not establish the historical expected security count on this NSE session.,UNRESOLVED,,member_count:2020-02-13:108
COUNT_NOT_200:2020-02-14:2002,COUNT_NOT_200,2020-02-14,2020,,,,,201,108,,,,CRITICAL,Replay intervals do not establish the historical expected security count on this NSE session.,UNRESOLVED,,member_count:2020-02-14:108
COUNT_NOT_200:2020-02-17:2003,COUNT_NOT_200,2020-02-17,2020,,,,,201,108,,,,CRITICAL,Replay intervals do not establish the historical expected security count on this NSE session.,UNRESOLVED,,member_count:2020-02-17:108
COUNT_NOT_200:2020-02-18:2004,COUNT_NOT_200,2020-02-18,2020,,,,,201,108,,,,CRITICAL,Replay intervals do not establish the historical expected security count on this NSE session.,UNRESOLVED,,member_count:2020-02-18:108
COUNT_NOT_200:2020-02-19:2005,COUNT_NOT_200,2020-02-19,2020,,,,,201,108,,,,CRITICAL,Replay intervals do not establish the historical expected security count on this NSE session.,UNRESOLVED,,member_count:2020-02-19:108
COUNT_NOT_200:2020-02-20:2006,COUNT_NOT_200,2020-02-20,2020,,,,,201,108,,,,CRITICAL,Replay intervals do not establish the historical expected security count on this NSE session.,UNRESOLVED,,member_count:2020-02-20:108
COUNT_NOT_200:2020-02-24:2007,COUNT_NOT_200,2020-02-24,2020,,,,,201,108,,,,CRITICAL,Replay intervals do not establish the historical expected security count on this NSE session.,UNRESOLVED,,member_count:2020-02-24:108
COUNT_NOT_200:2020-02-25:2008,COUNT_NOT_200,2020-02-25,2020,,,,,201,108,,,,CRITICAL,Replay intervals do not establish the historical expected security count on this NSE session.,UNRESOLVED,,member_count:2020-02-25:108
COUNT_NOT_200:2020-02-26:2009,COUNT_NOT_200,2020-02-26,2020,,,,,201,108,,,,CRITICAL,Replay intervals do not establish the historical expected security count on this NSE session.,UNRESOLVED,,member_count:2020-02-26:108
COUNT_NOT_200:2020-02-27:2010,COUNT_NOT_200,2020-02-27,2020,,,,,201,108,,,,CRITICAL,Replay intervals do not establish the historical expected security count on this NSE session.,UNRESOLVED,,member_count:2020-02-27:108
COUNT_NOT_200:2020-02-28:2011,COUNT_NOT_200,2020-02-28,2020,,,,,201,108,,,,CRITICAL,Replay intervals do not establish the historical expected security count on this NSE session.,UNRESOLVED,,member_count:2020-02-28:108
COUNT_NOT_200:2020-03-02:2012,COUNT_NOT_200,2020-03-02,2020,,,,,201,108,,,,CRITICAL,Replay intervals do not establish the historical expected security count on this NSE session.,UNRESOLVED,,member_count:2020-03-02:108
COUNT_NOT_200:2020-03-03:2013,COUNT_NOT_200,2020-03-03,2020,,,,,201,108,,,,CRITICAL,Replay intervals do not establish the historical expected security count on this NSE session.,UNRESOLVED,,member_count:2020-03-03:108
COUNT_NOT_200:2020-03-04:2014,COUNT_NOT_200,2020-03-04,2020,,,,,201,108,,,,CRITICAL,Replay intervals do not establish the historical expected security count on this NSE session.,UNRESOLVED,,member_count:2020-03-04:108
COUNT_NOT_200:2020-03-05:2015,COUNT_NOT_200,2020-03-05,2020,,,,,201,108,,,,CRITICAL,Replay intervals do not establish the historical expected security count on this NSE session.,UNRESOLVED,,member_count:2020-03-05:108
COUNT_NOT_200:2020-03-06:2016,COUNT_NOT_200,2020-03-06,2020,,,,,201,108,,,,CRITICAL,Replay intervals do not establish the historical expected security count on this NSE session.,UNRESOLVED,,member_count:2020-03-06:108
COUNT_NOT_200:2020-03-09:2017,COUNT_NOT_200,2020-03-09,2020,,,,,201,108,,,,CRITICAL,Replay intervals do not establish the historical expected security count on this NSE session.,UNRESOLVED,,member_count:2020-03-09:108
COUNT_NOT_200:2020-03-11:2018,COUNT_NOT_200,2020-03-11,2020,,,,,201,108,,,,CRITICAL,Replay intervals do not establish the historical expected security count on this NSE session.,UNRESOLVED,,member_count:2020-03-11:108
COUNT_NOT_200:2020-03-12:2019,COUNT_NOT_200,2020-03-12,2020,,,,,201,108,,,,CRITICAL,Replay intervals do not establish the historical expected security count on this NSE session.,UNRESOLVED,,member_count:2020-03-12:108
COUNT_NOT_200:2020-03-13:2020,COUNT_NOT_200,2020-03-13,2020,,,,,201,108,,,,CRITICAL,Replay intervals do not establish the historical expected security count on this NSE session.,UNRESOLVED,,member_count:2020-03-13:108
COUNT_NOT_200:2020-03-16:2021,COUNT_NOT_200,2020-03-16,2020,,,,,201,108,,,,CRITICAL,Replay intervals do not establish the historical expected security count on this NSE session.,UNRESOLVED,,member_count:2020-03-16:108
COUNT_NOT_200:2020-03-17:2022,COUNT_NOT_200,2020-03-17,2020,,,,,201,108,,,,CRITICAL,Replay intervals do not establish the historical expected security count on this NSE session.,UNRESOLVED,,member_count:2020-03-17:108
COUNT_NOT_200:2020-03-18:2023,COUNT_NOT_200,2020-03-18,2020,,,,,201,108,,,,CRITICAL,Replay intervals do not establish the historical expected security count on this NSE session.,UNRESOLVED,,member_count:2020-03-18:108
COUNT_NOT_200:2020-03-19:2024,COUNT_NOT_200,2020-03-19,2020,,,,,201,109,,,,CRITICAL,Replay intervals do not establish the historical expected security count on this NSE session.,UNRESOLVED,,member_count:2020-03-19:109
COUNT_NOT_200:2020-03-20:2025,COUNT_NOT_200,2020-03-20,2020,,,,,201,109,,,,CRITICAL,Replay intervals do not establish the historical expected security count on this NSE session.,UNRESOLVED,,member_count:2020-03-20:109
COUNT_NOT_200:2020-03-23:2026,COUNT_NOT_200,2020-03-23,2020,,,,,201,109,,,,CRITICAL,Replay intervals do not establish the historical expected security count on this NSE session.,UNRESOLVED,,member_count:2020-03-23:109
COUNT_NOT_200:2020-03-24:2027,COUNT_NOT_200,2020-03-24,2020,,,,,201,109,,,,CRITICAL,Replay intervals do not establish the historical expected security count on this NSE session.,UNRESOLVED,,member_count:2020-03-24:109
COUNT_NOT_200:2020-03-25:2028,COUNT_NOT_200,2020-03-25,2020,,,,,201,109,,,,CRITICAL,Replay intervals do not establish the historical expected security count on this NSE session.,UNRESOLVED,,member_count:2020-03-25:109
COUNT_NOT_200:2020-03-26:2029,COUNT_NOT_200,2020-03-26,2020,,,,,201,109,,,,CRITICAL,Replay intervals do not establish the historical expected security count on this NSE session.,UNRESOLVED,,member_count:2020-03-26:109
COUNT_NOT_200:2020-03-27:2030,COUNT_NOT_200,2020-03-27,2020,,,,,201,109,,,,CRITICAL,Replay intervals do not establish the historical expected security count on this NSE session.,UNRESOLVED,,member_count:2020-03-27:109
COUNT_NOT_200:2020-03-30:2031,COUNT_NOT_200,2020-03-30,2020,,,,,201,109,,,,CRITICAL,Replay intervals do not establish the historical expected security count on this NSE session.,UNRESOLVED,,member_count:2020-03-30:109
COUNT_NOT_200:2020-03-31:2032,COUNT_NOT_200,2020-03-31,2020,,,,,201,109,,,,CRITICAL,Replay intervals do not establish the historical expected security count on this NSE session.,UNRESOLVED,,member_count:2020-03-31:109
COUNT_NOT_200:2020-04-01:2033,COUNT_NOT_200,2020-04-01,2020,,,,,201,109,,,,CRITICAL,Replay intervals do not establish the historical expected security count on this NSE session.,UNRESOLVED,,member_count:2020-04-01:109
COUNT_NOT_200:2020-04-03:2034,COUNT_NOT_200,2020-04-03,2020,,,,,201,109,,,,CRITICAL,Replay intervals do not establish the historical expected security count on this NSE session.,UNRESOLVED,,member_count:2020-04-03:109
COUNT_NOT_200:2020-04-07:2035,COUNT_NOT_200,2020-04-07,2020,,,,,201,109,,,,CRITICAL,Replay intervals do not establish the historical expected security count on this NSE session.,UNRESOLVED,,member_count:2020-04-07:109
COUNT_NOT_200:2020-04-08:2036,COUNT_NOT_200,2020-04-08,2020,,,,,201,109,,,,CRITICAL,Replay intervals do not establish the historical expected security count on this NSE session.,UNRESOLVED,,member_count:2020-04-08:109
COUNT_NOT_200:2020-04-09:2037,COUNT_NOT_200,2020-04-09,2020,,,,,201,109,,,,CRITICAL,Replay intervals do not establish the historical expected security count on this NSE session.,UNRESOLVED,,member_count:2020-04-09:109
COUNT_NOT_200:2020-04-13:2038,COUNT_NOT_200,2020-04-13,2020,,,,,201,109,,,,CRITICAL,Replay intervals do not establish the historical expected security count on this NSE session.,UNRESOLVED,,member_count:2020-04-13:109
COUNT_NOT_200:2020-04-15:2039,COUNT_NOT_200,2020-04-15,2020,,,,,201,109,,,,CRITICAL,Replay intervals do not establish the historical expected security count on this NSE session.,UNRESOLVED,,member_count:2020-04-15:109
COUNT_NOT_200:2020-04-16:2040,COUNT_NOT_200,2020-04-16,2020,,,,,201,109,,,,CRITICAL,Replay intervals do not establish the historical expected security count on this NSE session.,UNRESOLVED,,member_count:2020-04-16:109
COUNT_NOT_200:2020-04-17:2041,COUNT_NOT_200,2020-04-17,2020,,,,,201,109,,,,CRITICAL,Replay intervals do not establish the historical expected security count on this NSE session.,UNRESOLVED,,member_count:2020-04-17:109
COUNT_NOT_200:2020-04-20:2042,COUNT_NOT_200,2020-04-20,2020,,,,,201,109,,,,CRITICAL,Replay intervals do not establish the historical expected security count on this NSE session.,UNRESOLVED,,member_count:2020-04-20:109
COUNT_NOT_200:2020-04-21:2043,COUNT_NOT_200,2020-04-21,2020,,,,,201,109,,,,CRITICAL,Replay intervals do not establish the historical expected security count on this NSE session.,UNRESOLVED,,member_count:2020-04-21:109
COUNT_NOT_200:2020-04-22:2044,COUNT_NOT_200,2020-04-22,2020,,,,,201,109,,,,CRITICAL,Replay intervals do not establish the historical expected security count on this NSE session.,UNRESOLVED,,member_count:2020-04-22:109
COUNT_NOT_200:2020-04-23:2045,COUNT_NOT_200,2020-04-23,2020,,,,,201,109,,,,CRITICAL,Replay intervals do not establish the historical expected security count on this NSE session.,UNRESOLVED,,member_count:2020-04-23:109
COUNT_NOT_200:2020-04-24:2046,COUNT_NOT_200,2020-04-24,2020,,,,,201,109,,,,CRITICAL,Replay intervals do not establish the historical expected security count on this NSE session.,UNRESOLVED,,member_count:2020-04-24:109
COUNT_NOT_200:2020-04-27:2047,COUNT_NOT_200,2020-04-27,2020,,,,,201,109,,,,CRITICAL,Replay intervals do not establish the historical expected security count on this NSE session.,UNRESOLVED,,member_count:2020-04-27:109
COUNT_NOT_200:2020-04-28:2048,COUNT_NOT_200,2020-04-28,2020,,,,,201,109,,,,CRITICAL,Replay intervals do not establish the historical expected security count on this NSE session.,UNRESOLVED,,member_count:2020-04-28:109
COUNT_NOT_200:2020-04-29:2049,COUNT_NOT_200,2020-04-29,2020,,,,,201,109,,,,CRITICAL,Replay intervals do not establish the historical expected security count on this NSE session.,UNRESOLVED,,member_count:2020-04-29:109
COUNT_NOT_200:2020-04-30:2050,COUNT_NOT_200,2020-04-30,2020,,,,,201,109,,,,CRITICAL,Replay intervals do not establish the historical expected security count on this NSE session.,UNRESOLVED,,member_count:2020-04-30:109
COUNT_NOT_200:2020-05-04:2051,COUNT_NOT_200,2020-05-04,2020,,,,,201,109,,,,CRITICAL,Replay intervals do not establish the historical expected security count on this NSE session.,UNRESOLVED,,member_count:2020-05-04:109
COUNT_NOT_200:2020-05-05:2052,COUNT_NOT_200,2020-05-05,2020,,,,,201,109,,,,CRITICAL,Replay intervals do not establish the historical expected security count on this NSE session.,UNRESOLVED,,member_count:2020-05-05:109
COUNT_NOT_200:2020-05-06:2053,COUNT_NOT_200,2020-05-06,2020,,,,,201,109,,,,CRITICAL,Replay intervals do not establish the historical expected security count on this NSE session.,UNRESOLVED,,member_count:2020-05-06:109
COUNT_NOT_200:2020-05-07:2054,COUNT_NOT_200,2020-05-07,2020,,,,,201,109,,,,CRITICAL,Replay intervals do not establish the historical expected security count on this NSE session.,UNRESOLVED,,member_count:2020-05-07:109
COUNT_NOT_200:2020-05-08:2055,COUNT_NOT_200,2020-05-08,2020,,,,,201,109,,,,CRITICAL,Replay intervals do not establish the historical expected security count on this NSE session.,UNRESOLVED,,member_count:2020-05-08:109
COUNT_NOT_200:2020-05-11:2056,COUNT_NOT_200,2020-05-11,2020,,,,,201,109,,,,CRITICAL,Replay intervals do not establish the historical expected security count on this NSE session.,UNRESOLVED,,member_count:2020-05-11:109
COUNT_NOT_200:2020-05-12:2057,COUNT_NOT_200,2020-05-12,2020,,,,,201,109,,,,CRITICAL,Replay intervals do not establish the historical expected security count on this NSE session.,UNRESOLVED,,member_count:2020-05-12:109
COUNT_NOT_200:2020-05-13:2058,COUNT_NOT_200,2020-05-13,2020,,,,,201,109,,,,CRITICAL,Replay intervals do not establish the historical expected security count on this NSE session.,UNRESOLVED,,member_count:2020-05-13:109
COUNT_NOT_200:2020-05-14:2059,COUNT_NOT_200,2020-05-14,2020,,,,,201,109,,,,CRITICAL,Replay intervals do not establish the historical expected security count on this NSE session.,UNRESOLVED,,member_count:2020-05-14:109
COUNT_NOT_200:2020-05-15:2060,COUNT_NOT_200,2020-05-15,2020,,,,,201,109,,,,CRITICAL,Replay intervals do not establish the historical expected security count on this NSE session.,UNRESOLVED,,member_count:2020-05-15:109
COUNT_NOT_200:2020-05-18:2061,COUNT_NOT_200,2020-05-18,2020,,,,,201,109,,,,CRITICAL,Replay intervals do not establish the historical expected security count on this NSE session.,UNRESOLVED,,member_count:2020-05-18:109
COUNT_NOT_200:2020-05-19:2062,COUNT_NOT_200,2020-05-19,2020,,,,,201,109,,,,CRITICAL,Replay intervals do not establish the historical expected security count on this NSE session.,UNRESOLVED,,member_count:2020-05-19:109
COUNT_NOT_200:2020-05-20:2063,COUNT_NOT_200,2020-05-20,2020,,,,,201,109,,,,CRITICAL,Replay intervals do not establish the historical expected security count on this NSE session.,UNRESOLVED,,member_count:2020-05-20:109
COUNT_NOT_200:2020-05-21:2064,COUNT_NOT_200,2020-05-21,2020,,,,,201,109,,,,CRITICAL,Replay intervals do not establish the historical expected security count on this NSE session.,UNRESOLVED,,member_count:2020-05-21:109
COUNT_NOT_200:2020-05-22:2065,COUNT_NOT_200,2020-05-22,2020,,,,,201,109,,,,CRITICAL,Replay intervals do not establish the historical expected security count on this NSE session.,UNRESOLVED,,member_count:2020-05-22:109
COUNT_NOT_200:2020-05-25:2066,COUNT_NOT_200,2020-05-25,2020,,,,,201,109,,,,CRITICAL,Replay intervals do not establish the historical expected security count on this NSE session.,UNRESOLVED,,member_count:2020-05-25:109
COUNT_NOT_200:2020-05-26:2067,COUNT_NOT_200,2020-05-26,2020,,,,,201,109,,,,CRITICAL,Replay intervals do not establish the historical expected security count on this NSE session.,UNRESOLVED,,member_count:2020-05-26:109
COUNT_NOT_200:2020-05-27:2068,COUNT_NOT_200,2020-05-27,2020,,,,,201,109,,,,CRITICAL,Replay intervals do not establish the historical expected security count on this NSE session.,UNRESOLVED,,member_count:2020-05-27:109
COUNT_NOT_200:2020-05-28:2069,COUNT_NOT_200,2020-05-28,2020,,,,,201,109,,,,CRITICAL,Replay intervals do not establish the historical expected security count on this NSE session.,UNRESOLVED,,member_count:2020-05-28:109
COUNT_NOT_200:2020-05-29:2070,COUNT_NOT_200,2020-05-29,2020,,,,,201,109,,,,CRITICAL,Replay intervals do not establish the historical expected security count on this NSE session.,UNRESOLVED,,member_count:2020-05-29:109
COUNT_NOT_200:2020-06-01:2071,COUNT_NOT_200,2020-06-01,2020,,,,,201,109,,,,CRITICAL,Replay intervals do not establish the historical expected security count on this NSE session.,UNRESOLVED,,member_count:2020-06-01:109
COUNT_NOT_200:2020-06-02:2072,COUNT_NOT_200,2020-06-02,2020,,,,,201,109,,,,CRITICAL,Replay intervals do not establish the historical expected security count on this NSE session.,UNRESOLVED,,member_count:2020-06-02:109
COUNT_NOT_200:2020-06-03:2073,COUNT_NOT_200,2020-06-03,2020,,,,,201,109,,,,CRITICAL,Replay intervals do not establish the historical expected security count on this NSE session.,UNRESOLVED,,member_count:2020-06-03:109
COUNT_NOT_200:2020-06-04:2074,COUNT_NOT_200,2020-06-04,2020,,,,,201,109,,,,CRITICAL,Replay intervals do not establish the historical expected security count on this NSE session.,UNRESOLVED,,member_count:2020-06-04:109
COUNT_NOT_200:2020-06-05:2075,COUNT_NOT_200,2020-06-05,2020,,,,,201,109,,,,CRITICAL,Replay intervals do not establish the historical expected security count on this NSE session.,UNRESOLVED,,member_count:2020-06-05:109
COUNT_NOT_200:2020-06-08:2076,COUNT_NOT_200,2020-06-08,2020,,,,,201,109,,,,CRITICAL,Replay intervals do not establish the historical expected security count on this NSE session.,UNRESOLVED,,member_count:2020-06-08:109
COUNT_NOT_200:2020-06-09:2077,COUNT_NOT_200,2020-06-09,2020,,,,,201,109,,,,CRITICAL,Replay intervals do not establish the historical expected security count on this NSE session.,UNRESOLVED,,member_count:2020-06-09:109
COUNT_NOT_200:2020-06-10:2078,COUNT_NOT_200,2020-06-10,2020,,,,,201,109,,,,CRITICAL,Replay intervals do not establish the historical expected security count on this NSE session.,UNRESOLVED,,member_count:2020-06-10:109
COUNT_NOT_200:2020-06-11:2079,COUNT_NOT_200,2020-06-11,2020,,,,,201,109,,,,CRITICAL,Replay intervals do not establish the historical expected security count on this NSE session.,UNRESOLVED,,member_count:2020-06-11:109
COUNT_NOT_200:2020-06-12:2080,COUNT_NOT_200,2020-06-12,2020,,,,,201,109,,,,CRITICAL,Replay intervals do not establish the historical expected security count on this NSE session.,UNRESOLVED,,member_count:2020-06-12:109
COUNT_NOT_200:2020-06-15:2081,COUNT_NOT_200,2020-06-15,2020,,,,,201,109,,,,CRITICAL,Replay intervals do not establish the historical expected security count on this NSE session.,UNRESOLVED,,member_count:2020-06-15:109
COUNT_NOT_200:2020-06-16:2082,COUNT_NOT_200,2020-06-16,2020,,,,,201,109,,,,CRITICAL,Replay intervals do not establish the historical expected security count on this NSE session.,UNRESOLVED,,member_count:2020-06-16:109
COUNT_NOT_200:2020-06-17:2083,COUNT_NOT_200,2020-06-17,2020,,,,,201,109,,,,CRITICAL,Replay intervals do not establish the historical expected security count on this NSE session.,UNRESOLVED,,member_count:2020-06-17:109
COUNT_NOT_200:2020-06-18:2084,COUNT_NOT_200,2020-06-18,2020,,,,,201,109,,,,CRITICAL,Replay intervals do not establish the historical expected security count on this NSE session.,UNRESOLVED,,member_count:2020-06-18:109
COUNT_NOT_200:2020-06-19:2085,COUNT_NOT_200,2020-06-19,2020,,,,,201,109,,,,CRITICAL,Replay intervals do not establish the historical expected security count on this NSE session.,UNRESOLVED,,member_count:2020-06-19:109
COUNT_NOT_200:2020-06-22:2086,COUNT_NOT_200,2020-06-22,2020,,,,,201,109,,,,CRITICAL,Replay intervals do not establish the historical expected security count on this NSE session.,UNRESOLVED,,member_count:2020-06-22:109
COUNT_NOT_200:2020-06-23:2087,COUNT_NOT_200,2020-06-23,2020,,,,,201,109,,,,CRITICAL,Replay intervals do not establish the historical expected security count on this NSE session.,UNRESOLVED,,member_count:2020-06-23:109
COUNT_NOT_200:2020-06-24:2088,COUNT_NOT_200,2020-06-24,2020,,,,,201,109,,,,CRITICAL,Replay intervals do not establish the historical expected security count on this NSE session.,UNRESOLVED,,member_count:2020-06-24:109
COUNT_NOT_200:2020-06-25:2089,COUNT_NOT_200,2020-06-25,2020,,,,,201,109,,,,CRITICAL,Replay intervals do not establish the historical expected security count on this NSE session.,UNRESOLVED,,member_count:2020-06-25:109
COUNT_NOT_200:2020-06-26:2090,COUNT_NOT_200,2020-06-26,2020,,,,,200,110,,,,CRITICAL,Replay intervals do not establish the historical expected security count on this NSE session.,UNRESOLVED,,member_count:2020-06-26:110
COUNT_NOT_200:2020-06-29:2091,COUNT_NOT_200,2020-06-29,2020,,,,,200,110,,,,CRITICAL,Replay intervals do not establish the historical expected security count on this NSE session.,UNRESOLVED,,member_count:2020-06-29:110
COUNT_NOT_200:2020-06-30:2092,COUNT_NOT_200,2020-06-30,2020,,,,,200,110,,,,CRITICAL,Replay intervals do not establish the historical expected security count on this NSE session.,UNRESOLVED,,member_count:2020-06-30:110
COUNT_NOT_200:2020-07-01:2093,COUNT_NOT_200,2020-07-01,2020,,,,,200,110,,,,CRITICAL,Replay intervals do not establish the historical expected security count on this NSE session.,UNRESOLVED,,member_count:2020-07-01:110
COUNT_NOT_200:2020-07-02:2094,COUNT_NOT_200,2020-07-02,2020,,,,,200,110,,,,CRITICAL,Replay intervals do not establish the historical expected security count on this NSE session.,UNRESOLVED,,member_count:2020-07-02:110
COUNT_NOT_200:2020-07-03:2095,COUNT_NOT_200,2020-07-03,2020,,,,,200,110,,,,CRITICAL,Replay intervals do not establish the historical expected security count on this NSE session.,UNRESOLVED,,member_count:2020-07-03:110
COUNT_NOT_200:2020-07-06:2096,COUNT_NOT_200,2020-07-06,2020,,,,,200,110,,,,CRITICAL,Replay intervals do not establish the historical expected security count on this NSE session.,UNRESOLVED,,member_count:2020-07-06:110
COUNT_NOT_200:2020-07-07:2097,COUNT_NOT_200,2020-07-07,2020,,,,,200,110,,,,CRITICAL,Replay intervals do not establish the historical expected security count on this NSE session.,UNRESOLVED,,member_count:2020-07-07:110
COUNT_NOT_200:2020-07-08:2098,COUNT_NOT_200,2020-07-08,2020,,,,,200,110,,,,CRITICAL,Replay intervals do not establish the historical expected security count on this NSE session.,UNRESOLVED,,member_count:2020-07-08:110
COUNT_NOT_200:2020-07-09:2099,COUNT_NOT_200,2020-07-09,2020,,,,,200,110,,,,CRITICAL,Replay intervals do not establish the historical expected security count on this NSE session.,UNRESOLVED,,member_count:2020-07-09:110
COUNT_NOT_200:2020-07-10:2100,COUNT_NOT_200,2020-07-10,2020,,,,,200,110,,,,CRITICAL,Replay intervals do not establish the historical expected security count on this NSE session.,UNRESOLVED,,member_count:2020-07-10:110
COUNT_NOT_200:2020-07-13:2101,COUNT_NOT_200,2020-07-13,2020,,,,,200,110,,,,CRITICAL,Replay intervals do not establish the historical expected security count on this NSE session.,UNRESOLVED,,member_count:2020-07-13:110
COUNT_NOT_200:2020-07-14:2102,COUNT_NOT_200,2020-07-14,2020,,,,,200,110,,,,CRITICAL,Replay intervals do not establish the historical expected security count on this NSE session.,UNRESOLVED,,member_count:2020-07-14:110
COUNT_NOT_200:2020-07-15:2103,COUNT_NOT_200,2020-07-15,2020,,,,,200,110,,,,CRITICAL,Replay intervals do not establish the historical expected security count on this NSE session.,UNRESOLVED,,member_count:2020-07-15:110
COUNT_NOT_200:2020-07-16:2104,COUNT_NOT_200,2020-07-16,2020,,,,,200,110,,,,CRITICAL,Replay intervals do not establish the historical expected security count on this NSE session.,UNRESOLVED,,member_count:2020-07-16:110
COUNT_NOT_200:2020-07-17:2105,COUNT_NOT_200,2020-07-17,2020,,,,,200,110,,,,CRITICAL,Replay intervals do not establish the historical expected security count on this NSE session.,UNRESOLVED,,member_count:2020-07-17:110
COUNT_NOT_200:2020-07-20:2106,COUNT_NOT_200,2020-07-20,2020,,,,,200,110,,,,CRITICAL,Replay intervals do not establish the historical expected security count on this NSE session.,UNRESOLVED,,member_count:2020-07-20:110
COUNT_NOT_200:2020-07-21:2107,COUNT_NOT_200,2020-07-21,2020,,,,,200,110,,,,CRITICAL,Replay intervals do not establish the historical expected security count on this NSE session.,UNRESOLVED,,member_count:2020-07-21:110
COUNT_NOT_200:2020-07-22:2108,COUNT_NOT_200,2020-07-22,2020,,,,,200,110,,,,CRITICAL,Replay intervals do not establish the historical expected security count on this NSE session.,UNRESOLVED,,member_count:2020-07-22:110
COUNT_NOT_200:2020-07-23:2109,COUNT_NOT_200,2020-07-23,2020,,,,,200,110,,,,CRITICAL,Replay intervals do not establish the historical expected security count on this NSE session.,UNRESOLVED,,member_count:2020-07-23:110
COUNT_NOT_200:2020-07-24:2110,COUNT_NOT_200,2020-07-24,2020,,,,,200,110,,,,CRITICAL,Replay intervals do not establish the historical expected security count on this NSE session.,UNRESOLVED,,member_count:2020-07-24:110
COUNT_NOT_200:2020-07-27:2111,COUNT_NOT_200,2020-07-27,2020,,,,,200,110,,,,CRITICAL,Replay intervals do not establish the historical expected security count on this NSE session.,UNRESOLVED,,member_count:2020-07-27:110
COUNT_NOT_200:2020-07-28:2112,COUNT_NOT_200,2020-07-28,2020,,,,,200,110,,,,CRITICAL,Replay intervals do not establish the historical expected security count on this NSE session.,UNRESOLVED,,member_count:2020-07-28:110
COUNT_NOT_200:2020-07-29:2113,COUNT_NOT_200,2020-07-29,2020,,,,,200,110,,,,CRITICAL,Replay intervals do not establish the historical expected security count on this NSE session.,UNRESOLVED,,member_count:2020-07-29:110
COUNT_NOT_200:2020-07-30:2114,COUNT_NOT_200,2020-07-30,2020,,,,,200,110,,,,CRITICAL,Replay intervals do not establish the historical expected security count on this NSE session.,UNRESOLVED,,member_count:2020-07-30:110
COUNT_NOT_200:2020-08-03:2115,COUNT_NOT_200,2020-08-03,2020,,,,,200,111,,,,CRITICAL,Replay intervals do not establish the historical expected security count on this NSE session.,UNRESOLVED,,member_count:2020-08-03:111
COUNT_NOT_200:2020-08-04:2116,COUNT_NOT_200,2020-08-04,2020,,,,,200,111,,,,CRITICAL,Replay intervals do not establish the historical expected security count on this NSE session.,UNRESOLVED,,member_count:2020-08-04:111
COUNT_NOT_200:2020-08-05:2117,COUNT_NOT_200,2020-08-05,2020,,,,,200,111,,,,CRITICAL,Replay intervals do not establish the historical expected security count on this NSE session.,UNRESOLVED,,member_count:2020-08-05:111
COUNT_NOT_200:2020-08-06:2118,COUNT_NOT_200,2020-08-06,2020,,,,,200,111,,,,CRITICAL,Replay intervals do not establish the historical expected security count on this NSE session.,UNRESOLVED,,member_count:2020-08-06:111
COUNT_NOT_200:2020-08-07:2119,COUNT_NOT_200,2020-08-07,2020,,,,,200,111,,,,CRITICAL,Replay intervals do not establish the historical expected security count on this NSE session.,UNRESOLVED,,member_count:2020-08-07:111
COUNT_NOT_200:2020-08-10:2120,COUNT_NOT_200,2020-08-10,2020,,,,,200,111,,,,CRITICAL,Replay intervals do not establish the historical expected security count on this NSE session.,UNRESOLVED,,member_count:2020-08-10:111
COUNT_NOT_200:2020-08-11:2121,COUNT_NOT_200,2020-08-11,2020,,,,,200,111,,,,CRITICAL,Replay intervals do not establish the historical expected security count on this NSE session.,UNRESOLVED,,member_count:2020-08-11:111
COUNT_NOT_200:2020-08-12:2122,COUNT_NOT_200,2020-08-12,2020,,,,,200,111,,,,CRITICAL,Replay intervals do not establish the historical expected security count on this NSE session.,UNRESOLVED,,member_count:2020-08-12:111
COUNT_NOT_200:2020-08-13:2123,COUNT_NOT_200,2020-08-13,2020,,,,,200,111,,,,CRITICAL,Replay intervals do not establish the historical expected security count on this NSE session.,UNRESOLVED,,member_count:2020-08-13:111
COUNT_NOT_200:2020-08-14:2124,COUNT_NOT_200,2020-08-14,2020,,,,,200,111,,,,CRITICAL,Replay intervals do not establish the historical expected security count on this NSE session.,UNRESOLVED,,member_count:2020-08-14:111
COUNT_NOT_200:2020-08-17:2125,COUNT_NOT_200,2020-08-17,2020,,,,,200,111,,,,CRITICAL,Replay intervals do not establish the historical expected security count on this NSE session.,UNRESOLVED,,member_count:2020-08-17:111
COUNT_NOT_200:2020-08-18:2126,COUNT_NOT_200,2020-08-18,2020,,,,,200,111,,,,CRITICAL,Replay intervals do not establish the historical expected security count on this NSE session.,UNRESOLVED,,member_count:2020-08-18:111
COUNT_NOT_200:2020-08-19:2127,COUNT_NOT_200,2020-08-19,2020,,,,,200,111,,,,CRITICAL,Replay intervals do not establish the historical expected security count on this NSE session.,UNRESOLVED,,member_count:2020-08-19:111
COUNT_NOT_200:2020-08-20:2128,COUNT_NOT_200,2020-08-20,2020,,,,,200,111,,,,CRITICAL,Replay intervals do not establish the historical expected security count on this NSE session.,UNRESOLVED,,member_count:2020-08-20:111
COUNT_NOT_200:2020-08-21:2129,COUNT_NOT_200,2020-08-21,2020,,,,,200,111,,,,CRITICAL,Replay intervals do not establish the historical expected security count on this NSE session.,UNRESOLVED,,member_count:2020-08-21:111
COUNT_NOT_200:2020-08-24:2130,COUNT_NOT_200,2020-08-24,2020,,,,,200,111,,,,CRITICAL,Replay intervals do not establish the historical expected security count on this NSE session.,UNRESOLVED,,member_count:2020-08-24:111
COUNT_NOT_200:2020-08-25:2131,COUNT_NOT_200,2020-08-25,2020,,,,,200,111,,,,CRITICAL,Replay intervals do not establish the historical expected security count on this NSE session.,UNRESOLVED,,member_count:2020-08-25:111
COUNT_NOT_200:2020-08-26:2132,COUNT_NOT_200,2020-08-26,2020,,,,,200,111,,,,CRITICAL,Replay intervals do not establish the historical expected security count on this NSE session.,UNRESOLVED,,member_count:2020-08-26:111
COUNT_NOT_200:2020-08-27:2133,COUNT_NOT_200,2020-08-27,2020,,,,,200,111,,,,CRITICAL,Replay intervals do not establish the historical expected security count on this NSE session.,UNRESOLVED,,member_count:2020-08-27:111
COUNT_NOT_200:2020-08-28:2134,COUNT_NOT_200,2020-08-28,2020,,,,,200,111,,,,CRITICAL,Replay intervals do not establish the historical expected security count on this NSE session.,UNRESOLVED,,member_count:2020-08-28:111
COUNT_NOT_200:2020-08-31:2135,COUNT_NOT_200,2020-08-31,2020,,,,,200,111,,,,CRITICAL,Replay intervals do not establish the historical expected security count on this NSE session.,UNRESOLVED,,member_count:2020-08-31:111
COUNT_NOT_200:2020-09-01:2136,COUNT_NOT_200,2020-09-01,2020,,,,,200,111,,,,CRITICAL,Replay intervals do not establish the historical expected security count on this NSE session.,UNRESOLVED,,member_count:2020-09-01:111
COUNT_NOT_200:2020-09-02:2137,COUNT_NOT_200,2020-09-02,2020,,,,,200,111,,,,CRITICAL,Replay intervals do not establish the historical expected security count on this NSE session.,UNRESOLVED,,member_count:2020-09-02:111
COUNT_NOT_200:2020-09-03:2138,COUNT_NOT_200,2020-09-03,2020,,,,,200,111,,,,CRITICAL,Replay intervals do not establish the historical expected security count on this NSE session.,UNRESOLVED,,member_count:2020-09-03:111
COUNT_NOT_200:2020-09-04:2139,COUNT_NOT_200,2020-09-04,2020,,,,,200,111,,,,CRITICAL,Replay intervals do not establish the historical expected security count on this NSE session.,UNRESOLVED,,member_count:2020-09-04:111
COUNT_NOT_200:2020-09-07:2140,COUNT_NOT_200,2020-09-07,2020,,,,,200,111,,,,CRITICAL,Replay intervals do not establish the historical expected security count on this NSE session.,UNRESOLVED,,member_count:2020-09-07:111
COUNT_NOT_200:2020-09-08:2141,COUNT_NOT_200,2020-09-08,2020,,,,,200,111,,,,CRITICAL,Replay intervals do not establish the historical expected security count on this NSE session.,UNRESOLVED,,member_count:2020-09-08:111
COUNT_NOT_200:2020-09-09:2142,COUNT_NOT_200,2020-09-09,2020,,,,,200,111,,,,CRITICAL,Replay intervals do not establish the historical expected security count on this NSE session.,UNRESOLVED,,member_count:2020-09-09:111
COUNT_NOT_200:2020-09-10:2143,COUNT_NOT_200,2020-09-10,2020,,,,,200,111,,,,CRITICAL,Replay intervals do not establish the historical expected security count on this NSE session.,UNRESOLVED,,member_count:2020-09-10:111
COUNT_NOT_200:2020-09-11:2144,COUNT_NOT_200,2020-09-11,2020,,,,,200,111,,,,CRITICAL,Replay intervals do not establish the historical expected security count on this NSE session.,UNRESOLVED,,member_count:2020-09-11:111
COUNT_NOT_200:2020-09-14:2145,COUNT_NOT_200,2020-09-14,2020,,,,,200,111,,,,CRITICAL,Replay intervals do not establish the historical expected security count on this NSE session.,UNRESOLVED,,member_count:2020-09-14:111
COUNT_NOT_200:2020-09-15:2146,COUNT_NOT_200,2020-09-15,2020,,,,,200,111,,,,CRITICAL,Replay intervals do not establish the historical expected security count on this NSE session.,UNRESOLVED,,member_count:2020-09-15:111
COUNT_NOT_200:2020-09-16:2147,COUNT_NOT_200,2020-09-16,2020,,,,,200,111,,,,CRITICAL,Replay intervals do not establish the historical expected security count on this NSE session.,UNRESOLVED,,member_count:2020-09-16:111
COUNT_NOT_200:2020-09-17:2148,COUNT_NOT_200,2020-09-17,2020,,,,,200,111,,,,CRITICAL,Replay intervals do not establish the historical expected security count on this NSE session.,UNRESOLVED,,member_count:2020-09-17:111
COUNT_NOT_200:2020-09-18:2149,COUNT_NOT_200,2020-09-18,2020,,,,,200,111,,,,CRITICAL,Replay intervals do not establish the historical expected security count on this NSE session.,UNRESOLVED,,member_count:2020-09-18:111
COUNT_NOT_200:2020-09-21:2150,COUNT_NOT_200,2020-09-21,2020,,,,,200,111,,,,CRITICAL,Replay intervals do not establish the historical expected security count on this NSE session.,UNRESOLVED,,member_count:2020-09-21:111
COUNT_NOT_200:2020-09-22:2151,COUNT_NOT_200,2020-09-22,2020,,,,,200,111,,,,CRITICAL,Replay intervals do not establish the historical expected security count on this NSE session.,UNRESOLVED,,member_count:2020-09-22:111
COUNT_NOT_200:2020-09-23:2152,COUNT_NOT_200,2020-09-23,2020,,,,,200,111,,,,CRITICAL,Replay intervals do not establish the historical expected security count on this NSE session.,UNRESOLVED,,member_count:2020-09-23:111
COUNT_NOT_200:2020-09-24:2153,COUNT_NOT_200,2020-09-24,2020,,,,,200,111,,,,CRITICAL,Replay intervals do not establish the historical expected security count on this NSE session.,UNRESOLVED,,member_count:2020-09-24:111
COUNT_NOT_200:2020-09-25:2154,COUNT_NOT_200,2020-09-25,2020,,,,,200,111,,,,CRITICAL,Replay intervals do not establish the historical expected security count on this NSE session.,UNRESOLVED,,member_count:2020-09-25:111
COUNT_NOT_200:2020-09-28:2155,COUNT_NOT_200,2020-09-28,2020,,,,,200,111,,,,CRITICAL,Replay intervals do not establish the historical expected security count on this NSE session.,UNRESOLVED,,member_count:2020-09-28:111
COUNT_NOT_200:2020-09-29:2156,COUNT_NOT_200,2020-09-29,2020,,,,,200,111,,,,CRITICAL,Replay intervals do not establish the historical expected security count on this NSE session.,UNRESOLVED,,member_count:2020-09-29:111
COUNT_NOT_200:2020-09-30:2157,COUNT_NOT_200,2020-09-30,2020,,,,,200,111,,,,CRITICAL,Replay intervals do not establish the historical expected security count on this NSE session.,UNRESOLVED,,member_count:2020-09-30:111
COUNT_NOT_200:2020-10-01:2158,COUNT_NOT_200,2020-10-01,2020,,,,,200,111,,,,CRITICAL,Replay intervals do not establish the historical expected security count on this NSE session.,UNRESOLVED,,member_count:2020-10-01:111
COUNT_NOT_200:2020-10-05:2159,COUNT_NOT_200,2020-10-05,2020,,,,,200,111,,,,CRITICAL,Replay intervals do not establish the historical expected security count on this NSE session.,UNRESOLVED,,member_count:2020-10-05:111
COUNT_NOT_200:2020-10-06:2160,COUNT_NOT_200,2020-10-06,2020,,,,,200,111,,,,CRITICAL,Replay intervals do not establish the historical expected security count on this NSE session.,UNRESOLVED,,member_count:2020-10-06:111
COUNT_NOT_200:2020-10-07:2161,COUNT_NOT_200,2020-10-07,2020,,,,,200,111,,,,CRITICAL,Replay intervals do not establish the historical expected security count on this NSE session.,UNRESOLVED,,member_count:2020-10-07:111
COUNT_NOT_200:2020-10-08:2162,COUNT_NOT_200,2020-10-08,2020,,,,,200,111,,,,CRITICAL,Replay intervals do not establish the historical expected security count on this NSE session.,UNRESOLVED,,member_count:2020-10-08:111
COUNT_NOT_200:2020-10-09:2163,COUNT_NOT_200,2020-10-09,2020,,,,,200,111,,,,CRITICAL,Replay intervals do not establish the historical expected security count on this NSE session.,UNRESOLVED,,member_count:2020-10-09:111
COUNT_NOT_200:2020-10-12:2164,COUNT_NOT_200,2020-10-12,2020,,,,,200,111,,,,CRITICAL,Replay intervals do not establish the historical expected security count on this NSE session.,UNRESOLVED,,member_count:2020-10-12:111
COUNT_NOT_200:2020-10-13:2165,COUNT_NOT_200,2020-10-13,2020,,,,,200,111,,,,CRITICAL,Replay intervals do not establish the historical expected security count on this NSE session.,UNRESOLVED,,member_count:2020-10-13:111
COUNT_NOT_200:2020-10-14:2166,COUNT_NOT_200,2020-10-14,2020,,,,,200,111,,,,CRITICAL,Replay intervals do not establish the historical expected security count on this NSE session.,UNRESOLVED,,member_count:2020-10-14:111
COUNT_NOT_200:2020-10-15:2167,COUNT_NOT_200,2020-10-15,2020,,,,,200,111,,,,CRITICAL,Replay intervals do not establish the historical expected security count on this NSE session.,UNRESOLVED,,member_count:2020-10-15:111
COUNT_NOT_200:2020-10-16:2168,COUNT_NOT_200,2020-10-16,2020,,,,,200,111,,,,CRITICAL,Replay intervals do not establish the historical expected security count on this NSE session.,UNRESOLVED,,member_count:2020-10-16:111
COUNT_NOT_200:2020-10-19:2169,COUNT_NOT_200,2020-10-19,2020,,,,,200,111,,,,CRITICAL,Replay intervals do not establish the historical expected security count on this NSE session.,UNRESOLVED,,member_count:2020-10-19:111
COUNT_NOT_200:2020-10-20:2170,COUNT_NOT_200,2020-10-20,2020,,,,,200,111,,,,CRITICAL,Replay intervals do not establish the historical expected security count on this NSE session.,UNRESOLVED,,member_count:2020-10-20:111
COUNT_NOT_200:2020-10-21:2171,COUNT_NOT_200,2020-10-21,2020,,,,,200,111,,,,CRITICAL,Replay intervals do not establish the historical expected security count on this NSE session.,UNRESOLVED,,member_count:2020-10-21:111
COUNT_NOT_200:2020-10-22:2172,COUNT_NOT_200,2020-10-22,2020,,,,,200,111,,,,CRITICAL,Replay intervals do not establish the historical expected security count on this NSE session.,UNRESOLVED,,member_count:2020-10-22:111
COUNT_NOT_200:2020-10-23:2173,COUNT_NOT_200,2020-10-23,2020,,,,,200,111,,,,CRITICAL,Replay intervals do not establish the historical expected security count on this NSE session.,UNRESOLVED,,member_count:2020-10-23:111
COUNT_NOT_200:2020-10-26:2174,COUNT_NOT_200,2020-10-26,2020,,,,,200,111,,,,CRITICAL,Replay intervals do not establish the historical expected security count on this NSE session.,UNRESOLVED,,member_count:2020-10-26:111
COUNT_NOT_200:2020-10-27:2175,COUNT_NOT_200,2020-10-27,2020,,,,,200,111,,,,CRITICAL,Replay intervals do not establish the historical expected security count on this NSE session.,UNRESOLVED,,member_count:2020-10-27:111
COUNT_NOT_200:2020-10-28:2176,COUNT_NOT_200,2020-10-28,2020,,,,,200,111,,,,CRITICAL,Replay intervals do not establish the historical expected security count on this NSE session.,UNRESOLVED,,member_count:2020-10-28:111
COUNT_NOT_200:2020-10-29:2177,COUNT_NOT_200,2020-10-29,2020,,,,,200,111,,,,CRITICAL,Replay intervals do not establish the historical expected security count on this NSE session.,UNRESOLVED,,member_count:2020-10-29:111
COUNT_NOT_200:2020-10-30:2178,COUNT_NOT_200,2020-10-30,2020,,,,,200,111,,,,CRITICAL,Replay intervals do not establish the historical expected security count on this NSE session.,UNRESOLVED,,member_count:2020-10-30:111
COUNT_NOT_200:2020-11-02:2179,COUNT_NOT_200,2020-11-02,2020,,,,,200,111,,,,CRITICAL,Replay intervals do not establish the historical expected security count on this NSE session.,UNRESOLVED,,member_count:2020-11-02:111
COUNT_NOT_200:2020-11-03:2180,COUNT_NOT_200,2020-11-03,2020,,,,,200,111,,,,CRITICAL,Replay intervals do not establish the historical expected security count on this NSE session.,UNRESOLVED,,member_count:2020-11-03:111
COUNT_NOT_200:2020-11-04:2181,COUNT_NOT_200,2020-11-04,2020,,,,,200,111,,,,CRITICAL,Replay intervals do not establish the historical expected security count on this NSE session.,UNRESOLVED,,member_count:2020-11-04:111
COUNT_NOT_200:2020-11-05:2182,COUNT_NOT_200,2020-11-05,2020,,,,,200,111,,,,CRITICAL,Replay intervals do not establish the historical expected security count on this NSE session.,UNRESOLVED,,member_count:2020-11-05:111
COUNT_NOT_200:2020-11-06:2183,COUNT_NOT_200,2020-11-06,2020,,,,,200,111,,,,CRITICAL,Replay intervals do not establish the historical expected security count on this NSE session.,UNRESOLVED,,member_count:2020-11-06:111
COUNT_NOT_200:2020-11-09:2184,COUNT_NOT_200,2020-11-09,2020,,,,,200,111,,,,CRITICAL,Replay intervals do not establish the historical expected security count on this NSE session.,UNRESOLVED,,member_count:2020-11-09:111
COUNT_NOT_200:2020-11-10:2185,COUNT_NOT_200,2020-11-10,2020,,,,,200,111,,,,CRITICAL,Replay intervals do not establish the historical expected security count on this NSE session.,UNRESOLVED,,member_count:2020-11-10:111
COUNT_NOT_200:2020-11-11:2186,COUNT_NOT_200,2020-11-11,2020,,,,,200,111,,,,CRITICAL,Replay intervals do not establish the historical expected security count on this NSE session.,UNRESOLVED,,member_count:2020-11-11:111
COUNT_NOT_200:2020-11-12:2187,COUNT_NOT_200,2020-11-12,2020,,,,,200,111,,,,CRITICAL,Replay intervals do not establish the historical expected security count on this NSE session.,UNRESOLVED,,member_count:2020-11-12:111
COUNT_NOT_200:2020-11-13:2188,COUNT_NOT_200,2020-11-13,2020,,,,,200,111,,,,CRITICAL,Replay intervals do not establish the historical expected security count on this NSE session.,UNRESOLVED,,member_count:2020-11-13:111
COUNT_NOT_200:2020-11-17:2189,COUNT_NOT_200,2020-11-17,2020,,,,,200,111,,,,CRITICAL,Replay intervals do not establish the historical expected security count on this NSE session.,UNRESOLVED,,member_count:2020-11-17:111
COUNT_NOT_200:2020-11-18:2190,COUNT_NOT_200,2020-11-18,2020,,,,,200,111,,,,CRITICAL,Replay intervals do not establish the historical expected security count on this NSE session.,UNRESOLVED,,member_count:2020-11-18:111
COUNT_NOT_200:2020-11-19:2191,COUNT_NOT_200,2020-11-19,2020,,,,,200,111,,,,CRITICAL,Replay intervals do not establish the historical expected security count on this NSE session.,UNRESOLVED,,member_count:2020-11-19:111
COUNT_NOT_200:2020-11-20:2192,COUNT_NOT_200,2020-11-20,2020,,,,,200,111,,,,CRITICAL,Replay intervals do not establish the historical expected security count on this NSE session.,UNRESOLVED,,member_count:2020-11-20:111
COUNT_NOT_200:2020-11-23:2193,COUNT_NOT_200,2020-11-23,2020,,,,,200,111,,,,CRITICAL,Replay intervals do not establish the historical expected security count on this NSE session.,UNRESOLVED,,member_count:2020-11-23:111
COUNT_NOT_200:2020-11-24:2194,COUNT_NOT_200,2020-11-24,2020,,,,,200,111,,,,CRITICAL,Replay intervals do not establish the historical expected security count on this NSE session.,UNRESOLVED,,member_count:2020-11-24:111
COUNT_NOT_200:2020-11-25:2195,COUNT_NOT_200,2020-11-25,2020,,,,,200,111,,,,CRITICAL,Replay intervals do not establish the historical expected security count on this NSE session.,UNRESOLVED,,member_count:2020-11-25:111
COUNT_NOT_200:2020-11-26:2196,COUNT_NOT_200,2020-11-26,2020,,,,,200,111,,,,CRITICAL,Replay intervals do not establish the historical expected security count on this NSE session.,UNRESOLVED,,member_count:2020-11-26:111
COUNT_NOT_200:2020-11-27:2197,COUNT_NOT_200,2020-11-27,2020,,,,,200,111,,,,CRITICAL,Replay intervals do not establish the historical expected security count on this NSE session.,UNRESOLVED,,member_count:2020-11-27:111
COUNT_NOT_200:2020-12-01:2198,COUNT_NOT_200,2020-12-01,2020,,,,,200,111,,,,CRITICAL,Replay intervals do not establish the historical expected security count on this NSE session.,UNRESOLVED,,member_count:2020-12-01:111
COUNT_NOT_200:2020-12-02:2199,COUNT_NOT_200,2020-12-02,2020,,,,,200,111,,,,CRITICAL,Replay intervals do not establish the historical expected security count on this NSE session.,UNRESOLVED,,member_count:2020-12-02:111
COUNT_NOT_200:2020-12-03:2200,COUNT_NOT_200,2020-12-03,2020,,,,,200,111,,,,CRITICAL,Replay intervals do not establish the historical expected security count on this NSE session.,UNRESOLVED,,member_count:2020-12-03:111
COUNT_NOT_200:2020-12-04:2201,COUNT_NOT_200,2020-12-04,2020,,,,,200,111,,,,CRITICAL,Replay intervals do not establish the historical expected security count on this NSE session.,UNRESOLVED,,member_count:2020-12-04:111
COUNT_NOT_200:2020-12-07:2202,COUNT_NOT_200,2020-12-07,2020,,,,,200,111,,,,CRITICAL,Replay intervals do not establish the historical expected security count on this NSE session.,UNRESOLVED,,member_count:2020-12-07:111
COUNT_NOT_200:2020-12-08:2203,COUNT_NOT_200,2020-12-08,2020,,,,,200,111,,,,CRITICAL,Replay intervals do not establish the historical expected security count on this NSE session.,UNRESOLVED,,member_count:2020-12-08:111
COUNT_NOT_200:2020-12-09:2204,COUNT_NOT_200,2020-12-09,2020,,,,,200,111,,,,CRITICAL,Replay intervals do not establish the historical expected security count on this NSE session.,UNRESOLVED,,member_count:2020-12-09:111
COUNT_NOT_200:2020-12-10:2205,COUNT_NOT_200,2020-12-10,2020,,,,,200,111,,,,CRITICAL,Replay intervals do not establish the historical expected security count on this NSE session.,UNRESOLVED,,member_count:2020-12-10:111
COUNT_NOT_200:2020-12-11:2206,COUNT_NOT_200,2020-12-11,2020,,,,,200,111,,,,CRITICAL,Replay intervals do not establish the historical expected security count on this NSE session.,UNRESOLVED,,member_count:2020-12-11:111
COUNT_NOT_200:2020-12-14:2207,COUNT_NOT_200,2020-12-14,2020,,,,,200,111,,,,CRITICAL,Replay intervals do not establish the historical expected security count on this NSE session.,UNRESOLVED,,member_count:2020-12-14:111
COUNT_NOT_200:2020-12-15:2208,COUNT_NOT_200,2020-12-15,2020,,,,,200,111,,,,CRITICAL,Replay intervals do not establish the historical expected security count on this NSE session.,UNRESOLVED,,member_count:2020-12-15:111
COUNT_NOT_200:2020-12-16:2209,COUNT_NOT_200,2020-12-16,2020,,,,,200,111,,,,CRITICAL,Replay intervals do not establish the historical expected security count on this NSE session.,UNRESOLVED,,member_count:2020-12-16:111
COUNT_NOT_200:2020-12-17:2210,COUNT_NOT_200,2020-12-17,2020,,,,,200,111,,,,CRITICAL,Replay intervals do not establish the historical expected security count on this NSE session.,UNRESOLVED,,member_count:2020-12-17:111
COUNT_NOT_200:2020-12-18:2211,COUNT_NOT_200,2020-12-18,2020,,,,,200,111,,,,CRITICAL,Replay intervals do not establish the historical expected security count on this NSE session.,UNRESOLVED,,member_count:2020-12-18:111
COUNT_NOT_200:2020-12-21:2212,COUNT_NOT_200,2020-12-21,2020,,,,,200,111,,,,CRITICAL,Replay intervals do not establish the historical expected security count on this NSE session.,UNRESOLVED,,member_count:2020-12-21:111
COUNT_NOT_200:2020-12-22:2213,COUNT_NOT_200,2020-12-22,2020,,,,,200,111,,,,CRITICAL,Replay intervals do not establish the historical expected security count on this NSE session.,UNRESOLVED,,member_count:2020-12-22:111
COUNT_NOT_200:2020-12-23:2214,COUNT_NOT_200,2020-12-23,2020,,,,,200,111,,,,CRITICAL,Replay intervals do not establish the historical expected security count on this NSE session.,UNRESOLVED,,member_count:2020-12-23:111
COUNT_NOT_200:2020-12-24:2215,COUNT_NOT_200,2020-12-24,2020,,,,,200,111,,,,CRITICAL,Replay intervals do not establish the historical expected security count on this NSE session.,UNRESOLVED,,member_count:2020-12-24:111
COUNT_NOT_200:2020-12-28:2216,COUNT_NOT_200,2020-12-28,2020,,,,,200,111,,,,CRITICAL,Replay intervals do not establish the historical expected security count on this NSE session.,UNRESOLVED,,member_count:2020-12-28:111
COUNT_NOT_200:2020-12-29:2217,COUNT_NOT_200,2020-12-29,2020,,,,,200,111,,,,CRITICAL,Replay intervals do not establish the historical expected security count on this NSE session.,UNRESOLVED,,member_count:2020-12-29:111
COUNT_NOT_200:2020-12-30:2218,COUNT_NOT_200,2020-12-30,2020,,,,,200,111,,,,CRITICAL,Replay intervals do not establish the historical expected security count on this NSE session.,UNRESOLVED,,member_count:2020-12-30:111
COUNT_NOT_200:2020-12-31:2219,COUNT_NOT_200,2020-12-31,2020,,,,,200,111,,,,CRITICAL,Replay intervals do not establish the historical expected security count on this NSE session.,UNRESOLVED,,member_count:2020-12-31:111
COUNT_NOT_200:2021-01-01:2220,COUNT_NOT_200,2021-01-01,2021,,,,,200,111,,,,CRITICAL,Replay intervals do not establish the historical expected security count on this NSE session.,UNRESOLVED,,member_count:2021-01-01:111
COUNT_NOT_200:2021-01-04:2221,COUNT_NOT_200,2021-01-04,2021,,,,,200,111,,,,CRITICAL,Replay intervals do not establish the historical expected security count on this NSE session.,UNRESOLVED,,member_count:2021-01-04:111
COUNT_NOT_200:2021-01-05:2222,COUNT_NOT_200,2021-01-05,2021,,,,,200,111,,,,CRITICAL,Replay intervals do not establish the historical expected security count on this NSE session.,UNRESOLVED,,member_count:2021-01-05:111
COUNT_NOT_200:2021-01-06:2223,COUNT_NOT_200,2021-01-06,2021,,,,,200,111,,,,CRITICAL,Replay intervals do not establish the historical expected security count on this NSE session.,UNRESOLVED,,member_count:2021-01-06:111
COUNT_NOT_200:2021-01-07:2224,COUNT_NOT_200,2021-01-07,2021,,,,,200,111,,,,CRITICAL,Replay intervals do not establish the historical expected security count on this NSE session.,UNRESOLVED,,member_count:2021-01-07:111
COUNT_NOT_200:2021-01-08:2225,COUNT_NOT_200,2021-01-08,2021,,,,,200,111,,,,CRITICAL,Replay intervals do not establish the historical expected security count on this NSE session.,UNRESOLVED,,member_count:2021-01-08:111
COUNT_NOT_200:2021-01-11:2226,COUNT_NOT_200,2021-01-11,2021,,,,,200,111,,,,CRITICAL,Replay intervals do not establish the historical expected security count on this NSE session.,UNRESOLVED,,member_count:2021-01-11:111
COUNT_NOT_200:2021-01-12:2227,COUNT_NOT_200,2021-01-12,2021,,,,,200,111,,,,CRITICAL,Replay intervals do not establish the historical expected security count on this NSE session.,UNRESOLVED,,member_count:2021-01-12:111
COUNT_NOT_200:2021-01-13:2228,COUNT_NOT_200,2021-01-13,2021,,,,,200,111,,,,CRITICAL,Replay intervals do not establish the historical expected security count on this NSE session.,UNRESOLVED,,member_count:2021-01-13:111
COUNT_NOT_200:2021-01-14:2229,COUNT_NOT_200,2021-01-14,2021,,,,,200,111,,,,CRITICAL,Replay intervals do not establish the historical expected security count on this NSE session.,UNRESOLVED,,member_count:2021-01-14:111
COUNT_NOT_200:2021-01-15:2230,COUNT_NOT_200,2021-01-15,2021,,,,,200,111,,,,CRITICAL,Replay intervals do not establish the historical expected security count on this NSE session.,UNRESOLVED,,member_count:2021-01-15:111
COUNT_NOT_200:2021-01-18:2231,COUNT_NOT_200,2021-01-18,2021,,,,,200,111,,,,CRITICAL,Replay intervals do not establish the historical expected security count on this NSE session.,UNRESOLVED,,member_count:2021-01-18:111
COUNT_NOT_200:2021-01-19:2232,COUNT_NOT_200,2021-01-19,2021,,,,,200,111,,,,CRITICAL,Replay intervals do not establish the historical expected security count on this NSE session.,UNRESOLVED,,member_count:2021-01-19:111
COUNT_NOT_200:2021-01-20:2233,COUNT_NOT_200,2021-01-20,2021,,,,,200,111,,,,CRITICAL,Replay intervals do not establish the historical expected security count on this NSE session.,UNRESOLVED,,member_count:2021-01-20:111
COUNT_NOT_200:2021-01-21:2234,COUNT_NOT_200,2021-01-21,2021,,,,,200,111,,,,CRITICAL,Replay intervals do not establish the historical expected security count on this NSE session.,UNRESOLVED,,member_count:2021-01-21:111
COUNT_NOT_200:2021-01-22:2235,COUNT_NOT_200,2021-01-22,2021,,,,,200,111,,,,CRITICAL,Replay intervals do not establish the historical expected security count on this NSE session.,UNRESOLVED,,member_count:2021-01-22:111
COUNT_NOT_200:2021-01-25:2236,COUNT_NOT_200,2021-01-25,2021,,,,,200,111,,,,CRITICAL,Replay intervals do not establish the historical expected security count on this NSE session.,UNRESOLVED,,member_count:2021-01-25:111
COUNT_NOT_200:2021-01-27:2237,COUNT_NOT_200,2021-01-27,2021,,,,,200,111,,,,CRITICAL,Replay intervals do not establish the historical expected security count on this NSE session.,UNRESOLVED,,member_count:2021-01-27:111
COUNT_NOT_200:2021-01-28:2238,COUNT_NOT_200,2021-01-28,2021,,,,,200,111,,,,CRITICAL,Replay intervals do not establish the historical expected security count on this NSE session.,UNRESOLVED,,member_count:2021-01-28:111
COUNT_NOT_200:2021-01-29:2239,COUNT_NOT_200,2021-01-29,2021,,,,,200,111,,,,CRITICAL,Replay intervals do not establish the historical expected security count on this NSE session.,UNRESOLVED,,member_count:2021-01-29:111
COUNT_NOT_200:2021-02-01:2240,COUNT_NOT_200,2021-02-01,2021,,,,,200,111,,,,CRITICAL,Replay intervals do not establish the historical expected security count on this NSE session.,UNRESOLVED,,member_count:2021-02-01:111
COUNT_NOT_200:2021-02-02:2241,COUNT_NOT_200,2021-02-02,2021,,,,,200,111,,,,CRITICAL,Replay intervals do not establish the historical expected security count on this NSE session.,UNRESOLVED,,member_count:2021-02-02:111
COUNT_NOT_200:2021-02-03:2242,COUNT_NOT_200,2021-02-03,2021,,,,,200,111,,,,CRITICAL,Replay intervals do not establish the historical expected security count on this NSE session.,UNRESOLVED,,member_count:2021-02-03:111
COUNT_NOT_200:2021-02-04:2243,COUNT_NOT_200,2021-02-04,2021,,,,,200,111,,,,CRITICAL,Replay intervals do not establish the historical expected security count on this NSE session.,UNRESOLVED,,member_count:2021-02-04:111
COUNT_NOT_200:2021-02-05:2244,COUNT_NOT_200,2021-02-05,2021,,,,,200,111,,,,CRITICAL,Replay intervals do not establish the historical expected security count on this NSE session.,UNRESOLVED,,member_count:2021-02-05:111
COUNT_NOT_200:2021-02-08:2245,COUNT_NOT_200,2021-02-08,2021,,,,,200,111,,,,CRITICAL,Replay intervals do not establish the historical expected security count on this NSE session.,UNRESOLVED,,member_count:2021-02-08:111
COUNT_NOT_200:2021-02-09:2246,COUNT_NOT_200,2021-02-09,2021,,,,,200,111,,,,CRITICAL,Replay intervals do not establish the historical expected security count on this NSE session.,UNRESOLVED,,member_count:2021-02-09:111
COUNT_NOT_200:2021-02-10:2247,COUNT_NOT_200,2021-02-10,2021,,,,,200,111,,,,CRITICAL,Replay intervals do not establish the historical expected security count on this NSE session.,UNRESOLVED,,member_count:2021-02-10:111
COUNT_NOT_200:2021-02-11:2248,COUNT_NOT_200,2021-02-11,2021,,,,,200,111,,,,CRITICAL,Replay intervals do not establish the historical expected security count on this NSE session.,UNRESOLVED,,member_count:2021-02-11:111
COUNT_NOT_200:2021-02-12:2249,COUNT_NOT_200,2021-02-12,2021,,,,,200,111,,,,CRITICAL,Replay intervals do not establish the historical expected security count on this NSE session.,UNRESOLVED,,member_count:2021-02-12:111
COUNT_NOT_200:2021-02-15:2250,COUNT_NOT_200,2021-02-15,2021,,,,,200,111,,,,CRITICAL,Replay intervals do not establish the historical expected security count on this NSE session.,UNRESOLVED,,member_count:2021-02-15:111
COUNT_NOT_200:2021-02-16:2251,COUNT_NOT_200,2021-02-16,2021,,,,,200,111,,,,CRITICAL,Replay intervals do not establish the historical expected security count on this NSE session.,UNRESOLVED,,member_count:2021-02-16:111
COUNT_NOT_200:2021-02-17:2252,COUNT_NOT_200,2021-02-17,2021,,,,,200,111,,,,CRITICAL,Replay intervals do not establish the historical expected security count on this NSE session.,UNRESOLVED,,member_count:2021-02-17:111
COUNT_NOT_200:2021-02-18:2253,COUNT_NOT_200,2021-02-18,2021,,,,,200,111,,,,CRITICAL,Replay intervals do not establish the historical expected security count on this NSE session.,UNRESOLVED,,member_count:2021-02-18:111
COUNT_NOT_200:2021-02-19:2254,COUNT_NOT_200,2021-02-19,2021,,,,,200,111,,,,CRITICAL,Replay intervals do not establish the historical expected security count on this NSE session.,UNRESOLVED,,member_count:2021-02-19:111
COUNT_NOT_200:2021-02-22:2255,COUNT_NOT_200,2021-02-22,2021,,,,,200,111,,,,CRITICAL,Replay intervals do not establish the historical expected security count on this NSE session.,UNRESOLVED,,member_count:2021-02-22:111
COUNT_NOT_200:2021-02-23:2256,COUNT_NOT_200,2021-02-23,2021,,,,,200,111,,,,CRITICAL,Replay intervals do not establish the historical expected security count on this NSE session.,UNRESOLVED,,member_count:2021-02-23:111
COUNT_NOT_200:2021-02-24:2257,COUNT_NOT_200,2021-02-24,2021,,,,,200,111,,,,CRITICAL,Replay intervals do not establish the historical expected security count on this NSE session.,UNRESOLVED,,member_count:2021-02-24:111
COUNT_NOT_200:2021-02-25:2258,COUNT_NOT_200,2021-02-25,2021,,,,,200,111,,,,CRITICAL,Replay intervals do not establish the historical expected security count on this NSE session.,UNRESOLVED,,member_count:2021-02-25:111
COUNT_NOT_200:2021-02-26:2259,COUNT_NOT_200,2021-02-26,2021,,,,,200,111,,,,CRITICAL,Replay intervals do not establish the historical expected security count on this NSE session.,UNRESOLVED,,member_count:2021-02-26:111
COUNT_NOT_200:2021-03-01:2260,COUNT_NOT_200,2021-03-01,2021,,,,,200,111,,,,CRITICAL,Replay intervals do not establish the historical expected security count on this NSE session.,UNRESOLVED,,member_count:2021-03-01:111
COUNT_NOT_200:2021-03-02:2261,COUNT_NOT_200,2021-03-02,2021,,,,,200,111,,,,CRITICAL,Replay intervals do not establish the historical expected security count on this NSE session.,UNRESOLVED,,member_count:2021-03-02:111
COUNT_NOT_200:2021-03-03:2262,COUNT_NOT_200,2021-03-03,2021,,,,,200,111,,,,CRITICAL,Replay intervals do not establish the historical expected security count on this NSE session.,UNRESOLVED,,member_count:2021-03-03:111
COUNT_NOT_200:2021-03-04:2263,COUNT_NOT_200,2021-03-04,2021,,,,,200,111,,,,CRITICAL,Replay intervals do not establish the historical expected security count on this NSE session.,UNRESOLVED,,member_count:2021-03-04:111
COUNT_NOT_200:2021-03-05:2264,COUNT_NOT_200,2021-03-05,2021,,,,,200,111,,,,CRITICAL,Replay intervals do not establish the historical expected security count on this NSE session.,UNRESOLVED,,member_count:2021-03-05:111
COUNT_NOT_200:2021-03-08:2265,COUNT_NOT_200,2021-03-08,2021,,,,,200,111,,,,CRITICAL,Replay intervals do not establish the historical expected security count on this NSE session.,UNRESOLVED,,member_count:2021-03-08:111
COUNT_NOT_200:2021-03-09:2266,COUNT_NOT_200,2021-03-09,2021,,,,,200,111,,,,CRITICAL,Replay intervals do not establish the historical expected security count on this NSE session.,UNRESOLVED,,member_count:2021-03-09:111
COUNT_NOT_200:2021-03-10:2267,COUNT_NOT_200,2021-03-10,2021,,,,,200,111,,,,CRITICAL,Replay intervals do not establish the historical expected security count on this NSE session.,UNRESOLVED,,member_count:2021-03-10:111
COUNT_NOT_200:2021-03-12:2268,COUNT_NOT_200,2021-03-12,2021,,,,,200,111,,,,CRITICAL,Replay intervals do not establish the historical expected security count on this NSE session.,UNRESOLVED,,member_count:2021-03-12:111
COUNT_NOT_200:2021-03-15:2269,COUNT_NOT_200,2021-03-15,2021,,,,,200,111,,,,CRITICAL,Replay intervals do not establish the historical expected security count on this NSE session.,UNRESOLVED,,member_count:2021-03-15:111
COUNT_NOT_200:2021-03-16:2270,COUNT_NOT_200,2021-03-16,2021,,,,,200,111,,,,CRITICAL,Replay intervals do not establish the historical expected security count on this NSE session.,UNRESOLVED,,member_count:2021-03-16:111
COUNT_NOT_200:2021-03-17:2271,COUNT_NOT_200,2021-03-17,2021,,,,,200,111,,,,CRITICAL,Replay intervals do not establish the historical expected security count on this NSE session.,UNRESOLVED,,member_count:2021-03-17:111
COUNT_NOT_200:2021-03-18:2272,COUNT_NOT_200,2021-03-18,2021,,,,,200,111,,,,CRITICAL,Replay intervals do not establish the historical expected security count on this NSE session.,UNRESOLVED,,member_count:2021-03-18:111
COUNT_NOT_200:2021-03-19:2273,COUNT_NOT_200,2021-03-19,2021,,,,,200,111,,,,CRITICAL,Replay intervals do not establish the historical expected security count on this NSE session.,UNRESOLVED,,member_count:2021-03-19:111
COUNT_NOT_200:2021-03-22:2274,COUNT_NOT_200,2021-03-22,2021,,,,,200,111,,,,CRITICAL,Replay intervals do not establish the historical expected security count on this NSE session.,UNRESOLVED,,member_count:2021-03-22:111
COUNT_NOT_200:2021-03-23:2275,COUNT_NOT_200,2021-03-23,2021,,,,,200,111,,,,CRITICAL,Replay intervals do not establish the historical expected security count on this NSE session.,UNRESOLVED,,member_count:2021-03-23:111
COUNT_NOT_200:2021-03-24:2276,COUNT_NOT_200,2021-03-24,2021,,,,,200,111,,,,CRITICAL,Replay intervals do not establish the historical expected security count on this NSE session.,UNRESOLVED,,member_count:2021-03-24:111
COUNT_NOT_200:2021-03-25:2277,COUNT_NOT_200,2021-03-25,2021,,,,,200,111,,,,CRITICAL,Replay intervals do not establish the historical expected security count on this NSE session.,UNRESOLVED,,member_count:2021-03-25:111
COUNT_NOT_200:2021-03-26:2278,COUNT_NOT_200,2021-03-26,2021,,,,,200,111,,,,CRITICAL,Replay intervals do not establish the historical expected security count on this NSE session.,UNRESOLVED,,member_count:2021-03-26:111
COUNT_NOT_200:2021-03-30:2279,COUNT_NOT_200,2021-03-30,2021,,,,,200,111,,,,CRITICAL,Replay intervals do not establish the historical expected security count on this NSE session.,UNRESOLVED,,member_count:2021-03-30:111
COUNT_NOT_200:2021-03-31:2280,COUNT_NOT_200,2021-03-31,2021,,,,,200,113,,,,CRITICAL,Replay intervals do not establish the historical expected security count on this NSE session.,UNRESOLVED,,member_count:2021-03-31:113
COUNT_NOT_200:2021-04-01:2281,COUNT_NOT_200,2021-04-01,2021,,,,,200,113,,,,CRITICAL,Replay intervals do not establish the historical expected security count on this NSE session.,UNRESOLVED,,member_count:2021-04-01:113
COUNT_NOT_200:2021-04-05:2282,COUNT_NOT_200,2021-04-05,2021,,,,,200,113,,,,CRITICAL,Replay intervals do not establish the historical expected security count on this NSE session.,UNRESOLVED,,member_count:2021-04-05:113
COUNT_NOT_200:2021-04-06:2283,COUNT_NOT_200,2021-04-06,2021,,,,,200,113,,,,CRITICAL,Replay intervals do not establish the historical expected security count on this NSE session.,UNRESOLVED,,member_count:2021-04-06:113
COUNT_NOT_200:2021-04-07:2284,COUNT_NOT_200,2021-04-07,2021,,,,,200,113,,,,CRITICAL,Replay intervals do not establish the historical expected security count on this NSE session.,UNRESOLVED,,member_count:2021-04-07:113
COUNT_NOT_200:2021-04-08:2285,COUNT_NOT_200,2021-04-08,2021,,,,,200,113,,,,CRITICAL,Replay intervals do not establish the historical expected security count on this NSE session.,UNRESOLVED,,member_count:2021-04-08:113
COUNT_NOT_200:2021-04-09:2286,COUNT_NOT_200,2021-04-09,2021,,,,,200,113,,,,CRITICAL,Replay intervals do not establish the historical expected security count on this NSE session.,UNRESOLVED,,member_count:2021-04-09:113
COUNT_NOT_200:2021-04-12:2287,COUNT_NOT_200,2021-04-12,2021,,,,,200,113,,,,CRITICAL,Replay intervals do not establish the historical expected security count on this NSE session.,UNRESOLVED,,member_count:2021-04-12:113
COUNT_NOT_200:2021-04-13:2288,COUNT_NOT_200,2021-04-13,2021,,,,,200,113,,,,CRITICAL,Replay intervals do not establish the historical expected security count on this NSE session.,UNRESOLVED,,member_count:2021-04-13:113
COUNT_NOT_200:2021-04-15:2289,COUNT_NOT_200,2021-04-15,2021,,,,,200,113,,,,CRITICAL,Replay intervals do not establish the historical expected security count on this NSE session.,UNRESOLVED,,member_count:2021-04-15:113
COUNT_NOT_200:2021-04-16:2290,COUNT_NOT_200,2021-04-16,2021,,,,,200,113,,,,CRITICAL,Replay intervals do not establish the historical expected security count on this NSE session.,UNRESOLVED,,member_count:2021-04-16:113
COUNT_NOT_200:2021-04-19:2291,COUNT_NOT_200,2021-04-19,2021,,,,,200,113,,,,CRITICAL,Replay intervals do not establish the historical expected security count on this NSE session.,UNRESOLVED,,member_count:2021-04-19:113
COUNT_NOT_200:2021-04-20:2292,COUNT_NOT_200,2021-04-20,2021,,,,,200,113,,,,CRITICAL,Replay intervals do not establish the historical expected security count on this NSE session.,UNRESOLVED,,member_count:2021-04-20:113
COUNT_NOT_200:2021-04-22:2293,COUNT_NOT_200,2021-04-22,2021,,,,,200,113,,,,CRITICAL,Replay intervals do not establish the historical expected security count on this NSE session.,UNRESOLVED,,member_count:2021-04-22:113
COUNT_NOT_200:2021-04-23:2294,COUNT_NOT_200,2021-04-23,2021,,,,,200,113,,,,CRITICAL,Replay intervals do not establish the historical expected security count on this NSE session.,UNRESOLVED,,member_count:2021-04-23:113
COUNT_NOT_200:2021-04-26:2295,COUNT_NOT_200,2021-04-26,2021,,,,,200,113,,,,CRITICAL,Replay intervals do not establish the historical expected security count on this NSE session.,UNRESOLVED,,member_count:2021-04-26:113
COUNT_NOT_200:2021-04-27:2296,COUNT_NOT_200,2021-04-27,2021,,,,,200,113,,,,CRITICAL,Replay intervals do not establish the historical expected security count on this NSE session.,UNRESOLVED,,member_count:2021-04-27:113
COUNT_NOT_200:2021-04-28:2297,COUNT_NOT_200,2021-04-28,2021,,,,,200,113,,,,CRITICAL,Replay intervals do not establish the historical expected security count on this NSE session.,UNRESOLVED,,member_count:2021-04-28:113
COUNT_NOT_200:2021-04-29:2298,COUNT_NOT_200,2021-04-29,2021,,,,,200,113,,,,CRITICAL,Replay intervals do not establish the historical expected security count on this NSE session.,UNRESOLVED,,member_count:2021-04-29:113
COUNT_NOT_200:2021-04-30:2299,COUNT_NOT_200,2021-04-30,2021,,,,,200,113,,,,CRITICAL,Replay intervals do not establish the historical expected security count on this NSE session.,UNRESOLVED,,member_count:2021-04-30:113
COUNT_NOT_200:2021-05-03:2300,COUNT_NOT_200,2021-05-03,2021,,,,,200,113,,,,CRITICAL,Replay intervals do not establish the historical expected security count on this NSE session.,UNRESOLVED,,member_count:2021-05-03:113
COUNT_NOT_200:2021-05-04:2301,COUNT_NOT_200,2021-05-04,2021,,,,,200,113,,,,CRITICAL,Replay intervals do not establish the historical expected security count on this NSE session.,UNRESOLVED,,member_count:2021-05-04:113
COUNT_NOT_200:2021-05-05:2302,COUNT_NOT_200,2021-05-05,2021,,,,,200,113,,,,CRITICAL,Replay intervals do not establish the historical expected security count on this NSE session.,UNRESOLVED,,member_count:2021-05-05:113
COUNT_NOT_200:2021-05-06:2303,COUNT_NOT_200,2021-05-06,2021,,,,,200,113,,,,CRITICAL,Replay intervals do not establish the historical expected security count on this NSE session.,UNRESOLVED,,member_count:2021-05-06:113
COUNT_NOT_200:2021-05-07:2304,COUNT_NOT_200,2021-05-07,2021,,,,,200,113,,,,CRITICAL,Replay intervals do not establish the historical expected security count on this NSE session.,UNRESOLVED,,member_count:2021-05-07:113
COUNT_NOT_200:2021-05-10:2305,COUNT_NOT_200,2021-05-10,2021,,,,,200,113,,,,CRITICAL,Replay intervals do not establish the historical expected security count on this NSE session.,UNRESOLVED,,member_count:2021-05-10:113
COUNT_NOT_200:2021-05-11:2306,COUNT_NOT_200,2021-05-11,2021,,,,,200,113,,,,CRITICAL,Replay intervals do not establish the historical expected security count on this NSE session.,UNRESOLVED,,member_count:2021-05-11:113
COUNT_NOT_200:2021-05-12:2307,COUNT_NOT_200,2021-05-12,2021,,,,,200,113,,,,CRITICAL,Replay intervals do not establish the historical expected security count on this NSE session.,UNRESOLVED,,member_count:2021-05-12:113
COUNT_NOT_200:2021-05-14:2308,COUNT_NOT_200,2021-05-14,2021,,,,,200,113,,,,CRITICAL,Replay intervals do not establish the historical expected security count on this NSE session.,UNRESOLVED,,member_count:2021-05-14:113
COUNT_NOT_200:2021-05-17:2309,COUNT_NOT_200,2021-05-17,2021,,,,,200,113,,,,CRITICAL,Replay intervals do not establish the historical expected security count on this NSE session.,UNRESOLVED,,member_count:2021-05-17:113
COUNT_NOT_200:2021-05-18:2310,COUNT_NOT_200,2021-05-18,2021,,,,,200,113,,,,CRITICAL,Replay intervals do not establish the historical expected security count on this NSE session.,UNRESOLVED,,member_count:2021-05-18:113
COUNT_NOT_200:2021-05-19:2311,COUNT_NOT_200,2021-05-19,2021,,,,,200,113,,,,CRITICAL,Replay intervals do not establish the historical expected security count on this NSE session.,UNRESOLVED,,member_count:2021-05-19:113
COUNT_NOT_200:2021-05-20:2312,COUNT_NOT_200,2021-05-20,2021,,,,,200,113,,,,CRITICAL,Replay intervals do not establish the historical expected security count on this NSE session.,UNRESOLVED,,member_count:2021-05-20:113
COUNT_NOT_200:2021-05-21:2313,COUNT_NOT_200,2021-05-21,2021,,,,,200,113,,,,CRITICAL,Replay intervals do not establish the historical expected security count on this NSE session.,UNRESOLVED,,member_count:2021-05-21:113
COUNT_NOT_200:2021-05-24:2314,COUNT_NOT_200,2021-05-24,2021,,,,,200,113,,,,CRITICAL,Replay intervals do not establish the historical expected security count on this NSE session.,UNRESOLVED,,member_count:2021-05-24:113
COUNT_NOT_200:2021-05-25:2315,COUNT_NOT_200,2021-05-25,2021,,,,,200,113,,,,CRITICAL,Replay intervals do not establish the historical expected security count on this NSE session.,UNRESOLVED,,member_count:2021-05-25:113
COUNT_NOT_200:2021-05-26:2316,COUNT_NOT_200,2021-05-26,2021,,,,,200,113,,,,CRITICAL,Replay intervals do not establish the historical expected security count on this NSE session.,UNRESOLVED,,member_count:2021-05-26:113
COUNT_NOT_200:2021-05-27:2317,COUNT_NOT_200,2021-05-27,2021,,,,,200,113,,,,CRITICAL,Replay intervals do not establish the historical expected security count on this NSE session.,UNRESOLVED,,member_count:2021-05-27:113
COUNT_NOT_200:2021-05-28:2318,COUNT_NOT_200,2021-05-28,2021,,,,,200,113,,,,CRITICAL,Replay intervals do not establish the historical expected security count on this NSE session.,UNRESOLVED,,member_count:2021-05-28:113
COUNT_NOT_200:2021-05-31:2319,COUNT_NOT_200,2021-05-31,2021,,,,,200,113,,,,CRITICAL,Replay intervals do not establish the historical expected security count on this NSE session.,UNRESOLVED,,member_count:2021-05-31:113
COUNT_NOT_200:2021-06-01:2320,COUNT_NOT_200,2021-06-01,2021,,,,,200,113,,,,CRITICAL,Replay intervals do not establish the historical expected security count on this NSE session.,UNRESOLVED,,member_count:2021-06-01:113
COUNT_NOT_200:2021-06-02:2321,COUNT_NOT_200,2021-06-02,2021,,,,,200,113,,,,CRITICAL,Replay intervals do not establish the historical expected security count on this NSE session.,UNRESOLVED,,member_count:2021-06-02:113
COUNT_NOT_200:2021-06-03:2322,COUNT_NOT_200,2021-06-03,2021,,,,,200,113,,,,CRITICAL,Replay intervals do not establish the historical expected security count on this NSE session.,UNRESOLVED,,member_count:2021-06-03:113
COUNT_NOT_200:2021-06-04:2323,COUNT_NOT_200,2021-06-04,2021,,,,,200,113,,,,CRITICAL,Replay intervals do not establish the historical expected security count on this NSE session.,UNRESOLVED,,member_count:2021-06-04:113
COUNT_NOT_200:2021-06-07:2324,COUNT_NOT_200,2021-06-07,2021,,,,,200,113,,,,CRITICAL,Replay intervals do not establish the historical expected security count on this NSE session.,UNRESOLVED,,member_count:2021-06-07:113
COUNT_NOT_200:2021-06-08:2325,COUNT_NOT_200,2021-06-08,2021,,,,,200,113,,,,CRITICAL,Replay intervals do not establish the historical expected security count on this NSE session.,UNRESOLVED,,member_count:2021-06-08:113
COUNT_NOT_200:2021-06-09:2326,COUNT_NOT_200,2021-06-09,2021,,,,,200,113,,,,CRITICAL,Replay intervals do not establish the historical expected security count on this NSE session.,UNRESOLVED,,member_count:2021-06-09:113
COUNT_NOT_200:2021-06-10:2327,COUNT_NOT_200,2021-06-10,2021,,,,,200,113,,,,CRITICAL,Replay intervals do not establish the historical expected security count on this NSE session.,UNRESOLVED,,member_count:2021-06-10:113
COUNT_NOT_200:2021-06-11:2328,COUNT_NOT_200,2021-06-11,2021,,,,,200,113,,,,CRITICAL,Replay intervals do not establish the historical expected security count on this NSE session.,UNRESOLVED,,member_count:2021-06-11:113
COUNT_NOT_200:2021-06-14:2329,COUNT_NOT_200,2021-06-14,2021,,,,,200,113,,,,CRITICAL,Replay intervals do not establish the historical expected security count on this NSE session.,UNRESOLVED,,member_count:2021-06-14:113
COUNT_NOT_200:2021-06-15:2330,COUNT_NOT_200,2021-06-15,2021,,,,,200,113,,,,CRITICAL,Replay intervals do not establish the historical expected security count on this NSE session.,UNRESOLVED,,member_count:2021-06-15:113
COUNT_NOT_200:2021-06-16:2331,COUNT_NOT_200,2021-06-16,2021,,,,,200,113,,,,CRITICAL,Replay intervals do not establish the historical expected security count on this NSE session.,UNRESOLVED,,member_count:2021-06-16:113
COUNT_NOT_200:2021-06-17:2332,COUNT_NOT_200,2021-06-17,2021,,,,,200,113,,,,CRITICAL,Replay intervals do not establish the historical expected security count on this NSE session.,UNRESOLVED,,member_count:2021-06-17:113
COUNT_NOT_200:2021-06-18:2333,COUNT_NOT_200,2021-06-18,2021,,,,,200,113,,,,CRITICAL,Replay intervals do not establish the historical expected security count on this NSE session.,UNRESOLVED,,member_count:2021-06-18:113
COUNT_NOT_200:2021-06-21:2334,COUNT_NOT_200,2021-06-21,2021,,,,,200,113,,,,CRITICAL,Replay intervals do not establish the historical expected security count on this NSE session.,UNRESOLVED,,member_count:2021-06-21:113
COUNT_NOT_200:2021-06-22:2335,COUNT_NOT_200,2021-06-22,2021,,,,,200,113,,,,CRITICAL,Replay intervals do not establish the historical expected security count on this NSE session.,UNRESOLVED,,member_count:2021-06-22:113
COUNT_NOT_200:2021-06-23:2336,COUNT_NOT_200,2021-06-23,2021,,,,,200,113,,,,CRITICAL,Replay intervals do not establish the historical expected security count on this NSE session.,UNRESOLVED,,member_count:2021-06-23:113
COUNT_NOT_200:2021-06-24:2337,COUNT_NOT_200,2021-06-24,2021,,,,,200,113,,,,CRITICAL,Replay intervals do not establish the historical expected security count on this NSE session.,UNRESOLVED,,member_count:2021-06-24:113
COUNT_NOT_200:2021-06-25:2338,COUNT_NOT_200,2021-06-25,2021,,,,,200,113,,,,CRITICAL,Replay intervals do not establish the historical expected security count on this NSE session.,UNRESOLVED,,member_count:2021-06-25:113
COUNT_NOT_200:2021-06-28:2339,COUNT_NOT_200,2021-06-28,2021,,,,,200,113,,,,CRITICAL,Replay intervals do not establish the historical expected security count on this NSE session.,UNRESOLVED,,member_count:2021-06-28:113
COUNT_NOT_200:2021-06-29:2340,COUNT_NOT_200,2021-06-29,2021,,,,,200,113,,,,CRITICAL,Replay intervals do not establish the historical expected security count on this NSE session.,UNRESOLVED,,member_count:2021-06-29:113
COUNT_NOT_200:2021-06-30:2341,COUNT_NOT_200,2021-06-30,2021,,,,,200,114,,,,CRITICAL,Replay intervals do not establish the historical expected security count on this NSE session.,UNRESOLVED,,member_count:2021-06-30:114
COUNT_NOT_200:2021-07-01:2342,COUNT_NOT_200,2021-07-01,2021,,,,,200,114,,,,CRITICAL,Replay intervals do not establish the historical expected security count on this NSE session.,UNRESOLVED,,member_count:2021-07-01:114
COUNT_NOT_200:2021-07-02:2343,COUNT_NOT_200,2021-07-02,2021,,,,,200,114,,,,CRITICAL,Replay intervals do not establish the historical expected security count on this NSE session.,UNRESOLVED,,member_count:2021-07-02:114
COUNT_NOT_200:2021-07-05:2344,COUNT_NOT_200,2021-07-05,2021,,,,,200,114,,,,CRITICAL,Replay intervals do not establish the historical expected security count on this NSE session.,UNRESOLVED,,member_count:2021-07-05:114
COUNT_NOT_200:2021-07-06:2345,COUNT_NOT_200,2021-07-06,2021,,,,,200,114,,,,CRITICAL,Replay intervals do not establish the historical expected security count on this NSE session.,UNRESOLVED,,member_count:2021-07-06:114
COUNT_NOT_200:2021-07-07:2346,COUNT_NOT_200,2021-07-07,2021,,,,,200,114,,,,CRITICAL,Replay intervals do not establish the historical expected security count on this NSE session.,UNRESOLVED,,member_count:2021-07-07:114
COUNT_NOT_200:2021-07-08:2347,COUNT_NOT_200,2021-07-08,2021,,,,,200,114,,,,CRITICAL,Replay intervals do not establish the historical expected security count on this NSE session.,UNRESOLVED,,member_count:2021-07-08:114
COUNT_NOT_200:2021-07-09:2348,COUNT_NOT_200,2021-07-09,2021,,,,,200,114,,,,CRITICAL,Replay intervals do not establish the historical expected security count on this NSE session.,UNRESOLVED,,member_count:2021-07-09:114
COUNT_NOT_200:2021-07-12:2349,COUNT_NOT_200,2021-07-12,2021,,,,,200,114,,,,CRITICAL,Replay intervals do not establish the historical expected security count on this NSE session.,UNRESOLVED,,member_count:2021-07-12:114
COUNT_NOT_200:2021-07-13:2350,COUNT_NOT_200,2021-07-13,2021,,,,,200,114,,,,CRITICAL,Replay intervals do not establish the historical expected security count on this NSE session.,UNRESOLVED,,member_count:2021-07-13:114
COUNT_NOT_200:2021-07-14:2351,COUNT_NOT_200,2021-07-14,2021,,,,,200,114,,,,CRITICAL,Replay intervals do not establish the historical expected security count on this NSE session.,UNRESOLVED,,member_count:2021-07-14:114
COUNT_NOT_200:2021-07-15:2352,COUNT_NOT_200,2021-07-15,2021,,,,,200,114,,,,CRITICAL,Replay intervals do not establish the historical expected security count on this NSE session.,UNRESOLVED,,member_count:2021-07-15:114
COUNT_NOT_200:2021-07-16:2353,COUNT_NOT_200,2021-07-16,2021,,,,,200,114,,,,CRITICAL,Replay intervals do not establish the historical expected security count on this NSE session.,UNRESOLVED,,member_count:2021-07-16:114
COUNT_NOT_200:2021-07-19:2354,COUNT_NOT_200,2021-07-19,2021,,,,,200,114,,,,CRITICAL,Replay intervals do not establish the historical expected security count on this NSE session.,UNRESOLVED,,member_count:2021-07-19:114
COUNT_NOT_200:2021-07-20:2355,COUNT_NOT_200,2021-07-20,2021,,,,,200,114,,,,CRITICAL,Replay intervals do not establish the historical expected security count on this NSE session.,UNRESOLVED,,member_count:2021-07-20:114
COUNT_NOT_200:2021-07-22:2356,COUNT_NOT_200,2021-07-22,2021,,,,,200,114,,,,CRITICAL,Replay intervals do not establish the historical expected security count on this NSE session.,UNRESOLVED,,member_count:2021-07-22:114
COUNT_NOT_200:2021-07-23:2357,COUNT_NOT_200,2021-07-23,2021,,,,,200,114,,,,CRITICAL,Replay intervals do not establish the historical expected security count on this NSE session.,UNRESOLVED,,member_count:2021-07-23:114
COUNT_NOT_200:2021-07-26:2358,COUNT_NOT_200,2021-07-26,2021,,,,,200,114,,,,CRITICAL,Replay intervals do not establish the historical expected security count on this NSE session.,UNRESOLVED,,member_count:2021-07-26:114
COUNT_NOT_200:2021-07-27:2359,COUNT_NOT_200,2021-07-27,2021,,,,,200,114,,,,CRITICAL,Replay intervals do not establish the historical expected security count on this NSE session.,UNRESOLVED,,member_count:2021-07-27:114
COUNT_NOT_200:2021-07-28:2360,COUNT_NOT_200,2021-07-28,2021,,,,,200,114,,,,CRITICAL,Replay intervals do not establish the historical expected security count on this NSE session.,UNRESOLVED,,member_count:2021-07-28:114
COUNT_NOT_200:2021-07-29:2361,COUNT_NOT_200,2021-07-29,2021,,,,,200,114,,,,CRITICAL,Replay intervals do not establish the historical expected security count on this NSE session.,UNRESOLVED,,member_count:2021-07-29:114
COUNT_NOT_200:2021-07-30:2362,COUNT_NOT_200,2021-07-30,2021,,,,,200,114,,,,CRITICAL,Replay intervals do not establish the historical expected security count on this NSE session.,UNRESOLVED,,member_count:2021-07-30:114
COUNT_NOT_200:2021-08-02:2363,COUNT_NOT_200,2021-08-02,2021,,,,,200,114,,,,CRITICAL,Replay intervals do not establish the historical expected security count on this NSE session.,UNRESOLVED,,member_count:2021-08-02:114
COUNT_NOT_200:2021-08-03:2364,COUNT_NOT_200,2021-08-03,2021,,,,,200,114,,,,CRITICAL,Replay intervals do not establish the historical expected security count on this NSE session.,UNRESOLVED,,member_count:2021-08-03:114
COUNT_NOT_200:2021-08-04:2365,COUNT_NOT_200,2021-08-04,2021,,,,,200,114,,,,CRITICAL,Replay intervals do not establish the historical expected security count on this NSE session.,UNRESOLVED,,member_count:2021-08-04:114
COUNT_NOT_200:2021-08-05:2366,COUNT_NOT_200,2021-08-05,2021,,,,,200,114,,,,CRITICAL,Replay intervals do not establish the historical expected security count on this NSE session.,UNRESOLVED,,member_count:2021-08-05:114
COUNT_NOT_200:2021-08-06:2367,COUNT_NOT_200,2021-08-06,2021,,,,,200,114,,,,CRITICAL,Replay intervals do not establish the historical expected security count on this NSE session.,UNRESOLVED,,member_count:2021-08-06:114
COUNT_NOT_200:2021-08-09:2368,COUNT_NOT_200,2021-08-09,2021,,,,,200,114,,,,CRITICAL,Replay intervals do not establish the historical expected security count on this NSE session.,UNRESOLVED,,member_count:2021-08-09:114
COUNT_NOT_200:2021-08-10:2369,COUNT_NOT_200,2021-08-10,2021,,,,,200,114,,,,CRITICAL,Replay intervals do not establish the historical expected security count on this NSE session.,UNRESOLVED,,member_count:2021-08-10:114
COUNT_NOT_200:2021-08-11:2370,COUNT_NOT_200,2021-08-11,2021,,,,,200,114,,,,CRITICAL,Replay intervals do not establish the historical expected security count on this NSE session.,UNRESOLVED,,member_count:2021-08-11:114
COUNT_NOT_200:2021-08-12:2371,COUNT_NOT_200,2021-08-12,2021,,,,,200,114,,,,CRITICAL,Replay intervals do not establish the historical expected security count on this NSE session.,UNRESOLVED,,member_count:2021-08-12:114
COUNT_NOT_200:2021-08-13:2372,COUNT_NOT_200,2021-08-13,2021,,,,,200,114,,,,CRITICAL,Replay intervals do not establish the historical expected security count on this NSE session.,UNRESOLVED,,member_count:2021-08-13:114
COUNT_NOT_200:2021-08-16:2373,COUNT_NOT_200,2021-08-16,2021,,,,,200,114,,,,CRITICAL,Replay intervals do not establish the historical expected security count on this NSE session.,UNRESOLVED,,member_count:2021-08-16:114
COUNT_NOT_200:2021-08-17:2374,COUNT_NOT_200,2021-08-17,2021,,,,,200,114,,,,CRITICAL,Replay intervals do not establish the historical expected security count on this NSE session.,UNRESOLVED,,member_count:2021-08-17:114
COUNT_NOT_200:2021-08-18:2375,COUNT_NOT_200,2021-08-18,2021,,,,,200,114,,,,CRITICAL,Replay intervals do not establish the historical expected security count on this NSE session.,UNRESOLVED,,member_count:2021-08-18:114
COUNT_NOT_200:2021-08-20:2376,COUNT_NOT_200,2021-08-20,2021,,,,,200,114,,,,CRITICAL,Replay intervals do not establish the historical expected security count on this NSE session.,UNRESOLVED,,member_count:2021-08-20:114
COUNT_NOT_200:2021-08-23:2377,COUNT_NOT_200,2021-08-23,2021,,,,,200,114,,,,CRITICAL,Replay intervals do not establish the historical expected security count on this NSE session.,UNRESOLVED,,member_count:2021-08-23:114
COUNT_NOT_200:2021-08-24:2378,COUNT_NOT_200,2021-08-24,2021,,,,,200,114,,,,CRITICAL,Replay intervals do not establish the historical expected security count on this NSE session.,UNRESOLVED,,member_count:2021-08-24:114
COUNT_NOT_200:2021-08-25:2379,COUNT_NOT_200,2021-08-25,2021,,,,,200,114,,,,CRITICAL,Replay intervals do not establish the historical expected security count on this NSE session.,UNRESOLVED,,member_count:2021-08-25:114
COUNT_NOT_200:2021-08-26:2380,COUNT_NOT_200,2021-08-26,2021,,,,,200,114,,,,CRITICAL,Replay intervals do not establish the historical expected security count on this NSE session.,UNRESOLVED,,member_count:2021-08-26:114
COUNT_NOT_200:2021-08-27:2381,COUNT_NOT_200,2021-08-27,2021,,,,,200,114,,,,CRITICAL,Replay intervals do not establish the historical expected security count on this NSE session.,UNRESOLVED,,member_count:2021-08-27:114
COUNT_NOT_200:2021-08-30:2382,COUNT_NOT_200,2021-08-30,2021,,,,,200,114,,,,CRITICAL,Replay intervals do not establish the historical expected security count on this NSE session.,UNRESOLVED,,member_count:2021-08-30:114
COUNT_NOT_200:2021-08-31:2383,COUNT_NOT_200,2021-08-31,2021,,,,,200,114,,,,CRITICAL,Replay intervals do not establish the historical expected security count on this NSE session.,UNRESOLVED,,member_count:2021-08-31:114
COUNT_NOT_200:2021-09-01:2384,COUNT_NOT_200,2021-09-01,2021,,,,,200,114,,,,CRITICAL,Replay intervals do not establish the historical expected security count on this NSE session.,UNRESOLVED,,member_count:2021-09-01:114
COUNT_NOT_200:2021-09-02:2385,COUNT_NOT_200,2021-09-02,2021,,,,,200,114,,,,CRITICAL,Replay intervals do not establish the historical expected security count on this NSE session.,UNRESOLVED,,member_count:2021-09-02:114
COUNT_NOT_200:2021-09-03:2386,COUNT_NOT_200,2021-09-03,2021,,,,,200,114,,,,CRITICAL,Replay intervals do not establish the historical expected security count on this NSE session.,UNRESOLVED,,member_count:2021-09-03:114
COUNT_NOT_200:2021-09-06:2387,COUNT_NOT_200,2021-09-06,2021,,,,,200,114,,,,CRITICAL,Replay intervals do not establish the historical expected security count on this NSE session.,UNRESOLVED,,member_count:2021-09-06:114
COUNT_NOT_200:2021-09-07:2388,COUNT_NOT_200,2021-09-07,2021,,,,,200,114,,,,CRITICAL,Replay intervals do not establish the historical expected security count on this NSE session.,UNRESOLVED,,member_count:2021-09-07:114
COUNT_NOT_200:2021-09-08:2389,COUNT_NOT_200,2021-09-08,2021,,,,,200,114,,,,CRITICAL,Replay intervals do not establish the historical expected security count on this NSE session.,UNRESOLVED,,member_count:2021-09-08:114
COUNT_NOT_200:2021-09-09:2390,COUNT_NOT_200,2021-09-09,2021,,,,,200,114,,,,CRITICAL,Replay intervals do not establish the historical expected security count on this NSE session.,UNRESOLVED,,member_count:2021-09-09:114
COUNT_NOT_200:2021-09-13:2391,COUNT_NOT_200,2021-09-13,2021,,,,,200,114,,,,CRITICAL,Replay intervals do not establish the historical expected security count on this NSE session.,UNRESOLVED,,member_count:2021-09-13:114
COUNT_NOT_200:2021-09-14:2392,COUNT_NOT_200,2021-09-14,2021,,,,,200,114,,,,CRITICAL,Replay intervals do not establish the historical expected security count on this NSE session.,UNRESOLVED,,member_count:2021-09-14:114
COUNT_NOT_200:2021-09-15:2393,COUNT_NOT_200,2021-09-15,2021,,,,,200,114,,,,CRITICAL,Replay intervals do not establish the historical expected security count on this NSE session.,UNRESOLVED,,member_count:2021-09-15:114
COUNT_NOT_200:2021-09-16:2394,COUNT_NOT_200,2021-09-16,2021,,,,,200,114,,,,CRITICAL,Replay intervals do not establish the historical expected security count on this NSE session.,UNRESOLVED,,member_count:2021-09-16:114
COUNT_NOT_200:2021-09-17:2395,COUNT_NOT_200,2021-09-17,2021,,,,,200,114,,,,CRITICAL,Replay intervals do not establish the historical expected security count on this NSE session.,UNRESOLVED,,member_count:2021-09-17:114
COUNT_NOT_200:2021-09-20:2396,COUNT_NOT_200,2021-09-20,2021,,,,,200,114,,,,CRITICAL,Replay intervals do not establish the historical expected security count on this NSE session.,UNRESOLVED,,member_count:2021-09-20:114
COUNT_NOT_200:2021-09-21:2397,COUNT_NOT_200,2021-09-21,2021,,,,,200,114,,,,CRITICAL,Replay intervals do not establish the historical expected security count on this NSE session.,UNRESOLVED,,member_count:2021-09-21:114
COUNT_NOT_200:2021-09-22:2398,COUNT_NOT_200,2021-09-22,2021,,,,,200,114,,,,CRITICAL,Replay intervals do not establish the historical expected security count on this NSE session.,UNRESOLVED,,member_count:2021-09-22:114
COUNT_NOT_200:2021-09-23:2399,COUNT_NOT_200,2021-09-23,2021,,,,,200,114,,,,CRITICAL,Replay intervals do not establish the historical expected security count on this NSE session.,UNRESOLVED,,member_count:2021-09-23:114
COUNT_NOT_200:2021-09-24:2400,COUNT_NOT_200,2021-09-24,2021,,,,,200,114,,,,CRITICAL,Replay intervals do not establish the historical expected security count on this NSE session.,UNRESOLVED,,member_count:2021-09-24:114
COUNT_NOT_200:2021-09-27:2401,COUNT_NOT_200,2021-09-27,2021,,,,,200,114,,,,CRITICAL,Replay intervals do not establish the historical expected security count on this NSE session.,UNRESOLVED,,member_count:2021-09-27:114
COUNT_NOT_200:2021-09-28:2402,COUNT_NOT_200,2021-09-28,2021,,,,,200,114,,,,CRITICAL,Replay intervals do not establish the historical expected security count on this NSE session.,UNRESOLVED,,member_count:2021-09-28:114
COUNT_NOT_200:2021-09-29:2403,COUNT_NOT_200,2021-09-29,2021,,,,,200,114,,,,CRITICAL,Replay intervals do not establish the historical expected security count on this NSE session.,UNRESOLVED,,member_count:2021-09-29:114
COUNT_NOT_200:2021-09-30:2404,COUNT_NOT_200,2021-09-30,2021,,,,,200,114,,,,CRITICAL,Replay intervals do not establish the historical expected security count on this NSE session.,UNRESOLVED,,member_count:2021-09-30:114
COUNT_NOT_200:2021-10-01:2405,COUNT_NOT_200,2021-10-01,2021,,,,,200,114,,,,CRITICAL,Replay intervals do not establish the historical expected security count on this NSE session.,UNRESOLVED,,member_count:2021-10-01:114
COUNT_NOT_200:2021-10-04:2406,COUNT_NOT_200,2021-10-04,2021,,,,,200,114,,,,CRITICAL,Replay intervals do not establish the historical expected security count on this NSE session.,UNRESOLVED,,member_count:2021-10-04:114
COUNT_NOT_200:2021-10-05:2407,COUNT_NOT_200,2021-10-05,2021,,,,,200,114,,,,CRITICAL,Replay intervals do not establish the historical expected security count on this NSE session.,UNRESOLVED,,member_count:2021-10-05:114
COUNT_NOT_200:2021-10-06:2408,COUNT_NOT_200,2021-10-06,2021,,,,,200,114,,,,CRITICAL,Replay intervals do not establish the historical expected security count on this NSE session.,UNRESOLVED,,member_count:2021-10-06:114
COUNT_NOT_200:2021-10-07:2409,COUNT_NOT_200,2021-10-07,2021,,,,,200,114,,,,CRITICAL,Replay intervals do not establish the historical expected security count on this NSE session.,UNRESOLVED,,member_count:2021-10-07:114
COUNT_NOT_200:2021-10-08:2410,COUNT_NOT_200,2021-10-08,2021,,,,,200,114,,,,CRITICAL,Replay intervals do not establish the historical expected security count on this NSE session.,UNRESOLVED,,member_count:2021-10-08:114
COUNT_NOT_200:2021-10-11:2411,COUNT_NOT_200,2021-10-11,2021,,,,,200,114,,,,CRITICAL,Replay intervals do not establish the historical expected security count on this NSE session.,UNRESOLVED,,member_count:2021-10-11:114
COUNT_NOT_200:2021-10-12:2412,COUNT_NOT_200,2021-10-12,2021,,,,,200,114,,,,CRITICAL,Replay intervals do not establish the historical expected security count on this NSE session.,UNRESOLVED,,member_count:2021-10-12:114
COUNT_NOT_200:2021-10-13:2413,COUNT_NOT_200,2021-10-13,2021,,,,,200,114,,,,CRITICAL,Replay intervals do not establish the historical expected security count on this NSE session.,UNRESOLVED,,member_count:2021-10-13:114
COUNT_NOT_200:2021-10-14:2414,COUNT_NOT_200,2021-10-14,2021,,,,,200,114,,,,CRITICAL,Replay intervals do not establish the historical expected security count on this NSE session.,UNRESOLVED,,member_count:2021-10-14:114
COUNT_NOT_200:2021-10-18:2415,COUNT_NOT_200,2021-10-18,2021,,,,,200,114,,,,CRITICAL,Replay intervals do not establish the historical expected security count on this NSE session.,UNRESOLVED,,member_count:2021-10-18:114
COUNT_NOT_200:2021-10-19:2416,COUNT_NOT_200,2021-10-19,2021,,,,,200,114,,,,CRITICAL,Replay intervals do not establish the historical expected security count on this NSE session.,UNRESOLVED,,member_count:2021-10-19:114
COUNT_NOT_200:2021-10-20:2417,COUNT_NOT_200,2021-10-20,2021,,,,,200,114,,,,CRITICAL,Replay intervals do not establish the historical expected security count on this NSE session.,UNRESOLVED,,member_count:2021-10-20:114
COUNT_NOT_200:2021-10-21:2418,COUNT_NOT_200,2021-10-21,2021,,,,,200,114,,,,CRITICAL,Replay intervals do not establish the historical expected security count on this NSE session.,UNRESOLVED,,member_count:2021-10-21:114
COUNT_NOT_200:2021-10-22:2419,COUNT_NOT_200,2021-10-22,2021,,,,,200,114,,,,CRITICAL,Replay intervals do not establish the historical expected security count on this NSE session.,UNRESOLVED,,member_count:2021-10-22:114
COUNT_NOT_200:2021-10-25:2420,COUNT_NOT_200,2021-10-25,2021,,,,,200,114,,,,CRITICAL,Replay intervals do not establish the historical expected security count on this NSE session.,UNRESOLVED,,member_count:2021-10-25:114
COUNT_NOT_200:2021-10-26:2421,COUNT_NOT_200,2021-10-26,2021,,,,,200,114,,,,CRITICAL,Replay intervals do not establish the historical expected security count on this NSE session.,UNRESOLVED,,member_count:2021-10-26:114
COUNT_NOT_200:2021-10-27:2422,COUNT_NOT_200,2021-10-27,2021,,,,,200,114,,,,CRITICAL,Replay intervals do not establish the historical expected security count on this NSE session.,UNRESOLVED,,member_count:2021-10-27:114
COUNT_NOT_200:2021-10-28:2423,COUNT_NOT_200,2021-10-28,2021,,,,,200,114,,,,CRITICAL,Replay intervals do not establish the historical expected security count on this NSE session.,UNRESOLVED,,member_count:2021-10-28:114
COUNT_NOT_200:2021-10-29:2424,COUNT_NOT_200,2021-10-29,2021,,,,,200,115,,,,CRITICAL,Replay intervals do not establish the historical expected security count on this NSE session.,UNRESOLVED,,member_count:2021-10-29:115
COUNT_NOT_200:2021-11-01:2425,COUNT_NOT_200,2021-11-01,2021,,,,,200,115,,,,CRITICAL,Replay intervals do not establish the historical expected security count on this NSE session.,UNRESOLVED,,member_count:2021-11-01:115
COUNT_NOT_200:2021-11-02:2426,COUNT_NOT_200,2021-11-02,2021,,,,,200,115,,,,CRITICAL,Replay intervals do not establish the historical expected security count on this NSE session.,UNRESOLVED,,member_count:2021-11-02:115
COUNT_NOT_200:2021-11-03:2427,COUNT_NOT_200,2021-11-03,2021,,,,,200,115,,,,CRITICAL,Replay intervals do not establish the historical expected security count on this NSE session.,UNRESOLVED,,member_count:2021-11-03:115
COUNT_NOT_200:2021-11-08:2428,COUNT_NOT_200,2021-11-08,2021,,,,,200,115,,,,CRITICAL,Replay intervals do not establish the historical expected security count on this NSE session.,UNRESOLVED,,member_count:2021-11-08:115
COUNT_NOT_200:2021-11-09:2429,COUNT_NOT_200,2021-11-09,2021,,,,,200,115,,,,CRITICAL,Replay intervals do not establish the historical expected security count on this NSE session.,UNRESOLVED,,member_count:2021-11-09:115
COUNT_NOT_200:2021-11-10:2430,COUNT_NOT_200,2021-11-10,2021,,,,,200,115,,,,CRITICAL,Replay intervals do not establish the historical expected security count on this NSE session.,UNRESOLVED,,member_count:2021-11-10:115
COUNT_NOT_200:2021-11-11:2431,COUNT_NOT_200,2021-11-11,2021,,,,,200,115,,,,CRITICAL,Replay intervals do not establish the historical expected security count on this NSE session.,UNRESOLVED,,member_count:2021-11-11:115
COUNT_NOT_200:2021-11-12:2432,COUNT_NOT_200,2021-11-12,2021,,,,,200,115,,,,CRITICAL,Replay intervals do not establish the historical expected security count on this NSE session.,UNRESOLVED,,member_count:2021-11-12:115
COUNT_NOT_200:2021-11-15:2433,COUNT_NOT_200,2021-11-15,2021,,,,,200,115,,,,CRITICAL,Replay intervals do not establish the historical expected security count on this NSE session.,UNRESOLVED,,member_count:2021-11-15:115
COUNT_NOT_200:2021-11-16:2434,COUNT_NOT_200,2021-11-16,2021,,,,,200,115,,,,CRITICAL,Replay intervals do not establish the historical expected security count on this NSE session.,UNRESOLVED,,member_count:2021-11-16:115
COUNT_NOT_200:2021-11-17:2435,COUNT_NOT_200,2021-11-17,2021,,,,,200,115,,,,CRITICAL,Replay intervals do not establish the historical expected security count on this NSE session.,UNRESOLVED,,member_count:2021-11-17:115
COUNT_NOT_200:2021-11-18:2436,COUNT_NOT_200,2021-11-18,2021,,,,,200,115,,,,CRITICAL,Replay intervals do not establish the historical expected security count on this NSE session.,UNRESOLVED,,member_count:2021-11-18:115
COUNT_NOT_200:2021-11-22:2437,COUNT_NOT_200,2021-11-22,2021,,,,,200,115,,,,CRITICAL,Replay intervals do not establish the historical expected security count on this NSE session.,UNRESOLVED,,member_count:2021-11-22:115
COUNT_NOT_200:2021-11-23:2438,COUNT_NOT_200,2021-11-23,2021,,,,,200,115,,,,CRITICAL,Replay intervals do not establish the historical expected security count on this NSE session.,UNRESOLVED,,member_count:2021-11-23:115
COUNT_NOT_200:2021-11-24:2439,COUNT_NOT_200,2021-11-24,2021,,,,,200,115,,,,CRITICAL,Replay intervals do not establish the historical expected security count on this NSE session.,UNRESOLVED,,member_count:2021-11-24:115
COUNT_NOT_200:2021-11-25:2440,COUNT_NOT_200,2021-11-25,2021,,,,,200,115,,,,CRITICAL,Replay intervals do not establish the historical expected security count on this NSE session.,UNRESOLVED,,member_count:2021-11-25:115
COUNT_NOT_200:2021-11-26:2441,COUNT_NOT_200,2021-11-26,2021,,,,,200,115,,,,CRITICAL,Replay intervals do not establish the historical expected security count on this NSE session.,UNRESOLVED,,member_count:2021-11-26:115
COUNT_NOT_200:2021-11-29:2442,COUNT_NOT_200,2021-11-29,2021,,,,,200,115,,,,CRITICAL,Replay intervals do not establish the historical expected security count on this NSE session.,UNRESOLVED,,member_count:2021-11-29:115
COUNT_NOT_200:2021-11-30:2443,COUNT_NOT_200,2021-11-30,2021,,,,,200,115,,,,CRITICAL,Replay intervals do not establish the historical expected security count on this NSE session.,UNRESOLVED,,member_count:2021-11-30:115
COUNT_NOT_200:2021-12-01:2444,COUNT_NOT_200,2021-12-01,2021,,,,,200,115,,,,CRITICAL,Replay intervals do not establish the historical expected security count on this NSE session.,UNRESOLVED,,member_count:2021-12-01:115
COUNT_NOT_200:2021-12-02:2445,COUNT_NOT_200,2021-12-02,2021,,,,,200,115,,,,CRITICAL,Replay intervals do not establish the historical expected security count on this NSE session.,UNRESOLVED,,member_count:2021-12-02:115
COUNT_NOT_200:2021-12-03:2446,COUNT_NOT_200,2021-12-03,2021,,,,,200,115,,,,CRITICAL,Replay intervals do not establish the historical expected security count on this NSE session.,UNRESOLVED,,member_count:2021-12-03:115
COUNT_NOT_200:2021-12-06:2447,COUNT_NOT_200,2021-12-06,2021,,,,,200,115,,,,CRITICAL,Replay intervals do not establish the historical expected security count on this NSE session.,UNRESOLVED,,member_count:2021-12-06:115
COUNT_NOT_200:2021-12-07:2448,COUNT_NOT_200,2021-12-07,2021,,,,,200,115,,,,CRITICAL,Replay intervals do not establish the historical expected security count on this NSE session.,UNRESOLVED,,member_count:2021-12-07:115
COUNT_NOT_200:2021-12-08:2449,COUNT_NOT_200,2021-12-08,2021,,,,,200,115,,,,CRITICAL,Replay intervals do not establish the historical expected security count on this NSE session.,UNRESOLVED,,member_count:2021-12-08:115
COUNT_NOT_200:2021-12-09:2450,COUNT_NOT_200,2021-12-09,2021,,,,,200,115,,,,CRITICAL,Replay intervals do not establish the historical expected security count on this NSE session.,UNRESOLVED,,member_count:2021-12-09:115
COUNT_NOT_200:2021-12-10:2451,COUNT_NOT_200,2021-12-10,2021,,,,,200,115,,,,CRITICAL,Replay intervals do not establish the historical expected security count on this NSE session.,UNRESOLVED,,member_count:2021-12-10:115
COUNT_NOT_200:2021-12-13:2452,COUNT_NOT_200,2021-12-13,2021,,,,,200,115,,,,CRITICAL,Replay intervals do not establish the historical expected security count on this NSE session.,UNRESOLVED,,member_count:2021-12-13:115
COUNT_NOT_200:2021-12-14:2453,COUNT_NOT_200,2021-12-14,2021,,,,,200,115,,,,CRITICAL,Replay intervals do not establish the historical expected security count on this NSE session.,UNRESOLVED,,member_count:2021-12-14:115
COUNT_NOT_200:2021-12-15:2454,COUNT_NOT_200,2021-12-15,2021,,,,,200,115,,,,CRITICAL,Replay intervals do not establish the historical expected security count on this NSE session.,UNRESOLVED,,member_count:2021-12-15:115
COUNT_NOT_200:2021-12-16:2455,COUNT_NOT_200,2021-12-16,2021,,,,,200,115,,,,CRITICAL,Replay intervals do not establish the historical expected security count on this NSE session.,UNRESOLVED,,member_count:2021-12-16:115
COUNT_NOT_200:2021-12-17:2456,COUNT_NOT_200,2021-12-17,2021,,,,,200,115,,,,CRITICAL,Replay intervals do not establish the historical expected security count on this NSE session.,UNRESOLVED,,member_count:2021-12-17:115
COUNT_NOT_200:2021-12-20:2457,COUNT_NOT_200,2021-12-20,2021,,,,,200,115,,,,CRITICAL,Replay intervals do not establish the historical expected security count on this NSE session.,UNRESOLVED,,member_count:2021-12-20:115
COUNT_NOT_200:2021-12-21:2458,COUNT_NOT_200,2021-12-21,2021,,,,,200,115,,,,CRITICAL,Replay intervals do not establish the historical expected security count on this NSE session.,UNRESOLVED,,member_count:2021-12-21:115
COUNT_NOT_200:2021-12-22:2459,COUNT_NOT_200,2021-12-22,2021,,,,,200,115,,,,CRITICAL,Replay intervals do not establish the historical expected security count on this NSE session.,UNRESOLVED,,member_count:2021-12-22:115
COUNT_NOT_200:2021-12-23:2460,COUNT_NOT_200,2021-12-23,2021,,,,,200,115,,,,CRITICAL,Replay intervals do not establish the historical expected security count on this NSE session.,UNRESOLVED,,member_count:2021-12-23:115
COUNT_NOT_200:2021-12-24:2461,COUNT_NOT_200,2021-12-24,2021,,,,,200,115,,,,CRITICAL,Replay intervals do not establish the historical expected security count on this NSE session.,UNRESOLVED,,member_count:2021-12-24:115
COUNT_NOT_200:2021-12-27:2462,COUNT_NOT_200,2021-12-27,2021,,,,,200,115,,,,CRITICAL,Replay intervals do not establish the historical expected security count on this NSE session.,UNRESOLVED,,member_count:2021-12-27:115
COUNT_NOT_200:2021-12-28:2463,COUNT_NOT_200,2021-12-28,2021,,,,,200,115,,,,CRITICAL,Replay intervals do not establish the historical expected security count on this NSE session.,UNRESOLVED,,member_count:2021-12-28:115
COUNT_NOT_200:2021-12-29:2464,COUNT_NOT_200,2021-12-29,2021,,,,,200,115,,,,CRITICAL,Replay intervals do not establish the historical expected security count on this NSE session.,UNRESOLVED,,member_count:2021-12-29:115
COUNT_NOT_200:2021-12-30:2465,COUNT_NOT_200,2021-12-30,2021,,,,,200,115,,,,CRITICAL,Replay intervals do not establish the historical expected security count on this NSE session.,UNRESOLVED,,member_count:2021-12-30:115
COUNT_NOT_200:2021-12-31:2466,COUNT_NOT_200,2021-12-31,2021,,,,,200,115,,,,CRITICAL,Replay intervals do not establish the historical expected security count on this NSE session.,UNRESOLVED,,member_count:2021-12-31:115
COUNT_NOT_200:2022-01-03:2467,COUNT_NOT_200,2022-01-03,2022,,,,,200,115,,,,CRITICAL,Replay intervals do not establish the historical expected security count on this NSE session.,UNRESOLVED,,member_count:2022-01-03:115
COUNT_NOT_200:2022-01-04:2468,COUNT_NOT_200,2022-01-04,2022,,,,,200,115,,,,CRITICAL,Replay intervals do not establish the historical expected security count on this NSE session.,UNRESOLVED,,member_count:2022-01-04:115
COUNT_NOT_200:2022-01-05:2469,COUNT_NOT_200,2022-01-05,2022,,,,,200,115,,,,CRITICAL,Replay intervals do not establish the historical expected security count on this NSE session.,UNRESOLVED,,member_count:2022-01-05:115
COUNT_NOT_200:2022-01-06:2470,COUNT_NOT_200,2022-01-06,2022,,,,,200,115,,,,CRITICAL,Replay intervals do not establish the historical expected security count on this NSE session.,UNRESOLVED,,member_count:2022-01-06:115
COUNT_NOT_200:2022-01-07:2471,COUNT_NOT_200,2022-01-07,2022,,,,,200,115,,,,CRITICAL,Replay intervals do not establish the historical expected security count on this NSE session.,UNRESOLVED,,member_count:2022-01-07:115
COUNT_NOT_200:2022-01-10:2472,COUNT_NOT_200,2022-01-10,2022,,,,,200,115,,,,CRITICAL,Replay intervals do not establish the historical expected security count on this NSE session.,UNRESOLVED,,member_count:2022-01-10:115
COUNT_NOT_200:2022-01-11:2473,COUNT_NOT_200,2022-01-11,2022,,,,,200,115,,,,CRITICAL,Replay intervals do not establish the historical expected security count on this NSE session.,UNRESOLVED,,member_count:2022-01-11:115
COUNT_NOT_200:2022-01-12:2474,COUNT_NOT_200,2022-01-12,2022,,,,,200,115,,,,CRITICAL,Replay intervals do not establish the historical expected security count on this NSE session.,UNRESOLVED,,member_count:2022-01-12:115
COUNT_NOT_200:2022-01-13:2475,COUNT_NOT_200,2022-01-13,2022,,,,,200,115,,,,CRITICAL,Replay intervals do not establish the historical expected security count on this NSE session.,UNRESOLVED,,member_count:2022-01-13:115
COUNT_NOT_200:2022-01-14:2476,COUNT_NOT_200,2022-01-14,2022,,,,,200,115,,,,CRITICAL,Replay intervals do not establish the historical expected security count on this NSE session.,UNRESOLVED,,member_count:2022-01-14:115
COUNT_NOT_200:2022-01-17:2477,COUNT_NOT_200,2022-01-17,2022,,,,,200,115,,,,CRITICAL,Replay intervals do not establish the historical expected security count on this NSE session.,UNRESOLVED,,member_count:2022-01-17:115
COUNT_NOT_200:2022-01-18:2478,COUNT_NOT_200,2022-01-18,2022,,,,,200,115,,,,CRITICAL,Replay intervals do not establish the historical expected security count on this NSE session.,UNRESOLVED,,member_count:2022-01-18:115
COUNT_NOT_200:2022-01-19:2479,COUNT_NOT_200,2022-01-19,2022,,,,,200,115,,,,CRITICAL,Replay intervals do not establish the historical expected security count on this NSE session.,UNRESOLVED,,member_count:2022-01-19:115
COUNT_NOT_200:2022-01-20:2480,COUNT_NOT_200,2022-01-20,2022,,,,,200,115,,,,CRITICAL,Replay intervals do not establish the historical expected security count on this NSE session.,UNRESOLVED,,member_count:2022-01-20:115
COUNT_NOT_200:2022-01-21:2481,COUNT_NOT_200,2022-01-21,2022,,,,,200,115,,,,CRITICAL,Replay intervals do not establish the historical expected security count on this NSE session.,UNRESOLVED,,member_count:2022-01-21:115
COUNT_NOT_200:2022-01-24:2482,COUNT_NOT_200,2022-01-24,2022,,,,,200,115,,,,CRITICAL,Replay intervals do not establish the historical expected security count on this NSE session.,UNRESOLVED,,member_count:2022-01-24:115
COUNT_NOT_200:2022-01-25:2483,COUNT_NOT_200,2022-01-25,2022,,,,,200,115,,,,CRITICAL,Replay intervals do not establish the historical expected security count on this NSE session.,UNRESOLVED,,member_count:2022-01-25:115
COUNT_NOT_200:2022-01-27:2484,COUNT_NOT_200,2022-01-27,2022,,,,,200,115,,,,CRITICAL,Replay intervals do not establish the historical expected security count on this NSE session.,UNRESOLVED,,member_count:2022-01-27:115
COUNT_NOT_200:2022-01-28:2485,COUNT_NOT_200,2022-01-28,2022,,,,,200,115,,,,CRITICAL,Replay intervals do not establish the historical expected security count on this NSE session.,UNRESOLVED,,member_count:2022-01-28:115
COUNT_NOT_200:2022-01-31:2486,COUNT_NOT_200,2022-01-31,2022,,,,,200,115,,,,CRITICAL,Replay intervals do not establish the historical expected security count on this NSE session.,UNRESOLVED,,member_count:2022-01-31:115
COUNT_NOT_200:2022-02-01:2487,COUNT_NOT_200,2022-02-01,2022,,,,,200,115,,,,CRITICAL,Replay intervals do not establish the historical expected security count on this NSE session.,UNRESOLVED,,member_count:2022-02-01:115
COUNT_NOT_200:2022-02-02:2488,COUNT_NOT_200,2022-02-02,2022,,,,,200,115,,,,CRITICAL,Replay intervals do not establish the historical expected security count on this NSE session.,UNRESOLVED,,member_count:2022-02-02:115
COUNT_NOT_200:2022-02-03:2489,COUNT_NOT_200,2022-02-03,2022,,,,,200,115,,,,CRITICAL,Replay intervals do not establish the historical expected security count on this NSE session.,UNRESOLVED,,member_count:2022-02-03:115
COUNT_NOT_200:2022-02-04:2490,COUNT_NOT_200,2022-02-04,2022,,,,,200,115,,,,CRITICAL,Replay intervals do not establish the historical expected security count on this NSE session.,UNRESOLVED,,member_count:2022-02-04:115
COUNT_NOT_200:2022-02-07:2491,COUNT_NOT_200,2022-02-07,2022,,,,,200,115,,,,CRITICAL,Replay intervals do not establish the historical expected security count on this NSE session.,UNRESOLVED,,member_count:2022-02-07:115
COUNT_NOT_200:2022-02-08:2492,COUNT_NOT_200,2022-02-08,2022,,,,,200,115,,,,CRITICAL,Replay intervals do not establish the historical expected security count on this NSE session.,UNRESOLVED,,member_count:2022-02-08:115
COUNT_NOT_200:2022-02-09:2493,COUNT_NOT_200,2022-02-09,2022,,,,,200,115,,,,CRITICAL,Replay intervals do not establish the historical expected security count on this NSE session.,UNRESOLVED,,member_count:2022-02-09:115
COUNT_NOT_200:2022-02-10:2494,COUNT_NOT_200,2022-02-10,2022,,,,,200,115,,,,CRITICAL,Replay intervals do not establish the historical expected security count on this NSE session.,UNRESOLVED,,member_count:2022-02-10:115
COUNT_NOT_200:2022-02-11:2495,COUNT_NOT_200,2022-02-11,2022,,,,,200,115,,,,CRITICAL,Replay intervals do not establish the historical expected security count on this NSE session.,UNRESOLVED,,member_count:2022-02-11:115
COUNT_NOT_200:2022-02-14:2496,COUNT_NOT_200,2022-02-14,2022,,,,,200,115,,,,CRITICAL,Replay intervals do not establish the historical expected security count on this NSE session.,UNRESOLVED,,member_count:2022-02-14:115
COUNT_NOT_200:2022-02-15:2497,COUNT_NOT_200,2022-02-15,2022,,,,,200,115,,,,CRITICAL,Replay intervals do not establish the historical expected security count on this NSE session.,UNRESOLVED,,member_count:2022-02-15:115
COUNT_NOT_200:2022-02-16:2498,COUNT_NOT_200,2022-02-16,2022,,,,,200,115,,,,CRITICAL,Replay intervals do not establish the historical expected security count on this NSE session.,UNRESOLVED,,member_count:2022-02-16:115
COUNT_NOT_200:2022-02-17:2499,COUNT_NOT_200,2022-02-17,2022,,,,,200,115,,,,CRITICAL,Replay intervals do not establish the historical expected security count on this NSE session.,UNRESOLVED,,member_count:2022-02-17:115
COUNT_NOT_200:2022-02-18:2500,COUNT_NOT_200,2022-02-18,2022,,,,,200,115,,,,CRITICAL,Replay intervals do not establish the historical expected security count on this NSE session.,UNRESOLVED,,member_count:2022-02-18:115
COUNT_NOT_200:2022-02-21:2501,COUNT_NOT_200,2022-02-21,2022,,,,,200,115,,,,CRITICAL,Replay intervals do not establish the historical expected security count on this NSE session.,UNRESOLVED,,member_count:2022-02-21:115
COUNT_NOT_200:2022-02-22:2502,COUNT_NOT_200,2022-02-22,2022,,,,,200,115,,,,CRITICAL,Replay intervals do not establish the historical expected security count on this NSE session.,UNRESOLVED,,member_count:2022-02-22:115
COUNT_NOT_200:2022-02-23:2503,COUNT_NOT_200,2022-02-23,2022,,,,,200,115,,,,CRITICAL,Replay intervals do not establish the historical expected security count on this NSE session.,UNRESOLVED,,member_count:2022-02-23:115
COUNT_NOT_200:2022-02-24:2504,COUNT_NOT_200,2022-02-24,2022,,,,,200,115,,,,CRITICAL,Replay intervals do not establish the historical expected security count on this NSE session.,UNRESOLVED,,member_count:2022-02-24:115
COUNT_NOT_200:2022-02-25:2505,COUNT_NOT_200,2022-02-25,2022,,,,,200,115,,,,CRITICAL,Replay intervals do not establish the historical expected security count on this NSE session.,UNRESOLVED,,member_count:2022-02-25:115
COUNT_NOT_200:2022-02-28:2506,COUNT_NOT_200,2022-02-28,2022,,,,,200,115,,,,CRITICAL,Replay intervals do not establish the historical expected security count on this NSE session.,UNRESOLVED,,member_count:2022-02-28:115
COUNT_NOT_200:2022-03-02:2507,COUNT_NOT_200,2022-03-02,2022,,,,,200,115,,,,CRITICAL,Replay intervals do not establish the historical expected security count on this NSE session.,UNRESOLVED,,member_count:2022-03-02:115
COUNT_NOT_200:2022-03-03:2508,COUNT_NOT_200,2022-03-03,2022,,,,,200,115,,,,CRITICAL,Replay intervals do not establish the historical expected security count on this NSE session.,UNRESOLVED,,member_count:2022-03-03:115
COUNT_NOT_200:2022-03-04:2509,COUNT_NOT_200,2022-03-04,2022,,,,,200,115,,,,CRITICAL,Replay intervals do not establish the historical expected security count on this NSE session.,UNRESOLVED,,member_count:2022-03-04:115
COUNT_NOT_200:2022-03-07:2510,COUNT_NOT_200,2022-03-07,2022,,,,,200,115,,,,CRITICAL,Replay intervals do not establish the historical expected security count on this NSE session.,UNRESOLVED,,member_count:2022-03-07:115
COUNT_NOT_200:2022-03-08:2511,COUNT_NOT_200,2022-03-08,2022,,,,,200,115,,,,CRITICAL,Replay intervals do not establish the historical expected security count on this NSE session.,UNRESOLVED,,member_count:2022-03-08:115
COUNT_NOT_200:2022-03-09:2512,COUNT_NOT_200,2022-03-09,2022,,,,,200,115,,,,CRITICAL,Replay intervals do not establish the historical expected security count on this NSE session.,UNRESOLVED,,member_count:2022-03-09:115
COUNT_NOT_200:2022-03-10:2513,COUNT_NOT_200,2022-03-10,2022,,,,,200,115,,,,CRITICAL,Replay intervals do not establish the historical expected security count on this NSE session.,UNRESOLVED,,member_count:2022-03-10:115
COUNT_NOT_200:2022-03-11:2514,COUNT_NOT_200,2022-03-11,2022,,,,,200,115,,,,CRITICAL,Replay intervals do not establish the historical expected security count on this NSE session.,UNRESOLVED,,member_count:2022-03-11:115
COUNT_NOT_200:2022-03-14:2515,COUNT_NOT_200,2022-03-14,2022,,,,,200,115,,,,CRITICAL,Replay intervals do not establish the historical expected security count on this NSE session.,UNRESOLVED,,member_count:2022-03-14:115
COUNT_NOT_200:2022-03-15:2516,COUNT_NOT_200,2022-03-15,2022,,,,,200,115,,,,CRITICAL,Replay intervals do not establish the historical expected security count on this NSE session.,UNRESOLVED,,member_count:2022-03-15:115
COUNT_NOT_200:2022-03-16:2517,COUNT_NOT_200,2022-03-16,2022,,,,,200,115,,,,CRITICAL,Replay intervals do not establish the historical expected security count on this NSE session.,UNRESOLVED,,member_count:2022-03-16:115
COUNT_NOT_200:2022-03-17:2518,COUNT_NOT_200,2022-03-17,2022,,,,,200,115,,,,CRITICAL,Replay intervals do not establish the historical expected security count on this NSE session.,UNRESOLVED,,member_count:2022-03-17:115
COUNT_NOT_200:2022-03-21:2519,COUNT_NOT_200,2022-03-21,2022,,,,,200,115,,,,CRITICAL,Replay intervals do not establish the historical expected security count on this NSE session.,UNRESOLVED,,member_count:2022-03-21:115
COUNT_NOT_200:2022-03-22:2520,COUNT_NOT_200,2022-03-22,2022,,,,,200,115,,,,CRITICAL,Replay intervals do not establish the historical expected security count on this NSE session.,UNRESOLVED,,member_count:2022-03-22:115
COUNT_NOT_200:2022-03-23:2521,COUNT_NOT_200,2022-03-23,2022,,,,,200,115,,,,CRITICAL,Replay intervals do not establish the historical expected security count on this NSE session.,UNRESOLVED,,member_count:2022-03-23:115
COUNT_NOT_200:2022-03-24:2522,COUNT_NOT_200,2022-03-24,2022,,,,,200,115,,,,CRITICAL,Replay intervals do not establish the historical expected security count on this NSE session.,UNRESOLVED,,member_count:2022-03-24:115
COUNT_NOT_200:2022-03-25:2523,COUNT_NOT_200,2022-03-25,2022,,,,,200,115,,,,CRITICAL,Replay intervals do not establish the historical expected security count on this NSE session.,UNRESOLVED,,member_count:2022-03-25:115
COUNT_NOT_200:2022-03-28:2524,COUNT_NOT_200,2022-03-28,2022,,,,,200,115,,,,CRITICAL,Replay intervals do not establish the historical expected security count on this NSE session.,UNRESOLVED,,member_count:2022-03-28:115
COUNT_NOT_200:2022-03-29:2525,COUNT_NOT_200,2022-03-29,2022,,,,,200,115,,,,CRITICAL,Replay intervals do not establish the historical expected security count on this NSE session.,UNRESOLVED,,member_count:2022-03-29:115
COUNT_NOT_200:2022-03-30:2526,COUNT_NOT_200,2022-03-30,2022,,,,,200,115,,,,CRITICAL,Replay intervals do not establish the historical expected security count on this NSE session.,UNRESOLVED,,member_count:2022-03-30:115
COUNT_NOT_200:2022-03-31:2527,COUNT_NOT_200,2022-03-31,2022,,,,,200,120,,,,CRITICAL,Replay intervals do not establish the historical expected security count on this NSE session.,UNRESOLVED,,member_count:2022-03-31:120
COUNT_NOT_200:2022-04-01:2528,COUNT_NOT_200,2022-04-01,2022,,,,,200,120,,,,CRITICAL,Replay intervals do not establish the historical expected security count on this NSE session.,UNRESOLVED,,member_count:2022-04-01:120
COUNT_NOT_200:2022-04-04:2529,COUNT_NOT_200,2022-04-04,2022,,,,,200,120,,,,CRITICAL,Replay intervals do not establish the historical expected security count on this NSE session.,UNRESOLVED,,member_count:2022-04-04:120
COUNT_NOT_200:2022-04-05:2530,COUNT_NOT_200,2022-04-05,2022,,,,,200,120,,,,CRITICAL,Replay intervals do not establish the historical expected security count on this NSE session.,UNRESOLVED,,member_count:2022-04-05:120
COUNT_NOT_200:2022-04-06:2531,COUNT_NOT_200,2022-04-06,2022,,,,,200,120,,,,CRITICAL,Replay intervals do not establish the historical expected security count on this NSE session.,UNRESOLVED,,member_count:2022-04-06:120
COUNT_NOT_200:2022-04-07:2532,COUNT_NOT_200,2022-04-07,2022,,,,,200,120,,,,CRITICAL,Replay intervals do not establish the historical expected security count on this NSE session.,UNRESOLVED,,member_count:2022-04-07:120
COUNT_NOT_200:2022-04-08:2533,COUNT_NOT_200,2022-04-08,2022,,,,,200,120,,,,CRITICAL,Replay intervals do not establish the historical expected security count on this NSE session.,UNRESOLVED,,member_count:2022-04-08:120
COUNT_NOT_200:2022-04-11:2534,COUNT_NOT_200,2022-04-11,2022,,,,,200,120,,,,CRITICAL,Replay intervals do not establish the historical expected security count on this NSE session.,UNRESOLVED,,member_count:2022-04-11:120
COUNT_NOT_200:2022-04-12:2535,COUNT_NOT_200,2022-04-12,2022,,,,,200,120,,,,CRITICAL,Replay intervals do not establish the historical expected security count on this NSE session.,UNRESOLVED,,member_count:2022-04-12:120
COUNT_NOT_200:2022-04-13:2536,COUNT_NOT_200,2022-04-13,2022,,,,,200,120,,,,CRITICAL,Replay intervals do not establish the historical expected security count on this NSE session.,UNRESOLVED,,member_count:2022-04-13:120
COUNT_NOT_200:2022-04-18:2537,COUNT_NOT_200,2022-04-18,2022,,,,,200,120,,,,CRITICAL,Replay intervals do not establish the historical expected security count on this NSE session.,UNRESOLVED,,member_count:2022-04-18:120
COUNT_NOT_200:2022-04-19:2538,COUNT_NOT_200,2022-04-19,2022,,,,,200,120,,,,CRITICAL,Replay intervals do not establish the historical expected security count on this NSE session.,UNRESOLVED,,member_count:2022-04-19:120
COUNT_NOT_200:2022-04-20:2539,COUNT_NOT_200,2022-04-20,2022,,,,,200,120,,,,CRITICAL,Replay intervals do not establish the historical expected security count on this NSE session.,UNRESOLVED,,member_count:2022-04-20:120
COUNT_NOT_200:2022-04-21:2540,COUNT_NOT_200,2022-04-21,2022,,,,,200,120,,,,CRITICAL,Replay intervals do not establish the historical expected security count on this NSE session.,UNRESOLVED,,member_count:2022-04-21:120
COUNT_NOT_200:2022-04-22:2541,COUNT_NOT_200,2022-04-22,2022,,,,,200,120,,,,CRITICAL,Replay intervals do not establish the historical expected security count on this NSE session.,UNRESOLVED,,member_count:2022-04-22:120
COUNT_NOT_200:2022-04-25:2542,COUNT_NOT_200,2022-04-25,2022,,,,,200,120,,,,CRITICAL,Replay intervals do not establish the historical expected security count on this NSE session.,UNRESOLVED,,member_count:2022-04-25:120
COUNT_NOT_200:2022-04-26:2543,COUNT_NOT_200,2022-04-26,2022,,,,,200,120,,,,CRITICAL,Replay intervals do not establish the historical expected security count on this NSE session.,UNRESOLVED,,member_count:2022-04-26:120
COUNT_NOT_200:2022-04-27:2544,COUNT_NOT_200,2022-04-27,2022,,,,,200,120,,,,CRITICAL,Replay intervals do not establish the historical expected security count on this NSE session.,UNRESOLVED,,member_count:2022-04-27:120
COUNT_NOT_200:2022-04-28:2545,COUNT_NOT_200,2022-04-28,2022,,,,,200,120,,,,CRITICAL,Replay intervals do not establish the historical expected security count on this NSE session.,UNRESOLVED,,member_count:2022-04-28:120
COUNT_NOT_200:2022-04-29:2546,COUNT_NOT_200,2022-04-29,2022,,,,,200,120,,,,CRITICAL,Replay intervals do not establish the historical expected security count on this NSE session.,UNRESOLVED,,member_count:2022-04-29:120
COUNT_NOT_200:2022-05-02:2547,COUNT_NOT_200,2022-05-02,2022,,,,,200,120,,,,CRITICAL,Replay intervals do not establish the historical expected security count on this NSE session.,UNRESOLVED,,member_count:2022-05-02:120
COUNT_NOT_200:2022-05-04:2548,COUNT_NOT_200,2022-05-04,2022,,,,,200,120,,,,CRITICAL,Replay intervals do not establish the historical expected security count on this NSE session.,UNRESOLVED,,member_count:2022-05-04:120
COUNT_NOT_200:2022-05-05:2549,COUNT_NOT_200,2022-05-05,2022,,,,,200,120,,,,CRITICAL,Replay intervals do not establish the historical expected security count on this NSE session.,UNRESOLVED,,member_count:2022-05-05:120
COUNT_NOT_200:2022-05-06:2550,COUNT_NOT_200,2022-05-06,2022,,,,,200,120,,,,CRITICAL,Replay intervals do not establish the historical expected security count on this NSE session.,UNRESOLVED,,member_count:2022-05-06:120
COUNT_NOT_200:2022-05-09:2551,COUNT_NOT_200,2022-05-09,2022,,,,,200,120,,,,CRITICAL,Replay intervals do not establish the historical expected security count on this NSE session.,UNRESOLVED,,member_count:2022-05-09:120
COUNT_NOT_200:2022-05-10:2552,COUNT_NOT_200,2022-05-10,2022,,,,,200,120,,,,CRITICAL,Replay intervals do not establish the historical expected security count on this NSE session.,UNRESOLVED,,member_count:2022-05-10:120
COUNT_NOT_200:2022-05-11:2553,COUNT_NOT_200,2022-05-11,2022,,,,,200,120,,,,CRITICAL,Replay intervals do not establish the historical expected security count on this NSE session.,UNRESOLVED,,member_count:2022-05-11:120
COUNT_NOT_200:2022-05-12:2554,COUNT_NOT_200,2022-05-12,2022,,,,,200,120,,,,CRITICAL,Replay intervals do not establish the historical expected security count on this NSE session.,UNRESOLVED,,member_count:2022-05-12:120
COUNT_NOT_200:2022-05-13:2555,COUNT_NOT_200,2022-05-13,2022,,,,,200,120,,,,CRITICAL,Replay intervals do not establish the historical expected security count on this NSE session.,UNRESOLVED,,member_count:2022-05-13:120
COUNT_NOT_200:2022-05-16:2556,COUNT_NOT_200,2022-05-16,2022,,,,,200,120,,,,CRITICAL,Replay intervals do not establish the historical expected security count on this NSE session.,UNRESOLVED,,member_count:2022-05-16:120
COUNT_NOT_200:2022-05-17:2557,COUNT_NOT_200,2022-05-17,2022,,,,,200,120,,,,CRITICAL,Replay intervals do not establish the historical expected security count on this NSE session.,UNRESOLVED,,member_count:2022-05-17:120
COUNT_NOT_200:2022-05-18:2558,COUNT_NOT_200,2022-05-18,2022,,,,,200,120,,,,CRITICAL,Replay intervals do not establish the historical expected security count on this NSE session.,UNRESOLVED,,member_count:2022-05-18:120
COUNT_NOT_200:2022-05-19:2559,COUNT_NOT_200,2022-05-19,2022,,,,,200,120,,,,CRITICAL,Replay intervals do not establish the historical expected security count on this NSE session.,UNRESOLVED,,member_count:2022-05-19:120
COUNT_NOT_200:2022-05-20:2560,COUNT_NOT_200,2022-05-20,2022,,,,,200,120,,,,CRITICAL,Replay intervals do not establish the historical expected security count on this NSE session.,UNRESOLVED,,member_count:2022-05-20:120
COUNT_NOT_200:2022-05-23:2561,COUNT_NOT_200,2022-05-23,2022,,,,,200,120,,,,CRITICAL,Replay intervals do not establish the historical expected security count on this NSE session.,UNRESOLVED,,member_count:2022-05-23:120
COUNT_NOT_200:2022-05-24:2562,COUNT_NOT_200,2022-05-24,2022,,,,,200,120,,,,CRITICAL,Replay intervals do not establish the historical expected security count on this NSE session.,UNRESOLVED,,member_count:2022-05-24:120
COUNT_NOT_200:2022-05-25:2563,COUNT_NOT_200,2022-05-25,2022,,,,,200,120,,,,CRITICAL,Replay intervals do not establish the historical expected security count on this NSE session.,UNRESOLVED,,member_count:2022-05-25:120
COUNT_NOT_200:2022-05-26:2564,COUNT_NOT_200,2022-05-26,2022,,,,,200,120,,,,CRITICAL,Replay intervals do not establish the historical expected security count on this NSE session.,UNRESOLVED,,member_count:2022-05-26:120
COUNT_NOT_200:2022-05-27:2565,COUNT_NOT_200,2022-05-27,2022,,,,,200,120,,,,CRITICAL,Replay intervals do not establish the historical expected security count on this NSE session.,UNRESOLVED,,member_count:2022-05-27:120
COUNT_NOT_200:2022-05-30:2566,COUNT_NOT_200,2022-05-30,2022,,,,,200,120,,,,CRITICAL,Replay intervals do not establish the historical expected security count on this NSE session.,UNRESOLVED,,member_count:2022-05-30:120
COUNT_NOT_200:2022-05-31:2567,COUNT_NOT_200,2022-05-31,2022,,,,,200,120,,,,CRITICAL,Replay intervals do not establish the historical expected security count on this NSE session.,UNRESOLVED,,member_count:2022-05-31:120
COUNT_NOT_200:2022-06-01:2568,COUNT_NOT_200,2022-06-01,2022,,,,,200,120,,,,CRITICAL,Replay intervals do not establish the historical expected security count on this NSE session.,UNRESOLVED,,member_count:2022-06-01:120
COUNT_NOT_200:2022-06-02:2569,COUNT_NOT_200,2022-06-02,2022,,,,,200,120,,,,CRITICAL,Replay intervals do not establish the historical expected security count on this NSE session.,UNRESOLVED,,member_count:2022-06-02:120
COUNT_NOT_200:2022-06-03:2570,COUNT_NOT_200,2022-06-03,2022,,,,,200,120,,,,CRITICAL,Replay intervals do not establish the historical expected security count on this NSE session.,UNRESOLVED,,member_count:2022-06-03:120
COUNT_NOT_200:2022-06-06:2571,COUNT_NOT_200,2022-06-06,2022,,,,,200,120,,,,CRITICAL,Replay intervals do not establish the historical expected security count on this NSE session.,UNRESOLVED,,member_count:2022-06-06:120
COUNT_NOT_200:2022-06-07:2572,COUNT_NOT_200,2022-06-07,2022,,,,,200,120,,,,CRITICAL,Replay intervals do not establish the historical expected security count on this NSE session.,UNRESOLVED,,member_count:2022-06-07:120
COUNT_NOT_200:2022-06-08:2573,COUNT_NOT_200,2022-06-08,2022,,,,,200,120,,,,CRITICAL,Replay intervals do not establish the historical expected security count on this NSE session.,UNRESOLVED,,member_count:2022-06-08:120
COUNT_NOT_200:2022-06-09:2574,COUNT_NOT_200,2022-06-09,2022,,,,,200,120,,,,CRITICAL,Replay intervals do not establish the historical expected security count on this NSE session.,UNRESOLVED,,member_count:2022-06-09:120
COUNT_NOT_200:2022-06-10:2575,COUNT_NOT_200,2022-06-10,2022,,,,,200,120,,,,CRITICAL,Replay intervals do not establish the historical expected security count on this NSE session.,UNRESOLVED,,member_count:2022-06-10:120
COUNT_NOT_200:2022-06-13:2576,COUNT_NOT_200,2022-06-13,2022,,,,,200,120,,,,CRITICAL,Replay intervals do not establish the historical expected security count on this NSE session.,UNRESOLVED,,member_count:2022-06-13:120
COUNT_NOT_200:2022-06-14:2577,COUNT_NOT_200,2022-06-14,2022,,,,,200,120,,,,CRITICAL,Replay intervals do not establish the historical expected security count on this NSE session.,UNRESOLVED,,member_count:2022-06-14:120
COUNT_NOT_200:2022-06-15:2578,COUNT_NOT_200,2022-06-15,2022,,,,,200,120,,,,CRITICAL,Replay intervals do not establish the historical expected security count on this NSE session.,UNRESOLVED,,member_count:2022-06-15:120
COUNT_NOT_200:2022-06-16:2579,COUNT_NOT_200,2022-06-16,2022,,,,,200,120,,,,CRITICAL,Replay intervals do not establish the historical expected security count on this NSE session.,UNRESOLVED,,member_count:2022-06-16:120
COUNT_NOT_200:2022-06-17:2580,COUNT_NOT_200,2022-06-17,2022,,,,,200,120,,,,CRITICAL,Replay intervals do not establish the historical expected security count on this NSE session.,UNRESOLVED,,member_count:2022-06-17:120
COUNT_NOT_200:2022-06-20:2581,COUNT_NOT_200,2022-06-20,2022,,,,,200,120,,,,CRITICAL,Replay intervals do not establish the historical expected security count on this NSE session.,UNRESOLVED,,member_count:2022-06-20:120
COUNT_NOT_200:2022-06-21:2582,COUNT_NOT_200,2022-06-21,2022,,,,,200,120,,,,CRITICAL,Replay intervals do not establish the historical expected security count on this NSE session.,UNRESOLVED,,member_count:2022-06-21:120
COUNT_NOT_200:2022-06-22:2583,COUNT_NOT_200,2022-06-22,2022,,,,,200,120,,,,CRITICAL,Replay intervals do not establish the historical expected security count on this NSE session.,UNRESOLVED,,member_count:2022-06-22:120
COUNT_NOT_200:2022-06-23:2584,COUNT_NOT_200,2022-06-23,2022,,,,,200,120,,,,CRITICAL,Replay intervals do not establish the historical expected security count on this NSE session.,UNRESOLVED,,member_count:2022-06-23:120
COUNT_NOT_200:2022-06-24:2585,COUNT_NOT_200,2022-06-24,2022,,,,,200,120,,,,CRITICAL,Replay intervals do not establish the historical expected security count on this NSE session.,UNRESOLVED,,member_count:2022-06-24:120
COUNT_NOT_200:2022-06-27:2586,COUNT_NOT_200,2022-06-27,2022,,,,,200,120,,,,CRITICAL,Replay intervals do not establish the historical expected security count on this NSE session.,UNRESOLVED,,member_count:2022-06-27:120
COUNT_NOT_200:2022-06-28:2587,COUNT_NOT_200,2022-06-28,2022,,,,,200,120,,,,CRITICAL,Replay intervals do not establish the historical expected security count on this NSE session.,UNRESOLVED,,member_count:2022-06-28:120
COUNT_NOT_200:2022-06-29:2588,COUNT_NOT_200,2022-06-29,2022,,,,,200,120,,,,CRITICAL,Replay intervals do not establish the historical expected security count on this NSE session.,UNRESOLVED,,member_count:2022-06-29:120
COUNT_NOT_200:2022-06-30:2589,COUNT_NOT_200,2022-06-30,2022,,,,,200,120,,,,CRITICAL,Replay intervals do not establish the historical expected security count on this NSE session.,UNRESOLVED,,member_count:2022-06-30:120
COUNT_NOT_200:2022-07-01:2590,COUNT_NOT_200,2022-07-01,2022,,,,,200,120,,,,CRITICAL,Replay intervals do not establish the historical expected security count on this NSE session.,UNRESOLVED,,member_count:2022-07-01:120
COUNT_NOT_200:2022-07-04:2591,COUNT_NOT_200,2022-07-04,2022,,,,,200,120,,,,CRITICAL,Replay intervals do not establish the historical expected security count on this NSE session.,UNRESOLVED,,member_count:2022-07-04:120
COUNT_NOT_200:2022-07-05:2592,COUNT_NOT_200,2022-07-05,2022,,,,,200,120,,,,CRITICAL,Replay intervals do not establish the historical expected security count on this NSE session.,UNRESOLVED,,member_count:2022-07-05:120
COUNT_NOT_200:2022-07-06:2593,COUNT_NOT_200,2022-07-06,2022,,,,,200,120,,,,CRITICAL,Replay intervals do not establish the historical expected security count on this NSE session.,UNRESOLVED,,member_count:2022-07-06:120
COUNT_NOT_200:2022-07-07:2594,COUNT_NOT_200,2022-07-07,2022,,,,,200,120,,,,CRITICAL,Replay intervals do not establish the historical expected security count on this NSE session.,UNRESOLVED,,member_count:2022-07-07:120
COUNT_NOT_200:2022-07-08:2595,COUNT_NOT_200,2022-07-08,2022,,,,,200,120,,,,CRITICAL,Replay intervals do not establish the historical expected security count on this NSE session.,UNRESOLVED,,member_count:2022-07-08:120
COUNT_NOT_200:2022-07-11:2596,COUNT_NOT_200,2022-07-11,2022,,,,,200,120,,,,CRITICAL,Replay intervals do not establish the historical expected security count on this NSE session.,UNRESOLVED,,member_count:2022-07-11:120
COUNT_NOT_200:2022-07-12:2597,COUNT_NOT_200,2022-07-12,2022,,,,,200,120,,,,CRITICAL,Replay intervals do not establish the historical expected security count on this NSE session.,UNRESOLVED,,member_count:2022-07-12:120
COUNT_NOT_200:2022-07-13:2598,COUNT_NOT_200,2022-07-13,2022,,,,,200,120,,,,CRITICAL,Replay intervals do not establish the historical expected security count on this NSE session.,UNRESOLVED,,member_count:2022-07-13:120
COUNT_NOT_200:2022-07-14:2599,COUNT_NOT_200,2022-07-14,2022,,,,,200,120,,,,CRITICAL,Replay intervals do not establish the historical expected security count on this NSE session.,UNRESOLVED,,member_count:2022-07-14:120
COUNT_NOT_200:2022-07-15:2600,COUNT_NOT_200,2022-07-15,2022,,,,,200,120,,,,CRITICAL,Replay intervals do not establish the historical expected security count on this NSE session.,UNRESOLVED,,member_count:2022-07-15:120
COUNT_NOT_200:2022-07-18:2601,COUNT_NOT_200,2022-07-18,2022,,,,,200,120,,,,CRITICAL,Replay intervals do not establish the historical expected security count on this NSE session.,UNRESOLVED,,member_count:2022-07-18:120
COUNT_NOT_200:2022-07-19:2602,COUNT_NOT_200,2022-07-19,2022,,,,,200,120,,,,CRITICAL,Replay intervals do not establish the historical expected security count on this NSE session.,UNRESOLVED,,member_count:2022-07-19:120
COUNT_NOT_200:2022-07-20:2603,COUNT_NOT_200,2022-07-20,2022,,,,,200,120,,,,CRITICAL,Replay intervals do not establish the historical expected security count on this NSE session.,UNRESOLVED,,member_count:2022-07-20:120
COUNT_NOT_200:2022-07-21:2604,COUNT_NOT_200,2022-07-21,2022,,,,,200,120,,,,CRITICAL,Replay intervals do not establish the historical expected security count on this NSE session.,UNRESOLVED,,member_count:2022-07-21:120
COUNT_NOT_200:2022-07-22:2605,COUNT_NOT_200,2022-07-22,2022,,,,,200,120,,,,CRITICAL,Replay intervals do not establish the historical expected security count on this NSE session.,UNRESOLVED,,member_count:2022-07-22:120
COUNT_NOT_200:2022-07-25:2606,COUNT_NOT_200,2022-07-25,2022,,,,,200,120,,,,CRITICAL,Replay intervals do not establish the historical expected security count on this NSE session.,UNRESOLVED,,member_count:2022-07-25:120
COUNT_NOT_200:2022-07-26:2607,COUNT_NOT_200,2022-07-26,2022,,,,,200,120,,,,CRITICAL,Replay intervals do not establish the historical expected security count on this NSE session.,UNRESOLVED,,member_count:2022-07-26:120
COUNT_NOT_200:2022-07-27:2608,COUNT_NOT_200,2022-07-27,2022,,,,,200,120,,,,CRITICAL,Replay intervals do not establish the historical expected security count on this NSE session.,UNRESOLVED,,member_count:2022-07-27:120
COUNT_NOT_200:2022-07-28:2609,COUNT_NOT_200,2022-07-28,2022,,,,,200,120,,,,CRITICAL,Replay intervals do not establish the historical expected security count on this NSE session.,UNRESOLVED,,member_count:2022-07-28:120
COUNT_NOT_200:2022-07-29:2610,COUNT_NOT_200,2022-07-29,2022,,,,,200,120,,,,CRITICAL,Replay intervals do not establish the historical expected security count on this NSE session.,UNRESOLVED,,member_count:2022-07-29:120
COUNT_NOT_200:2022-08-01:2611,COUNT_NOT_200,2022-08-01,2022,,,,,200,120,,,,CRITICAL,Replay intervals do not establish the historical expected security count on this NSE session.,UNRESOLVED,,member_count:2022-08-01:120
COUNT_NOT_200:2022-08-02:2612,COUNT_NOT_200,2022-08-02,2022,,,,,200,120,,,,CRITICAL,Replay intervals do not establish the historical expected security count on this NSE session.,UNRESOLVED,,member_count:2022-08-02:120
COUNT_NOT_200:2022-08-03:2613,COUNT_NOT_200,2022-08-03,2022,,,,,200,120,,,,CRITICAL,Replay intervals do not establish the historical expected security count on this NSE session.,UNRESOLVED,,member_count:2022-08-03:120
COUNT_NOT_200:2022-08-04:2614,COUNT_NOT_200,2022-08-04,2022,,,,,200,120,,,,CRITICAL,Replay intervals do not establish the historical expected security count on this NSE session.,UNRESOLVED,,member_count:2022-08-04:120
COUNT_NOT_200:2022-08-05:2615,COUNT_NOT_200,2022-08-05,2022,,,,,200,120,,,,CRITICAL,Replay intervals do not establish the historical expected security count on this NSE session.,UNRESOLVED,,member_count:2022-08-05:120
COUNT_NOT_200:2022-08-08:2616,COUNT_NOT_200,2022-08-08,2022,,,,,200,121,,,,CRITICAL,Replay intervals do not establish the historical expected security count on this NSE session.,UNRESOLVED,,member_count:2022-08-08:121
COUNT_NOT_200:2022-08-10:2617,COUNT_NOT_200,2022-08-10,2022,,,,,200,121,,,,CRITICAL,Replay intervals do not establish the historical expected security count on this NSE session.,UNRESOLVED,,member_count:2022-08-10:121
COUNT_NOT_200:2022-08-11:2618,COUNT_NOT_200,2022-08-11,2022,,,,,200,121,,,,CRITICAL,Replay intervals do not establish the historical expected security count on this NSE session.,UNRESOLVED,,member_count:2022-08-11:121
COUNT_NOT_200:2022-08-12:2619,COUNT_NOT_200,2022-08-12,2022,,,,,200,121,,,,CRITICAL,Replay intervals do not establish the historical expected security count on this NSE session.,UNRESOLVED,,member_count:2022-08-12:121
COUNT_NOT_200:2022-08-16:2620,COUNT_NOT_200,2022-08-16,2022,,,,,200,121,,,,CRITICAL,Replay intervals do not establish the historical expected security count on this NSE session.,UNRESOLVED,,member_count:2022-08-16:121
COUNT_NOT_200:2022-08-17:2621,COUNT_NOT_200,2022-08-17,2022,,,,,200,121,,,,CRITICAL,Replay intervals do not establish the historical expected security count on this NSE session.,UNRESOLVED,,member_count:2022-08-17:121
COUNT_NOT_200:2022-08-18:2622,COUNT_NOT_200,2022-08-18,2022,,,,,200,121,,,,CRITICAL,Replay intervals do not establish the historical expected security count on this NSE session.,UNRESOLVED,,member_count:2022-08-18:121
COUNT_NOT_200:2022-08-19:2623,COUNT_NOT_200,2022-08-19,2022,,,,,200,121,,,,CRITICAL,Replay intervals do not establish the historical expected security count on this NSE session.,UNRESOLVED,,member_count:2022-08-19:121
COUNT_NOT_200:2022-08-22:2624,COUNT_NOT_200,2022-08-22,2022,,,,,200,121,,,,CRITICAL,Replay intervals do not establish the historical expected security count on this NSE session.,UNRESOLVED,,member_count:2022-08-22:121
COUNT_NOT_200:2022-08-23:2625,COUNT_NOT_200,2022-08-23,2022,,,,,200,121,,,,CRITICAL,Replay intervals do not establish the historical expected security count on this NSE session.,UNRESOLVED,,member_count:2022-08-23:121
COUNT_NOT_200:2022-08-24:2626,COUNT_NOT_200,2022-08-24,2022,,,,,200,121,,,,CRITICAL,Replay intervals do not establish the historical expected security count on this NSE session.,UNRESOLVED,,member_count:2022-08-24:121
COUNT_NOT_200:2022-08-25:2627,COUNT_NOT_200,2022-08-25,2022,,,,,200,121,,,,CRITICAL,Replay intervals do not establish the historical expected security count on this NSE session.,UNRESOLVED,,member_count:2022-08-25:121
COUNT_NOT_200:2022-08-26:2628,COUNT_NOT_200,2022-08-26,2022,,,,,200,121,,,,CRITICAL,Replay intervals do not establish the historical expected security count on this NSE session.,UNRESOLVED,,member_count:2022-08-26:121
COUNT_NOT_200:2022-08-29:2629,COUNT_NOT_200,2022-08-29,2022,,,,,200,121,,,,CRITICAL,Replay intervals do not establish the historical expected security count on this NSE session.,UNRESOLVED,,member_count:2022-08-29:121
COUNT_NOT_200:2022-08-30:2630,COUNT_NOT_200,2022-08-30,2022,,,,,200,121,,,,CRITICAL,Replay intervals do not establish the historical expected security count on this NSE session.,UNRESOLVED,,member_count:2022-08-30:121
COUNT_NOT_200:2022-09-01:2631,COUNT_NOT_200,2022-09-01,2022,,,,,200,121,,,,CRITICAL,Replay intervals do not establish the historical expected security count on this NSE session.,UNRESOLVED,,member_count:2022-09-01:121
COUNT_NOT_200:2022-09-02:2632,COUNT_NOT_200,2022-09-02,2022,,,,,200,121,,,,CRITICAL,Replay intervals do not establish the historical expected security count on this NSE session.,UNRESOLVED,,member_count:2022-09-02:121
COUNT_NOT_200:2022-09-05:2633,COUNT_NOT_200,2022-09-05,2022,,,,,200,121,,,,CRITICAL,Replay intervals do not establish the historical expected security count on this NSE session.,UNRESOLVED,,member_count:2022-09-05:121
COUNT_NOT_200:2022-09-06:2634,COUNT_NOT_200,2022-09-06,2022,,,,,200,121,,,,CRITICAL,Replay intervals do not establish the historical expected security count on this NSE session.,UNRESOLVED,,member_count:2022-09-06:121
COUNT_NOT_200:2022-09-07:2635,COUNT_NOT_200,2022-09-07,2022,,,,,200,121,,,,CRITICAL,Replay intervals do not establish the historical expected security count on this NSE session.,UNRESOLVED,,member_count:2022-09-07:121
COUNT_NOT_200:2022-09-08:2636,COUNT_NOT_200,2022-09-08,2022,,,,,200,121,,,,CRITICAL,Replay intervals do not establish the historical expected security count on this NSE session.,UNRESOLVED,,member_count:2022-09-08:121
COUNT_NOT_200:2022-09-09:2637,COUNT_NOT_200,2022-09-09,2022,,,,,200,121,,,,CRITICAL,Replay intervals do not establish the historical expected security count on this NSE session.,UNRESOLVED,,member_count:2022-09-09:121
COUNT_NOT_200:2022-09-12:2638,COUNT_NOT_200,2022-09-12,2022,,,,,200,121,,,,CRITICAL,Replay intervals do not establish the historical expected security count on this NSE session.,UNRESOLVED,,member_count:2022-09-12:121
COUNT_NOT_200:2022-09-13:2639,COUNT_NOT_200,2022-09-13,2022,,,,,200,121,,,,CRITICAL,Replay intervals do not establish the historical expected security count on this NSE session.,UNRESOLVED,,member_count:2022-09-13:121
COUNT_NOT_200:2022-09-14:2640,COUNT_NOT_200,2022-09-14,2022,,,,,200,121,,,,CRITICAL,Replay intervals do not establish the historical expected security count on this NSE session.,UNRESOLVED,,member_count:2022-09-14:121
COUNT_NOT_200:2022-09-15:2641,COUNT_NOT_200,2022-09-15,2022,,,,,200,121,,,,CRITICAL,Replay intervals do not establish the historical expected security count on this NSE session.,UNRESOLVED,,member_count:2022-09-15:121
COUNT_NOT_200:2022-09-16:2642,COUNT_NOT_200,2022-09-16,2022,,,,,200,121,,,,CRITICAL,Replay intervals do not establish the historical expected security count on this NSE session.,UNRESOLVED,,member_count:2022-09-16:121
COUNT_NOT_200:2022-09-19:2643,COUNT_NOT_200,2022-09-19,2022,,,,,200,121,,,,CRITICAL,Replay intervals do not establish the historical expected security count on this NSE session.,UNRESOLVED,,member_count:2022-09-19:121
COUNT_NOT_200:2022-09-20:2644,COUNT_NOT_200,2022-09-20,2022,,,,,200,121,,,,CRITICAL,Replay intervals do not establish the historical expected security count on this NSE session.,UNRESOLVED,,member_count:2022-09-20:121
COUNT_NOT_200:2022-09-21:2645,COUNT_NOT_200,2022-09-21,2022,,,,,200,121,,,,CRITICAL,Replay intervals do not establish the historical expected security count on this NSE session.,UNRESOLVED,,member_count:2022-09-21:121
COUNT_NOT_200:2022-09-22:2646,COUNT_NOT_200,2022-09-22,2022,,,,,200,121,,,,CRITICAL,Replay intervals do not establish the historical expected security count on this NSE session.,UNRESOLVED,,member_count:2022-09-22:121
COUNT_NOT_200:2022-09-23:2647,COUNT_NOT_200,2022-09-23,2022,,,,,200,121,,,,CRITICAL,Replay intervals do not establish the historical expected security count on this NSE session.,UNRESOLVED,,member_count:2022-09-23:121
COUNT_NOT_200:2022-09-26:2648,COUNT_NOT_200,2022-09-26,2022,,,,,200,121,,,,CRITICAL,Replay intervals do not establish the historical expected security count on this NSE session.,UNRESOLVED,,member_count:2022-09-26:121
COUNT_NOT_200:2022-09-27:2649,COUNT_NOT_200,2022-09-27,2022,,,,,200,121,,,,CRITICAL,Replay intervals do not establish the historical expected security count on this NSE session.,UNRESOLVED,,member_count:2022-09-27:121
COUNT_NOT_200:2022-09-28:2650,COUNT_NOT_200,2022-09-28,2022,,,,,200,121,,,,CRITICAL,Replay intervals do not establish the historical expected security count on this NSE session.,UNRESOLVED,,member_count:2022-09-28:121
COUNT_NOT_200:2022-09-29:2651,COUNT_NOT_200,2022-09-29,2022,,,,,200,121,,,,CRITICAL,Replay intervals do not establish the historical expected security count on this NSE session.,UNRESOLVED,,member_count:2022-09-29:121
COUNT_NOT_200:2022-09-30:2652,COUNT_NOT_200,2022-09-30,2022,,,,,200,125,,,,CRITICAL,Replay intervals do not establish the historical expected security count on this NSE session.,UNRESOLVED,,member_count:2022-09-30:125
COUNT_NOT_200:2022-10-03:2653,COUNT_NOT_200,2022-10-03,2022,,,,,200,125,,,,CRITICAL,Replay intervals do not establish the historical expected security count on this NSE session.,UNRESOLVED,,member_count:2022-10-03:125
COUNT_NOT_200:2022-10-04:2654,COUNT_NOT_200,2022-10-04,2022,,,,,200,125,,,,CRITICAL,Replay intervals do not establish the historical expected security count on this NSE session.,UNRESOLVED,,member_count:2022-10-04:125
COUNT_NOT_200:2022-10-06:2655,COUNT_NOT_200,2022-10-06,2022,,,,,200,125,,,,CRITICAL,Replay intervals do not establish the historical expected security count on this NSE session.,UNRESOLVED,,member_count:2022-10-06:125
COUNT_NOT_200:2022-10-07:2656,COUNT_NOT_200,2022-10-07,2022,,,,,200,125,,,,CRITICAL,Replay intervals do not establish the historical expected security count on this NSE session.,UNRESOLVED,,member_count:2022-10-07:125
COUNT_NOT_200:2022-10-10:2657,COUNT_NOT_200,2022-10-10,2022,,,,,200,125,,,,CRITICAL,Replay intervals do not establish the historical expected security count on this NSE session.,UNRESOLVED,,member_count:2022-10-10:125
COUNT_NOT_200:2022-10-11:2658,COUNT_NOT_200,2022-10-11,2022,,,,,200,125,,,,CRITICAL,Replay intervals do not establish the historical expected security count on this NSE session.,UNRESOLVED,,member_count:2022-10-11:125
COUNT_NOT_200:2022-10-12:2659,COUNT_NOT_200,2022-10-12,2022,,,,,200,125,,,,CRITICAL,Replay intervals do not establish the historical expected security count on this NSE session.,UNRESOLVED,,member_count:2022-10-12:125
COUNT_NOT_200:2022-10-13:2660,COUNT_NOT_200,2022-10-13,2022,,,,,200,125,,,,CRITICAL,Replay intervals do not establish the historical expected security count on this NSE session.,UNRESOLVED,,member_count:2022-10-13:125
COUNT_NOT_200:2022-10-14:2661,COUNT_NOT_200,2022-10-14,2022,,,,,200,125,,,,CRITICAL,Replay intervals do not establish the historical expected security count on this NSE session.,UNRESOLVED,,member_count:2022-10-14:125
COUNT_NOT_200:2022-10-17:2662,COUNT_NOT_200,2022-10-17,2022,,,,,200,125,,,,CRITICAL,Replay intervals do not establish the historical expected security count on this NSE session.,UNRESOLVED,,member_count:2022-10-17:125
COUNT_NOT_200:2022-10-18:2663,COUNT_NOT_200,2022-10-18,2022,,,,,200,125,,,,CRITICAL,Replay intervals do not establish the historical expected security count on this NSE session.,UNRESOLVED,,member_count:2022-10-18:125
COUNT_NOT_200:2022-10-19:2664,COUNT_NOT_200,2022-10-19,2022,,,,,200,125,,,,CRITICAL,Replay intervals do not establish the historical expected security count on this NSE session.,UNRESOLVED,,member_count:2022-10-19:125
COUNT_NOT_200:2022-10-20:2665,COUNT_NOT_200,2022-10-20,2022,,,,,200,125,,,,CRITICAL,Replay intervals do not establish the historical expected security count on this NSE session.,UNRESOLVED,,member_count:2022-10-20:125
COUNT_NOT_200:2022-10-21:2666,COUNT_NOT_200,2022-10-21,2022,,,,,200,125,,,,CRITICAL,Replay intervals do not establish the historical expected security count on this NSE session.,UNRESOLVED,,member_count:2022-10-21:125
COUNT_NOT_200:2022-10-25:2667,COUNT_NOT_200,2022-10-25,2022,,,,,200,125,,,,CRITICAL,Replay intervals do not establish the historical expected security count on this NSE session.,UNRESOLVED,,member_count:2022-10-25:125
COUNT_NOT_200:2022-10-27:2668,COUNT_NOT_200,2022-10-27,2022,,,,,200,125,,,,CRITICAL,Replay intervals do not establish the historical expected security count on this NSE session.,UNRESOLVED,,member_count:2022-10-27:125
COUNT_NOT_200:2022-10-28:2669,COUNT_NOT_200,2022-10-28,2022,,,,,200,125,,,,CRITICAL,Replay intervals do not establish the historical expected security count on this NSE session.,UNRESOLVED,,member_count:2022-10-28:125
COUNT_NOT_200:2022-10-31:2670,COUNT_NOT_200,2022-10-31,2022,,,,,200,125,,,,CRITICAL,Replay intervals do not establish the historical expected security count on this NSE session.,UNRESOLVED,,member_count:2022-10-31:125
COUNT_NOT_200:2022-11-01:2671,COUNT_NOT_200,2022-11-01,2022,,,,,200,125,,,,CRITICAL,Replay intervals do not establish the historical expected security count on this NSE session.,UNRESOLVED,,member_count:2022-11-01:125
COUNT_NOT_200:2022-11-02:2672,COUNT_NOT_200,2022-11-02,2022,,,,,200,125,,,,CRITICAL,Replay intervals do not establish the historical expected security count on this NSE session.,UNRESOLVED,,member_count:2022-11-02:125
COUNT_NOT_200:2022-11-03:2673,COUNT_NOT_200,2022-11-03,2022,,,,,200,125,,,,CRITICAL,Replay intervals do not establish the historical expected security count on this NSE session.,UNRESOLVED,,member_count:2022-11-03:125
COUNT_NOT_200:2022-11-04:2674,COUNT_NOT_200,2022-11-04,2022,,,,,200,125,,,,CRITICAL,Replay intervals do not establish the historical expected security count on this NSE session.,UNRESOLVED,,member_count:2022-11-04:125
COUNT_NOT_200:2022-11-07:2675,COUNT_NOT_200,2022-11-07,2022,,,,,200,125,,,,CRITICAL,Replay intervals do not establish the historical expected security count on this NSE session.,UNRESOLVED,,member_count:2022-11-07:125
COUNT_NOT_200:2022-11-09:2676,COUNT_NOT_200,2022-11-09,2022,,,,,200,125,,,,CRITICAL,Replay intervals do not establish the historical expected security count on this NSE session.,UNRESOLVED,,member_count:2022-11-09:125
COUNT_NOT_200:2022-11-10:2677,COUNT_NOT_200,2022-11-10,2022,,,,,200,125,,,,CRITICAL,Replay intervals do not establish the historical expected security count on this NSE session.,UNRESOLVED,,member_count:2022-11-10:125
COUNT_NOT_200:2022-11-11:2678,COUNT_NOT_200,2022-11-11,2022,,,,,200,125,,,,CRITICAL,Replay intervals do not establish the historical expected security count on this NSE session.,UNRESOLVED,,member_count:2022-11-11:125
COUNT_NOT_200:2022-11-14:2679,COUNT_NOT_200,2022-11-14,2022,,,,,200,125,,,,CRITICAL,Replay intervals do not establish the historical expected security count on this NSE session.,UNRESOLVED,,member_count:2022-11-14:125
COUNT_NOT_200:2022-11-15:2680,COUNT_NOT_200,2022-11-15,2022,,,,,200,125,,,,CRITICAL,Replay intervals do not establish the historical expected security count on this NSE session.,UNRESOLVED,,member_count:2022-11-15:125
COUNT_NOT_200:2022-11-16:2681,COUNT_NOT_200,2022-11-16,2022,,,,,200,125,,,,CRITICAL,Replay intervals do not establish the historical expected security count on this NSE session.,UNRESOLVED,,member_count:2022-11-16:125
COUNT_NOT_200:2022-11-17:2682,COUNT_NOT_200,2022-11-17,2022,,,,,200,125,,,,CRITICAL,Replay intervals do not establish the historical expected security count on this NSE session.,UNRESOLVED,,member_count:2022-11-17:125
COUNT_NOT_200:2022-11-18:2683,COUNT_NOT_200,2022-11-18,2022,,,,,200,125,,,,CRITICAL,Replay intervals do not establish the historical expected security count on this NSE session.,UNRESOLVED,,member_count:2022-11-18:125
COUNT_NOT_200:2022-11-21:2684,COUNT_NOT_200,2022-11-21,2022,,,,,200,125,,,,CRITICAL,Replay intervals do not establish the historical expected security count on this NSE session.,UNRESOLVED,,member_count:2022-11-21:125
COUNT_NOT_200:2022-11-22:2685,COUNT_NOT_200,2022-11-22,2022,,,,,200,125,,,,CRITICAL,Replay intervals do not establish the historical expected security count on this NSE session.,UNRESOLVED,,member_count:2022-11-22:125
COUNT_NOT_200:2022-11-23:2686,COUNT_NOT_200,2022-11-23,2022,,,,,200,125,,,,CRITICAL,Replay intervals do not establish the historical expected security count on this NSE session.,UNRESOLVED,,member_count:2022-11-23:125
COUNT_NOT_200:2022-11-24:2687,COUNT_NOT_200,2022-11-24,2022,,,,,200,125,,,,CRITICAL,Replay intervals do not establish the historical expected security count on this NSE session.,UNRESOLVED,,member_count:2022-11-24:125
COUNT_NOT_200:2022-11-25:2688,COUNT_NOT_200,2022-11-25,2022,,,,,200,125,,,,CRITICAL,Replay intervals do not establish the historical expected security count on this NSE session.,UNRESOLVED,,member_count:2022-11-25:125
COUNT_NOT_200:2022-11-28:2689,COUNT_NOT_200,2022-11-28,2022,,,,,200,125,,,,CRITICAL,Replay intervals do not establish the historical expected security count on this NSE session.,UNRESOLVED,,member_count:2022-11-28:125
COUNT_NOT_200:2022-11-29:2690,COUNT_NOT_200,2022-11-29,2022,,,,,200,125,,,,CRITICAL,Replay intervals do not establish the historical expected security count on this NSE session.,UNRESOLVED,,member_count:2022-11-29:125
COUNT_NOT_200:2022-11-30:2691,COUNT_NOT_200,2022-11-30,2022,,,,,200,125,,,,CRITICAL,Replay intervals do not establish the historical expected security count on this NSE session.,UNRESOLVED,,member_count:2022-11-30:125
COUNT_NOT_200:2022-12-01:2692,COUNT_NOT_200,2022-12-01,2022,,,,,200,125,,,,CRITICAL,Replay intervals do not establish the historical expected security count on this NSE session.,UNRESOLVED,,member_count:2022-12-01:125
COUNT_NOT_200:2022-12-02:2693,COUNT_NOT_200,2022-12-02,2022,,,,,200,125,,,,CRITICAL,Replay intervals do not establish the historical expected security count on this NSE session.,UNRESOLVED,,member_count:2022-12-02:125
COUNT_NOT_200:2022-12-05:2694,COUNT_NOT_200,2022-12-05,2022,,,,,200,125,,,,CRITICAL,Replay intervals do not establish the historical expected security count on this NSE session.,UNRESOLVED,,member_count:2022-12-05:125
COUNT_NOT_200:2022-12-06:2695,COUNT_NOT_200,2022-12-06,2022,,,,,200,125,,,,CRITICAL,Replay intervals do not establish the historical expected security count on this NSE session.,UNRESOLVED,,member_count:2022-12-06:125
COUNT_NOT_200:2022-12-07:2696,COUNT_NOT_200,2022-12-07,2022,,,,,200,125,,,,CRITICAL,Replay intervals do not establish the historical expected security count on this NSE session.,UNRESOLVED,,member_count:2022-12-07:125
COUNT_NOT_200:2022-12-08:2697,COUNT_NOT_200,2022-12-08,2022,,,,,200,125,,,,CRITICAL,Replay intervals do not establish the historical expected security count on this NSE session.,UNRESOLVED,,member_count:2022-12-08:125
COUNT_NOT_200:2022-12-09:2698,COUNT_NOT_200,2022-12-09,2022,,,,,200,125,,,,CRITICAL,Replay intervals do not establish the historical expected security count on this NSE session.,UNRESOLVED,,member_count:2022-12-09:125
COUNT_NOT_200:2022-12-12:2699,COUNT_NOT_200,2022-12-12,2022,,,,,200,125,,,,CRITICAL,Replay intervals do not establish the historical expected security count on this NSE session.,UNRESOLVED,,member_count:2022-12-12:125
COUNT_NOT_200:2022-12-13:2700,COUNT_NOT_200,2022-12-13,2022,,,,,200,125,,,,CRITICAL,Replay intervals do not establish the historical expected security count on this NSE session.,UNRESOLVED,,member_count:2022-12-13:125
COUNT_NOT_200:2022-12-14:2701,COUNT_NOT_200,2022-12-14,2022,,,,,200,125,,,,CRITICAL,Replay intervals do not establish the historical expected security count on this NSE session.,UNRESOLVED,,member_count:2022-12-14:125
COUNT_NOT_200:2022-12-15:2702,COUNT_NOT_200,2022-12-15,2022,,,,,200,125,,,,CRITICAL,Replay intervals do not establish the historical expected security count on this NSE session.,UNRESOLVED,,member_count:2022-12-15:125
COUNT_NOT_200:2022-12-16:2703,COUNT_NOT_200,2022-12-16,2022,,,,,200,125,,,,CRITICAL,Replay intervals do not establish the historical expected security count on this NSE session.,UNRESOLVED,,member_count:2022-12-16:125
COUNT_NOT_200:2022-12-19:2704,COUNT_NOT_200,2022-12-19,2022,,,,,200,125,,,,CRITICAL,Replay intervals do not establish the historical expected security count on this NSE session.,UNRESOLVED,,member_count:2022-12-19:125
COUNT_NOT_200:2022-12-20:2705,COUNT_NOT_200,2022-12-20,2022,,,,,200,125,,,,CRITICAL,Replay intervals do not establish the historical expected security count on this NSE session.,UNRESOLVED,,member_count:2022-12-20:125
COUNT_NOT_200:2022-12-21:2706,COUNT_NOT_200,2022-12-21,2022,,,,,200,125,,,,CRITICAL,Replay intervals do not establish the historical expected security count on this NSE session.,UNRESOLVED,,member_count:2022-12-21:125
COUNT_NOT_200:2022-12-22:2707,COUNT_NOT_200,2022-12-22,2022,,,,,200,125,,,,CRITICAL,Replay intervals do not establish the historical expected security count on this NSE session.,UNRESOLVED,,member_count:2022-12-22:125
COUNT_NOT_200:2022-12-23:2708,COUNT_NOT_200,2022-12-23,2022,,,,,200,125,,,,CRITICAL,Replay intervals do not establish the historical expected security count on this NSE session.,UNRESOLVED,,member_count:2022-12-23:125
COUNT_NOT_200:2022-12-26:2709,COUNT_NOT_200,2022-12-26,2022,,,,,200,125,,,,CRITICAL,Replay intervals do not establish the historical expected security count on this NSE session.,UNRESOLVED,,member_count:2022-12-26:125
COUNT_NOT_200:2022-12-27:2710,COUNT_NOT_200,2022-12-27,2022,,,,,200,125,,,,CRITICAL,Replay intervals do not establish the historical expected security count on this NSE session.,UNRESOLVED,,member_count:2022-12-27:125
COUNT_NOT_200:2022-12-28:2711,COUNT_NOT_200,2022-12-28,2022,,,,,200,125,,,,CRITICAL,Replay intervals do not establish the historical expected security count on this NSE session.,UNRESOLVED,,member_count:2022-12-28:125
COUNT_NOT_200:2022-12-29:2712,COUNT_NOT_200,2022-12-29,2022,,,,,200,125,,,,CRITICAL,Replay intervals do not establish the historical expected security count on this NSE session.,UNRESOLVED,,member_count:2022-12-29:125
COUNT_NOT_200:2022-12-30:2713,COUNT_NOT_200,2022-12-30,2022,,,,,200,125,,,,CRITICAL,Replay intervals do not establish the historical expected security count on this NSE session.,UNRESOLVED,,member_count:2022-12-30:125
COUNT_NOT_200:2023-01-02:2714,COUNT_NOT_200,2023-01-02,2023,,,,,200,125,,,,CRITICAL,Replay intervals do not establish the historical expected security count on this NSE session.,UNRESOLVED,,member_count:2023-01-02:125
COUNT_NOT_200:2023-01-03:2715,COUNT_NOT_200,2023-01-03,2023,,,,,200,125,,,,CRITICAL,Replay intervals do not establish the historical expected security count on this NSE session.,UNRESOLVED,,member_count:2023-01-03:125
COUNT_NOT_200:2023-01-04:2716,COUNT_NOT_200,2023-01-04,2023,,,,,200,125,,,,CRITICAL,Replay intervals do not establish the historical expected security count on this NSE session.,UNRESOLVED,,member_count:2023-01-04:125
COUNT_NOT_200:2023-01-05:2717,COUNT_NOT_200,2023-01-05,2023,,,,,200,125,,,,CRITICAL,Replay intervals do not establish the historical expected security count on this NSE session.,UNRESOLVED,,member_count:2023-01-05:125
COUNT_NOT_200:2023-01-06:2718,COUNT_NOT_200,2023-01-06,2023,,,,,200,125,,,,CRITICAL,Replay intervals do not establish the historical expected security count on this NSE session.,UNRESOLVED,,member_count:2023-01-06:125
COUNT_NOT_200:2023-01-09:2719,COUNT_NOT_200,2023-01-09,2023,,,,,200,125,,,,CRITICAL,Replay intervals do not establish the historical expected security count on this NSE session.,UNRESOLVED,,member_count:2023-01-09:125
COUNT_NOT_200:2023-01-10:2720,COUNT_NOT_200,2023-01-10,2023,,,,,200,125,,,,CRITICAL,Replay intervals do not establish the historical expected security count on this NSE session.,UNRESOLVED,,member_count:2023-01-10:125
COUNT_NOT_200:2023-01-11:2721,COUNT_NOT_200,2023-01-11,2023,,,,,200,125,,,,CRITICAL,Replay intervals do not establish the historical expected security count on this NSE session.,UNRESOLVED,,member_count:2023-01-11:125
COUNT_NOT_200:2023-01-12:2722,COUNT_NOT_200,2023-01-12,2023,,,,,200,125,,,,CRITICAL,Replay intervals do not establish the historical expected security count on this NSE session.,UNRESOLVED,,member_count:2023-01-12:125
COUNT_NOT_200:2023-01-13:2723,COUNT_NOT_200,2023-01-13,2023,,,,,200,125,,,,CRITICAL,Replay intervals do not establish the historical expected security count on this NSE session.,UNRESOLVED,,member_count:2023-01-13:125
COUNT_NOT_200:2023-01-16:2724,COUNT_NOT_200,2023-01-16,2023,,,,,200,125,,,,CRITICAL,Replay intervals do not establish the historical expected security count on this NSE session.,UNRESOLVED,,member_count:2023-01-16:125
COUNT_NOT_200:2023-01-17:2725,COUNT_NOT_200,2023-01-17,2023,,,,,200,125,,,,CRITICAL,Replay intervals do not establish the historical expected security count on this NSE session.,UNRESOLVED,,member_count:2023-01-17:125
COUNT_NOT_200:2023-01-18:2726,COUNT_NOT_200,2023-01-18,2023,,,,,200,125,,,,CRITICAL,Replay intervals do not establish the historical expected security count on this NSE session.,UNRESOLVED,,member_count:2023-01-18:125
COUNT_NOT_200:2023-01-19:2727,COUNT_NOT_200,2023-01-19,2023,,,,,200,125,,,,CRITICAL,Replay intervals do not establish the historical expected security count on this NSE session.,UNRESOLVED,,member_count:2023-01-19:125
COUNT_NOT_200:2023-01-20:2728,COUNT_NOT_200,2023-01-20,2023,,,,,200,125,,,,CRITICAL,Replay intervals do not establish the historical expected security count on this NSE session.,UNRESOLVED,,member_count:2023-01-20:125
COUNT_NOT_200:2023-01-23:2729,COUNT_NOT_200,2023-01-23,2023,,,,,200,125,,,,CRITICAL,Replay intervals do not establish the historical expected security count on this NSE session.,UNRESOLVED,,member_count:2023-01-23:125
COUNT_NOT_200:2023-01-24:2730,COUNT_NOT_200,2023-01-24,2023,,,,,200,125,,,,CRITICAL,Replay intervals do not establish the historical expected security count on this NSE session.,UNRESOLVED,,member_count:2023-01-24:125
COUNT_NOT_200:2023-01-25:2731,COUNT_NOT_200,2023-01-25,2023,,,,,200,125,,,,CRITICAL,Replay intervals do not establish the historical expected security count on this NSE session.,UNRESOLVED,,member_count:2023-01-25:125
COUNT_NOT_200:2023-01-27:2732,COUNT_NOT_200,2023-01-27,2023,,,,,200,125,,,,CRITICAL,Replay intervals do not establish the historical expected security count on this NSE session.,UNRESOLVED,,member_count:2023-01-27:125
COUNT_NOT_200:2023-01-30:2733,COUNT_NOT_200,2023-01-30,2023,,,,,200,125,,,,CRITICAL,Replay intervals do not establish the historical expected security count on this NSE session.,UNRESOLVED,,member_count:2023-01-30:125
COUNT_NOT_200:2023-01-31:2734,COUNT_NOT_200,2023-01-31,2023,,,,,200,125,,,,CRITICAL,Replay intervals do not establish the historical expected security count on this NSE session.,UNRESOLVED,,member_count:2023-01-31:125
COUNT_NOT_200:2023-02-01:2735,COUNT_NOT_200,2023-02-01,2023,,,,,200,125,,,,CRITICAL,Replay intervals do not establish the historical expected security count on this NSE session.,UNRESOLVED,,member_count:2023-02-01:125
COUNT_NOT_200:2023-02-02:2736,COUNT_NOT_200,2023-02-02,2023,,,,,200,125,,,,CRITICAL,Replay intervals do not establish the historical expected security count on this NSE session.,UNRESOLVED,,member_count:2023-02-02:125
COUNT_NOT_200:2023-02-03:2737,COUNT_NOT_200,2023-02-03,2023,,,,,200,125,,,,CRITICAL,Replay intervals do not establish the historical expected security count on this NSE session.,UNRESOLVED,,member_count:2023-02-03:125
COUNT_NOT_200:2023-02-06:2738,COUNT_NOT_200,2023-02-06,2023,,,,,200,125,,,,CRITICAL,Replay intervals do not establish the historical expected security count on this NSE session.,UNRESOLVED,,member_count:2023-02-06:125
COUNT_NOT_200:2023-02-07:2739,COUNT_NOT_200,2023-02-07,2023,,,,,200,125,,,,CRITICAL,Replay intervals do not establish the historical expected security count on this NSE session.,UNRESOLVED,,member_count:2023-02-07:125
COUNT_NOT_200:2023-02-08:2740,COUNT_NOT_200,2023-02-08,2023,,,,,200,125,,,,CRITICAL,Replay intervals do not establish the historical expected security count on this NSE session.,UNRESOLVED,,member_count:2023-02-08:125
COUNT_NOT_200:2023-02-09:2741,COUNT_NOT_200,2023-02-09,2023,,,,,200,125,,,,CRITICAL,Replay intervals do not establish the historical expected security count on this NSE session.,UNRESOLVED,,member_count:2023-02-09:125
COUNT_NOT_200:2023-02-10:2742,COUNT_NOT_200,2023-02-10,2023,,,,,200,125,,,,CRITICAL,Replay intervals do not establish the historical expected security count on this NSE session.,UNRESOLVED,,member_count:2023-02-10:125
COUNT_NOT_200:2023-02-13:2743,COUNT_NOT_200,2023-02-13,2023,,,,,200,125,,,,CRITICAL,Replay intervals do not establish the historical expected security count on this NSE session.,UNRESOLVED,,member_count:2023-02-13:125
COUNT_NOT_200:2023-02-14:2744,COUNT_NOT_200,2023-02-14,2023,,,,,200,125,,,,CRITICAL,Replay intervals do not establish the historical expected security count on this NSE session.,UNRESOLVED,,member_count:2023-02-14:125
COUNT_NOT_200:2023-02-15:2745,COUNT_NOT_200,2023-02-15,2023,,,,,200,125,,,,CRITICAL,Replay intervals do not establish the historical expected security count on this NSE session.,UNRESOLVED,,member_count:2023-02-15:125
COUNT_NOT_200:2023-02-16:2746,COUNT_NOT_200,2023-02-16,2023,,,,,200,125,,,,CRITICAL,Replay intervals do not establish the historical expected security count on this NSE session.,UNRESOLVED,,member_count:2023-02-16:125
COUNT_NOT_200:2023-02-17:2747,COUNT_NOT_200,2023-02-17,2023,,,,,200,125,,,,CRITICAL,Replay intervals do not establish the historical expected security count on this NSE session.,UNRESOLVED,,member_count:2023-02-17:125
COUNT_NOT_200:2023-02-20:2748,COUNT_NOT_200,2023-02-20,2023,,,,,200,125,,,,CRITICAL,Replay intervals do not establish the historical expected security count on this NSE session.,UNRESOLVED,,member_count:2023-02-20:125
COUNT_NOT_200:2023-02-21:2749,COUNT_NOT_200,2023-02-21,2023,,,,,200,125,,,,CRITICAL,Replay intervals do not establish the historical expected security count on this NSE session.,UNRESOLVED,,member_count:2023-02-21:125
COUNT_NOT_200:2023-02-22:2750,COUNT_NOT_200,2023-02-22,2023,,,,,200,125,,,,CRITICAL,Replay intervals do not establish the historical expected security count on this NSE session.,UNRESOLVED,,member_count:2023-02-22:125
COUNT_NOT_200:2023-02-23:2751,COUNT_NOT_200,2023-02-23,2023,,,,,200,125,,,,CRITICAL,Replay intervals do not establish the historical expected security count on this NSE session.,UNRESOLVED,,member_count:2023-02-23:125
COUNT_NOT_200:2023-02-24:2752,COUNT_NOT_200,2023-02-24,2023,,,,,200,125,,,,CRITICAL,Replay intervals do not establish the historical expected security count on this NSE session.,UNRESOLVED,,member_count:2023-02-24:125
COUNT_NOT_200:2023-02-27:2753,COUNT_NOT_200,2023-02-27,2023,,,,,200,125,,,,CRITICAL,Replay intervals do not establish the historical expected security count on this NSE session.,UNRESOLVED,,member_count:2023-02-27:125
COUNT_NOT_200:2023-02-28:2754,COUNT_NOT_200,2023-02-28,2023,,,,,200,125,,,,CRITICAL,Replay intervals do not establish the historical expected security count on this NSE session.,UNRESOLVED,,member_count:2023-02-28:125
COUNT_NOT_200:2023-03-01:2755,COUNT_NOT_200,2023-03-01,2023,,,,,200,125,,,,CRITICAL,Replay intervals do not establish the historical expected security count on this NSE session.,UNRESOLVED,,member_count:2023-03-01:125
COUNT_NOT_200:2023-03-02:2756,COUNT_NOT_200,2023-03-02,2023,,,,,200,125,,,,CRITICAL,Replay intervals do not establish the historical expected security count on this NSE session.,UNRESOLVED,,member_count:2023-03-02:125
COUNT_NOT_200:2023-03-03:2757,COUNT_NOT_200,2023-03-03,2023,,,,,200,125,,,,CRITICAL,Replay intervals do not establish the historical expected security count on this NSE session.,UNRESOLVED,,member_count:2023-03-03:125
COUNT_NOT_200:2023-03-06:2758,COUNT_NOT_200,2023-03-06,2023,,,,,200,125,,,,CRITICAL,Replay intervals do not establish the historical expected security count on this NSE session.,UNRESOLVED,,member_count:2023-03-06:125
COUNT_NOT_200:2023-03-08:2759,COUNT_NOT_200,2023-03-08,2023,,,,,200,125,,,,CRITICAL,Replay intervals do not establish the historical expected security count on this NSE session.,UNRESOLVED,,member_count:2023-03-08:125
COUNT_NOT_200:2023-03-09:2760,COUNT_NOT_200,2023-03-09,2023,,,,,200,125,,,,CRITICAL,Replay intervals do not establish the historical expected security count on this NSE session.,UNRESOLVED,,member_count:2023-03-09:125
COUNT_NOT_200:2023-03-10:2761,COUNT_NOT_200,2023-03-10,2023,,,,,200,125,,,,CRITICAL,Replay intervals do not establish the historical expected security count on this NSE session.,UNRESOLVED,,member_count:2023-03-10:125
COUNT_NOT_200:2023-03-13:2762,COUNT_NOT_200,2023-03-13,2023,,,,,200,125,,,,CRITICAL,Replay intervals do not establish the historical expected security count on this NSE session.,UNRESOLVED,,member_count:2023-03-13:125
COUNT_NOT_200:2023-03-14:2763,COUNT_NOT_200,2023-03-14,2023,,,,,200,125,,,,CRITICAL,Replay intervals do not establish the historical expected security count on this NSE session.,UNRESOLVED,,member_count:2023-03-14:125
COUNT_NOT_200:2023-03-15:2764,COUNT_NOT_200,2023-03-15,2023,,,,,200,125,,,,CRITICAL,Replay intervals do not establish the historical expected security count on this NSE session.,UNRESOLVED,,member_count:2023-03-15:125
COUNT_NOT_200:2023-03-16:2765,COUNT_NOT_200,2023-03-16,2023,,,,,200,125,,,,CRITICAL,Replay intervals do not establish the historical expected security count on this NSE session.,UNRESOLVED,,member_count:2023-03-16:125
COUNT_NOT_200:2023-03-17:2766,COUNT_NOT_200,2023-03-17,2023,,,,,200,125,,,,CRITICAL,Replay intervals do not establish the historical expected security count on this NSE session.,UNRESOLVED,,member_count:2023-03-17:125
COUNT_NOT_200:2023-03-20:2767,COUNT_NOT_200,2023-03-20,2023,,,,,200,125,,,,CRITICAL,Replay intervals do not establish the historical expected security count on this NSE session.,UNRESOLVED,,member_count:2023-03-20:125
COUNT_NOT_200:2023-03-21:2768,COUNT_NOT_200,2023-03-21,2023,,,,,200,125,,,,CRITICAL,Replay intervals do not establish the historical expected security count on this NSE session.,UNRESOLVED,,member_count:2023-03-21:125
COUNT_NOT_200:2023-03-22:2769,COUNT_NOT_200,2023-03-22,2023,,,,,200,125,,,,CRITICAL,Replay intervals do not establish the historical expected security count on this NSE session.,UNRESOLVED,,member_count:2023-03-22:125
COUNT_NOT_200:2023-03-23:2770,COUNT_NOT_200,2023-03-23,2023,,,,,200,125,,,,CRITICAL,Replay intervals do not establish the historical expected security count on this NSE session.,UNRESOLVED,,member_count:2023-03-23:125
COUNT_NOT_200:2023-03-24:2771,COUNT_NOT_200,2023-03-24,2023,,,,,200,125,,,,CRITICAL,Replay intervals do not establish the historical expected security count on this NSE session.,UNRESOLVED,,member_count:2023-03-24:125
COUNT_NOT_200:2023-03-27:2772,COUNT_NOT_200,2023-03-27,2023,,,,,200,125,,,,CRITICAL,Replay intervals do not establish the historical expected security count on this NSE session.,UNRESOLVED,,member_count:2023-03-27:125
COUNT_NOT_200:2023-03-28:2773,COUNT_NOT_200,2023-03-28,2023,,,,,200,125,,,,CRITICAL,Replay intervals do not establish the historical expected security count on this NSE session.,UNRESOLVED,,member_count:2023-03-28:125
COUNT_NOT_200:2023-03-29:2774,COUNT_NOT_200,2023-03-29,2023,,,,,200,125,,,,CRITICAL,Replay intervals do not establish the historical expected security count on this NSE session.,UNRESOLVED,,member_count:2023-03-29:125
COUNT_NOT_200:2023-03-31:2775,COUNT_NOT_200,2023-03-31,2023,,,,,200,127,,,,CRITICAL,Replay intervals do not establish the historical expected security count on this NSE session.,UNRESOLVED,,member_count:2023-03-31:127
COUNT_NOT_200:2023-04-03:2776,COUNT_NOT_200,2023-04-03,2023,,,,,200,127,,,,CRITICAL,Replay intervals do not establish the historical expected security count on this NSE session.,UNRESOLVED,,member_count:2023-04-03:127
COUNT_NOT_200:2023-04-05:2777,COUNT_NOT_200,2023-04-05,2023,,,,,200,127,,,,CRITICAL,Replay intervals do not establish the historical expected security count on this NSE session.,UNRESOLVED,,member_count:2023-04-05:127
COUNT_NOT_200:2023-04-06:2778,COUNT_NOT_200,2023-04-06,2023,,,,,200,127,,,,CRITICAL,Replay intervals do not establish the historical expected security count on this NSE session.,UNRESOLVED,,member_count:2023-04-06:127
COUNT_NOT_200:2023-04-10:2779,COUNT_NOT_200,2023-04-10,2023,,,,,200,127,,,,CRITICAL,Replay intervals do not establish the historical expected security count on this NSE session.,UNRESOLVED,,member_count:2023-04-10:127
COUNT_NOT_200:2023-04-11:2780,COUNT_NOT_200,2023-04-11,2023,,,,,200,127,,,,CRITICAL,Replay intervals do not establish the historical expected security count on this NSE session.,UNRESOLVED,,member_count:2023-04-11:127
COUNT_NOT_200:2023-04-12:2781,COUNT_NOT_200,2023-04-12,2023,,,,,200,127,,,,CRITICAL,Replay intervals do not establish the historical expected security count on this NSE session.,UNRESOLVED,,member_count:2023-04-12:127
COUNT_NOT_200:2023-04-13:2782,COUNT_NOT_200,2023-04-13,2023,,,,,200,127,,,,CRITICAL,Replay intervals do not establish the historical expected security count on this NSE session.,UNRESOLVED,,member_count:2023-04-13:127
COUNT_NOT_200:2023-04-17:2783,COUNT_NOT_200,2023-04-17,2023,,,,,200,127,,,,CRITICAL,Replay intervals do not establish the historical expected security count on this NSE session.,UNRESOLVED,,member_count:2023-04-17:127
COUNT_NOT_200:2023-04-18:2784,COUNT_NOT_200,2023-04-18,2023,,,,,200,127,,,,CRITICAL,Replay intervals do not establish the historical expected security count on this NSE session.,UNRESOLVED,,member_count:2023-04-18:127
COUNT_NOT_200:2023-04-19:2785,COUNT_NOT_200,2023-04-19,2023,,,,,200,127,,,,CRITICAL,Replay intervals do not establish the historical expected security count on this NSE session.,UNRESOLVED,,member_count:2023-04-19:127
COUNT_NOT_200:2023-04-20:2786,COUNT_NOT_200,2023-04-20,2023,,,,,200,127,,,,CRITICAL,Replay intervals do not establish the historical expected security count on this NSE session.,UNRESOLVED,,member_count:2023-04-20:127
COUNT_NOT_200:2023-04-21:2787,COUNT_NOT_200,2023-04-21,2023,,,,,200,127,,,,CRITICAL,Replay intervals do not establish the historical expected security count on this NSE session.,UNRESOLVED,,member_count:2023-04-21:127
COUNT_NOT_200:2023-04-24:2788,COUNT_NOT_200,2023-04-24,2023,,,,,200,127,,,,CRITICAL,Replay intervals do not establish the historical expected security count on this NSE session.,UNRESOLVED,,member_count:2023-04-24:127
COUNT_NOT_200:2023-04-25:2789,COUNT_NOT_200,2023-04-25,2023,,,,,200,127,,,,CRITICAL,Replay intervals do not establish the historical expected security count on this NSE session.,UNRESOLVED,,member_count:2023-04-25:127
COUNT_NOT_200:2023-04-26:2790,COUNT_NOT_200,2023-04-26,2023,,,,,200,127,,,,CRITICAL,Replay intervals do not establish the historical expected security count on this NSE session.,UNRESOLVED,,member_count:2023-04-26:127
COUNT_NOT_200:2023-04-27:2791,COUNT_NOT_200,2023-04-27,2023,,,,,200,127,,,,CRITICAL,Replay intervals do not establish the historical expected security count on this NSE session.,UNRESOLVED,,member_count:2023-04-27:127
COUNT_NOT_200:2023-04-28:2792,COUNT_NOT_200,2023-04-28,2023,,,,,200,127,,,,CRITICAL,Replay intervals do not establish the historical expected security count on this NSE session.,UNRESOLVED,,member_count:2023-04-28:127
COUNT_NOT_200:2023-05-02:2793,COUNT_NOT_200,2023-05-02,2023,,,,,200,127,,,,CRITICAL,Replay intervals do not establish the historical expected security count on this NSE session.,UNRESOLVED,,member_count:2023-05-02:127
COUNT_NOT_200:2023-05-03:2794,COUNT_NOT_200,2023-05-03,2023,,,,,200,127,,,,CRITICAL,Replay intervals do not establish the historical expected security count on this NSE session.,UNRESOLVED,,member_count:2023-05-03:127
COUNT_NOT_200:2023-05-04:2795,COUNT_NOT_200,2023-05-04,2023,,,,,200,127,,,,CRITICAL,Replay intervals do not establish the historical expected security count on this NSE session.,UNRESOLVED,,member_count:2023-05-04:127
COUNT_NOT_200:2023-05-05:2796,COUNT_NOT_200,2023-05-05,2023,,,,,200,127,,,,CRITICAL,Replay intervals do not establish the historical expected security count on this NSE session.,UNRESOLVED,,member_count:2023-05-05:127
COUNT_NOT_200:2023-05-08:2797,COUNT_NOT_200,2023-05-08,2023,,,,,200,127,,,,CRITICAL,Replay intervals do not establish the historical expected security count on this NSE session.,UNRESOLVED,,member_count:2023-05-08:127
COUNT_NOT_200:2023-05-09:2798,COUNT_NOT_200,2023-05-09,2023,,,,,200,127,,,,CRITICAL,Replay intervals do not establish the historical expected security count on this NSE session.,UNRESOLVED,,member_count:2023-05-09:127
COUNT_NOT_200:2023-05-10:2799,COUNT_NOT_200,2023-05-10,2023,,,,,200,127,,,,CRITICAL,Replay intervals do not establish the historical expected security count on this NSE session.,UNRESOLVED,,member_count:2023-05-10:127
COUNT_NOT_200:2023-05-11:2800,COUNT_NOT_200,2023-05-11,2023,,,,,200,127,,,,CRITICAL,Replay intervals do not establish the historical expected security count on this NSE session.,UNRESOLVED,,member_count:2023-05-11:127
COUNT_NOT_200:2023-05-12:2801,COUNT_NOT_200,2023-05-12,2023,,,,,200,127,,,,CRITICAL,Replay intervals do not establish the historical expected security count on this NSE session.,UNRESOLVED,,member_count:2023-05-12:127
COUNT_NOT_200:2023-05-15:2802,COUNT_NOT_200,2023-05-15,2023,,,,,200,127,,,,CRITICAL,Replay intervals do not establish the historical expected security count on this NSE session.,UNRESOLVED,,member_count:2023-05-15:127
COUNT_NOT_200:2023-05-16:2803,COUNT_NOT_200,2023-05-16,2023,,,,,200,127,,,,CRITICAL,Replay intervals do not establish the historical expected security count on this NSE session.,UNRESOLVED,,member_count:2023-05-16:127
COUNT_NOT_200:2023-05-17:2804,COUNT_NOT_200,2023-05-17,2023,,,,,200,127,,,,CRITICAL,Replay intervals do not establish the historical expected security count on this NSE session.,UNRESOLVED,,member_count:2023-05-17:127
COUNT_NOT_200:2023-05-18:2805,COUNT_NOT_200,2023-05-18,2023,,,,,200,127,,,,CRITICAL,Replay intervals do not establish the historical expected security count on this NSE session.,UNRESOLVED,,member_count:2023-05-18:127
COUNT_NOT_200:2023-05-19:2806,COUNT_NOT_200,2023-05-19,2023,,,,,200,127,,,,CRITICAL,Replay intervals do not establish the historical expected security count on this NSE session.,UNRESOLVED,,member_count:2023-05-19:127
COUNT_NOT_200:2023-05-22:2807,COUNT_NOT_200,2023-05-22,2023,,,,,200,127,,,,CRITICAL,Replay intervals do not establish the historical expected security count on this NSE session.,UNRESOLVED,,member_count:2023-05-22:127
COUNT_NOT_200:2023-05-23:2808,COUNT_NOT_200,2023-05-23,2023,,,,,200,127,,,,CRITICAL,Replay intervals do not establish the historical expected security count on this NSE session.,UNRESOLVED,,member_count:2023-05-23:127
COUNT_NOT_200:2023-05-24:2809,COUNT_NOT_200,2023-05-24,2023,,,,,200,127,,,,CRITICAL,Replay intervals do not establish the historical expected security count on this NSE session.,UNRESOLVED,,member_count:2023-05-24:127
COUNT_NOT_200:2023-05-25:2810,COUNT_NOT_200,2023-05-25,2023,,,,,200,127,,,,CRITICAL,Replay intervals do not establish the historical expected security count on this NSE session.,UNRESOLVED,,member_count:2023-05-25:127
COUNT_NOT_200:2023-05-26:2811,COUNT_NOT_200,2023-05-26,2023,,,,,200,127,,,,CRITICAL,Replay intervals do not establish the historical expected security count on this NSE session.,UNRESOLVED,,member_count:2023-05-26:127
COUNT_NOT_200:2023-05-29:2812,COUNT_NOT_200,2023-05-29,2023,,,,,200,127,,,,CRITICAL,Replay intervals do not establish the historical expected security count on this NSE session.,UNRESOLVED,,member_count:2023-05-29:127
COUNT_NOT_200:2023-05-30:2813,COUNT_NOT_200,2023-05-30,2023,,,,,200,127,,,,CRITICAL,Replay intervals do not establish the historical expected security count on this NSE session.,UNRESOLVED,,member_count:2023-05-30:127
COUNT_NOT_200:2023-05-31:2814,COUNT_NOT_200,2023-05-31,2023,,,,,200,127,,,,CRITICAL,Replay intervals do not establish the historical expected security count on this NSE session.,UNRESOLVED,,member_count:2023-05-31:127
COUNT_NOT_200:2023-06-01:2815,COUNT_NOT_200,2023-06-01,2023,,,,,200,127,,,,CRITICAL,Replay intervals do not establish the historical expected security count on this NSE session.,UNRESOLVED,,member_count:2023-06-01:127
COUNT_NOT_200:2023-06-02:2816,COUNT_NOT_200,2023-06-02,2023,,,,,200,127,,,,CRITICAL,Replay intervals do not establish the historical expected security count on this NSE session.,UNRESOLVED,,member_count:2023-06-02:127
COUNT_NOT_200:2023-06-05:2817,COUNT_NOT_200,2023-06-05,2023,,,,,200,127,,,,CRITICAL,Replay intervals do not establish the historical expected security count on this NSE session.,UNRESOLVED,,member_count:2023-06-05:127
COUNT_NOT_200:2023-06-06:2818,COUNT_NOT_200,2023-06-06,2023,,,,,200,127,,,,CRITICAL,Replay intervals do not establish the historical expected security count on this NSE session.,UNRESOLVED,,member_count:2023-06-06:127
COUNT_NOT_200:2023-06-07:2819,COUNT_NOT_200,2023-06-07,2023,,,,,200,127,,,,CRITICAL,Replay intervals do not establish the historical expected security count on this NSE session.,UNRESOLVED,,member_count:2023-06-07:127
COUNT_NOT_200:2023-06-08:2820,COUNT_NOT_200,2023-06-08,2023,,,,,200,127,,,,CRITICAL,Replay intervals do not establish the historical expected security count on this NSE session.,UNRESOLVED,,member_count:2023-06-08:127
COUNT_NOT_200:2023-06-09:2821,COUNT_NOT_200,2023-06-09,2023,,,,,200,127,,,,CRITICAL,Replay intervals do not establish the historical expected security count on this NSE session.,UNRESOLVED,,member_count:2023-06-09:127
COUNT_NOT_200:2023-06-12:2822,COUNT_NOT_200,2023-06-12,2023,,,,,200,127,,,,CRITICAL,Replay intervals do not establish the historical expected security count on this NSE session.,UNRESOLVED,,member_count:2023-06-12:127
COUNT_NOT_200:2023-06-13:2823,COUNT_NOT_200,2023-06-13,2023,,,,,200,127,,,,CRITICAL,Replay intervals do not establish the historical expected security count on this NSE session.,UNRESOLVED,,member_count:2023-06-13:127
COUNT_NOT_200:2023-06-14:2824,COUNT_NOT_200,2023-06-14,2023,,,,,200,127,,,,CRITICAL,Replay intervals do not establish the historical expected security count on this NSE session.,UNRESOLVED,,member_count:2023-06-14:127
COUNT_NOT_200:2023-06-15:2825,COUNT_NOT_200,2023-06-15,2023,,,,,200,127,,,,CRITICAL,Replay intervals do not establish the historical expected security count on this NSE session.,UNRESOLVED,,member_count:2023-06-15:127
COUNT_NOT_200:2023-06-16:2826,COUNT_NOT_200,2023-06-16,2023,,,,,200,127,,,,CRITICAL,Replay intervals do not establish the historical expected security count on this NSE session.,UNRESOLVED,,member_count:2023-06-16:127
COUNT_NOT_200:2023-06-19:2827,COUNT_NOT_200,2023-06-19,2023,,,,,200,127,,,,CRITICAL,Replay intervals do not establish the historical expected security count on this NSE session.,UNRESOLVED,,member_count:2023-06-19:127
COUNT_NOT_200:2023-06-20:2828,COUNT_NOT_200,2023-06-20,2023,,,,,200,127,,,,CRITICAL,Replay intervals do not establish the historical expected security count on this NSE session.,UNRESOLVED,,member_count:2023-06-20:127
COUNT_NOT_200:2023-06-21:2829,COUNT_NOT_200,2023-06-21,2023,,,,,200,127,,,,CRITICAL,Replay intervals do not establish the historical expected security count on this NSE session.,UNRESOLVED,,member_count:2023-06-21:127
COUNT_NOT_200:2023-06-22:2830,COUNT_NOT_200,2023-06-22,2023,,,,,200,127,,,,CRITICAL,Replay intervals do not establish the historical expected security count on this NSE session.,UNRESOLVED,,member_count:2023-06-22:127
COUNT_NOT_200:2023-06-23:2831,COUNT_NOT_200,2023-06-23,2023,,,,,200,127,,,,CRITICAL,Replay intervals do not establish the historical expected security count on this NSE session.,UNRESOLVED,,member_count:2023-06-23:127
COUNT_NOT_200:2023-06-26:2832,COUNT_NOT_200,2023-06-26,2023,,,,,200,127,,,,CRITICAL,Replay intervals do not establish the historical expected security count on this NSE session.,UNRESOLVED,,member_count:2023-06-26:127
COUNT_NOT_200:2023-06-27:2833,COUNT_NOT_200,2023-06-27,2023,,,,,200,127,,,,CRITICAL,Replay intervals do not establish the historical expected security count on this NSE session.,UNRESOLVED,,member_count:2023-06-27:127
COUNT_NOT_200:2023-06-28:2834,COUNT_NOT_200,2023-06-28,2023,,,,,200,127,,,,CRITICAL,Replay intervals do not establish the historical expected security count on this NSE session.,UNRESOLVED,,member_count:2023-06-28:127
COUNT_NOT_200:2023-06-30:2835,COUNT_NOT_200,2023-06-30,2023,,,,,200,127,,,,CRITICAL,Replay intervals do not establish the historical expected security count on this NSE session.,UNRESOLVED,,member_count:2023-06-30:127
COUNT_NOT_200:2023-07-03:2836,COUNT_NOT_200,2023-07-03,2023,,,,,200,127,,,,CRITICAL,Replay intervals do not establish the historical expected security count on this NSE session.,UNRESOLVED,,member_count:2023-07-03:127
COUNT_NOT_200:2023-07-04:2837,COUNT_NOT_200,2023-07-04,2023,,,,,200,127,,,,CRITICAL,Replay intervals do not establish the historical expected security count on this NSE session.,UNRESOLVED,,member_count:2023-07-04:127
COUNT_NOT_200:2023-07-05:2838,COUNT_NOT_200,2023-07-05,2023,,,,,200,127,,,,CRITICAL,Replay intervals do not establish the historical expected security count on this NSE session.,UNRESOLVED,,member_count:2023-07-05:127
COUNT_NOT_200:2023-07-06:2839,COUNT_NOT_200,2023-07-06,2023,,,,,200,127,,,,CRITICAL,Replay intervals do not establish the historical expected security count on this NSE session.,UNRESOLVED,,member_count:2023-07-06:127
COUNT_NOT_200:2023-07-07:2840,COUNT_NOT_200,2023-07-07,2023,,,,,200,127,,,,CRITICAL,Replay intervals do not establish the historical expected security count on this NSE session.,UNRESOLVED,,member_count:2023-07-07:127
COUNT_NOT_200:2023-07-10:2841,COUNT_NOT_200,2023-07-10,2023,,,,,200,127,,,,CRITICAL,Replay intervals do not establish the historical expected security count on this NSE session.,UNRESOLVED,,member_count:2023-07-10:127
COUNT_NOT_200:2023-07-11:2842,COUNT_NOT_200,2023-07-11,2023,,,,,200,127,,,,CRITICAL,Replay intervals do not establish the historical expected security count on this NSE session.,UNRESOLVED,,member_count:2023-07-11:127
COUNT_NOT_200:2023-07-12:2843,COUNT_NOT_200,2023-07-12,2023,,,,,200,127,,,,CRITICAL,Replay intervals do not establish the historical expected security count on this NSE session.,UNRESOLVED,,member_count:2023-07-12:127
COUNT_NOT_200:2023-07-13:2844,COUNT_NOT_200,2023-07-13,2023,,,,,200,128,,,,CRITICAL,Replay intervals do not establish the historical expected security count on this NSE session.,UNRESOLVED,,member_count:2023-07-13:128
COUNT_NOT_200:2023-07-14:2845,COUNT_NOT_200,2023-07-14,2023,,,,,200,128,,,,CRITICAL,Replay intervals do not establish the historical expected security count on this NSE session.,UNRESOLVED,,member_count:2023-07-14:128
COUNT_NOT_200:2023-07-17:2846,COUNT_NOT_200,2023-07-17,2023,,,,,200,128,,,,CRITICAL,Replay intervals do not establish the historical expected security count on this NSE session.,UNRESOLVED,,member_count:2023-07-17:128
COUNT_NOT_200:2023-07-18:2847,COUNT_NOT_200,2023-07-18,2023,,,,,200,128,,,,CRITICAL,Replay intervals do not establish the historical expected security count on this NSE session.,UNRESOLVED,,member_count:2023-07-18:128
COUNT_NOT_200:2023-07-19:2848,COUNT_NOT_200,2023-07-19,2023,,,,,200,128,,,,CRITICAL,Replay intervals do not establish the historical expected security count on this NSE session.,UNRESOLVED,,member_count:2023-07-19:128
COUNT_NOT_200:2023-07-20:2849,COUNT_NOT_200,2023-07-20,2023,,,,,200,128,,,,CRITICAL,Replay intervals do not establish the historical expected security count on this NSE session.,UNRESOLVED,,member_count:2023-07-20:128
COUNT_NOT_200:2023-07-21:2850,COUNT_NOT_200,2023-07-21,2023,,,,,200,128,,,,CRITICAL,Replay intervals do not establish the historical expected security count on this NSE session.,UNRESOLVED,,member_count:2023-07-21:128
COUNT_NOT_200:2023-07-24:2851,COUNT_NOT_200,2023-07-24,2023,,,,,200,128,,,,CRITICAL,Replay intervals do not establish the historical expected security count on this NSE session.,UNRESOLVED,,member_count:2023-07-24:128
COUNT_NOT_200:2023-07-25:2852,COUNT_NOT_200,2023-07-25,2023,,,,,200,128,,,,CRITICAL,Replay intervals do not establish the historical expected security count on this NSE session.,UNRESOLVED,,member_count:2023-07-25:128
COUNT_NOT_200:2023-07-26:2853,COUNT_NOT_200,2023-07-26,2023,,,,,200,128,,,,CRITICAL,Replay intervals do not establish the historical expected security count on this NSE session.,UNRESOLVED,,member_count:2023-07-26:128
COUNT_NOT_200:2023-07-27:2854,COUNT_NOT_200,2023-07-27,2023,,,,,200,128,,,,CRITICAL,Replay intervals do not establish the historical expected security count on this NSE session.,UNRESOLVED,,member_count:2023-07-27:128
COUNT_NOT_200:2023-07-28:2855,COUNT_NOT_200,2023-07-28,2023,,,,,200,128,,,,CRITICAL,Replay intervals do not establish the historical expected security count on this NSE session.,UNRESOLVED,,member_count:2023-07-28:128
COUNT_NOT_200:2023-07-31:2856,COUNT_NOT_200,2023-07-31,2023,,,,,200,128,,,,CRITICAL,Replay intervals do not establish the historical expected security count on this NSE session.,UNRESOLVED,,member_count:2023-07-31:128
COUNT_NOT_200:2023-08-01:2857,COUNT_NOT_200,2023-08-01,2023,,,,,200,128,,,,CRITICAL,Replay intervals do not establish the historical expected security count on this NSE session.,UNRESOLVED,,member_count:2023-08-01:128
COUNT_NOT_200:2023-08-02:2858,COUNT_NOT_200,2023-08-02,2023,,,,,200,128,,,,CRITICAL,Replay intervals do not establish the historical expected security count on this NSE session.,UNRESOLVED,,member_count:2023-08-02:128
COUNT_NOT_200:2023-08-03:2859,COUNT_NOT_200,2023-08-03,2023,,,,,200,128,,,,CRITICAL,Replay intervals do not establish the historical expected security count on this NSE session.,UNRESOLVED,,member_count:2023-08-03:128
COUNT_NOT_200:2023-08-04:2860,COUNT_NOT_200,2023-08-04,2023,,,,,200,128,,,,CRITICAL,Replay intervals do not establish the historical expected security count on this NSE session.,UNRESOLVED,,member_count:2023-08-04:128
COUNT_NOT_200:2023-08-07:2861,COUNT_NOT_200,2023-08-07,2023,,,,,200,128,,,,CRITICAL,Replay intervals do not establish the historical expected security count on this NSE session.,UNRESOLVED,,member_count:2023-08-07:128
COUNT_NOT_200:2023-08-08:2862,COUNT_NOT_200,2023-08-08,2023,,,,,200,128,,,,CRITICAL,Replay intervals do not establish the historical expected security count on this NSE session.,UNRESOLVED,,member_count:2023-08-08:128
COUNT_NOT_200:2023-08-09:2863,COUNT_NOT_200,2023-08-09,2023,,,,,200,128,,,,CRITICAL,Replay intervals do not establish the historical expected security count on this NSE session.,UNRESOLVED,,member_count:2023-08-09:128
COUNT_NOT_200:2023-08-10:2864,COUNT_NOT_200,2023-08-10,2023,,,,,200,128,,,,CRITICAL,Replay intervals do not establish the historical expected security count on this NSE session.,UNRESOLVED,,member_count:2023-08-10:128
COUNT_NOT_200:2023-08-11:2865,COUNT_NOT_200,2023-08-11,2023,,,,,200,128,,,,CRITICAL,Replay intervals do not establish the historical expected security count on this NSE session.,UNRESOLVED,,member_count:2023-08-11:128
COUNT_NOT_200:2023-08-14:2866,COUNT_NOT_200,2023-08-14,2023,,,,,200,128,,,,CRITICAL,Replay intervals do not establish the historical expected security count on this NSE session.,UNRESOLVED,,member_count:2023-08-14:128
COUNT_NOT_200:2023-08-16:2867,COUNT_NOT_200,2023-08-16,2023,,,,,200,128,,,,CRITICAL,Replay intervals do not establish the historical expected security count on this NSE session.,UNRESOLVED,,member_count:2023-08-16:128
COUNT_NOT_200:2023-08-17:2868,COUNT_NOT_200,2023-08-17,2023,,,,,200,128,,,,CRITICAL,Replay intervals do not establish the historical expected security count on this NSE session.,UNRESOLVED,,member_count:2023-08-17:128
COUNT_NOT_200:2023-08-18:2869,COUNT_NOT_200,2023-08-18,2023,,,,,200,128,,,,CRITICAL,Replay intervals do not establish the historical expected security count on this NSE session.,UNRESOLVED,,member_count:2023-08-18:128
COUNT_NOT_200:2023-08-21:2870,COUNT_NOT_200,2023-08-21,2023,,,,,200,128,,,,CRITICAL,Replay intervals do not establish the historical expected security count on this NSE session.,UNRESOLVED,,member_count:2023-08-21:128
COUNT_NOT_200:2023-08-22:2871,COUNT_NOT_200,2023-08-22,2023,,,,,200,128,,,,CRITICAL,Replay intervals do not establish the historical expected security count on this NSE session.,UNRESOLVED,,member_count:2023-08-22:128
COUNT_NOT_200:2023-08-23:2872,COUNT_NOT_200,2023-08-23,2023,,,,,200,128,,,,CRITICAL,Replay intervals do not establish the historical expected security count on this NSE session.,UNRESOLVED,,member_count:2023-08-23:128
COUNT_NOT_200:2023-08-24:2873,COUNT_NOT_200,2023-08-24,2023,,,,,200,128,,,,CRITICAL,Replay intervals do not establish the historical expected security count on this NSE session.,UNRESOLVED,,member_count:2023-08-24:128
COUNT_NOT_200:2023-08-25:2874,COUNT_NOT_200,2023-08-25,2023,,,,,200,128,,,,CRITICAL,Replay intervals do not establish the historical expected security count on this NSE session.,UNRESOLVED,,member_count:2023-08-25:128
COUNT_NOT_200:2023-08-28:2875,COUNT_NOT_200,2023-08-28,2023,,,,,200,128,,,,CRITICAL,Replay intervals do not establish the historical expected security count on this NSE session.,UNRESOLVED,,member_count:2023-08-28:128
COUNT_NOT_200:2023-08-29:2876,COUNT_NOT_200,2023-08-29,2023,,,,,200,128,,,,CRITICAL,Replay intervals do not establish the historical expected security count on this NSE session.,UNRESOLVED,,member_count:2023-08-29:128
COUNT_NOT_200:2023-08-30:2877,COUNT_NOT_200,2023-08-30,2023,,,,,200,128,,,,CRITICAL,Replay intervals do not establish the historical expected security count on this NSE session.,UNRESOLVED,,member_count:2023-08-30:128
COUNT_NOT_200:2023-08-31:2878,COUNT_NOT_200,2023-08-31,2023,,,,,200,128,,,,CRITICAL,Replay intervals do not establish the historical expected security count on this NSE session.,UNRESOLVED,,member_count:2023-08-31:128
COUNT_NOT_200:2023-09-01:2879,COUNT_NOT_200,2023-09-01,2023,,,,,200,128,,,,CRITICAL,Replay intervals do not establish the historical expected security count on this NSE session.,UNRESOLVED,,member_count:2023-09-01:128
COUNT_NOT_200:2023-09-04:2880,COUNT_NOT_200,2023-09-04,2023,,,,,200,128,,,,CRITICAL,Replay intervals do not establish the historical expected security count on this NSE session.,UNRESOLVED,,member_count:2023-09-04:128
COUNT_NOT_200:2023-09-05:2881,COUNT_NOT_200,2023-09-05,2023,,,,,200,128,,,,CRITICAL,Replay intervals do not establish the historical expected security count on this NSE session.,UNRESOLVED,,member_count:2023-09-05:128
COUNT_NOT_200:2023-09-06:2882,COUNT_NOT_200,2023-09-06,2023,,,,,200,128,,,,CRITICAL,Replay intervals do not establish the historical expected security count on this NSE session.,UNRESOLVED,,member_count:2023-09-06:128
COUNT_NOT_200:2023-09-07:2883,COUNT_NOT_200,2023-09-07,2023,,,,,200,128,,,,CRITICAL,Replay intervals do not establish the historical expected security count on this NSE session.,UNRESOLVED,,member_count:2023-09-07:128
COUNT_NOT_200:2023-09-08:2884,COUNT_NOT_200,2023-09-08,2023,,,,,200,128,,,,CRITICAL,Replay intervals do not establish the historical expected security count on this NSE session.,UNRESOLVED,,member_count:2023-09-08:128
COUNT_NOT_200:2023-09-11:2885,COUNT_NOT_200,2023-09-11,2023,,,,,200,128,,,,CRITICAL,Replay intervals do not establish the historical expected security count on this NSE session.,UNRESOLVED,,member_count:2023-09-11:128
COUNT_NOT_200:2023-09-12:2886,COUNT_NOT_200,2023-09-12,2023,,,,,200,128,,,,CRITICAL,Replay intervals do not establish the historical expected security count on this NSE session.,UNRESOLVED,,member_count:2023-09-12:128
COUNT_NOT_200:2023-09-13:2887,COUNT_NOT_200,2023-09-13,2023,,,,,200,128,,,,CRITICAL,Replay intervals do not establish the historical expected security count on this NSE session.,UNRESOLVED,,member_count:2023-09-13:128
COUNT_NOT_200:2023-09-14:2888,COUNT_NOT_200,2023-09-14,2023,,,,,200,128,,,,CRITICAL,Replay intervals do not establish the historical expected security count on this NSE session.,UNRESOLVED,,member_count:2023-09-14:128
COUNT_NOT_200:2023-09-15:2889,COUNT_NOT_200,2023-09-15,2023,,,,,200,128,,,,CRITICAL,Replay intervals do not establish the historical expected security count on this NSE session.,UNRESOLVED,,member_count:2023-09-15:128
COUNT_NOT_200:2023-09-18:2890,COUNT_NOT_200,2023-09-18,2023,,,,,200,128,,,,CRITICAL,Replay intervals do not establish the historical expected security count on this NSE session.,UNRESOLVED,,member_count:2023-09-18:128
COUNT_NOT_200:2023-09-20:2891,COUNT_NOT_200,2023-09-20,2023,,,,,200,128,,,,CRITICAL,Replay intervals do not establish the historical expected security count on this NSE session.,UNRESOLVED,,member_count:2023-09-20:128
COUNT_NOT_200:2023-09-21:2892,COUNT_NOT_200,2023-09-21,2023,,,,,200,128,,,,CRITICAL,Replay intervals do not establish the historical expected security count on this NSE session.,UNRESOLVED,,member_count:2023-09-21:128
COUNT_NOT_200:2023-09-22:2893,COUNT_NOT_200,2023-09-22,2023,,,,,200,128,,,,CRITICAL,Replay intervals do not establish the historical expected security count on this NSE session.,UNRESOLVED,,member_count:2023-09-22:128
COUNT_NOT_200:2023-09-25:2894,COUNT_NOT_200,2023-09-25,2023,,,,,200,128,,,,CRITICAL,Replay intervals do not establish the historical expected security count on this NSE session.,UNRESOLVED,,member_count:2023-09-25:128
COUNT_NOT_200:2023-09-26:2895,COUNT_NOT_200,2023-09-26,2023,,,,,200,128,,,,CRITICAL,Replay intervals do not establish the historical expected security count on this NSE session.,UNRESOLVED,,member_count:2023-09-26:128
COUNT_NOT_200:2023-09-27:2896,COUNT_NOT_200,2023-09-27,2023,,,,,200,128,,,,CRITICAL,Replay intervals do not establish the historical expected security count on this NSE session.,UNRESOLVED,,member_count:2023-09-27:128
COUNT_NOT_200:2023-09-28:2897,COUNT_NOT_200,2023-09-28,2023,,,,,200,128,,,,CRITICAL,Replay intervals do not establish the historical expected security count on this NSE session.,UNRESOLVED,,member_count:2023-09-28:128
COUNT_NOT_200:2023-09-29:2898,COUNT_NOT_200,2023-09-29,2023,,,,,200,128,,,,CRITICAL,Replay intervals do not establish the historical expected security count on this NSE session.,UNRESOLVED,,member_count:2023-09-29:128
COUNT_NOT_200:2023-10-03:2899,COUNT_NOT_200,2023-10-03,2023,,,,,200,128,,,,CRITICAL,Replay intervals do not establish the historical expected security count on this NSE session.,UNRESOLVED,,member_count:2023-10-03:128
COUNT_NOT_200:2023-10-04:2900,COUNT_NOT_200,2023-10-04,2023,,,,,200,128,,,,CRITICAL,Replay intervals do not establish the historical expected security count on this NSE session.,UNRESOLVED,,member_count:2023-10-04:128
COUNT_NOT_200:2023-10-05:2901,COUNT_NOT_200,2023-10-05,2023,,,,,200,128,,,,CRITICAL,Replay intervals do not establish the historical expected security count on this NSE session.,UNRESOLVED,,member_count:2023-10-05:128
COUNT_NOT_200:2023-10-06:2902,COUNT_NOT_200,2023-10-06,2023,,,,,200,128,,,,CRITICAL,Replay intervals do not establish the historical expected security count on this NSE session.,UNRESOLVED,,member_count:2023-10-06:128
COUNT_NOT_200:2023-10-09:2903,COUNT_NOT_200,2023-10-09,2023,,,,,200,128,,,,CRITICAL,Replay intervals do not establish the historical expected security count on this NSE session.,UNRESOLVED,,member_count:2023-10-09:128
COUNT_NOT_200:2023-10-10:2904,COUNT_NOT_200,2023-10-10,2023,,,,,200,128,,,,CRITICAL,Replay intervals do not establish the historical expected security count on this NSE session.,UNRESOLVED,,member_count:2023-10-10:128
COUNT_NOT_200:2023-10-11:2905,COUNT_NOT_200,2023-10-11,2023,,,,,200,128,,,,CRITICAL,Replay intervals do not establish the historical expected security count on this NSE session.,UNRESOLVED,,member_count:2023-10-11:128
COUNT_NOT_200:2023-10-12:2906,COUNT_NOT_200,2023-10-12,2023,,,,,200,128,,,,CRITICAL,Replay intervals do not establish the historical expected security count on this NSE session.,UNRESOLVED,,member_count:2023-10-12:128
COUNT_NOT_200:2023-10-13:2907,COUNT_NOT_200,2023-10-13,2023,,,,,200,128,,,,CRITICAL,Replay intervals do not establish the historical expected security count on this NSE session.,UNRESOLVED,,member_count:2023-10-13:128
COUNT_NOT_200:2023-10-16:2908,COUNT_NOT_200,2023-10-16,2023,,,,,200,128,,,,CRITICAL,Replay intervals do not establish the historical expected security count on this NSE session.,UNRESOLVED,,member_count:2023-10-16:128
COUNT_NOT_200:2023-10-17:2909,COUNT_NOT_200,2023-10-17,2023,,,,,200,128,,,,CRITICAL,Replay intervals do not establish the historical expected security count on this NSE session.,UNRESOLVED,,member_count:2023-10-17:128
COUNT_NOT_200:2023-10-18:2910,COUNT_NOT_200,2023-10-18,2023,,,,,200,128,,,,CRITICAL,Replay intervals do not establish the historical expected security count on this NSE session.,UNRESOLVED,,member_count:2023-10-18:128
COUNT_NOT_200:2023-10-19:2911,COUNT_NOT_200,2023-10-19,2023,,,,,200,128,,,,CRITICAL,Replay intervals do not establish the historical expected security count on this NSE session.,UNRESOLVED,,member_count:2023-10-19:128
COUNT_NOT_200:2023-10-20:2912,COUNT_NOT_200,2023-10-20,2023,,,,,200,128,,,,CRITICAL,Replay intervals do not establish the historical expected security count on this NSE session.,UNRESOLVED,,member_count:2023-10-20:128
COUNT_NOT_200:2023-10-23:2913,COUNT_NOT_200,2023-10-23,2023,,,,,200,128,,,,CRITICAL,Replay intervals do not establish the historical expected security count on this NSE session.,UNRESOLVED,,member_count:2023-10-23:128
COUNT_NOT_200:2023-10-25:2914,COUNT_NOT_200,2023-10-25,2023,,,,,200,128,,,,CRITICAL,Replay intervals do not establish the historical expected security count on this NSE session.,UNRESOLVED,,member_count:2023-10-25:128
COUNT_NOT_200:2023-10-26:2915,COUNT_NOT_200,2023-10-26,2023,,,,,200,128,,,,CRITICAL,Replay intervals do not establish the historical expected security count on this NSE session.,UNRESOLVED,,member_count:2023-10-26:128
COUNT_NOT_200:2023-10-27:2916,COUNT_NOT_200,2023-10-27,2023,,,,,200,128,,,,CRITICAL,Replay intervals do not establish the historical expected security count on this NSE session.,UNRESOLVED,,member_count:2023-10-27:128
COUNT_NOT_200:2023-10-30:2917,COUNT_NOT_200,2023-10-30,2023,,,,,200,128,,,,CRITICAL,Replay intervals do not establish the historical expected security count on this NSE session.,UNRESOLVED,,member_count:2023-10-30:128
COUNT_NOT_200:2023-10-31:2918,COUNT_NOT_200,2023-10-31,2023,,,,,200,128,,,,CRITICAL,Replay intervals do not establish the historical expected security count on this NSE session.,UNRESOLVED,,member_count:2023-10-31:128
COUNT_NOT_200:2023-11-01:2919,COUNT_NOT_200,2023-11-01,2023,,,,,200,128,,,,CRITICAL,Replay intervals do not establish the historical expected security count on this NSE session.,UNRESOLVED,,member_count:2023-11-01:128
COUNT_NOT_200:2023-11-02:2920,COUNT_NOT_200,2023-11-02,2023,,,,,200,128,,,,CRITICAL,Replay intervals do not establish the historical expected security count on this NSE session.,UNRESOLVED,,member_count:2023-11-02:128
COUNT_NOT_200:2023-11-03:2921,COUNT_NOT_200,2023-11-03,2023,,,,,200,128,,,,CRITICAL,Replay intervals do not establish the historical expected security count on this NSE session.,UNRESOLVED,,member_count:2023-11-03:128
COUNT_NOT_200:2023-11-06:2922,COUNT_NOT_200,2023-11-06,2023,,,,,200,128,,,,CRITICAL,Replay intervals do not establish the historical expected security count on this NSE session.,UNRESOLVED,,member_count:2023-11-06:128
COUNT_NOT_200:2023-11-07:2923,COUNT_NOT_200,2023-11-07,2023,,,,,200,128,,,,CRITICAL,Replay intervals do not establish the historical expected security count on this NSE session.,UNRESOLVED,,member_count:2023-11-07:128
COUNT_NOT_200:2023-11-08:2924,COUNT_NOT_200,2023-11-08,2023,,,,,200,128,,,,CRITICAL,Replay intervals do not establish the historical expected security count on this NSE session.,UNRESOLVED,,member_count:2023-11-08:128
COUNT_NOT_200:2023-11-09:2925,COUNT_NOT_200,2023-11-09,2023,,,,,200,128,,,,CRITICAL,Replay intervals do not establish the historical expected security count on this NSE session.,UNRESOLVED,,member_count:2023-11-09:128
COUNT_NOT_200:2023-11-10:2926,COUNT_NOT_200,2023-11-10,2023,,,,,200,128,,,,CRITICAL,Replay intervals do not establish the historical expected security count on this NSE session.,UNRESOLVED,,member_count:2023-11-10:128
COUNT_NOT_200:2023-11-13:2927,COUNT_NOT_200,2023-11-13,2023,,,,,200,128,,,,CRITICAL,Replay intervals do not establish the historical expected security count on this NSE session.,UNRESOLVED,,member_count:2023-11-13:128
COUNT_NOT_200:2023-11-15:2928,COUNT_NOT_200,2023-11-15,2023,,,,,200,128,,,,CRITICAL,Replay intervals do not establish the historical expected security count on this NSE session.,UNRESOLVED,,member_count:2023-11-15:128
COUNT_NOT_200:2023-11-16:2929,COUNT_NOT_200,2023-11-16,2023,,,,,200,128,,,,CRITICAL,Replay intervals do not establish the historical expected security count on this NSE session.,UNRESOLVED,,member_count:2023-11-16:128
COUNT_NOT_200:2023-11-17:2930,COUNT_NOT_200,2023-11-17,2023,,,,,200,128,,,,CRITICAL,Replay intervals do not establish the historical expected security count on this NSE session.,UNRESOLVED,,member_count:2023-11-17:128
COUNT_NOT_200:2023-11-20:2931,COUNT_NOT_200,2023-11-20,2023,,,,,200,128,,,,CRITICAL,Replay intervals do not establish the historical expected security count on this NSE session.,UNRESOLVED,,member_count:2023-11-20:128
COUNT_NOT_200:2023-11-21:2932,COUNT_NOT_200,2023-11-21,2023,,,,,200,128,,,,CRITICAL,Replay intervals do not establish the historical expected security count on this NSE session.,UNRESOLVED,,member_count:2023-11-21:128
COUNT_NOT_200:2023-11-22:2933,COUNT_NOT_200,2023-11-22,2023,,,,,200,128,,,,CRITICAL,Replay intervals do not establish the historical expected security count on this NSE session.,UNRESOLVED,,member_count:2023-11-22:128
COUNT_NOT_200:2023-11-23:2934,COUNT_NOT_200,2023-11-23,2023,,,,,200,128,,,,CRITICAL,Replay intervals do not establish the historical expected security count on this NSE session.,UNRESOLVED,,member_count:2023-11-23:128
COUNT_NOT_200:2023-11-24:2935,COUNT_NOT_200,2023-11-24,2023,,,,,200,128,,,,CRITICAL,Replay intervals do not establish the historical expected security count on this NSE session.,UNRESOLVED,,member_count:2023-11-24:128
COUNT_NOT_200:2023-11-28:2936,COUNT_NOT_200,2023-11-28,2023,,,,,200,128,,,,CRITICAL,Replay intervals do not establish the historical expected security count on this NSE session.,UNRESOLVED,,member_count:2023-11-28:128
COUNT_NOT_200:2023-11-29:2937,COUNT_NOT_200,2023-11-29,2023,,,,,200,128,,,,CRITICAL,Replay intervals do not establish the historical expected security count on this NSE session.,UNRESOLVED,,member_count:2023-11-29:128
COUNT_NOT_200:2023-11-30:2938,COUNT_NOT_200,2023-11-30,2023,,,,,200,128,,,,CRITICAL,Replay intervals do not establish the historical expected security count on this NSE session.,UNRESOLVED,,member_count:2023-11-30:128
COUNT_NOT_200:2023-12-01:2939,COUNT_NOT_200,2023-12-01,2023,,,,,200,128,,,,CRITICAL,Replay intervals do not establish the historical expected security count on this NSE session.,UNRESOLVED,,member_count:2023-12-01:128
COUNT_NOT_200:2023-12-04:2940,COUNT_NOT_200,2023-12-04,2023,,,,,200,128,,,,CRITICAL,Replay intervals do not establish the historical expected security count on this NSE session.,UNRESOLVED,,member_count:2023-12-04:128
COUNT_NOT_200:2023-12-05:2941,COUNT_NOT_200,2023-12-05,2023,,,,,200,128,,,,CRITICAL,Replay intervals do not establish the historical expected security count on this NSE session.,UNRESOLVED,,member_count:2023-12-05:128
COUNT_NOT_200:2023-12-06:2942,COUNT_NOT_200,2023-12-06,2023,,,,,200,128,,,,CRITICAL,Replay intervals do not establish the historical expected security count on this NSE session.,UNRESOLVED,,member_count:2023-12-06:128
COUNT_NOT_200:2023-12-07:2943,COUNT_NOT_200,2023-12-07,2023,,,,,200,128,,,,CRITICAL,Replay intervals do not establish the historical expected security count on this NSE session.,UNRESOLVED,,member_count:2023-12-07:128
COUNT_NOT_200:2023-12-08:2944,COUNT_NOT_200,2023-12-08,2023,,,,,200,128,,,,CRITICAL,Replay intervals do not establish the historical expected security count on this NSE session.,UNRESOLVED,,member_count:2023-12-08:128
COUNT_NOT_200:2023-12-11:2945,COUNT_NOT_200,2023-12-11,2023,,,,,200,128,,,,CRITICAL,Replay intervals do not establish the historical expected security count on this NSE session.,UNRESOLVED,,member_count:2023-12-11:128
COUNT_NOT_200:2023-12-12:2946,COUNT_NOT_200,2023-12-12,2023,,,,,200,128,,,,CRITICAL,Replay intervals do not establish the historical expected security count on this NSE session.,UNRESOLVED,,member_count:2023-12-12:128
COUNT_NOT_200:2023-12-13:2947,COUNT_NOT_200,2023-12-13,2023,,,,,200,128,,,,CRITICAL,Replay intervals do not establish the historical expected security count on this NSE session.,UNRESOLVED,,member_count:2023-12-13:128
COUNT_NOT_200:2023-12-14:2948,COUNT_NOT_200,2023-12-14,2023,,,,,200,128,,,,CRITICAL,Replay intervals do not establish the historical expected security count on this NSE session.,UNRESOLVED,,member_count:2023-12-14:128
COUNT_NOT_200:2023-12-15:2949,COUNT_NOT_200,2023-12-15,2023,,,,,200,128,,,,CRITICAL,Replay intervals do not establish the historical expected security count on this NSE session.,UNRESOLVED,,member_count:2023-12-15:128
COUNT_NOT_200:2023-12-18:2950,COUNT_NOT_200,2023-12-18,2023,,,,,200,128,,,,CRITICAL,Replay intervals do not establish the historical expected security count on this NSE session.,UNRESOLVED,,member_count:2023-12-18:128
COUNT_NOT_200:2023-12-19:2951,COUNT_NOT_200,2023-12-19,2023,,,,,200,128,,,,CRITICAL,Replay intervals do not establish the historical expected security count on this NSE session.,UNRESOLVED,,member_count:2023-12-19:128
COUNT_NOT_200:2023-12-20:2952,COUNT_NOT_200,2023-12-20,2023,,,,,200,128,,,,CRITICAL,Replay intervals do not establish the historical expected security count on this NSE session.,UNRESOLVED,,member_count:2023-12-20:128
COUNT_NOT_200:2023-12-21:2953,COUNT_NOT_200,2023-12-21,2023,,,,,200,128,,,,CRITICAL,Replay intervals do not establish the historical expected security count on this NSE session.,UNRESOLVED,,member_count:2023-12-21:128
COUNT_NOT_200:2023-12-22:2954,COUNT_NOT_200,2023-12-22,2023,,,,,200,128,,,,CRITICAL,Replay intervals do not establish the historical expected security count on this NSE session.,UNRESOLVED,,member_count:2023-12-22:128
COUNT_NOT_200:2023-12-26:2955,COUNT_NOT_200,2023-12-26,2023,,,,,200,128,,,,CRITICAL,Replay intervals do not establish the historical expected security count on this NSE session.,UNRESOLVED,,member_count:2023-12-26:128
COUNT_NOT_200:2023-12-27:2956,COUNT_NOT_200,2023-12-27,2023,,,,,200,128,,,,CRITICAL,Replay intervals do not establish the historical expected security count on this NSE session.,UNRESOLVED,,member_count:2023-12-27:128
COUNT_NOT_200:2023-12-28:2957,COUNT_NOT_200,2023-12-28,2023,,,,,200,128,,,,CRITICAL,Replay intervals do not establish the historical expected security count on this NSE session.,UNRESOLVED,,member_count:2023-12-28:128
COUNT_NOT_200:2023-12-29:2958,COUNT_NOT_200,2023-12-29,2023,,,,,200,128,,,,CRITICAL,Replay intervals do not establish the historical expected security count on this NSE session.,UNRESOLVED,,member_count:2023-12-29:128
COUNT_NOT_200:2024-01-01:2959,COUNT_NOT_200,2024-01-01,2024,,,,,200,128,,,,CRITICAL,Replay intervals do not establish the historical expected security count on this NSE session.,UNRESOLVED,,member_count:2024-01-01:128
COUNT_NOT_200:2024-01-02:2960,COUNT_NOT_200,2024-01-02,2024,,,,,200,128,,,,CRITICAL,Replay intervals do not establish the historical expected security count on this NSE session.,UNRESOLVED,,member_count:2024-01-02:128
COUNT_NOT_200:2024-01-03:2961,COUNT_NOT_200,2024-01-03,2024,,,,,200,128,,,,CRITICAL,Replay intervals do not establish the historical expected security count on this NSE session.,UNRESOLVED,,member_count:2024-01-03:128
COUNT_NOT_200:2024-01-04:2962,COUNT_NOT_200,2024-01-04,2024,,,,,200,128,,,,CRITICAL,Replay intervals do not establish the historical expected security count on this NSE session.,UNRESOLVED,,member_count:2024-01-04:128
COUNT_NOT_200:2024-01-05:2963,COUNT_NOT_200,2024-01-05,2024,,,,,200,128,,,,CRITICAL,Replay intervals do not establish the historical expected security count on this NSE session.,UNRESOLVED,,member_count:2024-01-05:128
COUNT_NOT_200:2024-01-08:2964,COUNT_NOT_200,2024-01-08,2024,,,,,200,128,,,,CRITICAL,Replay intervals do not establish the historical expected security count on this NSE session.,UNRESOLVED,,member_count:2024-01-08:128
COUNT_NOT_200:2024-01-09:2965,COUNT_NOT_200,2024-01-09,2024,,,,,200,128,,,,CRITICAL,Replay intervals do not establish the historical expected security count on this NSE session.,UNRESOLVED,,member_count:2024-01-09:128
COUNT_NOT_200:2024-01-10:2966,COUNT_NOT_200,2024-01-10,2024,,,,,200,128,,,,CRITICAL,Replay intervals do not establish the historical expected security count on this NSE session.,UNRESOLVED,,member_count:2024-01-10:128
COUNT_NOT_200:2024-01-11:2967,COUNT_NOT_200,2024-01-11,2024,,,,,200,128,,,,CRITICAL,Replay intervals do not establish the historical expected security count on this NSE session.,UNRESOLVED,,member_count:2024-01-11:128
COUNT_NOT_200:2024-01-12:2968,COUNT_NOT_200,2024-01-12,2024,,,,,200,128,,,,CRITICAL,Replay intervals do not establish the historical expected security count on this NSE session.,UNRESOLVED,,member_count:2024-01-12:128
COUNT_NOT_200:2024-01-15:2969,COUNT_NOT_200,2024-01-15,2024,,,,,200,128,,,,CRITICAL,Replay intervals do not establish the historical expected security count on this NSE session.,UNRESOLVED,,member_count:2024-01-15:128
COUNT_NOT_200:2024-01-16:2970,COUNT_NOT_200,2024-01-16,2024,,,,,200,128,,,,CRITICAL,Replay intervals do not establish the historical expected security count on this NSE session.,UNRESOLVED,,member_count:2024-01-16:128
COUNT_NOT_200:2024-01-17:2971,COUNT_NOT_200,2024-01-17,2024,,,,,200,128,,,,CRITICAL,Replay intervals do not establish the historical expected security count on this NSE session.,UNRESOLVED,,member_count:2024-01-17:128
COUNT_NOT_200:2024-01-18:2972,COUNT_NOT_200,2024-01-18,2024,,,,,200,128,,,,CRITICAL,Replay intervals do not establish the historical expected security count on this NSE session.,UNRESOLVED,,member_count:2024-01-18:128
COUNT_NOT_200:2024-01-19:2973,COUNT_NOT_200,2024-01-19,2024,,,,,200,128,,,,CRITICAL,Replay intervals do not establish the historical expected security count on this NSE session.,UNRESOLVED,,member_count:2024-01-19:128
COUNT_NOT_200:2024-01-22:2974,COUNT_NOT_200,2024-01-22,2024,,,,,200,128,,,,CRITICAL,Replay intervals do not establish the historical expected security count on this NSE session.,UNRESOLVED,,member_count:2024-01-22:128
COUNT_NOT_200:2024-01-23:2975,COUNT_NOT_200,2024-01-23,2024,,,,,200,128,,,,CRITICAL,Replay intervals do not establish the historical expected security count on this NSE session.,UNRESOLVED,,member_count:2024-01-23:128
COUNT_NOT_200:2024-01-24:2976,COUNT_NOT_200,2024-01-24,2024,,,,,200,128,,,,CRITICAL,Replay intervals do not establish the historical expected security count on this NSE session.,UNRESOLVED,,member_count:2024-01-24:128
COUNT_NOT_200:2024-01-25:2977,COUNT_NOT_200,2024-01-25,2024,,,,,200,128,,,,CRITICAL,Replay intervals do not establish the historical expected security count on this NSE session.,UNRESOLVED,,member_count:2024-01-25:128
COUNT_NOT_200:2024-01-29:2978,COUNT_NOT_200,2024-01-29,2024,,,,,200,128,,,,CRITICAL,Replay intervals do not establish the historical expected security count on this NSE session.,UNRESOLVED,,member_count:2024-01-29:128
COUNT_NOT_200:2024-01-30:2979,COUNT_NOT_200,2024-01-30,2024,,,,,200,128,,,,CRITICAL,Replay intervals do not establish the historical expected security count on this NSE session.,UNRESOLVED,,member_count:2024-01-30:128
COUNT_NOT_200:2024-01-31:2980,COUNT_NOT_200,2024-01-31,2024,,,,,200,128,,,,CRITICAL,Replay intervals do not establish the historical expected security count on this NSE session.,UNRESOLVED,,member_count:2024-01-31:128
COUNT_NOT_200:2024-02-01:2981,COUNT_NOT_200,2024-02-01,2024,,,,,200,128,,,,CRITICAL,Replay intervals do not establish the historical expected security count on this NSE session.,UNRESOLVED,,member_count:2024-02-01:128
COUNT_NOT_200:2024-02-02:2982,COUNT_NOT_200,2024-02-02,2024,,,,,200,128,,,,CRITICAL,Replay intervals do not establish the historical expected security count on this NSE session.,UNRESOLVED,,member_count:2024-02-02:128
COUNT_NOT_200:2024-02-05:2983,COUNT_NOT_200,2024-02-05,2024,,,,,200,128,,,,CRITICAL,Replay intervals do not establish the historical expected security count on this NSE session.,UNRESOLVED,,member_count:2024-02-05:128
COUNT_NOT_200:2024-02-06:2984,COUNT_NOT_200,2024-02-06,2024,,,,,200,128,,,,CRITICAL,Replay intervals do not establish the historical expected security count on this NSE session.,UNRESOLVED,,member_count:2024-02-06:128
COUNT_NOT_200:2024-02-07:2985,COUNT_NOT_200,2024-02-07,2024,,,,,200,128,,,,CRITICAL,Replay intervals do not establish the historical expected security count on this NSE session.,UNRESOLVED,,member_count:2024-02-07:128
COUNT_NOT_200:2024-02-08:2986,COUNT_NOT_200,2024-02-08,2024,,,,,200,128,,,,CRITICAL,Replay intervals do not establish the historical expected security count on this NSE session.,UNRESOLVED,,member_count:2024-02-08:128
COUNT_NOT_200:2024-02-09:2987,COUNT_NOT_200,2024-02-09,2024,,,,,200,128,,,,CRITICAL,Replay intervals do not establish the historical expected security count on this NSE session.,UNRESOLVED,,member_count:2024-02-09:128
COUNT_NOT_200:2024-02-12:2988,COUNT_NOT_200,2024-02-12,2024,,,,,200,128,,,,CRITICAL,Replay intervals do not establish the historical expected security count on this NSE session.,UNRESOLVED,,member_count:2024-02-12:128
COUNT_NOT_200:2024-02-13:2989,COUNT_NOT_200,2024-02-13,2024,,,,,200,128,,,,CRITICAL,Replay intervals do not establish the historical expected security count on this NSE session.,UNRESOLVED,,member_count:2024-02-13:128
COUNT_NOT_200:2024-02-14:2990,COUNT_NOT_200,2024-02-14,2024,,,,,200,128,,,,CRITICAL,Replay intervals do not establish the historical expected security count on this NSE session.,UNRESOLVED,,member_count:2024-02-14:128
COUNT_NOT_200:2024-02-15:2991,COUNT_NOT_200,2024-02-15,2024,,,,,200,128,,,,CRITICAL,Replay intervals do not establish the historical expected security count on this NSE session.,UNRESOLVED,,member_count:2024-02-15:128
COUNT_NOT_200:2024-02-16:2992,COUNT_NOT_200,2024-02-16,2024,,,,,200,128,,,,CRITICAL,Replay intervals do not establish the historical expected security count on this NSE session.,UNRESOLVED,,member_count:2024-02-16:128
COUNT_NOT_200:2024-02-19:2993,COUNT_NOT_200,2024-02-19,2024,,,,,200,128,,,,CRITICAL,Replay intervals do not establish the historical expected security count on this NSE session.,UNRESOLVED,,member_count:2024-02-19:128
COUNT_NOT_200:2024-02-20:2994,COUNT_NOT_200,2024-02-20,2024,,,,,200,128,,,,CRITICAL,Replay intervals do not establish the historical expected security count on this NSE session.,UNRESOLVED,,member_count:2024-02-20:128
COUNT_NOT_200:2024-02-21:2995,COUNT_NOT_200,2024-02-21,2024,,,,,200,128,,,,CRITICAL,Replay intervals do not establish the historical expected security count on this NSE session.,UNRESOLVED,,member_count:2024-02-21:128
COUNT_NOT_200:2024-02-22:2996,COUNT_NOT_200,2024-02-22,2024,,,,,200,128,,,,CRITICAL,Replay intervals do not establish the historical expected security count on this NSE session.,UNRESOLVED,,member_count:2024-02-22:128
COUNT_NOT_200:2024-02-23:2997,COUNT_NOT_200,2024-02-23,2024,,,,,200,128,,,,CRITICAL,Replay intervals do not establish the historical expected security count on this NSE session.,UNRESOLVED,,member_count:2024-02-23:128
COUNT_NOT_200:2024-02-26:2998,COUNT_NOT_200,2024-02-26,2024,,,,,200,128,,,,CRITICAL,Replay intervals do not establish the historical expected security count on this NSE session.,UNRESOLVED,,member_count:2024-02-26:128
COUNT_NOT_200:2024-02-27:2999,COUNT_NOT_200,2024-02-27,2024,,,,,200,128,,,,CRITICAL,Replay intervals do not establish the historical expected security count on this NSE session.,UNRESOLVED,,member_count:2024-02-27:128
COUNT_NOT_200:2024-02-28:3000,COUNT_NOT_200,2024-02-28,2024,,,,,200,128,,,,CRITICAL,Replay intervals do not establish the historical expected security count on this NSE session.,UNRESOLVED,,member_count:2024-02-28:128
COUNT_NOT_200:2024-02-29:3001,COUNT_NOT_200,2024-02-29,2024,,,,,200,128,,,,CRITICAL,Replay intervals do not establish the historical expected security count on this NSE session.,UNRESOLVED,,member_count:2024-02-29:128
COUNT_NOT_200:2024-03-01:3002,COUNT_NOT_200,2024-03-01,2024,,,,,200,128,,,,CRITICAL,Replay intervals do not establish the historical expected security count on this NSE session.,UNRESOLVED,,member_count:2024-03-01:128
COUNT_NOT_200:2024-03-04:3003,COUNT_NOT_200,2024-03-04,2024,,,,,200,128,,,,CRITICAL,Replay intervals do not establish the historical expected security count on this NSE session.,UNRESOLVED,,member_count:2024-03-04:128
COUNT_NOT_200:2024-03-05:3004,COUNT_NOT_200,2024-03-05,2024,,,,,200,128,,,,CRITICAL,Replay intervals do not establish the historical expected security count on this NSE session.,UNRESOLVED,,member_count:2024-03-05:128
COUNT_NOT_200:2024-03-06:3005,COUNT_NOT_200,2024-03-06,2024,,,,,200,128,,,,CRITICAL,Replay intervals do not establish the historical expected security count on this NSE session.,UNRESOLVED,,member_count:2024-03-06:128
COUNT_NOT_200:2024-03-07:3006,COUNT_NOT_200,2024-03-07,2024,,,,,200,128,,,,CRITICAL,Replay intervals do not establish the historical expected security count on this NSE session.,UNRESOLVED,,member_count:2024-03-07:128
COUNT_NOT_200:2024-03-11:3007,COUNT_NOT_200,2024-03-11,2024,,,,,200,128,,,,CRITICAL,Replay intervals do not establish the historical expected security count on this NSE session.,UNRESOLVED,,member_count:2024-03-11:128
COUNT_NOT_200:2024-03-12:3008,COUNT_NOT_200,2024-03-12,2024,,,,,200,128,,,,CRITICAL,Replay intervals do not establish the historical expected security count on this NSE session.,UNRESOLVED,,member_count:2024-03-12:128
COUNT_NOT_200:2024-03-13:3009,COUNT_NOT_200,2024-03-13,2024,,,,,200,128,,,,CRITICAL,Replay intervals do not establish the historical expected security count on this NSE session.,UNRESOLVED,,member_count:2024-03-13:128
COUNT_NOT_200:2024-03-14:3010,COUNT_NOT_200,2024-03-14,2024,,,,,200,128,,,,CRITICAL,Replay intervals do not establish the historical expected security count on this NSE session.,UNRESOLVED,,member_count:2024-03-14:128
COUNT_NOT_200:2024-03-15:3011,COUNT_NOT_200,2024-03-15,2024,,,,,200,128,,,,CRITICAL,Replay intervals do not establish the historical expected security count on this NSE session.,UNRESOLVED,,member_count:2024-03-15:128
COUNT_NOT_200:2024-03-18:3012,COUNT_NOT_200,2024-03-18,2024,,,,,200,128,,,,CRITICAL,Replay intervals do not establish the historical expected security count on this NSE session.,UNRESOLVED,,member_count:2024-03-18:128
COUNT_NOT_200:2024-03-19:3013,COUNT_NOT_200,2024-03-19,2024,,,,,200,128,,,,CRITICAL,Replay intervals do not establish the historical expected security count on this NSE session.,UNRESOLVED,,member_count:2024-03-19:128
COUNT_NOT_200:2024-03-20:3014,COUNT_NOT_200,2024-03-20,2024,,,,,200,128,,,,CRITICAL,Replay intervals do not establish the historical expected security count on this NSE session.,UNRESOLVED,,member_count:2024-03-20:128
COUNT_NOT_200:2024-03-21:3015,COUNT_NOT_200,2024-03-21,2024,,,,,200,128,,,,CRITICAL,Replay intervals do not establish the historical expected security count on this NSE session.,UNRESOLVED,,member_count:2024-03-21:128
COUNT_NOT_200:2024-03-22:3016,COUNT_NOT_200,2024-03-22,2024,,,,,200,128,,,,CRITICAL,Replay intervals do not establish the historical expected security count on this NSE session.,UNRESOLVED,,member_count:2024-03-22:128
COUNT_NOT_200:2024-03-26:3017,COUNT_NOT_200,2024-03-26,2024,,,,,200,128,,,,CRITICAL,Replay intervals do not establish the historical expected security count on this NSE session.,UNRESOLVED,,member_count:2024-03-26:128
COUNT_NOT_200:2024-03-27:3018,COUNT_NOT_200,2024-03-27,2024,,,,,200,128,,,,CRITICAL,Replay intervals do not establish the historical expected security count on this NSE session.,UNRESOLVED,,member_count:2024-03-27:128
COUNT_NOT_200:2024-03-28:3019,COUNT_NOT_200,2024-03-28,2024,,,,,200,131,,,,CRITICAL,Replay intervals do not establish the historical expected security count on this NSE session.,UNRESOLVED,,member_count:2024-03-28:131
COUNT_NOT_200:2024-04-01:3020,COUNT_NOT_200,2024-04-01,2024,,,,,200,131,,,,CRITICAL,Replay intervals do not establish the historical expected security count on this NSE session.,UNRESOLVED,,member_count:2024-04-01:131
COUNT_NOT_200:2024-04-02:3021,COUNT_NOT_200,2024-04-02,2024,,,,,200,131,,,,CRITICAL,Replay intervals do not establish the historical expected security count on this NSE session.,UNRESOLVED,,member_count:2024-04-02:131
COUNT_NOT_200:2024-04-03:3022,COUNT_NOT_200,2024-04-03,2024,,,,,200,131,,,,CRITICAL,Replay intervals do not establish the historical expected security count on this NSE session.,UNRESOLVED,,member_count:2024-04-03:131
COUNT_NOT_200:2024-04-04:3023,COUNT_NOT_200,2024-04-04,2024,,,,,200,131,,,,CRITICAL,Replay intervals do not establish the historical expected security count on this NSE session.,UNRESOLVED,,member_count:2024-04-04:131
COUNT_NOT_200:2024-04-05:3024,COUNT_NOT_200,2024-04-05,2024,,,,,200,131,,,,CRITICAL,Replay intervals do not establish the historical expected security count on this NSE session.,UNRESOLVED,,member_count:2024-04-05:131
COUNT_NOT_200:2024-04-08:3025,COUNT_NOT_200,2024-04-08,2024,,,,,200,131,,,,CRITICAL,Replay intervals do not establish the historical expected security count on this NSE session.,UNRESOLVED,,member_count:2024-04-08:131
COUNT_NOT_200:2024-04-09:3026,COUNT_NOT_200,2024-04-09,2024,,,,,200,131,,,,CRITICAL,Replay intervals do not establish the historical expected security count on this NSE session.,UNRESOLVED,,member_count:2024-04-09:131
COUNT_NOT_200:2024-04-10:3027,COUNT_NOT_200,2024-04-10,2024,,,,,200,131,,,,CRITICAL,Replay intervals do not establish the historical expected security count on this NSE session.,UNRESOLVED,,member_count:2024-04-10:131
COUNT_NOT_200:2024-04-12:3028,COUNT_NOT_200,2024-04-12,2024,,,,,200,131,,,,CRITICAL,Replay intervals do not establish the historical expected security count on this NSE session.,UNRESOLVED,,member_count:2024-04-12:131
COUNT_NOT_200:2024-04-15:3029,COUNT_NOT_200,2024-04-15,2024,,,,,200,131,,,,CRITICAL,Replay intervals do not establish the historical expected security count on this NSE session.,UNRESOLVED,,member_count:2024-04-15:131
COUNT_NOT_200:2024-04-16:3030,COUNT_NOT_200,2024-04-16,2024,,,,,200,131,,,,CRITICAL,Replay intervals do not establish the historical expected security count on this NSE session.,UNRESOLVED,,member_count:2024-04-16:131
COUNT_NOT_200:2024-04-18:3031,COUNT_NOT_200,2024-04-18,2024,,,,,200,131,,,,CRITICAL,Replay intervals do not establish the historical expected security count on this NSE session.,UNRESOLVED,,member_count:2024-04-18:131
COUNT_NOT_200:2024-04-19:3032,COUNT_NOT_200,2024-04-19,2024,,,,,200,131,,,,CRITICAL,Replay intervals do not establish the historical expected security count on this NSE session.,UNRESOLVED,,member_count:2024-04-19:131
COUNT_NOT_200:2024-04-22:3033,COUNT_NOT_200,2024-04-22,2024,,,,,200,131,,,,CRITICAL,Replay intervals do not establish the historical expected security count on this NSE session.,UNRESOLVED,,member_count:2024-04-22:131
COUNT_NOT_200:2024-04-23:3034,COUNT_NOT_200,2024-04-23,2024,,,,,200,131,,,,CRITICAL,Replay intervals do not establish the historical expected security count on this NSE session.,UNRESOLVED,,member_count:2024-04-23:131
COUNT_NOT_200:2024-04-24:3035,COUNT_NOT_200,2024-04-24,2024,,,,,200,131,,,,CRITICAL,Replay intervals do not establish the historical expected security count on this NSE session.,UNRESOLVED,,member_count:2024-04-24:131
COUNT_NOT_200:2024-04-25:3036,COUNT_NOT_200,2024-04-25,2024,,,,,200,131,,,,CRITICAL,Replay intervals do not establish the historical expected security count on this NSE session.,UNRESOLVED,,member_count:2024-04-25:131
COUNT_NOT_200:2024-04-26:3037,COUNT_NOT_200,2024-04-26,2024,,,,,200,131,,,,CRITICAL,Replay intervals do not establish the historical expected security count on this NSE session.,UNRESOLVED,,member_count:2024-04-26:131
COUNT_NOT_200:2024-04-29:3038,COUNT_NOT_200,2024-04-29,2024,,,,,200,131,,,,CRITICAL,Replay intervals do not establish the historical expected security count on this NSE session.,UNRESOLVED,,member_count:2024-04-29:131
COUNT_NOT_200:2024-04-30:3039,COUNT_NOT_200,2024-04-30,2024,,,,,200,131,,,,CRITICAL,Replay intervals do not establish the historical expected security count on this NSE session.,UNRESOLVED,,member_count:2024-04-30:131
COUNT_NOT_200:2024-05-02:3040,COUNT_NOT_200,2024-05-02,2024,,,,,200,131,,,,CRITICAL,Replay intervals do not establish the historical expected security count on this NSE session.,UNRESOLVED,,member_count:2024-05-02:131
COUNT_NOT_200:2024-05-03:3041,COUNT_NOT_200,2024-05-03,2024,,,,,200,131,,,,CRITICAL,Replay intervals do not establish the historical expected security count on this NSE session.,UNRESOLVED,,member_count:2024-05-03:131
COUNT_NOT_200:2024-05-06:3042,COUNT_NOT_200,2024-05-06,2024,,,,,200,131,,,,CRITICAL,Replay intervals do not establish the historical expected security count on this NSE session.,UNRESOLVED,,member_count:2024-05-06:131
COUNT_NOT_200:2024-05-07:3043,COUNT_NOT_200,2024-05-07,2024,,,,,200,131,,,,CRITICAL,Replay intervals do not establish the historical expected security count on this NSE session.,UNRESOLVED,,member_count:2024-05-07:131
COUNT_NOT_200:2024-05-08:3044,COUNT_NOT_200,2024-05-08,2024,,,,,200,131,,,,CRITICAL,Replay intervals do not establish the historical expected security count on this NSE session.,UNRESOLVED,,member_count:2024-05-08:131
COUNT_NOT_200:2024-05-09:3045,COUNT_NOT_200,2024-05-09,2024,,,,,200,131,,,,CRITICAL,Replay intervals do not establish the historical expected security count on this NSE session.,UNRESOLVED,,member_count:2024-05-09:131
COUNT_NOT_200:2024-05-10:3046,COUNT_NOT_200,2024-05-10,2024,,,,,200,131,,,,CRITICAL,Replay intervals do not establish the historical expected security count on this NSE session.,UNRESOLVED,,member_count:2024-05-10:131
COUNT_NOT_200:2024-05-13:3047,COUNT_NOT_200,2024-05-13,2024,,,,,200,131,,,,CRITICAL,Replay intervals do not establish the historical expected security count on this NSE session.,UNRESOLVED,,member_count:2024-05-13:131
COUNT_NOT_200:2024-05-14:3048,COUNT_NOT_200,2024-05-14,2024,,,,,200,131,,,,CRITICAL,Replay intervals do not establish the historical expected security count on this NSE session.,UNRESOLVED,,member_count:2024-05-14:131
COUNT_NOT_200:2024-05-15:3049,COUNT_NOT_200,2024-05-15,2024,,,,,200,131,,,,CRITICAL,Replay intervals do not establish the historical expected security count on this NSE session.,UNRESOLVED,,member_count:2024-05-15:131
COUNT_NOT_200:2024-05-16:3050,COUNT_NOT_200,2024-05-16,2024,,,,,200,131,,,,CRITICAL,Replay intervals do not establish the historical expected security count on this NSE session.,UNRESOLVED,,member_count:2024-05-16:131
COUNT_NOT_200:2024-05-17:3051,COUNT_NOT_200,2024-05-17,2024,,,,,200,131,,,,CRITICAL,Replay intervals do not establish the historical expected security count on this NSE session.,UNRESOLVED,,member_count:2024-05-17:131
COUNT_NOT_200:2024-05-21:3052,COUNT_NOT_200,2024-05-21,2024,,,,,200,131,,,,CRITICAL,Replay intervals do not establish the historical expected security count on this NSE session.,UNRESOLVED,,member_count:2024-05-21:131
COUNT_NOT_200:2024-05-22:3053,COUNT_NOT_200,2024-05-22,2024,,,,,200,131,,,,CRITICAL,Replay intervals do not establish the historical expected security count on this NSE session.,UNRESOLVED,,member_count:2024-05-22:131
COUNT_NOT_200:2024-05-23:3054,COUNT_NOT_200,2024-05-23,2024,,,,,200,131,,,,CRITICAL,Replay intervals do not establish the historical expected security count on this NSE session.,UNRESOLVED,,member_count:2024-05-23:131
COUNT_NOT_200:2024-05-24:3055,COUNT_NOT_200,2024-05-24,2024,,,,,200,131,,,,CRITICAL,Replay intervals do not establish the historical expected security count on this NSE session.,UNRESOLVED,,member_count:2024-05-24:131
COUNT_NOT_200:2024-05-27:3056,COUNT_NOT_200,2024-05-27,2024,,,,,200,131,,,,CRITICAL,Replay intervals do not establish the historical expected security count on this NSE session.,UNRESOLVED,,member_count:2024-05-27:131
COUNT_NOT_200:2024-05-28:3057,COUNT_NOT_200,2024-05-28,2024,,,,,200,131,,,,CRITICAL,Replay intervals do not establish the historical expected security count on this NSE session.,UNRESOLVED,,member_count:2024-05-28:131
COUNT_NOT_200:2024-05-29:3058,COUNT_NOT_200,2024-05-29,2024,,,,,200,131,,,,CRITICAL,Replay intervals do not establish the historical expected security count on this NSE session.,UNRESOLVED,,member_count:2024-05-29:131
COUNT_NOT_200:2024-05-30:3059,COUNT_NOT_200,2024-05-30,2024,,,,,200,131,,,,CRITICAL,Replay intervals do not establish the historical expected security count on this NSE session.,UNRESOLVED,,member_count:2024-05-30:131
COUNT_NOT_200:2024-05-31:3060,COUNT_NOT_200,2024-05-31,2024,,,,,200,131,,,,CRITICAL,Replay intervals do not establish the historical expected security count on this NSE session.,UNRESOLVED,,member_count:2024-05-31:131
COUNT_NOT_200:2024-06-03:3061,COUNT_NOT_200,2024-06-03,2024,,,,,200,131,,,,CRITICAL,Replay intervals do not establish the historical expected security count on this NSE session.,UNRESOLVED,,member_count:2024-06-03:131
COUNT_NOT_200:2024-06-04:3062,COUNT_NOT_200,2024-06-04,2024,,,,,200,131,,,,CRITICAL,Replay intervals do not establish the historical expected security count on this NSE session.,UNRESOLVED,,member_count:2024-06-04:131
COUNT_NOT_200:2024-06-05:3063,COUNT_NOT_200,2024-06-05,2024,,,,,200,131,,,,CRITICAL,Replay intervals do not establish the historical expected security count on this NSE session.,UNRESOLVED,,member_count:2024-06-05:131
COUNT_NOT_200:2024-06-06:3064,COUNT_NOT_200,2024-06-06,2024,,,,,200,131,,,,CRITICAL,Replay intervals do not establish the historical expected security count on this NSE session.,UNRESOLVED,,member_count:2024-06-06:131
COUNT_NOT_200:2024-06-07:3065,COUNT_NOT_200,2024-06-07,2024,,,,,200,131,,,,CRITICAL,Replay intervals do not establish the historical expected security count on this NSE session.,UNRESOLVED,,member_count:2024-06-07:131
COUNT_NOT_200:2024-06-10:3066,COUNT_NOT_200,2024-06-10,2024,,,,,200,131,,,,CRITICAL,Replay intervals do not establish the historical expected security count on this NSE session.,UNRESOLVED,,member_count:2024-06-10:131
COUNT_NOT_200:2024-06-11:3067,COUNT_NOT_200,2024-06-11,2024,,,,,200,131,,,,CRITICAL,Replay intervals do not establish the historical expected security count on this NSE session.,UNRESOLVED,,member_count:2024-06-11:131
COUNT_NOT_200:2024-06-12:3068,COUNT_NOT_200,2024-06-12,2024,,,,,200,131,,,,CRITICAL,Replay intervals do not establish the historical expected security count on this NSE session.,UNRESOLVED,,member_count:2024-06-12:131
COUNT_NOT_200:2024-06-13:3069,COUNT_NOT_200,2024-06-13,2024,,,,,200,131,,,,CRITICAL,Replay intervals do not establish the historical expected security count on this NSE session.,UNRESOLVED,,member_count:2024-06-13:131
COUNT_NOT_200:2024-06-14:3070,COUNT_NOT_200,2024-06-14,2024,,,,,200,131,,,,CRITICAL,Replay intervals do not establish the historical expected security count on this NSE session.,UNRESOLVED,,member_count:2024-06-14:131
COUNT_NOT_200:2024-06-18:3071,COUNT_NOT_200,2024-06-18,2024,,,,,200,131,,,,CRITICAL,Replay intervals do not establish the historical expected security count on this NSE session.,UNRESOLVED,,member_count:2024-06-18:131
COUNT_NOT_200:2024-06-19:3072,COUNT_NOT_200,2024-06-19,2024,,,,,200,131,,,,CRITICAL,Replay intervals do not establish the historical expected security count on this NSE session.,UNRESOLVED,,member_count:2024-06-19:131
COUNT_NOT_200:2024-06-20:3073,COUNT_NOT_200,2024-06-20,2024,,,,,200,131,,,,CRITICAL,Replay intervals do not establish the historical expected security count on this NSE session.,UNRESOLVED,,member_count:2024-06-20:131
COUNT_NOT_200:2024-06-21:3074,COUNT_NOT_200,2024-06-21,2024,,,,,200,131,,,,CRITICAL,Replay intervals do not establish the historical expected security count on this NSE session.,UNRESOLVED,,member_count:2024-06-21:131
COUNT_NOT_200:2024-06-24:3075,COUNT_NOT_200,2024-06-24,2024,,,,,200,131,,,,CRITICAL,Replay intervals do not establish the historical expected security count on this NSE session.,UNRESOLVED,,member_count:2024-06-24:131
COUNT_NOT_200:2024-06-25:3076,COUNT_NOT_200,2024-06-25,2024,,,,,200,131,,,,CRITICAL,Replay intervals do not establish the historical expected security count on this NSE session.,UNRESOLVED,,member_count:2024-06-25:131
COUNT_NOT_200:2024-06-26:3077,COUNT_NOT_200,2024-06-26,2024,,,,,200,131,,,,CRITICAL,Replay intervals do not establish the historical expected security count on this NSE session.,UNRESOLVED,,member_count:2024-06-26:131
COUNT_NOT_200:2024-06-27:3078,COUNT_NOT_200,2024-06-27,2024,,,,,200,131,,,,CRITICAL,Replay intervals do not establish the historical expected security count on this NSE session.,UNRESOLVED,,member_count:2024-06-27:131
COUNT_NOT_200:2024-06-28:3079,COUNT_NOT_200,2024-06-28,2024,,,,,200,131,,,,CRITICAL,Replay intervals do not establish the historical expected security count on this NSE session.,UNRESOLVED,,member_count:2024-06-28:131
COUNT_NOT_200:2024-07-01:3080,COUNT_NOT_200,2024-07-01,2024,,,,,200,131,,,,CRITICAL,Replay intervals do not establish the historical expected security count on this NSE session.,UNRESOLVED,,member_count:2024-07-01:131
COUNT_NOT_200:2024-07-02:3081,COUNT_NOT_200,2024-07-02,2024,,,,,200,131,,,,CRITICAL,Replay intervals do not establish the historical expected security count on this NSE session.,UNRESOLVED,,member_count:2024-07-02:131
COUNT_NOT_200:2024-07-03:3082,COUNT_NOT_200,2024-07-03,2024,,,,,200,131,,,,CRITICAL,Replay intervals do not establish the historical expected security count on this NSE session.,UNRESOLVED,,member_count:2024-07-03:131
COUNT_NOT_200:2024-07-04:3083,COUNT_NOT_200,2024-07-04,2024,,,,,200,131,,,,CRITICAL,Replay intervals do not establish the historical expected security count on this NSE session.,UNRESOLVED,,member_count:2024-07-04:131
COUNT_NOT_200:2024-07-05:3084,COUNT_NOT_200,2024-07-05,2024,,,,,200,131,,,,CRITICAL,Replay intervals do not establish the historical expected security count on this NSE session.,UNRESOLVED,,member_count:2024-07-05:131
COUNT_NOT_200:2024-07-08:3085,COUNT_NOT_200,2024-07-08,2024,,,,,200,131,,,,CRITICAL,Replay intervals do not establish the historical expected security count on this NSE session.,UNRESOLVED,,member_count:2024-07-08:131
COUNT_NOT_200:2024-07-09:3086,COUNT_NOT_200,2024-07-09,2024,,,,,200,131,,,,CRITICAL,Replay intervals do not establish the historical expected security count on this NSE session.,UNRESOLVED,,member_count:2024-07-09:131
COUNT_NOT_200:2024-07-10:3087,COUNT_NOT_200,2024-07-10,2024,,,,,200,131,,,,CRITICAL,Replay intervals do not establish the historical expected security count on this NSE session.,UNRESOLVED,,member_count:2024-07-10:131
COUNT_NOT_200:2024-07-11:3088,COUNT_NOT_200,2024-07-11,2024,,,,,200,131,,,,CRITICAL,Replay intervals do not establish the historical expected security count on this NSE session.,UNRESOLVED,,member_count:2024-07-11:131
COUNT_NOT_200:2024-07-12:3089,COUNT_NOT_200,2024-07-12,2024,,,,,200,131,,,,CRITICAL,Replay intervals do not establish the historical expected security count on this NSE session.,UNRESOLVED,,member_count:2024-07-12:131
COUNT_NOT_200:2024-07-15:3090,COUNT_NOT_200,2024-07-15,2024,,,,,200,131,,,,CRITICAL,Replay intervals do not establish the historical expected security count on this NSE session.,UNRESOLVED,,member_count:2024-07-15:131
COUNT_NOT_200:2024-07-16:3091,COUNT_NOT_200,2024-07-16,2024,,,,,200,131,,,,CRITICAL,Replay intervals do not establish the historical expected security count on this NSE session.,UNRESOLVED,,member_count:2024-07-16:131
COUNT_NOT_200:2024-07-18:3092,COUNT_NOT_200,2024-07-18,2024,,,,,200,131,,,,CRITICAL,Replay intervals do not establish the historical expected security count on this NSE session.,UNRESOLVED,,member_count:2024-07-18:131
COUNT_NOT_200:2024-07-19:3093,COUNT_NOT_200,2024-07-19,2024,,,,,200,131,,,,CRITICAL,Replay intervals do not establish the historical expected security count on this NSE session.,UNRESOLVED,,member_count:2024-07-19:131
COUNT_NOT_200:2024-07-22:3094,COUNT_NOT_200,2024-07-22,2024,,,,,200,131,,,,CRITICAL,Replay intervals do not establish the historical expected security count on this NSE session.,UNRESOLVED,,member_count:2024-07-22:131
COUNT_NOT_200:2024-07-23:3095,COUNT_NOT_200,2024-07-23,2024,,,,,200,131,,,,CRITICAL,Replay intervals do not establish the historical expected security count on this NSE session.,UNRESOLVED,,member_count:2024-07-23:131
COUNT_NOT_200:2024-07-24:3096,COUNT_NOT_200,2024-07-24,2024,,,,,200,131,,,,CRITICAL,Replay intervals do not establish the historical expected security count on this NSE session.,UNRESOLVED,,member_count:2024-07-24:131
COUNT_NOT_200:2024-07-25:3097,COUNT_NOT_200,2024-07-25,2024,,,,,200,131,,,,CRITICAL,Replay intervals do not establish the historical expected security count on this NSE session.,UNRESOLVED,,member_count:2024-07-25:131
COUNT_NOT_200:2024-07-26:3098,COUNT_NOT_200,2024-07-26,2024,,,,,200,131,,,,CRITICAL,Replay intervals do not establish the historical expected security count on this NSE session.,UNRESOLVED,,member_count:2024-07-26:131
COUNT_NOT_200:2024-07-29:3099,COUNT_NOT_200,2024-07-29,2024,,,,,200,131,,,,CRITICAL,Replay intervals do not establish the historical expected security count on this NSE session.,UNRESOLVED,,member_count:2024-07-29:131
COUNT_NOT_200:2024-07-30:3100,COUNT_NOT_200,2024-07-30,2024,,,,,200,131,,,,CRITICAL,Replay intervals do not establish the historical expected security count on this NSE session.,UNRESOLVED,,member_count:2024-07-30:131
COUNT_NOT_200:2024-07-31:3101,COUNT_NOT_200,2024-07-31,2024,,,,,200,131,,,,CRITICAL,Replay intervals do not establish the historical expected security count on this NSE session.,UNRESOLVED,,member_count:2024-07-31:131
COUNT_NOT_200:2024-08-01:3102,COUNT_NOT_200,2024-08-01,2024,,,,,200,131,,,,CRITICAL,Replay intervals do not establish the historical expected security count on this NSE session.,UNRESOLVED,,member_count:2024-08-01:131
COUNT_NOT_200:2024-08-02:3103,COUNT_NOT_200,2024-08-02,2024,,,,,200,131,,,,CRITICAL,Replay intervals do not establish the historical expected security count on this NSE session.,UNRESOLVED,,member_count:2024-08-02:131
COUNT_NOT_200:2024-08-05:3104,COUNT_NOT_200,2024-08-05,2024,,,,,200,131,,,,CRITICAL,Replay intervals do not establish the historical expected security count on this NSE session.,UNRESOLVED,,member_count:2024-08-05:131
COUNT_NOT_200:2024-08-06:3105,COUNT_NOT_200,2024-08-06,2024,,,,,200,131,,,,CRITICAL,Replay intervals do not establish the historical expected security count on this NSE session.,UNRESOLVED,,member_count:2024-08-06:131
COUNT_NOT_200:2024-08-07:3106,COUNT_NOT_200,2024-08-07,2024,,,,,200,131,,,,CRITICAL,Replay intervals do not establish the historical expected security count on this NSE session.,UNRESOLVED,,member_count:2024-08-07:131
COUNT_NOT_200:2024-08-08:3107,COUNT_NOT_200,2024-08-08,2024,,,,,200,131,,,,CRITICAL,Replay intervals do not establish the historical expected security count on this NSE session.,UNRESOLVED,,member_count:2024-08-08:131
COUNT_NOT_200:2024-08-09:3108,COUNT_NOT_200,2024-08-09,2024,,,,,200,131,,,,CRITICAL,Replay intervals do not establish the historical expected security count on this NSE session.,UNRESOLVED,,member_count:2024-08-09:131
COUNT_NOT_200:2024-08-12:3109,COUNT_NOT_200,2024-08-12,2024,,,,,200,131,,,,CRITICAL,Replay intervals do not establish the historical expected security count on this NSE session.,UNRESOLVED,,member_count:2024-08-12:131
COUNT_NOT_200:2024-08-13:3110,COUNT_NOT_200,2024-08-13,2024,,,,,200,131,,,,CRITICAL,Replay intervals do not establish the historical expected security count on this NSE session.,UNRESOLVED,,member_count:2024-08-13:131
COUNT_NOT_200:2024-08-14:3111,COUNT_NOT_200,2024-08-14,2024,,,,,200,131,,,,CRITICAL,Replay intervals do not establish the historical expected security count on this NSE session.,UNRESOLVED,,member_count:2024-08-14:131
COUNT_NOT_200:2024-08-16:3112,COUNT_NOT_200,2024-08-16,2024,,,,,200,131,,,,CRITICAL,Replay intervals do not establish the historical expected security count on this NSE session.,UNRESOLVED,,member_count:2024-08-16:131
COUNT_NOT_200:2024-08-19:3113,COUNT_NOT_200,2024-08-19,2024,,,,,200,131,,,,CRITICAL,Replay intervals do not establish the historical expected security count on this NSE session.,UNRESOLVED,,member_count:2024-08-19:131
COUNT_NOT_200:2024-08-20:3114,COUNT_NOT_200,2024-08-20,2024,,,,,200,131,,,,CRITICAL,Replay intervals do not establish the historical expected security count on this NSE session.,UNRESOLVED,,member_count:2024-08-20:131
COUNT_NOT_200:2024-08-21:3115,COUNT_NOT_200,2024-08-21,2024,,,,,200,131,,,,CRITICAL,Replay intervals do not establish the historical expected security count on this NSE session.,UNRESOLVED,,member_count:2024-08-21:131
COUNT_NOT_200:2024-08-22:3116,COUNT_NOT_200,2024-08-22,2024,,,,,200,131,,,,CRITICAL,Replay intervals do not establish the historical expected security count on this NSE session.,UNRESOLVED,,member_count:2024-08-22:131
COUNT_NOT_200:2024-08-23:3117,COUNT_NOT_200,2024-08-23,2024,,,,,200,131,,,,CRITICAL,Replay intervals do not establish the historical expected security count on this NSE session.,UNRESOLVED,,member_count:2024-08-23:131
COUNT_NOT_200:2024-08-26:3118,COUNT_NOT_200,2024-08-26,2024,,,,,200,131,,,,CRITICAL,Replay intervals do not establish the historical expected security count on this NSE session.,UNRESOLVED,,member_count:2024-08-26:131
COUNT_NOT_200:2024-08-27:3119,COUNT_NOT_200,2024-08-27,2024,,,,,200,131,,,,CRITICAL,Replay intervals do not establish the historical expected security count on this NSE session.,UNRESOLVED,,member_count:2024-08-27:131
COUNT_NOT_200:2024-08-28:3120,COUNT_NOT_200,2024-08-28,2024,,,,,200,131,,,,CRITICAL,Replay intervals do not establish the historical expected security count on this NSE session.,UNRESOLVED,,member_count:2024-08-28:131
COUNT_NOT_200:2024-08-29:3121,COUNT_NOT_200,2024-08-29,2024,,,,,200,131,,,,CRITICAL,Replay intervals do not establish the historical expected security count on this NSE session.,UNRESOLVED,,member_count:2024-08-29:131
COUNT_NOT_200:2024-08-30:3122,COUNT_NOT_200,2024-08-30,2024,,,,,200,131,,,,CRITICAL,Replay intervals do not establish the historical expected security count on this NSE session.,UNRESOLVED,,member_count:2024-08-30:131
COUNT_NOT_200:2024-09-02:3123,COUNT_NOT_200,2024-09-02,2024,,,,,200,131,,,,CRITICAL,Replay intervals do not establish the historical expected security count on this NSE session.,UNRESOLVED,,member_count:2024-09-02:131
COUNT_NOT_200:2024-09-03:3124,COUNT_NOT_200,2024-09-03,2024,,,,,200,131,,,,CRITICAL,Replay intervals do not establish the historical expected security count on this NSE session.,UNRESOLVED,,member_count:2024-09-03:131
COUNT_NOT_200:2024-09-04:3125,COUNT_NOT_200,2024-09-04,2024,,,,,200,131,,,,CRITICAL,Replay intervals do not establish the historical expected security count on this NSE session.,UNRESOLVED,,member_count:2024-09-04:131
COUNT_NOT_200:2024-09-05:3126,COUNT_NOT_200,2024-09-05,2024,,,,,200,131,,,,CRITICAL,Replay intervals do not establish the historical expected security count on this NSE session.,UNRESOLVED,,member_count:2024-09-05:131
COUNT_NOT_200:2024-09-06:3127,COUNT_NOT_200,2024-09-06,2024,,,,,200,131,,,,CRITICAL,Replay intervals do not establish the historical expected security count on this NSE session.,UNRESOLVED,,member_count:2024-09-06:131
COUNT_NOT_200:2024-09-09:3128,COUNT_NOT_200,2024-09-09,2024,,,,,200,131,,,,CRITICAL,Replay intervals do not establish the historical expected security count on this NSE session.,UNRESOLVED,,member_count:2024-09-09:131
COUNT_NOT_200:2024-09-10:3129,COUNT_NOT_200,2024-09-10,2024,,,,,200,131,,,,CRITICAL,Replay intervals do not establish the historical expected security count on this NSE session.,UNRESOLVED,,member_count:2024-09-10:131
COUNT_NOT_200:2024-09-11:3130,COUNT_NOT_200,2024-09-11,2024,,,,,200,131,,,,CRITICAL,Replay intervals do not establish the historical expected security count on this NSE session.,UNRESOLVED,,member_count:2024-09-11:131
COUNT_NOT_200:2024-09-12:3131,COUNT_NOT_200,2024-09-12,2024,,,,,200,131,,,,CRITICAL,Replay intervals do not establish the historical expected security count on this NSE session.,UNRESOLVED,,member_count:2024-09-12:131
COUNT_NOT_200:2024-09-13:3132,COUNT_NOT_200,2024-09-13,2024,,,,,200,131,,,,CRITICAL,Replay intervals do not establish the historical expected security count on this NSE session.,UNRESOLVED,,member_count:2024-09-13:131
COUNT_NOT_200:2024-09-16:3133,COUNT_NOT_200,2024-09-16,2024,,,,,200,131,,,,CRITICAL,Replay intervals do not establish the historical expected security count on this NSE session.,UNRESOLVED,,member_count:2024-09-16:131
COUNT_NOT_200:2024-09-17:3134,COUNT_NOT_200,2024-09-17,2024,,,,,200,131,,,,CRITICAL,Replay intervals do not establish the historical expected security count on this NSE session.,UNRESOLVED,,member_count:2024-09-17:131
COUNT_NOT_200:2024-09-18:3135,COUNT_NOT_200,2024-09-18,2024,,,,,200,131,,,,CRITICAL,Replay intervals do not establish the historical expected security count on this NSE session.,UNRESOLVED,,member_count:2024-09-18:131
COUNT_NOT_200:2024-09-19:3136,COUNT_NOT_200,2024-09-19,2024,,,,,200,131,,,,CRITICAL,Replay intervals do not establish the historical expected security count on this NSE session.,UNRESOLVED,,member_count:2024-09-19:131
COUNT_NOT_200:2024-09-20:3137,COUNT_NOT_200,2024-09-20,2024,,,,,200,131,,,,CRITICAL,Replay intervals do not establish the historical expected security count on this NSE session.,UNRESOLVED,,member_count:2024-09-20:131
COUNT_NOT_200:2024-09-23:3138,COUNT_NOT_200,2024-09-23,2024,,,,,200,131,,,,CRITICAL,Replay intervals do not establish the historical expected security count on this NSE session.,UNRESOLVED,,member_count:2024-09-23:131
COUNT_NOT_200:2024-09-24:3139,COUNT_NOT_200,2024-09-24,2024,,,,,200,131,,,,CRITICAL,Replay intervals do not establish the historical expected security count on this NSE session.,UNRESOLVED,,member_count:2024-09-24:131
COUNT_NOT_200:2024-09-25:3140,COUNT_NOT_200,2024-09-25,2024,,,,,200,131,,,,CRITICAL,Replay intervals do not establish the historical expected security count on this NSE session.,UNRESOLVED,,member_count:2024-09-25:131
COUNT_NOT_200:2024-09-26:3141,COUNT_NOT_200,2024-09-26,2024,,,,,200,131,,,,CRITICAL,Replay intervals do not establish the historical expected security count on this NSE session.,UNRESOLVED,,member_count:2024-09-26:131
COUNT_NOT_200:2024-09-27:3142,COUNT_NOT_200,2024-09-27,2024,,,,,200,131,,,,CRITICAL,Replay intervals do not establish the historical expected security count on this NSE session.,UNRESOLVED,,member_count:2024-09-27:131
COUNT_NOT_200:2024-09-30:3143,COUNT_NOT_200,2024-09-30,2024,,,,,200,131,,,,CRITICAL,Replay intervals do not establish the historical expected security count on this NSE session.,UNRESOLVED,,member_count:2024-09-30:131
COUNT_NOT_200:2024-10-01:3144,COUNT_NOT_200,2024-10-01,2024,,,,,200,131,,,,CRITICAL,Replay intervals do not establish the historical expected security count on this NSE session.,UNRESOLVED,,member_count:2024-10-01:131
COUNT_NOT_200:2024-10-03:3145,COUNT_NOT_200,2024-10-03,2024,,,,,200,131,,,,CRITICAL,Replay intervals do not establish the historical expected security count on this NSE session.,UNRESOLVED,,member_count:2024-10-03:131
COUNT_NOT_200:2024-10-04:3146,COUNT_NOT_200,2024-10-04,2024,,,,,200,131,,,,CRITICAL,Replay intervals do not establish the historical expected security count on this NSE session.,UNRESOLVED,,member_count:2024-10-04:131
COUNT_NOT_200:2024-10-07:3147,COUNT_NOT_200,2024-10-07,2024,,,,,200,131,,,,CRITICAL,Replay intervals do not establish the historical expected security count on this NSE session.,UNRESOLVED,,member_count:2024-10-07:131
COUNT_NOT_200:2024-10-08:3148,COUNT_NOT_200,2024-10-08,2024,,,,,200,131,,,,CRITICAL,Replay intervals do not establish the historical expected security count on this NSE session.,UNRESOLVED,,member_count:2024-10-08:131
COUNT_NOT_200:2024-10-09:3149,COUNT_NOT_200,2024-10-09,2024,,,,,200,131,,,,CRITICAL,Replay intervals do not establish the historical expected security count on this NSE session.,UNRESOLVED,,member_count:2024-10-09:131
COUNT_NOT_200:2024-10-10:3150,COUNT_NOT_200,2024-10-10,2024,,,,,200,131,,,,CRITICAL,Replay intervals do not establish the historical expected security count on this NSE session.,UNRESOLVED,,member_count:2024-10-10:131
COUNT_NOT_200:2024-10-11:3151,COUNT_NOT_200,2024-10-11,2024,,,,,200,131,,,,CRITICAL,Replay intervals do not establish the historical expected security count on this NSE session.,UNRESOLVED,,member_count:2024-10-11:131
COUNT_NOT_200:2024-10-14:3152,COUNT_NOT_200,2024-10-14,2024,,,,,200,131,,,,CRITICAL,Replay intervals do not establish the historical expected security count on this NSE session.,UNRESOLVED,,member_count:2024-10-14:131
COUNT_NOT_200:2024-10-15:3153,COUNT_NOT_200,2024-10-15,2024,,,,,200,131,,,,CRITICAL,Replay intervals do not establish the historical expected security count on this NSE session.,UNRESOLVED,,member_count:2024-10-15:131
COUNT_NOT_200:2024-10-16:3154,COUNT_NOT_200,2024-10-16,2024,,,,,200,131,,,,CRITICAL,Replay intervals do not establish the historical expected security count on this NSE session.,UNRESOLVED,,member_count:2024-10-16:131
COUNT_NOT_200:2024-10-17:3155,COUNT_NOT_200,2024-10-17,2024,,,,,200,131,,,,CRITICAL,Replay intervals do not establish the historical expected security count on this NSE session.,UNRESOLVED,,member_count:2024-10-17:131
COUNT_NOT_200:2024-10-18:3156,COUNT_NOT_200,2024-10-18,2024,,,,,200,131,,,,CRITICAL,Replay intervals do not establish the historical expected security count on this NSE session.,UNRESOLVED,,member_count:2024-10-18:131
COUNT_NOT_200:2024-10-21:3157,COUNT_NOT_200,2024-10-21,2024,,,,,200,131,,,,CRITICAL,Replay intervals do not establish the historical expected security count on this NSE session.,UNRESOLVED,,member_count:2024-10-21:131
COUNT_NOT_200:2024-10-22:3158,COUNT_NOT_200,2024-10-22,2024,,,,,200,131,,,,CRITICAL,Replay intervals do not establish the historical expected security count on this NSE session.,UNRESOLVED,,member_count:2024-10-22:131
COUNT_NOT_200:2024-10-23:3159,COUNT_NOT_200,2024-10-23,2024,,,,,200,131,,,,CRITICAL,Replay intervals do not establish the historical expected security count on this NSE session.,UNRESOLVED,,member_count:2024-10-23:131
COUNT_NOT_200:2024-10-24:3160,COUNT_NOT_200,2024-10-24,2024,,,,,200,131,,,,CRITICAL,Replay intervals do not establish the historical expected security count on this NSE session.,UNRESOLVED,,member_count:2024-10-24:131
COUNT_NOT_200:2024-10-25:3161,COUNT_NOT_200,2024-10-25,2024,,,,,200,131,,,,CRITICAL,Replay intervals do not establish the historical expected security count on this NSE session.,UNRESOLVED,,member_count:2024-10-25:131
COUNT_NOT_200:2024-10-28:3162,COUNT_NOT_200,2024-10-28,2024,,,,,200,131,,,,CRITICAL,Replay intervals do not establish the historical expected security count on this NSE session.,UNRESOLVED,,member_count:2024-10-28:131
COUNT_NOT_200:2024-10-29:3163,COUNT_NOT_200,2024-10-29,2024,,,,,200,131,,,,CRITICAL,Replay intervals do not establish the historical expected security count on this NSE session.,UNRESOLVED,,member_count:2024-10-29:131
COUNT_NOT_200:2024-10-30:3164,COUNT_NOT_200,2024-10-30,2024,,,,,200,131,,,,CRITICAL,Replay intervals do not establish the historical expected security count on this NSE session.,UNRESOLVED,,member_count:2024-10-30:131
COUNT_NOT_200:2024-10-31:3165,COUNT_NOT_200,2024-10-31,2024,,,,,200,131,,,,CRITICAL,Replay intervals do not establish the historical expected security count on this NSE session.,UNRESOLVED,,member_count:2024-10-31:131
COUNT_NOT_200:2024-11-04:3166,COUNT_NOT_200,2024-11-04,2024,,,,,200,131,,,,CRITICAL,Replay intervals do not establish the historical expected security count on this NSE session.,UNRESOLVED,,member_count:2024-11-04:131
COUNT_NOT_200:2024-11-05:3167,COUNT_NOT_200,2024-11-05,2024,,,,,200,131,,,,CRITICAL,Replay intervals do not establish the historical expected security count on this NSE session.,UNRESOLVED,,member_count:2024-11-05:131
COUNT_NOT_200:2024-11-06:3168,COUNT_NOT_200,2024-11-06,2024,,,,,200,131,,,,CRITICAL,Replay intervals do not establish the historical expected security count on this NSE session.,UNRESOLVED,,member_count:2024-11-06:131
COUNT_NOT_200:2024-11-07:3169,COUNT_NOT_200,2024-11-07,2024,,,,,200,131,,,,CRITICAL,Replay intervals do not establish the historical expected security count on this NSE session.,UNRESOLVED,,member_count:2024-11-07:131
COUNT_NOT_200:2024-11-08:3170,COUNT_NOT_200,2024-11-08,2024,,,,,200,131,,,,CRITICAL,Replay intervals do not establish the historical expected security count on this NSE session.,UNRESOLVED,,member_count:2024-11-08:131
COUNT_NOT_200:2024-11-11:3171,COUNT_NOT_200,2024-11-11,2024,,,,,200,131,,,,CRITICAL,Replay intervals do not establish the historical expected security count on this NSE session.,UNRESOLVED,,member_count:2024-11-11:131
COUNT_NOT_200:2024-11-12:3172,COUNT_NOT_200,2024-11-12,2024,,,,,200,131,,,,CRITICAL,Replay intervals do not establish the historical expected security count on this NSE session.,UNRESOLVED,,member_count:2024-11-12:131
COUNT_NOT_200:2024-11-13:3173,COUNT_NOT_200,2024-11-13,2024,,,,,200,131,,,,CRITICAL,Replay intervals do not establish the historical expected security count on this NSE session.,UNRESOLVED,,member_count:2024-11-13:131
COUNT_NOT_200:2024-11-14:3174,COUNT_NOT_200,2024-11-14,2024,,,,,200,131,,,,CRITICAL,Replay intervals do not establish the historical expected security count on this NSE session.,UNRESOLVED,,member_count:2024-11-14:131
COUNT_NOT_200:2024-11-18:3175,COUNT_NOT_200,2024-11-18,2024,,,,,200,131,,,,CRITICAL,Replay intervals do not establish the historical expected security count on this NSE session.,UNRESOLVED,,member_count:2024-11-18:131
COUNT_NOT_200:2024-11-19:3176,COUNT_NOT_200,2024-11-19,2024,,,,,200,131,,,,CRITICAL,Replay intervals do not establish the historical expected security count on this NSE session.,UNRESOLVED,,member_count:2024-11-19:131
COUNT_NOT_200:2024-11-20:3177,COUNT_NOT_200,2024-11-20,2024,,,,,200,131,,,,CRITICAL,Replay intervals do not establish the historical expected security count on this NSE session.,UNRESOLVED,,member_count:2024-11-20:131
COUNT_NOT_200:2024-11-21:3178,COUNT_NOT_200,2024-11-21,2024,,,,,200,131,,,,CRITICAL,Replay intervals do not establish the historical expected security count on this NSE session.,UNRESOLVED,,member_count:2024-11-21:131
COUNT_NOT_200:2024-11-22:3179,COUNT_NOT_200,2024-11-22,2024,,,,,200,131,,,,CRITICAL,Replay intervals do not establish the historical expected security count on this NSE session.,UNRESOLVED,,member_count:2024-11-22:131
COUNT_NOT_200:2024-11-25:3180,COUNT_NOT_200,2024-11-25,2024,,,,,200,131,,,,CRITICAL,Replay intervals do not establish the historical expected security count on this NSE session.,UNRESOLVED,,member_count:2024-11-25:131
COUNT_NOT_200:2024-11-26:3181,COUNT_NOT_200,2024-11-26,2024,,,,,200,131,,,,CRITICAL,Replay intervals do not establish the historical expected security count on this NSE session.,UNRESOLVED,,member_count:2024-11-26:131
COUNT_NOT_200:2024-11-27:3182,COUNT_NOT_200,2024-11-27,2024,,,,,200,131,,,,CRITICAL,Replay intervals do not establish the historical expected security count on this NSE session.,UNRESOLVED,,member_count:2024-11-27:131
COUNT_NOT_200:2024-11-28:3183,COUNT_NOT_200,2024-11-28,2024,,,,,200,131,,,,CRITICAL,Replay intervals do not establish the historical expected security count on this NSE session.,UNRESOLVED,,member_count:2024-11-28:131
COUNT_NOT_200:2024-11-29:3184,COUNT_NOT_200,2024-11-29,2024,,,,,200,131,,,,CRITICAL,Replay intervals do not establish the historical expected security count on this NSE session.,UNRESOLVED,,member_count:2024-11-29:131
COUNT_NOT_200:2024-12-02:3185,COUNT_NOT_200,2024-12-02,2024,,,,,200,131,,,,CRITICAL,Replay intervals do not establish the historical expected security count on this NSE session.,UNRESOLVED,,member_count:2024-12-02:131
COUNT_NOT_200:2024-12-03:3186,COUNT_NOT_200,2024-12-03,2024,,,,,200,131,,,,CRITICAL,Replay intervals do not establish the historical expected security count on this NSE session.,UNRESOLVED,,member_count:2024-12-03:131
COUNT_NOT_200:2024-12-04:3187,COUNT_NOT_200,2024-12-04,2024,,,,,200,131,,,,CRITICAL,Replay intervals do not establish the historical expected security count on this NSE session.,UNRESOLVED,,member_count:2024-12-04:131
COUNT_NOT_200:2024-12-05:3188,COUNT_NOT_200,2024-12-05,2024,,,,,200,131,,,,CRITICAL,Replay intervals do not establish the historical expected security count on this NSE session.,UNRESOLVED,,member_count:2024-12-05:131
COUNT_NOT_200:2024-12-06:3189,COUNT_NOT_200,2024-12-06,2024,,,,,200,131,,,,CRITICAL,Replay intervals do not establish the historical expected security count on this NSE session.,UNRESOLVED,,member_count:2024-12-06:131
COUNT_NOT_200:2024-12-09:3190,COUNT_NOT_200,2024-12-09,2024,,,,,200,131,,,,CRITICAL,Replay intervals do not establish the historical expected security count on this NSE session.,UNRESOLVED,,member_count:2024-12-09:131
COUNT_NOT_200:2024-12-10:3191,COUNT_NOT_200,2024-12-10,2024,,,,,200,131,,,,CRITICAL,Replay intervals do not establish the historical expected security count on this NSE session.,UNRESOLVED,,member_count:2024-12-10:131
COUNT_NOT_200:2024-12-11:3192,COUNT_NOT_200,2024-12-11,2024,,,,,200,131,,,,CRITICAL,Replay intervals do not establish the historical expected security count on this NSE session.,UNRESOLVED,,member_count:2024-12-11:131
COUNT_NOT_200:2024-12-12:3193,COUNT_NOT_200,2024-12-12,2024,,,,,200,131,,,,CRITICAL,Replay intervals do not establish the historical expected security count on this NSE session.,UNRESOLVED,,member_count:2024-12-12:131
COUNT_NOT_200:2024-12-13:3194,COUNT_NOT_200,2024-12-13,2024,,,,,200,131,,,,CRITICAL,Replay intervals do not establish the historical expected security count on this NSE session.,UNRESOLVED,,member_count:2024-12-13:131
COUNT_NOT_200:2024-12-16:3195,COUNT_NOT_200,2024-12-16,2024,,,,,200,131,,,,CRITICAL,Replay intervals do not establish the historical expected security count on this NSE session.,UNRESOLVED,,member_count:2024-12-16:131
COUNT_NOT_200:2024-12-17:3196,COUNT_NOT_200,2024-12-17,2024,,,,,200,131,,,,CRITICAL,Replay intervals do not establish the historical expected security count on this NSE session.,UNRESOLVED,,member_count:2024-12-17:131
COUNT_NOT_200:2024-12-18:3197,COUNT_NOT_200,2024-12-18,2024,,,,,200,131,,,,CRITICAL,Replay intervals do not establish the historical expected security count on this NSE session.,UNRESOLVED,,member_count:2024-12-18:131
COUNT_NOT_200:2024-12-19:3198,COUNT_NOT_200,2024-12-19,2024,,,,,200,131,,,,CRITICAL,Replay intervals do not establish the historical expected security count on this NSE session.,UNRESOLVED,,member_count:2024-12-19:131
COUNT_NOT_200:2024-12-20:3199,COUNT_NOT_200,2024-12-20,2024,,,,,200,131,,,,CRITICAL,Replay intervals do not establish the historical expected security count on this NSE session.,UNRESOLVED,,member_count:2024-12-20:131
COUNT_NOT_200:2024-12-23:3200,COUNT_NOT_200,2024-12-23,2024,,,,,200,131,,,,CRITICAL,Replay intervals do not establish the historical expected security count on this NSE session.,UNRESOLVED,,member_count:2024-12-23:131
COUNT_NOT_200:2024-12-24:3201,COUNT_NOT_200,2024-12-24,2024,,,,,200,131,,,,CRITICAL,Replay intervals do not establish the historical expected security count on this NSE session.,UNRESOLVED,,member_count:2024-12-24:131
COUNT_NOT_200:2024-12-26:3202,COUNT_NOT_200,2024-12-26,2024,,,,,200,131,,,,CRITICAL,Replay intervals do not establish the historical expected security count on this NSE session.,UNRESOLVED,,member_count:2024-12-26:131
COUNT_NOT_200:2024-12-27:3203,COUNT_NOT_200,2024-12-27,2024,,,,,200,131,,,,CRITICAL,Replay intervals do not establish the historical expected security count on this NSE session.,UNRESOLVED,,member_count:2024-12-27:131
COUNT_NOT_200:2024-12-30:3204,COUNT_NOT_200,2024-12-30,2024,,,,,200,131,,,,CRITICAL,Replay intervals do not establish the historical expected security count on this NSE session.,UNRESOLVED,,member_count:2024-12-30:131
COUNT_NOT_200:2024-12-31:3205,COUNT_NOT_200,2024-12-31,2024,,,,,200,131,,,,CRITICAL,Replay intervals do not establish the historical expected security count on this NSE session.,UNRESOLVED,,member_count:2024-12-31:131
COUNT_NOT_200:2025-01-01:3206,COUNT_NOT_200,2025-01-01,2025,,,,,200,131,,,,CRITICAL,Replay intervals do not establish the historical expected security count on this NSE session.,UNRESOLVED,,member_count:2025-01-01:131
COUNT_NOT_200:2025-01-02:3207,COUNT_NOT_200,2025-01-02,2025,,,,,200,131,,,,CRITICAL,Replay intervals do not establish the historical expected security count on this NSE session.,UNRESOLVED,,member_count:2025-01-02:131
COUNT_NOT_200:2025-01-03:3208,COUNT_NOT_200,2025-01-03,2025,,,,,200,131,,,,CRITICAL,Replay intervals do not establish the historical expected security count on this NSE session.,UNRESOLVED,,member_count:2025-01-03:131
COUNT_NOT_200:2025-01-06:3209,COUNT_NOT_200,2025-01-06,2025,,,,,200,131,,,,CRITICAL,Replay intervals do not establish the historical expected security count on this NSE session.,UNRESOLVED,,member_count:2025-01-06:131
COUNT_NOT_200:2025-01-07:3210,COUNT_NOT_200,2025-01-07,2025,,,,,200,131,,,,CRITICAL,Replay intervals do not establish the historical expected security count on this NSE session.,UNRESOLVED,,member_count:2025-01-07:131
COUNT_NOT_200:2025-01-08:3211,COUNT_NOT_200,2025-01-08,2025,,,,,200,131,,,,CRITICAL,Replay intervals do not establish the historical expected security count on this NSE session.,UNRESOLVED,,member_count:2025-01-08:131
COUNT_NOT_200:2025-01-09:3212,COUNT_NOT_200,2025-01-09,2025,,,,,200,131,,,,CRITICAL,Replay intervals do not establish the historical expected security count on this NSE session.,UNRESOLVED,,member_count:2025-01-09:131
COUNT_NOT_200:2025-01-10:3213,COUNT_NOT_200,2025-01-10,2025,,,,,200,131,,,,CRITICAL,Replay intervals do not establish the historical expected security count on this NSE session.,UNRESOLVED,,member_count:2025-01-10:131
COUNT_NOT_200:2025-01-13:3214,COUNT_NOT_200,2025-01-13,2025,,,,,200,131,,,,CRITICAL,Replay intervals do not establish the historical expected security count on this NSE session.,UNRESOLVED,,member_count:2025-01-13:131
COUNT_NOT_200:2025-01-14:3215,COUNT_NOT_200,2025-01-14,2025,,,,,200,131,,,,CRITICAL,Replay intervals do not establish the historical expected security count on this NSE session.,UNRESOLVED,,member_count:2025-01-14:131
COUNT_NOT_200:2025-01-15:3216,COUNT_NOT_200,2025-01-15,2025,,,,,200,131,,,,CRITICAL,Replay intervals do not establish the historical expected security count on this NSE session.,UNRESOLVED,,member_count:2025-01-15:131
COUNT_NOT_200:2025-01-16:3217,COUNT_NOT_200,2025-01-16,2025,,,,,200,131,,,,CRITICAL,Replay intervals do not establish the historical expected security count on this NSE session.,UNRESOLVED,,member_count:2025-01-16:131
COUNT_NOT_200:2025-01-17:3218,COUNT_NOT_200,2025-01-17,2025,,,,,200,131,,,,CRITICAL,Replay intervals do not establish the historical expected security count on this NSE session.,UNRESOLVED,,member_count:2025-01-17:131
COUNT_NOT_200:2025-01-20:3219,COUNT_NOT_200,2025-01-20,2025,,,,,200,131,,,,CRITICAL,Replay intervals do not establish the historical expected security count on this NSE session.,UNRESOLVED,,member_count:2025-01-20:131
COUNT_NOT_200:2025-01-21:3220,COUNT_NOT_200,2025-01-21,2025,,,,,200,131,,,,CRITICAL,Replay intervals do not establish the historical expected security count on this NSE session.,UNRESOLVED,,member_count:2025-01-21:131
COUNT_NOT_200:2025-01-22:3221,COUNT_NOT_200,2025-01-22,2025,,,,,200,131,,,,CRITICAL,Replay intervals do not establish the historical expected security count on this NSE session.,UNRESOLVED,,member_count:2025-01-22:131
COUNT_NOT_200:2025-01-23:3222,COUNT_NOT_200,2025-01-23,2025,,,,,200,131,,,,CRITICAL,Replay intervals do not establish the historical expected security count on this NSE session.,UNRESOLVED,,member_count:2025-01-23:131
COUNT_NOT_200:2025-01-24:3223,COUNT_NOT_200,2025-01-24,2025,,,,,200,131,,,,CRITICAL,Replay intervals do not establish the historical expected security count on this NSE session.,UNRESOLVED,,member_count:2025-01-24:131
COUNT_NOT_200:2025-01-27:3224,COUNT_NOT_200,2025-01-27,2025,,,,,200,131,,,,CRITICAL,Replay intervals do not establish the historical expected security count on this NSE session.,UNRESOLVED,,member_count:2025-01-27:131
COUNT_NOT_200:2025-01-28:3225,COUNT_NOT_200,2025-01-28,2025,,,,,200,131,,,,CRITICAL,Replay intervals do not establish the historical expected security count on this NSE session.,UNRESOLVED,,member_count:2025-01-28:131
COUNT_NOT_200:2025-01-29:3226,COUNT_NOT_200,2025-01-29,2025,,,,,200,131,,,,CRITICAL,Replay intervals do not establish the historical expected security count on this NSE session.,UNRESOLVED,,member_count:2025-01-29:131
COUNT_NOT_200:2025-01-30:3227,COUNT_NOT_200,2025-01-30,2025,,,,,200,131,,,,CRITICAL,Replay intervals do not establish the historical expected security count on this NSE session.,UNRESOLVED,,member_count:2025-01-30:131
COUNT_NOT_200:2025-01-31:3228,COUNT_NOT_200,2025-01-31,2025,,,,,200,131,,,,CRITICAL,Replay intervals do not establish the historical expected security count on this NSE session.,UNRESOLVED,,member_count:2025-01-31:131
COUNT_NOT_200:2025-02-03:3229,COUNT_NOT_200,2025-02-03,2025,,,,,200,131,,,,CRITICAL,Replay intervals do not establish the historical expected security count on this NSE session.,UNRESOLVED,,member_count:2025-02-03:131
COUNT_NOT_200:2025-02-04:3230,COUNT_NOT_200,2025-02-04,2025,,,,,200,131,,,,CRITICAL,Replay intervals do not establish the historical expected security count on this NSE session.,UNRESOLVED,,member_count:2025-02-04:131
COUNT_NOT_200:2025-02-05:3231,COUNT_NOT_200,2025-02-05,2025,,,,,200,131,,,,CRITICAL,Replay intervals do not establish the historical expected security count on this NSE session.,UNRESOLVED,,member_count:2025-02-05:131
COUNT_NOT_200:2025-02-06:3232,COUNT_NOT_200,2025-02-06,2025,,,,,200,131,,,,CRITICAL,Replay intervals do not establish the historical expected security count on this NSE session.,UNRESOLVED,,member_count:2025-02-06:131
COUNT_NOT_200:2025-02-07:3233,COUNT_NOT_200,2025-02-07,2025,,,,,200,131,,,,CRITICAL,Replay intervals do not establish the historical expected security count on this NSE session.,UNRESOLVED,,member_count:2025-02-07:131
COUNT_NOT_200:2025-02-10:3234,COUNT_NOT_200,2025-02-10,2025,,,,,200,131,,,,CRITICAL,Replay intervals do not establish the historical expected security count on this NSE session.,UNRESOLVED,,member_count:2025-02-10:131
COUNT_NOT_200:2025-02-11:3235,COUNT_NOT_200,2025-02-11,2025,,,,,200,131,,,,CRITICAL,Replay intervals do not establish the historical expected security count on this NSE session.,UNRESOLVED,,member_count:2025-02-11:131
COUNT_NOT_200:2025-02-12:3236,COUNT_NOT_200,2025-02-12,2025,,,,,200,131,,,,CRITICAL,Replay intervals do not establish the historical expected security count on this NSE session.,UNRESOLVED,,member_count:2025-02-12:131
COUNT_NOT_200:2025-02-13:3237,COUNT_NOT_200,2025-02-13,2025,,,,,200,131,,,,CRITICAL,Replay intervals do not establish the historical expected security count on this NSE session.,UNRESOLVED,,member_count:2025-02-13:131
COUNT_NOT_200:2025-02-14:3238,COUNT_NOT_200,2025-02-14,2025,,,,,200,131,,,,CRITICAL,Replay intervals do not establish the historical expected security count on this NSE session.,UNRESOLVED,,member_count:2025-02-14:131
COUNT_NOT_200:2025-02-17:3239,COUNT_NOT_200,2025-02-17,2025,,,,,200,131,,,,CRITICAL,Replay intervals do not establish the historical expected security count on this NSE session.,UNRESOLVED,,member_count:2025-02-17:131
COUNT_NOT_200:2025-02-18:3240,COUNT_NOT_200,2025-02-18,2025,,,,,200,131,,,,CRITICAL,Replay intervals do not establish the historical expected security count on this NSE session.,UNRESOLVED,,member_count:2025-02-18:131
COUNT_NOT_200:2025-02-19:3241,COUNT_NOT_200,2025-02-19,2025,,,,,200,131,,,,CRITICAL,Replay intervals do not establish the historical expected security count on this NSE session.,UNRESOLVED,,member_count:2025-02-19:131
COUNT_NOT_200:2025-02-20:3242,COUNT_NOT_200,2025-02-20,2025,,,,,200,131,,,,CRITICAL,Replay intervals do not establish the historical expected security count on this NSE session.,UNRESOLVED,,member_count:2025-02-20:131
COUNT_NOT_200:2025-02-21:3243,COUNT_NOT_200,2025-02-21,2025,,,,,200,131,,,,CRITICAL,Replay intervals do not establish the historical expected security count on this NSE session.,UNRESOLVED,,member_count:2025-02-21:131
COUNT_NOT_200:2025-02-24:3244,COUNT_NOT_200,2025-02-24,2025,,,,,200,131,,,,CRITICAL,Replay intervals do not establish the historical expected security count on this NSE session.,UNRESOLVED,,member_count:2025-02-24:131
COUNT_NOT_200:2025-02-25:3245,COUNT_NOT_200,2025-02-25,2025,,,,,200,131,,,,CRITICAL,Replay intervals do not establish the historical expected security count on this NSE session.,UNRESOLVED,,member_count:2025-02-25:131
COUNT_NOT_200:2025-02-27:3246,COUNT_NOT_200,2025-02-27,2025,,,,,200,131,,,,CRITICAL,Replay intervals do not establish the historical expected security count on this NSE session.,UNRESOLVED,,member_count:2025-02-27:131
COUNT_NOT_200:2025-02-28:3247,COUNT_NOT_200,2025-02-28,2025,,,,,200,131,,,,CRITICAL,Replay intervals do not establish the historical expected security count on this NSE session.,UNRESOLVED,,member_count:2025-02-28:131
COUNT_NOT_200:2025-03-03:3248,COUNT_NOT_200,2025-03-03,2025,,,,,200,131,,,,CRITICAL,Replay intervals do not establish the historical expected security count on this NSE session.,UNRESOLVED,,member_count:2025-03-03:131
COUNT_NOT_200:2025-03-04:3249,COUNT_NOT_200,2025-03-04,2025,,,,,200,131,,,,CRITICAL,Replay intervals do not establish the historical expected security count on this NSE session.,UNRESOLVED,,member_count:2025-03-04:131
COUNT_NOT_200:2025-03-05:3250,COUNT_NOT_200,2025-03-05,2025,,,,,200,131,,,,CRITICAL,Replay intervals do not establish the historical expected security count on this NSE session.,UNRESOLVED,,member_count:2025-03-05:131
COUNT_NOT_200:2025-03-06:3251,COUNT_NOT_200,2025-03-06,2025,,,,,200,131,,,,CRITICAL,Replay intervals do not establish the historical expected security count on this NSE session.,UNRESOLVED,,member_count:2025-03-06:131
COUNT_NOT_200:2025-03-07:3252,COUNT_NOT_200,2025-03-07,2025,,,,,200,131,,,,CRITICAL,Replay intervals do not establish the historical expected security count on this NSE session.,UNRESOLVED,,member_count:2025-03-07:131
COUNT_NOT_200:2025-03-10:3253,COUNT_NOT_200,2025-03-10,2025,,,,,200,131,,,,CRITICAL,Replay intervals do not establish the historical expected security count on this NSE session.,UNRESOLVED,,member_count:2025-03-10:131
COUNT_NOT_200:2025-03-11:3254,COUNT_NOT_200,2025-03-11,2025,,,,,200,131,,,,CRITICAL,Replay intervals do not establish the historical expected security count on this NSE session.,UNRESOLVED,,member_count:2025-03-11:131
COUNT_NOT_200:2025-03-12:3255,COUNT_NOT_200,2025-03-12,2025,,,,,200,131,,,,CRITICAL,Replay intervals do not establish the historical expected security count on this NSE session.,UNRESOLVED,,member_count:2025-03-12:131
COUNT_NOT_200:2025-03-13:3256,COUNT_NOT_200,2025-03-13,2025,,,,,200,131,,,,CRITICAL,Replay intervals do not establish the historical expected security count on this NSE session.,UNRESOLVED,,member_count:2025-03-13:131
COUNT_NOT_200:2025-03-17:3257,COUNT_NOT_200,2025-03-17,2025,,,,,200,131,,,,CRITICAL,Replay intervals do not establish the historical expected security count on this NSE session.,UNRESOLVED,,member_count:2025-03-17:131
COUNT_NOT_200:2025-03-18:3258,COUNT_NOT_200,2025-03-18,2025,,,,,200,131,,,,CRITICAL,Replay intervals do not establish the historical expected security count on this NSE session.,UNRESOLVED,,member_count:2025-03-18:131
COUNT_NOT_200:2025-03-19:3259,COUNT_NOT_200,2025-03-19,2025,,,,,200,131,,,,CRITICAL,Replay intervals do not establish the historical expected security count on this NSE session.,UNRESOLVED,,member_count:2025-03-19:131
COUNT_NOT_200:2025-03-20:3260,COUNT_NOT_200,2025-03-20,2025,,,,,200,131,,,,CRITICAL,Replay intervals do not establish the historical expected security count on this NSE session.,UNRESOLVED,,member_count:2025-03-20:131
COUNT_NOT_200:2025-03-21:3261,COUNT_NOT_200,2025-03-21,2025,,,,,200,131,,,,CRITICAL,Replay intervals do not establish the historical expected security count on this NSE session.,UNRESOLVED,,member_count:2025-03-21:131
COUNT_NOT_200:2025-03-24:3262,COUNT_NOT_200,2025-03-24,2025,,,,,200,131,,,,CRITICAL,Replay intervals do not establish the historical expected security count on this NSE session.,UNRESOLVED,,member_count:2025-03-24:131
COUNT_NOT_200:2025-03-25:3263,COUNT_NOT_200,2025-03-25,2025,,,,,200,131,,,,CRITICAL,Replay intervals do not establish the historical expected security count on this NSE session.,UNRESOLVED,,member_count:2025-03-25:131
COUNT_NOT_200:2025-03-26:3264,COUNT_NOT_200,2025-03-26,2025,,,,,200,131,,,,CRITICAL,Replay intervals do not establish the historical expected security count on this NSE session.,UNRESOLVED,,member_count:2025-03-26:131
COUNT_NOT_200:2025-03-27:3265,COUNT_NOT_200,2025-03-27,2025,,,,,200,131,,,,CRITICAL,Replay intervals do not establish the historical expected security count on this NSE session.,UNRESOLVED,,member_count:2025-03-27:131
COUNT_NOT_200:2025-03-28:3266,COUNT_NOT_200,2025-03-28,2025,,,,,200,131,,,,CRITICAL,Replay intervals do not establish the historical expected security count on this NSE session.,UNRESOLVED,,member_count:2025-03-28:131
COUNT_NOT_200:2025-04-01:3267,COUNT_NOT_200,2025-04-01,2025,,,,,200,131,,,,CRITICAL,Replay intervals do not establish the historical expected security count on this NSE session.,UNRESOLVED,,member_count:2025-04-01:131
COUNT_NOT_200:2025-04-02:3268,COUNT_NOT_200,2025-04-02,2025,,,,,200,131,,,,CRITICAL,Replay intervals do not establish the historical expected security count on this NSE session.,UNRESOLVED,,member_count:2025-04-02:131
COUNT_NOT_200:2025-04-03:3269,COUNT_NOT_200,2025-04-03,2025,,,,,200,131,,,,CRITICAL,Replay intervals do not establish the historical expected security count on this NSE session.,UNRESOLVED,,member_count:2025-04-03:131
COUNT_NOT_200:2025-04-04:3270,COUNT_NOT_200,2025-04-04,2025,,,,,200,131,,,,CRITICAL,Replay intervals do not establish the historical expected security count on this NSE session.,UNRESOLVED,,member_count:2025-04-04:131
COUNT_NOT_200:2025-04-07:3271,COUNT_NOT_200,2025-04-07,2025,,,,,200,131,,,,CRITICAL,Replay intervals do not establish the historical expected security count on this NSE session.,UNRESOLVED,,member_count:2025-04-07:131
COUNT_NOT_200:2025-04-08:3272,COUNT_NOT_200,2025-04-08,2025,,,,,200,131,,,,CRITICAL,Replay intervals do not establish the historical expected security count on this NSE session.,UNRESOLVED,,member_count:2025-04-08:131
COUNT_NOT_200:2025-04-09:3273,COUNT_NOT_200,2025-04-09,2025,,,,,200,131,,,,CRITICAL,Replay intervals do not establish the historical expected security count on this NSE session.,UNRESOLVED,,member_count:2025-04-09:131
COUNT_NOT_200:2025-04-11:3274,COUNT_NOT_200,2025-04-11,2025,,,,,200,131,,,,CRITICAL,Replay intervals do not establish the historical expected security count on this NSE session.,UNRESOLVED,,member_count:2025-04-11:131
COUNT_NOT_200:2025-04-15:3275,COUNT_NOT_200,2025-04-15,2025,,,,,200,131,,,,CRITICAL,Replay intervals do not establish the historical expected security count on this NSE session.,UNRESOLVED,,member_count:2025-04-15:131
COUNT_NOT_200:2025-04-16:3276,COUNT_NOT_200,2025-04-16,2025,,,,,200,131,,,,CRITICAL,Replay intervals do not establish the historical expected security count on this NSE session.,UNRESOLVED,,member_count:2025-04-16:131
COUNT_NOT_200:2025-04-17:3277,COUNT_NOT_200,2025-04-17,2025,,,,,200,131,,,,CRITICAL,Replay intervals do not establish the historical expected security count on this NSE session.,UNRESOLVED,,member_count:2025-04-17:131
COUNT_NOT_200:2025-04-21:3278,COUNT_NOT_200,2025-04-21,2025,,,,,200,131,,,,CRITICAL,Replay intervals do not establish the historical expected security count on this NSE session.,UNRESOLVED,,member_count:2025-04-21:131
COUNT_NOT_200:2025-04-22:3279,COUNT_NOT_200,2025-04-22,2025,,,,,200,131,,,,CRITICAL,Replay intervals do not establish the historical expected security count on this NSE session.,UNRESOLVED,,member_count:2025-04-22:131
COUNT_NOT_200:2025-04-23:3280,COUNT_NOT_200,2025-04-23,2025,,,,,200,131,,,,CRITICAL,Replay intervals do not establish the historical expected security count on this NSE session.,UNRESOLVED,,member_count:2025-04-23:131
COUNT_NOT_200:2025-04-24:3281,COUNT_NOT_200,2025-04-24,2025,,,,,200,131,,,,CRITICAL,Replay intervals do not establish the historical expected security count on this NSE session.,UNRESOLVED,,member_count:2025-04-24:131
COUNT_NOT_200:2025-04-25:3282,COUNT_NOT_200,2025-04-25,2025,,,,,200,131,,,,CRITICAL,Replay intervals do not establish the historical expected security count on this NSE session.,UNRESOLVED,,member_count:2025-04-25:131
COUNT_NOT_200:2025-04-28:3283,COUNT_NOT_200,2025-04-28,2025,,,,,200,131,,,,CRITICAL,Replay intervals do not establish the historical expected security count on this NSE session.,UNRESOLVED,,member_count:2025-04-28:131
COUNT_NOT_200:2025-04-29:3284,COUNT_NOT_200,2025-04-29,2025,,,,,200,131,,,,CRITICAL,Replay intervals do not establish the historical expected security count on this NSE session.,UNRESOLVED,,member_count:2025-04-29:131
COUNT_NOT_200:2025-04-30:3285,COUNT_NOT_200,2025-04-30,2025,,,,,200,131,,,,CRITICAL,Replay intervals do not establish the historical expected security count on this NSE session.,UNRESOLVED,,member_count:2025-04-30:131
COUNT_NOT_200:2025-05-02:3286,COUNT_NOT_200,2025-05-02,2025,,,,,200,131,,,,CRITICAL,Replay intervals do not establish the historical expected security count on this NSE session.,UNRESOLVED,,member_count:2025-05-02:131
COUNT_NOT_200:2025-05-05:3287,COUNT_NOT_200,2025-05-05,2025,,,,,200,131,,,,CRITICAL,Replay intervals do not establish the historical expected security count on this NSE session.,UNRESOLVED,,member_count:2025-05-05:131
COUNT_NOT_200:2025-05-06:3288,COUNT_NOT_200,2025-05-06,2025,,,,,200,131,,,,CRITICAL,Replay intervals do not establish the historical expected security count on this NSE session.,UNRESOLVED,,member_count:2025-05-06:131
COUNT_NOT_200:2025-05-07:3289,COUNT_NOT_200,2025-05-07,2025,,,,,200,131,,,,CRITICAL,Replay intervals do not establish the historical expected security count on this NSE session.,UNRESOLVED,,member_count:2025-05-07:131
COUNT_NOT_200:2025-05-08:3290,COUNT_NOT_200,2025-05-08,2025,,,,,200,131,,,,CRITICAL,Replay intervals do not establish the historical expected security count on this NSE session.,UNRESOLVED,,member_count:2025-05-08:131
COUNT_NOT_200:2025-05-09:3291,COUNT_NOT_200,2025-05-09,2025,,,,,200,131,,,,CRITICAL,Replay intervals do not establish the historical expected security count on this NSE session.,UNRESOLVED,,member_count:2025-05-09:131
COUNT_NOT_200:2025-05-12:3292,COUNT_NOT_200,2025-05-12,2025,,,,,200,131,,,,CRITICAL,Replay intervals do not establish the historical expected security count on this NSE session.,UNRESOLVED,,member_count:2025-05-12:131
COUNT_NOT_200:2025-05-13:3293,COUNT_NOT_200,2025-05-13,2025,,,,,200,131,,,,CRITICAL,Replay intervals do not establish the historical expected security count on this NSE session.,UNRESOLVED,,member_count:2025-05-13:131
COUNT_NOT_200:2025-05-14:3294,COUNT_NOT_200,2025-05-14,2025,,,,,200,131,,,,CRITICAL,Replay intervals do not establish the historical expected security count on this NSE session.,UNRESOLVED,,member_count:2025-05-14:131
COUNT_NOT_200:2025-05-15:3295,COUNT_NOT_200,2025-05-15,2025,,,,,200,131,,,,CRITICAL,Replay intervals do not establish the historical expected security count on this NSE session.,UNRESOLVED,,member_count:2025-05-15:131
COUNT_NOT_200:2025-05-16:3296,COUNT_NOT_200,2025-05-16,2025,,,,,200,131,,,,CRITICAL,Replay intervals do not establish the historical expected security count on this NSE session.,UNRESOLVED,,member_count:2025-05-16:131
COUNT_NOT_200:2025-05-19:3297,COUNT_NOT_200,2025-05-19,2025,,,,,200,131,,,,CRITICAL,Replay intervals do not establish the historical expected security count on this NSE session.,UNRESOLVED,,member_count:2025-05-19:131
COUNT_NOT_200:2025-05-20:3298,COUNT_NOT_200,2025-05-20,2025,,,,,200,131,,,,CRITICAL,Replay intervals do not establish the historical expected security count on this NSE session.,UNRESOLVED,,member_count:2025-05-20:131
COUNT_NOT_200:2025-05-21:3299,COUNT_NOT_200,2025-05-21,2025,,,,,200,131,,,,CRITICAL,Replay intervals do not establish the historical expected security count on this NSE session.,UNRESOLVED,,member_count:2025-05-21:131
COUNT_NOT_200:2025-05-22:3300,COUNT_NOT_200,2025-05-22,2025,,,,,200,131,,,,CRITICAL,Replay intervals do not establish the historical expected security count on this NSE session.,UNRESOLVED,,member_count:2025-05-22:131
COUNT_NOT_200:2025-05-23:3301,COUNT_NOT_200,2025-05-23,2025,,,,,200,131,,,,CRITICAL,Replay intervals do not establish the historical expected security count on this NSE session.,UNRESOLVED,,member_count:2025-05-23:131
COUNT_NOT_200:2025-05-26:3302,COUNT_NOT_200,2025-05-26,2025,,,,,200,131,,,,CRITICAL,Replay intervals do not establish the historical expected security count on this NSE session.,UNRESOLVED,,member_count:2025-05-26:131
COUNT_NOT_200:2025-05-27:3303,COUNT_NOT_200,2025-05-27,2025,,,,,200,131,,,,CRITICAL,Replay intervals do not establish the historical expected security count on this NSE session.,UNRESOLVED,,member_count:2025-05-27:131
COUNT_NOT_200:2025-05-28:3304,COUNT_NOT_200,2025-05-28,2025,,,,,200,131,,,,CRITICAL,Replay intervals do not establish the historical expected security count on this NSE session.,UNRESOLVED,,member_count:2025-05-28:131
COUNT_NOT_200:2025-05-29:3305,COUNT_NOT_200,2025-05-29,2025,,,,,200,131,,,,CRITICAL,Replay intervals do not establish the historical expected security count on this NSE session.,UNRESOLVED,,member_count:2025-05-29:131
COUNT_NOT_200:2025-05-30:3306,COUNT_NOT_200,2025-05-30,2025,,,,,200,131,,,,CRITICAL,Replay intervals do not establish the historical expected security count on this NSE session.,UNRESOLVED,,member_count:2025-05-30:131
COUNT_NOT_200:2025-06-02:3307,COUNT_NOT_200,2025-06-02,2025,,,,,200,131,,,,CRITICAL,Replay intervals do not establish the historical expected security count on this NSE session.,UNRESOLVED,,member_count:2025-06-02:131
COUNT_NOT_200:2025-06-03:3308,COUNT_NOT_200,2025-06-03,2025,,,,,200,131,,,,CRITICAL,Replay intervals do not establish the historical expected security count on this NSE session.,UNRESOLVED,,member_count:2025-06-03:131
COUNT_NOT_200:2025-06-04:3309,COUNT_NOT_200,2025-06-04,2025,,,,,200,131,,,,CRITICAL,Replay intervals do not establish the historical expected security count on this NSE session.,UNRESOLVED,,member_count:2025-06-04:131
COUNT_NOT_200:2025-06-05:3310,COUNT_NOT_200,2025-06-05,2025,,,,,200,131,,,,CRITICAL,Replay intervals do not establish the historical expected security count on this NSE session.,UNRESOLVED,,member_count:2025-06-05:131
COUNT_NOT_200:2025-06-06:3311,COUNT_NOT_200,2025-06-06,2025,,,,,200,131,,,,CRITICAL,Replay intervals do not establish the historical expected security count on this NSE session.,UNRESOLVED,,member_count:2025-06-06:131
COUNT_NOT_200:2025-06-09:3312,COUNT_NOT_200,2025-06-09,2025,,,,,200,131,,,,CRITICAL,Replay intervals do not establish the historical expected security count on this NSE session.,UNRESOLVED,,member_count:2025-06-09:131
COUNT_NOT_200:2025-06-10:3313,COUNT_NOT_200,2025-06-10,2025,,,,,200,131,,,,CRITICAL,Replay intervals do not establish the historical expected security count on this NSE session.,UNRESOLVED,,member_count:2025-06-10:131
COUNT_NOT_200:2025-06-11:3314,COUNT_NOT_200,2025-06-11,2025,,,,,200,131,,,,CRITICAL,Replay intervals do not establish the historical expected security count on this NSE session.,UNRESOLVED,,member_count:2025-06-11:131
COUNT_NOT_200:2025-06-12:3315,COUNT_NOT_200,2025-06-12,2025,,,,,200,131,,,,CRITICAL,Replay intervals do not establish the historical expected security count on this NSE session.,UNRESOLVED,,member_count:2025-06-12:131
COUNT_NOT_200:2025-06-13:3316,COUNT_NOT_200,2025-06-13,2025,,,,,200,131,,,,CRITICAL,Replay intervals do not establish the historical expected security count on this NSE session.,UNRESOLVED,,member_count:2025-06-13:131
COUNT_NOT_200:2025-06-16:3317,COUNT_NOT_200,2025-06-16,2025,,,,,200,131,,,,CRITICAL,Replay intervals do not establish the historical expected security count on this NSE session.,UNRESOLVED,,member_count:2025-06-16:131
COUNT_NOT_200:2025-06-17:3318,COUNT_NOT_200,2025-06-17,2025,,,,,200,131,,,,CRITICAL,Replay intervals do not establish the historical expected security count on this NSE session.,UNRESOLVED,,member_count:2025-06-17:131
COUNT_NOT_200:2025-06-18:3319,COUNT_NOT_200,2025-06-18,2025,,,,,200,131,,,,CRITICAL,Replay intervals do not establish the historical expected security count on this NSE session.,UNRESOLVED,,member_count:2025-06-18:131
COUNT_NOT_200:2025-06-19:3320,COUNT_NOT_200,2025-06-19,2025,,,,,200,131,,,,CRITICAL,Replay intervals do not establish the historical expected security count on this NSE session.,UNRESOLVED,,member_count:2025-06-19:131
COUNT_NOT_200:2025-06-20:3321,COUNT_NOT_200,2025-06-20,2025,,,,,200,131,,,,CRITICAL,Replay intervals do not establish the historical expected security count on this NSE session.,UNRESOLVED,,member_count:2025-06-20:131
COUNT_NOT_200:2025-06-23:3322,COUNT_NOT_200,2025-06-23,2025,,,,,200,131,,,,CRITICAL,Replay intervals do not establish the historical expected security count on this NSE session.,UNRESOLVED,,member_count:2025-06-23:131
COUNT_NOT_200:2025-06-24:3323,COUNT_NOT_200,2025-06-24,2025,,,,,200,131,,,,CRITICAL,Replay intervals do not establish the historical expected security count on this NSE session.,UNRESOLVED,,member_count:2025-06-24:131
COUNT_NOT_200:2025-06-25:3324,COUNT_NOT_200,2025-06-25,2025,,,,,200,131,,,,CRITICAL,Replay intervals do not establish the historical expected security count on this NSE session.,UNRESOLVED,,member_count:2025-06-25:131
COUNT_NOT_200:2025-06-26:3325,COUNT_NOT_200,2025-06-26,2025,,,,,200,131,,,,CRITICAL,Replay intervals do not establish the historical expected security count on this NSE session.,UNRESOLVED,,member_count:2025-06-26:131
COUNT_NOT_200:2025-06-27:3326,COUNT_NOT_200,2025-06-27,2025,,,,,200,131,,,,CRITICAL,Replay intervals do not establish the historical expected security count on this NSE session.,UNRESOLVED,,member_count:2025-06-27:131
COUNT_NOT_200:2025-06-30:3327,COUNT_NOT_200,2025-06-30,2025,,,,,200,131,,,,CRITICAL,Replay intervals do not establish the historical expected security count on this NSE session.,UNRESOLVED,,member_count:2025-06-30:131
COUNT_NOT_200:2025-07-01:3328,COUNT_NOT_200,2025-07-01,2025,,,,,200,131,,,,CRITICAL,Replay intervals do not establish the historical expected security count on this NSE session.,UNRESOLVED,,member_count:2025-07-01:131
COUNT_NOT_200:2025-07-02:3329,COUNT_NOT_200,2025-07-02,2025,,,,,200,131,,,,CRITICAL,Replay intervals do not establish the historical expected security count on this NSE session.,UNRESOLVED,,member_count:2025-07-02:131
COUNT_NOT_200:2025-07-03:3330,COUNT_NOT_200,2025-07-03,2025,,,,,200,131,,,,CRITICAL,Replay intervals do not establish the historical expected security count on this NSE session.,UNRESOLVED,,member_count:2025-07-03:131
COUNT_NOT_200:2025-07-04:3331,COUNT_NOT_200,2025-07-04,2025,,,,,200,131,,,,CRITICAL,Replay intervals do not establish the historical expected security count on this NSE session.,UNRESOLVED,,member_count:2025-07-04:131
COUNT_NOT_200:2025-07-07:3332,COUNT_NOT_200,2025-07-07,2025,,,,,200,131,,,,CRITICAL,Replay intervals do not establish the historical expected security count on this NSE session.,UNRESOLVED,,member_count:2025-07-07:131
COUNT_NOT_200:2025-07-08:3333,COUNT_NOT_200,2025-07-08,2025,,,,,200,131,,,,CRITICAL,Replay intervals do not establish the historical expected security count on this NSE session.,UNRESOLVED,,member_count:2025-07-08:131
COUNT_NOT_200:2025-07-09:3334,COUNT_NOT_200,2025-07-09,2025,,,,,200,131,,,,CRITICAL,Replay intervals do not establish the historical expected security count on this NSE session.,UNRESOLVED,,member_count:2025-07-09:131
COUNT_NOT_200:2025-07-10:3335,COUNT_NOT_200,2025-07-10,2025,,,,,200,131,,,,CRITICAL,Replay intervals do not establish the historical expected security count on this NSE session.,UNRESOLVED,,member_count:2025-07-10:131
COUNT_NOT_200:2025-07-11:3336,COUNT_NOT_200,2025-07-11,2025,,,,,200,131,,,,CRITICAL,Replay intervals do not establish the historical expected security count on this NSE session.,UNRESOLVED,,member_count:2025-07-11:131
COUNT_NOT_200:2025-07-14:3337,COUNT_NOT_200,2025-07-14,2025,,,,,200,131,,,,CRITICAL,Replay intervals do not establish the historical expected security count on this NSE session.,UNRESOLVED,,member_count:2025-07-14:131
COUNT_NOT_200:2025-07-15:3338,COUNT_NOT_200,2025-07-15,2025,,,,,200,131,,,,CRITICAL,Replay intervals do not establish the historical expected security count on this NSE session.,UNRESOLVED,,member_count:2025-07-15:131
COUNT_NOT_200:2025-07-16:3339,COUNT_NOT_200,2025-07-16,2025,,,,,200,131,,,,CRITICAL,Replay intervals do not establish the historical expected security count on this NSE session.,UNRESOLVED,,member_count:2025-07-16:131
COUNT_NOT_200:2025-07-17:3340,COUNT_NOT_200,2025-07-17,2025,,,,,200,131,,,,CRITICAL,Replay intervals do not establish the historical expected security count on this NSE session.,UNRESOLVED,,member_count:2025-07-17:131
COUNT_NOT_200:2025-07-18:3341,COUNT_NOT_200,2025-07-18,2025,,,,,200,131,,,,CRITICAL,Replay intervals do not establish the historical expected security count on this NSE session.,UNRESOLVED,,member_count:2025-07-18:131
COUNT_NOT_200:2025-07-21:3342,COUNT_NOT_200,2025-07-21,2025,,,,,200,131,,,,CRITICAL,Replay intervals do not establish the historical expected security count on this NSE session.,UNRESOLVED,,member_count:2025-07-21:131
COUNT_NOT_200:2025-07-22:3343,COUNT_NOT_200,2025-07-22,2025,,,,,200,131,,,,CRITICAL,Replay intervals do not establish the historical expected security count on this NSE session.,UNRESOLVED,,member_count:2025-07-22:131
COUNT_NOT_200:2025-07-23:3344,COUNT_NOT_200,2025-07-23,2025,,,,,200,131,,,,CRITICAL,Replay intervals do not establish the historical expected security count on this NSE session.,UNRESOLVED,,member_count:2025-07-23:131
COUNT_NOT_200:2025-07-24:3345,COUNT_NOT_200,2025-07-24,2025,,,,,200,131,,,,CRITICAL,Replay intervals do not establish the historical expected security count on this NSE session.,UNRESOLVED,,member_count:2025-07-24:131
COUNT_NOT_200:2025-07-25:3346,COUNT_NOT_200,2025-07-25,2025,,,,,200,131,,,,CRITICAL,Replay intervals do not establish the historical expected security count on this NSE session.,UNRESOLVED,,member_count:2025-07-25:131
COUNT_NOT_200:2025-07-28:3347,COUNT_NOT_200,2025-07-28,2025,,,,,200,131,,,,CRITICAL,Replay intervals do not establish the historical expected security count on this NSE session.,UNRESOLVED,,member_count:2025-07-28:131
COUNT_NOT_200:2025-07-29:3348,COUNT_NOT_200,2025-07-29,2025,,,,,200,131,,,,CRITICAL,Replay intervals do not establish the historical expected security count on this NSE session.,UNRESOLVED,,member_count:2025-07-29:131
COUNT_NOT_200:2025-07-30:3349,COUNT_NOT_200,2025-07-30,2025,,,,,200,131,,,,CRITICAL,Replay intervals do not establish the historical expected security count on this NSE session.,UNRESOLVED,,member_count:2025-07-30:131
COUNT_NOT_200:2025-07-31:3350,COUNT_NOT_200,2025-07-31,2025,,,,,200,131,,,,CRITICAL,Replay intervals do not establish the historical expected security count on this NSE session.,UNRESOLVED,,member_count:2025-07-31:131
COUNT_NOT_200:2025-08-01:3351,COUNT_NOT_200,2025-08-01,2025,,,,,200,131,,,,CRITICAL,Replay intervals do not establish the historical expected security count on this NSE session.,UNRESOLVED,,member_count:2025-08-01:131
COUNT_NOT_200:2025-08-04:3352,COUNT_NOT_200,2025-08-04,2025,,,,,200,131,,,,CRITICAL,Replay intervals do not establish the historical expected security count on this NSE session.,UNRESOLVED,,member_count:2025-08-04:131
COUNT_NOT_200:2025-08-05:3353,COUNT_NOT_200,2025-08-05,2025,,,,,200,131,,,,CRITICAL,Replay intervals do not establish the historical expected security count on this NSE session.,UNRESOLVED,,member_count:2025-08-05:131
COUNT_NOT_200:2025-08-06:3354,COUNT_NOT_200,2025-08-06,2025,,,,,200,131,,,,CRITICAL,Replay intervals do not establish the historical expected security count on this NSE session.,UNRESOLVED,,member_count:2025-08-06:131
COUNT_NOT_200:2025-08-07:3355,COUNT_NOT_200,2025-08-07,2025,,,,,200,131,,,,CRITICAL,Replay intervals do not establish the historical expected security count on this NSE session.,UNRESOLVED,,member_count:2025-08-07:131
COUNT_NOT_200:2025-08-08:3356,COUNT_NOT_200,2025-08-08,2025,,,,,200,131,,,,CRITICAL,Replay intervals do not establish the historical expected security count on this NSE session.,UNRESOLVED,,member_count:2025-08-08:131
COUNT_NOT_200:2025-08-11:3357,COUNT_NOT_200,2025-08-11,2025,,,,,200,131,,,,CRITICAL,Replay intervals do not establish the historical expected security count on this NSE session.,UNRESOLVED,,member_count:2025-08-11:131
COUNT_NOT_200:2025-08-12:3358,COUNT_NOT_200,2025-08-12,2025,,,,,200,131,,,,CRITICAL,Replay intervals do not establish the historical expected security count on this NSE session.,UNRESOLVED,,member_count:2025-08-12:131
COUNT_NOT_200:2025-08-13:3359,COUNT_NOT_200,2025-08-13,2025,,,,,200,131,,,,CRITICAL,Replay intervals do not establish the historical expected security count on this NSE session.,UNRESOLVED,,member_count:2025-08-13:131
COUNT_NOT_200:2025-08-14:3360,COUNT_NOT_200,2025-08-14,2025,,,,,200,131,,,,CRITICAL,Replay intervals do not establish the historical expected security count on this NSE session.,UNRESOLVED,,member_count:2025-08-14:131
COUNT_NOT_200:2025-08-18:3361,COUNT_NOT_200,2025-08-18,2025,,,,,200,131,,,,CRITICAL,Replay intervals do not establish the historical expected security count on this NSE session.,UNRESOLVED,,member_count:2025-08-18:131
COUNT_NOT_200:2025-08-19:3362,COUNT_NOT_200,2025-08-19,2025,,,,,200,131,,,,CRITICAL,Replay intervals do not establish the historical expected security count on this NSE session.,UNRESOLVED,,member_count:2025-08-19:131
COUNT_NOT_200:2025-08-20:3363,COUNT_NOT_200,2025-08-20,2025,,,,,200,131,,,,CRITICAL,Replay intervals do not establish the historical expected security count on this NSE session.,UNRESOLVED,,member_count:2025-08-20:131
COUNT_NOT_200:2025-08-21:3364,COUNT_NOT_200,2025-08-21,2025,,,,,200,131,,,,CRITICAL,Replay intervals do not establish the historical expected security count on this NSE session.,UNRESOLVED,,member_count:2025-08-21:131
COUNT_NOT_200:2025-08-22:3365,COUNT_NOT_200,2025-08-22,2025,,,,,200,131,,,,CRITICAL,Replay intervals do not establish the historical expected security count on this NSE session.,UNRESOLVED,,member_count:2025-08-22:131
COUNT_NOT_200:2025-08-25:3366,COUNT_NOT_200,2025-08-25,2025,,,,,200,131,,,,CRITICAL,Replay intervals do not establish the historical expected security count on this NSE session.,UNRESOLVED,,member_count:2025-08-25:131
COUNT_NOT_200:2025-08-26:3367,COUNT_NOT_200,2025-08-26,2025,,,,,200,131,,,,CRITICAL,Replay intervals do not establish the historical expected security count on this NSE session.,UNRESOLVED,,member_count:2025-08-26:131
COUNT_NOT_200:2025-08-28:3368,COUNT_NOT_200,2025-08-28,2025,,,,,200,131,,,,CRITICAL,Replay intervals do not establish the historical expected security count on this NSE session.,UNRESOLVED,,member_count:2025-08-28:131
COUNT_NOT_200:2025-08-29:3369,COUNT_NOT_200,2025-08-29,2025,,,,,200,131,,,,CRITICAL,Replay intervals do not establish the historical expected security count on this NSE session.,UNRESOLVED,,member_count:2025-08-29:131
COUNT_NOT_200:2025-09-01:3370,COUNT_NOT_200,2025-09-01,2025,,,,,200,131,,,,CRITICAL,Replay intervals do not establish the historical expected security count on this NSE session.,UNRESOLVED,,member_count:2025-09-01:131
COUNT_NOT_200:2025-09-02:3371,COUNT_NOT_200,2025-09-02,2025,,,,,200,131,,,,CRITICAL,Replay intervals do not establish the historical expected security count on this NSE session.,UNRESOLVED,,member_count:2025-09-02:131
COUNT_NOT_200:2025-09-03:3372,COUNT_NOT_200,2025-09-03,2025,,,,,200,131,,,,CRITICAL,Replay intervals do not establish the historical expected security count on this NSE session.,UNRESOLVED,,member_count:2025-09-03:131
COUNT_NOT_200:2025-09-04:3373,COUNT_NOT_200,2025-09-04,2025,,,,,200,131,,,,CRITICAL,Replay intervals do not establish the historical expected security count on this NSE session.,UNRESOLVED,,member_count:2025-09-04:131
COUNT_NOT_200:2025-09-05:3374,COUNT_NOT_200,2025-09-05,2025,,,,,200,131,,,,CRITICAL,Replay intervals do not establish the historical expected security count on this NSE session.,UNRESOLVED,,member_count:2025-09-05:131
COUNT_NOT_200:2025-09-08:3375,COUNT_NOT_200,2025-09-08,2025,,,,,200,131,,,,CRITICAL,Replay intervals do not establish the historical expected security count on this NSE session.,UNRESOLVED,,member_count:2025-09-08:131
COUNT_NOT_200:2025-09-09:3376,COUNT_NOT_200,2025-09-09,2025,,,,,200,131,,,,CRITICAL,Replay intervals do not establish the historical expected security count on this NSE session.,UNRESOLVED,,member_count:2025-09-09:131
COUNT_NOT_200:2025-09-10:3377,COUNT_NOT_200,2025-09-10,2025,,,,,200,131,,,,CRITICAL,Replay intervals do not establish the historical expected security count on this NSE session.,UNRESOLVED,,member_count:2025-09-10:131
COUNT_NOT_200:2025-09-11:3378,COUNT_NOT_200,2025-09-11,2025,,,,,200,131,,,,CRITICAL,Replay intervals do not establish the historical expected security count on this NSE session.,UNRESOLVED,,member_count:2025-09-11:131
COUNT_NOT_200:2025-09-12:3379,COUNT_NOT_200,2025-09-12,2025,,,,,200,131,,,,CRITICAL,Replay intervals do not establish the historical expected security count on this NSE session.,UNRESOLVED,,member_count:2025-09-12:131
COUNT_NOT_200:2025-09-15:3380,COUNT_NOT_200,2025-09-15,2025,,,,,200,131,,,,CRITICAL,Replay intervals do not establish the historical expected security count on this NSE session.,UNRESOLVED,,member_count:2025-09-15:131
COUNT_NOT_200:2025-09-16:3381,COUNT_NOT_200,2025-09-16,2025,,,,,200,131,,,,CRITICAL,Replay intervals do not establish the historical expected security count on this NSE session.,UNRESOLVED,,member_count:2025-09-16:131
COUNT_NOT_200:2025-09-17:3382,COUNT_NOT_200,2025-09-17,2025,,,,,200,131,,,,CRITICAL,Replay intervals do not establish the historical expected security count on this NSE session.,UNRESOLVED,,member_count:2025-09-17:131
COUNT_NOT_200:2025-09-18:3383,COUNT_NOT_200,2025-09-18,2025,,,,,200,131,,,,CRITICAL,Replay intervals do not establish the historical expected security count on this NSE session.,UNRESOLVED,,member_count:2025-09-18:131
COUNT_NOT_200:2025-09-19:3384,COUNT_NOT_200,2025-09-19,2025,,,,,200,131,,,,CRITICAL,Replay intervals do not establish the historical expected security count on this NSE session.,UNRESOLVED,,member_count:2025-09-19:131
COUNT_NOT_200:2025-09-22:3385,COUNT_NOT_200,2025-09-22,2025,,,,,200,131,,,,CRITICAL,Replay intervals do not establish the historical expected security count on this NSE session.,UNRESOLVED,,member_count:2025-09-22:131
COUNT_NOT_200:2025-09-23:3386,COUNT_NOT_200,2025-09-23,2025,,,,,200,131,,,,CRITICAL,Replay intervals do not establish the historical expected security count on this NSE session.,UNRESOLVED,,member_count:2025-09-23:131
COUNT_NOT_200:2025-09-24:3387,COUNT_NOT_200,2025-09-24,2025,,,,,200,131,,,,CRITICAL,Replay intervals do not establish the historical expected security count on this NSE session.,UNRESOLVED,,member_count:2025-09-24:131
COUNT_NOT_200:2025-09-25:3388,COUNT_NOT_200,2025-09-25,2025,,,,,200,131,,,,CRITICAL,Replay intervals do not establish the historical expected security count on this NSE session.,UNRESOLVED,,member_count:2025-09-25:131
COUNT_NOT_200:2025-09-26:3389,COUNT_NOT_200,2025-09-26,2025,,,,,200,131,,,,CRITICAL,Replay intervals do not establish the historical expected security count on this NSE session.,UNRESOLVED,,member_count:2025-09-26:131
COUNT_NOT_200:2025-09-29:3390,COUNT_NOT_200,2025-09-29,2025,,,,,200,131,,,,CRITICAL,Replay intervals do not establish the historical expected security count on this NSE session.,UNRESOLVED,,member_count:2025-09-29:131
COUNT_NOT_200:2025-09-30:3391,COUNT_NOT_200,2025-09-30,2025,,,,,200,131,,,,CRITICAL,Replay intervals do not establish the historical expected security count on this NSE session.,UNRESOLVED,,member_count:2025-09-30:131
COUNT_NOT_200:2025-10-01:3392,COUNT_NOT_200,2025-10-01,2025,,,,,200,131,,,,CRITICAL,Replay intervals do not establish the historical expected security count on this NSE session.,UNRESOLVED,,member_count:2025-10-01:131
COUNT_NOT_200:2025-10-03:3393,COUNT_NOT_200,2025-10-03,2025,,,,,200,131,,,,CRITICAL,Replay intervals do not establish the historical expected security count on this NSE session.,UNRESOLVED,,member_count:2025-10-03:131
COUNT_NOT_200:2025-10-06:3394,COUNT_NOT_200,2025-10-06,2025,,,,,200,131,,,,CRITICAL,Replay intervals do not establish the historical expected security count on this NSE session.,UNRESOLVED,,member_count:2025-10-06:131
COUNT_NOT_200:2025-10-07:3395,COUNT_NOT_200,2025-10-07,2025,,,,,200,131,,,,CRITICAL,Replay intervals do not establish the historical expected security count on this NSE session.,UNRESOLVED,,member_count:2025-10-07:131
COUNT_NOT_200:2025-10-08:3396,COUNT_NOT_200,2025-10-08,2025,,,,,200,131,,,,CRITICAL,Replay intervals do not establish the historical expected security count on this NSE session.,UNRESOLVED,,member_count:2025-10-08:131
COUNT_NOT_200:2025-10-09:3397,COUNT_NOT_200,2025-10-09,2025,,,,,200,131,,,,CRITICAL,Replay intervals do not establish the historical expected security count on this NSE session.,UNRESOLVED,,member_count:2025-10-09:131
COUNT_NOT_200:2025-10-10:3398,COUNT_NOT_200,2025-10-10,2025,,,,,200,131,,,,CRITICAL,Replay intervals do not establish the historical expected security count on this NSE session.,UNRESOLVED,,member_count:2025-10-10:131
COUNT_NOT_200:2025-10-13:3399,COUNT_NOT_200,2025-10-13,2025,,,,,200,131,,,,CRITICAL,Replay intervals do not establish the historical expected security count on this NSE session.,UNRESOLVED,,member_count:2025-10-13:131
COUNT_NOT_200:2025-10-14:3400,COUNT_NOT_200,2025-10-14,2025,,,,,200,131,,,,CRITICAL,Replay intervals do not establish the historical expected security count on this NSE session.,UNRESOLVED,,member_count:2025-10-14:131
COUNT_NOT_200:2025-10-15:3401,COUNT_NOT_200,2025-10-15,2025,,,,,200,131,,,,CRITICAL,Replay intervals do not establish the historical expected security count on this NSE session.,UNRESOLVED,,member_count:2025-10-15:131
COUNT_NOT_200:2025-10-16:3402,COUNT_NOT_200,2025-10-16,2025,,,,,200,131,,,,CRITICAL,Replay intervals do not establish the historical expected security count on this NSE session.,UNRESOLVED,,member_count:2025-10-16:131
COUNT_NOT_200:2025-10-17:3403,COUNT_NOT_200,2025-10-17,2025,,,,,200,131,,,,CRITICAL,Replay intervals do not establish the historical expected security count on this NSE session.,UNRESOLVED,,member_count:2025-10-17:131
COUNT_NOT_200:2025-10-20:3404,COUNT_NOT_200,2025-10-20,2025,,,,,200,131,,,,CRITICAL,Replay intervals do not establish the historical expected security count on this NSE session.,UNRESOLVED,,member_count:2025-10-20:131
COUNT_NOT_200:2025-10-23:3405,COUNT_NOT_200,2025-10-23,2025,,,,,200,131,,,,CRITICAL,Replay intervals do not establish the historical expected security count on this NSE session.,UNRESOLVED,,member_count:2025-10-23:131
COUNT_NOT_200:2025-10-24:3406,COUNT_NOT_200,2025-10-24,2025,,,,,200,131,,,,CRITICAL,Replay intervals do not establish the historical expected security count on this NSE session.,UNRESOLVED,,member_count:2025-10-24:131
COUNT_NOT_200:2025-10-27:3407,COUNT_NOT_200,2025-10-27,2025,,,,,200,131,,,,CRITICAL,Replay intervals do not establish the historical expected security count on this NSE session.,UNRESOLVED,,member_count:2025-10-27:131
COUNT_NOT_200:2025-10-28:3408,COUNT_NOT_200,2025-10-28,2025,,,,,200,131,,,,CRITICAL,Replay intervals do not establish the historical expected security count on this NSE session.,UNRESOLVED,,member_count:2025-10-28:131
COUNT_NOT_200:2025-10-29:3409,COUNT_NOT_200,2025-10-29,2025,,,,,200,131,,,,CRITICAL,Replay intervals do not establish the historical expected security count on this NSE session.,UNRESOLVED,,member_count:2025-10-29:131
COUNT_NOT_200:2025-10-30:3410,COUNT_NOT_200,2025-10-30,2025,,,,,200,131,,,,CRITICAL,Replay intervals do not establish the historical expected security count on this NSE session.,UNRESOLVED,,member_count:2025-10-30:131
COUNT_NOT_200:2025-10-31:3411,COUNT_NOT_200,2025-10-31,2025,,,,,200,131,,,,CRITICAL,Replay intervals do not establish the historical expected security count on this NSE session.,UNRESOLVED,,member_count:2025-10-31:131
COUNT_NOT_200:2025-11-03:3412,COUNT_NOT_200,2025-11-03,2025,,,,,200,131,,,,CRITICAL,Replay intervals do not establish the historical expected security count on this NSE session.,UNRESOLVED,,member_count:2025-11-03:131
COUNT_NOT_200:2025-11-04:3413,COUNT_NOT_200,2025-11-04,2025,,,,,200,131,,,,CRITICAL,Replay intervals do not establish the historical expected security count on this NSE session.,UNRESOLVED,,member_count:2025-11-04:131
COUNT_NOT_200:2025-11-06:3414,COUNT_NOT_200,2025-11-06,2025,,,,,200,131,,,,CRITICAL,Replay intervals do not establish the historical expected security count on this NSE session.,UNRESOLVED,,member_count:2025-11-06:131
COUNT_NOT_200:2025-11-07:3415,COUNT_NOT_200,2025-11-07,2025,,,,,200,131,,,,CRITICAL,Replay intervals do not establish the historical expected security count on this NSE session.,UNRESOLVED,,member_count:2025-11-07:131
COUNT_NOT_200:2025-11-10:3416,COUNT_NOT_200,2025-11-10,2025,,,,,200,131,,,,CRITICAL,Replay intervals do not establish the historical expected security count on this NSE session.,UNRESOLVED,,member_count:2025-11-10:131
COUNT_NOT_200:2025-11-11:3417,COUNT_NOT_200,2025-11-11,2025,,,,,200,131,,,,CRITICAL,Replay intervals do not establish the historical expected security count on this NSE session.,UNRESOLVED,,member_count:2025-11-11:131
COUNT_NOT_200:2025-11-12:3418,COUNT_NOT_200,2025-11-12,2025,,,,,200,131,,,,CRITICAL,Replay intervals do not establish the historical expected security count on this NSE session.,UNRESOLVED,,member_count:2025-11-12:131
COUNT_NOT_200:2025-11-13:3419,COUNT_NOT_200,2025-11-13,2025,,,,,200,131,,,,CRITICAL,Replay intervals do not establish the historical expected security count on this NSE session.,UNRESOLVED,,member_count:2025-11-13:131
COUNT_NOT_200:2025-11-14:3420,COUNT_NOT_200,2025-11-14,2025,,,,,200,131,,,,CRITICAL,Replay intervals do not establish the historical expected security count on this NSE session.,UNRESOLVED,,member_count:2025-11-14:131
COUNT_NOT_200:2025-11-17:3421,COUNT_NOT_200,2025-11-17,2025,,,,,200,131,,,,CRITICAL,Replay intervals do not establish the historical expected security count on this NSE session.,UNRESOLVED,,member_count:2025-11-17:131
COUNT_NOT_200:2025-11-18:3422,COUNT_NOT_200,2025-11-18,2025,,,,,200,131,,,,CRITICAL,Replay intervals do not establish the historical expected security count on this NSE session.,UNRESOLVED,,member_count:2025-11-18:131
COUNT_NOT_200:2025-11-19:3423,COUNT_NOT_200,2025-11-19,2025,,,,,200,131,,,,CRITICAL,Replay intervals do not establish the historical expected security count on this NSE session.,UNRESOLVED,,member_count:2025-11-19:131
COUNT_NOT_200:2025-11-20:3424,COUNT_NOT_200,2025-11-20,2025,,,,,200,131,,,,CRITICAL,Replay intervals do not establish the historical expected security count on this NSE session.,UNRESOLVED,,member_count:2025-11-20:131
COUNT_NOT_200:2025-11-21:3425,COUNT_NOT_200,2025-11-21,2025,,,,,200,131,,,,CRITICAL,Replay intervals do not establish the historical expected security count on this NSE session.,UNRESOLVED,,member_count:2025-11-21:131
COUNT_NOT_200:2025-11-24:3426,COUNT_NOT_200,2025-11-24,2025,,,,,200,131,,,,CRITICAL,Replay intervals do not establish the historical expected security count on this NSE session.,UNRESOLVED,,member_count:2025-11-24:131
COUNT_NOT_200:2025-11-25:3427,COUNT_NOT_200,2025-11-25,2025,,,,,200,131,,,,CRITICAL,Replay intervals do not establish the historical expected security count on this NSE session.,UNRESOLVED,,member_count:2025-11-25:131
COUNT_NOT_200:2025-11-26:3428,COUNT_NOT_200,2025-11-26,2025,,,,,200,131,,,,CRITICAL,Replay intervals do not establish the historical expected security count on this NSE session.,UNRESOLVED,,member_count:2025-11-26:131
COUNT_NOT_200:2025-11-27:3429,COUNT_NOT_200,2025-11-27,2025,,,,,200,131,,,,CRITICAL,Replay intervals do not establish the historical expected security count on this NSE session.,UNRESOLVED,,member_count:2025-11-27:131
COUNT_NOT_200:2025-11-28:3430,COUNT_NOT_200,2025-11-28,2025,,,,,200,131,,,,CRITICAL,Replay intervals do not establish the historical expected security count on this NSE session.,UNRESOLVED,,member_count:2025-11-28:131
COUNT_NOT_200:2025-12-01:3431,COUNT_NOT_200,2025-12-01,2025,,,,,200,131,,,,CRITICAL,Replay intervals do not establish the historical expected security count on this NSE session.,UNRESOLVED,,member_count:2025-12-01:131
COUNT_NOT_200:2025-12-02:3432,COUNT_NOT_200,2025-12-02,2025,,,,,200,131,,,,CRITICAL,Replay intervals do not establish the historical expected security count on this NSE session.,UNRESOLVED,,member_count:2025-12-02:131
COUNT_NOT_200:2025-12-03:3433,COUNT_NOT_200,2025-12-03,2025,,,,,200,131,,,,CRITICAL,Replay intervals do not establish the historical expected security count on this NSE session.,UNRESOLVED,,member_count:2025-12-03:131
COUNT_NOT_200:2025-12-04:3434,COUNT_NOT_200,2025-12-04,2025,,,,,200,131,,,,CRITICAL,Replay intervals do not establish the historical expected security count on this NSE session.,UNRESOLVED,,member_count:2025-12-04:131
COUNT_NOT_200:2025-12-05:3435,COUNT_NOT_200,2025-12-05,2025,,,,,200,131,,,,CRITICAL,Replay intervals do not establish the historical expected security count on this NSE session.,UNRESOLVED,,member_count:2025-12-05:131
COUNT_NOT_200:2025-12-08:3436,COUNT_NOT_200,2025-12-08,2025,,,,,200,131,,,,CRITICAL,Replay intervals do not establish the historical expected security count on this NSE session.,UNRESOLVED,,member_count:2025-12-08:131
COUNT_NOT_200:2025-12-09:3437,COUNT_NOT_200,2025-12-09,2025,,,,,200,131,,,,CRITICAL,Replay intervals do not establish the historical expected security count on this NSE session.,UNRESOLVED,,member_count:2025-12-09:131
COUNT_NOT_200:2025-12-10:3438,COUNT_NOT_200,2025-12-10,2025,,,,,200,131,,,,CRITICAL,Replay intervals do not establish the historical expected security count on this NSE session.,UNRESOLVED,,member_count:2025-12-10:131
COUNT_NOT_200:2025-12-11:3439,COUNT_NOT_200,2025-12-11,2025,,,,,200,131,,,,CRITICAL,Replay intervals do not establish the historical expected security count on this NSE session.,UNRESOLVED,,member_count:2025-12-11:131
COUNT_NOT_200:2025-12-12:3440,COUNT_NOT_200,2025-12-12,2025,,,,,200,131,,,,CRITICAL,Replay intervals do not establish the historical expected security count on this NSE session.,UNRESOLVED,,member_count:2025-12-12:131
COUNT_NOT_200:2025-12-15:3441,COUNT_NOT_200,2025-12-15,2025,,,,,200,131,,,,CRITICAL,Replay intervals do not establish the historical expected security count on this NSE session.,UNRESOLVED,,member_count:2025-12-15:131
COUNT_NOT_200:2025-12-16:3442,COUNT_NOT_200,2025-12-16,2025,,,,,200,131,,,,CRITICAL,Replay intervals do not establish the historical expected security count on this NSE session.,UNRESOLVED,,member_count:2025-12-16:131
COUNT_NOT_200:2025-12-17:3443,COUNT_NOT_200,2025-12-17,2025,,,,,200,131,,,,CRITICAL,Replay intervals do not establish the historical expected security count on this NSE session.,UNRESOLVED,,member_count:2025-12-17:131
COUNT_NOT_200:2025-12-18:3444,COUNT_NOT_200,2025-12-18,2025,,,,,200,131,,,,CRITICAL,Replay intervals do not establish the historical expected security count on this NSE session.,UNRESOLVED,,member_count:2025-12-18:131
COUNT_NOT_200:2025-12-19:3445,COUNT_NOT_200,2025-12-19,2025,,,,,200,131,,,,CRITICAL,Replay intervals do not establish the historical expected security count on this NSE session.,UNRESOLVED,,member_count:2025-12-19:131
COUNT_NOT_200:2025-12-22:3446,COUNT_NOT_200,2025-12-22,2025,,,,,200,131,,,,CRITICAL,Replay intervals do not establish the historical expected security count on this NSE session.,UNRESOLVED,,member_count:2025-12-22:131
COUNT_NOT_200:2025-12-23:3447,COUNT_NOT_200,2025-12-23,2025,,,,,200,131,,,,CRITICAL,Replay intervals do not establish the historical expected security count on this NSE session.,UNRESOLVED,,member_count:2025-12-23:131
COUNT_NOT_200:2025-12-24:3448,COUNT_NOT_200,2025-12-24,2025,,,,,200,131,,,,CRITICAL,Replay intervals do not establish the historical expected security count on this NSE session.,UNRESOLVED,,member_count:2025-12-24:131
COUNT_NOT_200:2025-12-26:3449,COUNT_NOT_200,2025-12-26,2025,,,,,200,131,,,,CRITICAL,Replay intervals do not establish the historical expected security count on this NSE session.,UNRESOLVED,,member_count:2025-12-26:131
COUNT_NOT_200:2025-12-29:3450,COUNT_NOT_200,2025-12-29,2025,,,,,200,131,,,,CRITICAL,Replay intervals do not establish the historical expected security count on this NSE session.,UNRESOLVED,,member_count:2025-12-29:131
COUNT_NOT_200:2025-12-30:3451,COUNT_NOT_200,2025-12-30,2025,,,,,200,131,,,,CRITICAL,Replay intervals do not establish the historical expected security count on this NSE session.,UNRESOLVED,,member_count:2025-12-30:131
COUNT_NOT_200:2025-12-31:3452,COUNT_NOT_200,2025-12-31,2025,,,,,200,131,,,,CRITICAL,Replay intervals do not establish the historical expected security count on this NSE session.,UNRESOLVED,,member_count:2025-12-31:131
COUNT_NOT_200:2026-01-01:3453,COUNT_NOT_200,2026-01-01,2026,,,,,200,131,,,,CRITICAL,Replay intervals do not establish the historical expected security count on this NSE session.,UNRESOLVED,,member_count:2026-01-01:131
COUNT_NOT_200:2026-01-02:3454,COUNT_NOT_200,2026-01-02,2026,,,,,200,131,,,,CRITICAL,Replay intervals do not establish the historical expected security count on this NSE session.,UNRESOLVED,,member_count:2026-01-02:131
COUNT_NOT_200:2026-01-05:3455,COUNT_NOT_200,2026-01-05,2026,,,,,200,131,,,,CRITICAL,Replay intervals do not establish the historical expected security count on this NSE session.,UNRESOLVED,,member_count:2026-01-05:131
COUNT_NOT_200:2026-01-06:3456,COUNT_NOT_200,2026-01-06,2026,,,,,200,131,,,,CRITICAL,Replay intervals do not establish the historical expected security count on this NSE session.,UNRESOLVED,,member_count:2026-01-06:131
COUNT_NOT_200:2026-01-07:3457,COUNT_NOT_200,2026-01-07,2026,,,,,200,131,,,,CRITICAL,Replay intervals do not establish the historical expected security count on this NSE session.,UNRESOLVED,,member_count:2026-01-07:131
COUNT_NOT_200:2026-01-08:3458,COUNT_NOT_200,2026-01-08,2026,,,,,200,131,,,,CRITICAL,Replay intervals do not establish the historical expected security count on this NSE session.,UNRESOLVED,,member_count:2026-01-08:131
COUNT_NOT_200:2026-01-09:3459,COUNT_NOT_200,2026-01-09,2026,,,,,200,131,,,,CRITICAL,Replay intervals do not establish the historical expected security count on this NSE session.,UNRESOLVED,,member_count:2026-01-09:131
COUNT_NOT_200:2026-01-12:3460,COUNT_NOT_200,2026-01-12,2026,,,,,200,131,,,,CRITICAL,Replay intervals do not establish the historical expected security count on this NSE session.,UNRESOLVED,,member_count:2026-01-12:131
COUNT_NOT_200:2026-01-13:3461,COUNT_NOT_200,2026-01-13,2026,,,,,200,131,,,,CRITICAL,Replay intervals do not establish the historical expected security count on this NSE session.,UNRESOLVED,,member_count:2026-01-13:131
COUNT_NOT_200:2026-01-14:3462,COUNT_NOT_200,2026-01-14,2026,,,,,200,131,,,,CRITICAL,Replay intervals do not establish the historical expected security count on this NSE session.,UNRESOLVED,,member_count:2026-01-14:131
COUNT_NOT_200:2026-01-15:3463,COUNT_NOT_200,2026-01-15,2026,,,,,200,131,,,,CRITICAL,Replay intervals do not establish the historical expected security count on this NSE session.,UNRESOLVED,,member_count:2026-01-15:131
COUNT_NOT_200:2026-01-16:3464,COUNT_NOT_200,2026-01-16,2026,,,,,200,131,,,,CRITICAL,Replay intervals do not establish the historical expected security count on this NSE session.,UNRESOLVED,,member_count:2026-01-16:131
COUNT_NOT_200:2026-01-19:3465,COUNT_NOT_200,2026-01-19,2026,,,,,200,131,,,,CRITICAL,Replay intervals do not establish the historical expected security count on this NSE session.,UNRESOLVED,,member_count:2026-01-19:131
COUNT_NOT_200:2026-01-20:3466,COUNT_NOT_200,2026-01-20,2026,,,,,200,131,,,,CRITICAL,Replay intervals do not establish the historical expected security count on this NSE session.,UNRESOLVED,,member_count:2026-01-20:131
COUNT_NOT_200:2026-01-21:3467,COUNT_NOT_200,2026-01-21,2026,,,,,200,131,,,,CRITICAL,Replay intervals do not establish the historical expected security count on this NSE session.,UNRESOLVED,,member_count:2026-01-21:131
COUNT_NOT_200:2026-01-22:3468,COUNT_NOT_200,2026-01-22,2026,,,,,200,131,,,,CRITICAL,Replay intervals do not establish the historical expected security count on this NSE session.,UNRESOLVED,,member_count:2026-01-22:131
COUNT_NOT_200:2026-01-23:3469,COUNT_NOT_200,2026-01-23,2026,,,,,200,131,,,,CRITICAL,Replay intervals do not establish the historical expected security count on this NSE session.,UNRESOLVED,,member_count:2026-01-23:131
COUNT_NOT_200:2026-01-27:3470,COUNT_NOT_200,2026-01-27,2026,,,,,200,131,,,,CRITICAL,Replay intervals do not establish the historical expected security count on this NSE session.,UNRESOLVED,,member_count:2026-01-27:131
COUNT_NOT_200:2026-01-28:3471,COUNT_NOT_200,2026-01-28,2026,,,,,200,131,,,,CRITICAL,Replay intervals do not establish the historical expected security count on this NSE session.,UNRESOLVED,,member_count:2026-01-28:131
COUNT_NOT_200:2026-01-29:3472,COUNT_NOT_200,2026-01-29,2026,,,,,200,131,,,,CRITICAL,Replay intervals do not establish the historical expected security count on this NSE session.,UNRESOLVED,,member_count:2026-01-29:131
COUNT_NOT_200:2026-01-30:3473,COUNT_NOT_200,2026-01-30,2026,,,,,200,131,,,,CRITICAL,Replay intervals do not establish the historical expected security count on this NSE session.,UNRESOLVED,,member_count:2026-01-30:131
COUNT_NOT_200:2026-02-02:3474,COUNT_NOT_200,2026-02-02,2026,,,,,200,131,,,,CRITICAL,Replay intervals do not establish the historical expected security count on this NSE session.,UNRESOLVED,,member_count:2026-02-02:131
COUNT_NOT_200:2026-02-03:3475,COUNT_NOT_200,2026-02-03,2026,,,,,200,131,,,,CRITICAL,Replay intervals do not establish the historical expected security count on this NSE session.,UNRESOLVED,,member_count:2026-02-03:131
COUNT_NOT_200:2026-02-04:3476,COUNT_NOT_200,2026-02-04,2026,,,,,200,131,,,,CRITICAL,Replay intervals do not establish the historical expected security count on this NSE session.,UNRESOLVED,,member_count:2026-02-04:131
COUNT_NOT_200:2026-02-05:3477,COUNT_NOT_200,2026-02-05,2026,,,,,200,131,,,,CRITICAL,Replay intervals do not establish the historical expected security count on this NSE session.,UNRESOLVED,,member_count:2026-02-05:131
COUNT_NOT_200:2026-02-06:3478,COUNT_NOT_200,2026-02-06,2026,,,,,200,131,,,,CRITICAL,Replay intervals do not establish the historical expected security count on this NSE session.,UNRESOLVED,,member_count:2026-02-06:131
COUNT_NOT_200:2026-02-09:3479,COUNT_NOT_200,2026-02-09,2026,,,,,200,131,,,,CRITICAL,Replay intervals do not establish the historical expected security count on this NSE session.,UNRESOLVED,,member_count:2026-02-09:131
COUNT_NOT_200:2026-02-10:3480,COUNT_NOT_200,2026-02-10,2026,,,,,200,131,,,,CRITICAL,Replay intervals do not establish the historical expected security count on this NSE session.,UNRESOLVED,,member_count:2026-02-10:131
COUNT_NOT_200:2026-02-11:3481,COUNT_NOT_200,2026-02-11,2026,,,,,200,131,,,,CRITICAL,Replay intervals do not establish the historical expected security count on this NSE session.,UNRESOLVED,,member_count:2026-02-11:131
COUNT_NOT_200:2026-02-12:3482,COUNT_NOT_200,2026-02-12,2026,,,,,200,131,,,,CRITICAL,Replay intervals do not establish the historical expected security count on this NSE session.,UNRESOLVED,,member_count:2026-02-12:131
COUNT_NOT_200:2026-02-13:3483,COUNT_NOT_200,2026-02-13,2026,,,,,200,131,,,,CRITICAL,Replay intervals do not establish the historical expected security count on this NSE session.,UNRESOLVED,,member_count:2026-02-13:131
COUNT_NOT_200:2026-02-16:3484,COUNT_NOT_200,2026-02-16,2026,,,,,200,131,,,,CRITICAL,Replay intervals do not establish the historical expected security count on this NSE session.,UNRESOLVED,,member_count:2026-02-16:131
COUNT_NOT_200:2026-02-17:3485,COUNT_NOT_200,2026-02-17,2026,,,,,200,131,,,,CRITICAL,Replay intervals do not establish the historical expected security count on this NSE session.,UNRESOLVED,,member_count:2026-02-17:131
COUNT_NOT_200:2026-02-18:3486,COUNT_NOT_200,2026-02-18,2026,,,,,200,131,,,,CRITICAL,Replay intervals do not establish the historical expected security count on this NSE session.,UNRESOLVED,,member_count:2026-02-18:131
COUNT_NOT_200:2026-02-19:3487,COUNT_NOT_200,2026-02-19,2026,,,,,200,131,,,,CRITICAL,Replay intervals do not establish the historical expected security count on this NSE session.,UNRESOLVED,,member_count:2026-02-19:131
COUNT_NOT_200:2026-02-20:3488,COUNT_NOT_200,2026-02-20,2026,,,,,200,131,,,,CRITICAL,Replay intervals do not establish the historical expected security count on this NSE session.,UNRESOLVED,,member_count:2026-02-20:131
COUNT_NOT_200:2026-02-23:3489,COUNT_NOT_200,2026-02-23,2026,,,,,200,131,,,,CRITICAL,Replay intervals do not establish the historical expected security count on this NSE session.,UNRESOLVED,,member_count:2026-02-23:131
COUNT_NOT_200:2026-02-24:3490,COUNT_NOT_200,2026-02-24,2026,,,,,200,131,,,,CRITICAL,Replay intervals do not establish the historical expected security count on this NSE session.,UNRESOLVED,,member_count:2026-02-24:131
COUNT_NOT_200:2026-02-25:3491,COUNT_NOT_200,2026-02-25,2026,,,,,200,131,,,,CRITICAL,Replay intervals do not establish the historical expected security count on this NSE session.,UNRESOLVED,,member_count:2026-02-25:131
COUNT_NOT_200:2026-02-26:3492,COUNT_NOT_200,2026-02-26,2026,,,,,200,131,,,,CRITICAL,Replay intervals do not establish the historical expected security count on this NSE session.,UNRESOLVED,,member_count:2026-02-26:131
COUNT_NOT_200:2026-02-27:3493,COUNT_NOT_200,2026-02-27,2026,,,,,200,131,,,,CRITICAL,Replay intervals do not establish the historical expected security count on this NSE session.,UNRESOLVED,,member_count:2026-02-27:131
COUNT_NOT_200:2026-03-02:3494,COUNT_NOT_200,2026-03-02,2026,,,,,200,131,,,,CRITICAL,Replay intervals do not establish the historical expected security count on this NSE session.,UNRESOLVED,,member_count:2026-03-02:131
COUNT_NOT_200:2026-03-04:3495,COUNT_NOT_200,2026-03-04,2026,,,,,200,131,,,,CRITICAL,Replay intervals do not establish the historical expected security count on this NSE session.,UNRESOLVED,,member_count:2026-03-04:131
COUNT_NOT_200:2026-03-05:3496,COUNT_NOT_200,2026-03-05,2026,,,,,200,131,,,,CRITICAL,Replay intervals do not establish the historical expected security count on this NSE session.,UNRESOLVED,,member_count:2026-03-05:131
COUNT_NOT_200:2026-03-06:3497,COUNT_NOT_200,2026-03-06,2026,,,,,200,131,,,,CRITICAL,Replay intervals do not establish the historical expected security count on this NSE session.,UNRESOLVED,,member_count:2026-03-06:131
COUNT_NOT_200:2026-03-09:3498,COUNT_NOT_200,2026-03-09,2026,,,,,200,131,,,,CRITICAL,Replay intervals do not establish the historical expected security count on this NSE session.,UNRESOLVED,,member_count:2026-03-09:131
COUNT_NOT_200:2026-03-10:3499,COUNT_NOT_200,2026-03-10,2026,,,,,200,131,,,,CRITICAL,Replay intervals do not establish the historical expected security count on this NSE session.,UNRESOLVED,,member_count:2026-03-10:131
COUNT_NOT_200:2026-03-11:3500,COUNT_NOT_200,2026-03-11,2026,,,,,200,131,,,,CRITICAL,Replay intervals do not establish the historical expected security count on this NSE session.,UNRESOLVED,,member_count:2026-03-11:131
COUNT_NOT_200:2026-03-12:3501,COUNT_NOT_200,2026-03-12,2026,,,,,200,131,,,,CRITICAL,Replay intervals do not establish the historical expected security count on this NSE session.,UNRESOLVED,,member_count:2026-03-12:131
COUNT_NOT_200:2026-03-13:3502,COUNT_NOT_200,2026-03-13,2026,,,,,200,131,,,,CRITICAL,Replay intervals do not establish the historical expected security count on this NSE session.,UNRESOLVED,,member_count:2026-03-13:131
COUNT_NOT_200:2026-03-16:3503,COUNT_NOT_200,2026-03-16,2026,,,,,200,131,,,,CRITICAL,Replay intervals do not establish the historical expected security count on this NSE session.,UNRESOLVED,,member_count:2026-03-16:131
COUNT_NOT_200:2026-03-17:3504,COUNT_NOT_200,2026-03-17,2026,,,,,200,131,,,,CRITICAL,Replay intervals do not establish the historical expected security count on this NSE session.,UNRESOLVED,,member_count:2026-03-17:131
COUNT_NOT_200:2026-03-18:3505,COUNT_NOT_200,2026-03-18,2026,,,,,200,131,,,,CRITICAL,Replay intervals do not establish the historical expected security count on this NSE session.,UNRESOLVED,,member_count:2026-03-18:131
COUNT_NOT_200:2026-03-19:3506,COUNT_NOT_200,2026-03-19,2026,,,,,200,131,,,,CRITICAL,Replay intervals do not establish the historical expected security count on this NSE session.,UNRESOLVED,,member_count:2026-03-19:131
COUNT_NOT_200:2026-03-20:3507,COUNT_NOT_200,2026-03-20,2026,,,,,200,131,,,,CRITICAL,Replay intervals do not establish the historical expected security count on this NSE session.,UNRESOLVED,,member_count:2026-03-20:131
COUNT_NOT_200:2026-03-23:3508,COUNT_NOT_200,2026-03-23,2026,,,,,200,131,,,,CRITICAL,Replay intervals do not establish the historical expected security count on this NSE session.,UNRESOLVED,,member_count:2026-03-23:131
COUNT_NOT_200:2026-03-24:3509,COUNT_NOT_200,2026-03-24,2026,,,,,200,131,,,,CRITICAL,Replay intervals do not establish the historical expected security count on this NSE session.,UNRESOLVED,,member_count:2026-03-24:131
COUNT_NOT_200:2026-03-25:3510,COUNT_NOT_200,2026-03-25,2026,,,,,200,131,,,,CRITICAL,Replay intervals do not establish the historical expected security count on this NSE session.,UNRESOLVED,,member_count:2026-03-25:131
COUNT_NOT_200:2026-03-27:3511,COUNT_NOT_200,2026-03-27,2026,,,,,200,131,,,,CRITICAL,Replay intervals do not establish the historical expected security count on this NSE session.,UNRESOLVED,,member_count:2026-03-27:131
COUNT_NOT_200:2026-03-30:3512,COUNT_NOT_200,2026-03-30,2026,,,,,200,136,,,,CRITICAL,Replay intervals do not establish the historical expected security count on this NSE session.,UNRESOLVED,,member_count:2026-03-30:136
COUNT_NOT_200:2026-04-01:3513,COUNT_NOT_200,2026-04-01,2026,,,,,200,136,,,,CRITICAL,Replay intervals do not establish the historical expected security count on this NSE session.,UNRESOLVED,,member_count:2026-04-01:136
COUNT_NOT_200:2026-04-02:3514,COUNT_NOT_200,2026-04-02,2026,,,,,200,136,,,,CRITICAL,Replay intervals do not establish the historical expected security count on this NSE session.,UNRESOLVED,,member_count:2026-04-02:136
COUNT_NOT_200:2026-04-06:3515,COUNT_NOT_200,2026-04-06,2026,,,,,200,136,,,,CRITICAL,Replay intervals do not establish the historical expected security count on this NSE session.,UNRESOLVED,,member_count:2026-04-06:136
COUNT_NOT_200:2026-04-07:3516,COUNT_NOT_200,2026-04-07,2026,,,,,200,136,,,,CRITICAL,Replay intervals do not establish the historical expected security count on this NSE session.,UNRESOLVED,,member_count:2026-04-07:136
COUNT_NOT_200:2026-04-08:3517,COUNT_NOT_200,2026-04-08,2026,,,,,200,136,,,,CRITICAL,Replay intervals do not establish the historical expected security count on this NSE session.,UNRESOLVED,,member_count:2026-04-08:136
COUNT_NOT_200:2026-04-09:3518,COUNT_NOT_200,2026-04-09,2026,,,,,200,136,,,,CRITICAL,Replay intervals do not establish the historical expected security count on this NSE session.,UNRESOLVED,,member_count:2026-04-09:136
COUNT_NOT_200:2026-04-10:3519,COUNT_NOT_200,2026-04-10,2026,,,,,200,136,,,,CRITICAL,Replay intervals do not establish the historical expected security count on this NSE session.,UNRESOLVED,,member_count:2026-04-10:136
COUNT_NOT_200:2026-04-13:3520,COUNT_NOT_200,2026-04-13,2026,,,,,200,136,,,,CRITICAL,Replay intervals do not establish the historical expected security count on this NSE session.,UNRESOLVED,,member_count:2026-04-13:136
COUNT_NOT_200:2026-04-15:3521,COUNT_NOT_200,2026-04-15,2026,,,,,200,136,,,,CRITICAL,Replay intervals do not establish the historical expected security count on this NSE session.,UNRESOLVED,,member_count:2026-04-15:136
COUNT_NOT_200:2026-04-16:3522,COUNT_NOT_200,2026-04-16,2026,,,,,200,136,,,,CRITICAL,Replay intervals do not establish the historical expected security count on this NSE session.,UNRESOLVED,,member_count:2026-04-16:136
COUNT_NOT_200:2026-04-17:3523,COUNT_NOT_200,2026-04-17,2026,,,,,200,136,,,,CRITICAL,Replay intervals do not establish the historical expected security count on this NSE session.,UNRESOLVED,,member_count:2026-04-17:136
COUNT_NOT_200:2026-04-20:3524,COUNT_NOT_200,2026-04-20,2026,,,,,200,136,,,,CRITICAL,Replay intervals do not establish the historical expected security count on this NSE session.,UNRESOLVED,,member_count:2026-04-20:136
COUNT_NOT_200:2026-04-21:3525,COUNT_NOT_200,2026-04-21,2026,,,,,200,136,,,,CRITICAL,Replay intervals do not establish the historical expected security count on this NSE session.,UNRESOLVED,,member_count:2026-04-21:136
COUNT_NOT_200:2026-04-22:3526,COUNT_NOT_200,2026-04-22,2026,,,,,200,136,,,,CRITICAL,Replay intervals do not establish the historical expected security count on this NSE session.,UNRESOLVED,,member_count:2026-04-22:136
COUNT_NOT_200:2026-04-23:3527,COUNT_NOT_200,2026-04-23,2026,,,,,200,136,,,,CRITICAL,Replay intervals do not establish the historical expected security count on this NSE session.,UNRESOLVED,,member_count:2026-04-23:136
COUNT_NOT_200:2026-04-24:3528,COUNT_NOT_200,2026-04-24,2026,,,,,200,136,,,,CRITICAL,Replay intervals do not establish the historical expected security count on this NSE session.,UNRESOLVED,,member_count:2026-04-24:136
COUNT_NOT_200:2026-04-27:3529,COUNT_NOT_200,2026-04-27,2026,,,,,200,136,,,,CRITICAL,Replay intervals do not establish the historical expected security count on this NSE session.,UNRESOLVED,,member_count:2026-04-27:136
COUNT_NOT_200:2026-04-28:3530,COUNT_NOT_200,2026-04-28,2026,,,,,200,136,,,,CRITICAL,Replay intervals do not establish the historical expected security count on this NSE session.,UNRESOLVED,,member_count:2026-04-28:136
COUNT_NOT_200:2026-04-29:3531,COUNT_NOT_200,2026-04-29,2026,,,,,200,136,,,,CRITICAL,Replay intervals do not establish the historical expected security count on this NSE session.,UNRESOLVED,,member_count:2026-04-29:136
COUNT_NOT_200:2026-04-30:3532,COUNT_NOT_200,2026-04-30,2026,,,,,200,136,,,,CRITICAL,Replay intervals do not establish the historical expected security count on this NSE session.,UNRESOLVED,,member_count:2026-04-30:136
COUNT_NOT_200:2026-05-04:3533,COUNT_NOT_200,2026-05-04,2026,,,,,200,136,,,,CRITICAL,Replay intervals do not establish the historical expected security count on this NSE session.,UNRESOLVED,,member_count:2026-05-04:136
COUNT_NOT_200:2026-05-05:3534,COUNT_NOT_200,2026-05-05,2026,,,,,200,136,,,,CRITICAL,Replay intervals do not establish the historical expected security count on this NSE session.,UNRESOLVED,,member_count:2026-05-05:136
COUNT_NOT_200:2026-05-06:3535,COUNT_NOT_200,2026-05-06,2026,,,,,200,136,,,,CRITICAL,Replay intervals do not establish the historical expected security count on this NSE session.,UNRESOLVED,,member_count:2026-05-06:136
COUNT_NOT_200:2026-05-07:3536,COUNT_NOT_200,2026-05-07,2026,,,,,200,136,,,,CRITICAL,Replay intervals do not establish the historical expected security count on this NSE session.,UNRESOLVED,,member_count:2026-05-07:136
COUNT_NOT_200:2026-05-08:3537,COUNT_NOT_200,2026-05-08,2026,,,,,200,136,,,,CRITICAL,Replay intervals do not establish the historical expected security count on this NSE session.,UNRESOLVED,,member_count:2026-05-08:136
COUNT_NOT_200:2026-05-11:3538,COUNT_NOT_200,2026-05-11,2026,,,,,200,136,,,,CRITICAL,Replay intervals do not establish the historical expected security count on this NSE session.,UNRESOLVED,,member_count:2026-05-11:136
COUNT_NOT_200:2026-05-12:3539,COUNT_NOT_200,2026-05-12,2026,,,,,200,136,,,,CRITICAL,Replay intervals do not establish the historical expected security count on this NSE session.,UNRESOLVED,,member_count:2026-05-12:136
COUNT_NOT_200:2026-05-13:3540,COUNT_NOT_200,2026-05-13,2026,,,,,200,136,,,,CRITICAL,Replay intervals do not establish the historical expected security count on this NSE session.,UNRESOLVED,,member_count:2026-05-13:136
COUNT_NOT_200:2026-05-14:3541,COUNT_NOT_200,2026-05-14,2026,,,,,200,136,,,,CRITICAL,Replay intervals do not establish the historical expected security count on this NSE session.,UNRESOLVED,,member_count:2026-05-14:136
COUNT_NOT_200:2026-05-15:3542,COUNT_NOT_200,2026-05-15,2026,,,,,200,136,,,,CRITICAL,Replay intervals do not establish the historical expected security count on this NSE session.,UNRESOLVED,,member_count:2026-05-15:136
COUNT_NOT_200:2026-05-18:3543,COUNT_NOT_200,2026-05-18,2026,,,,,200,136,,,,CRITICAL,Replay intervals do not establish the historical expected security count on this NSE session.,UNRESOLVED,,member_count:2026-05-18:136
COUNT_NOT_200:2026-05-19:3544,COUNT_NOT_200,2026-05-19,2026,,,,,200,136,,,,CRITICAL,Replay intervals do not establish the historical expected security count on this NSE session.,UNRESOLVED,,member_count:2026-05-19:136
COUNT_NOT_200:2026-05-20:3545,COUNT_NOT_200,2026-05-20,2026,,,,,200,136,,,,CRITICAL,Replay intervals do not establish the historical expected security count on this NSE session.,UNRESOLVED,,member_count:2026-05-20:136
COUNT_NOT_200:2026-05-21:3546,COUNT_NOT_200,2026-05-21,2026,,,,,200,136,,,,CRITICAL,Replay intervals do not establish the historical expected security count on this NSE session.,UNRESOLVED,,member_count:2026-05-21:136
COUNT_NOT_200:2026-05-22:3547,COUNT_NOT_200,2026-05-22,2026,,,,,200,136,,,,CRITICAL,Replay intervals do not establish the historical expected security count on this NSE session.,UNRESOLVED,,member_count:2026-05-22:136
COUNT_NOT_200:2026-05-25:3548,COUNT_NOT_200,2026-05-25,2026,,,,,200,136,,,,CRITICAL,Replay intervals do not establish the historical expected security count on this NSE session.,UNRESOLVED,,member_count:2026-05-25:136
COUNT_NOT_200:2026-05-26:3549,COUNT_NOT_200,2026-05-26,2026,,,,,200,136,,,,CRITICAL,Replay intervals do not establish the historical expected security count on this NSE session.,UNRESOLVED,,member_count:2026-05-26:136
COUNT_NOT_200:2026-05-27:3550,COUNT_NOT_200,2026-05-27,2026,,,,,200,136,,,,CRITICAL,Replay intervals do not establish the historical expected security count on this NSE session.,UNRESOLVED,,member_count:2026-05-27:136
COUNT_NOT_200:2026-05-29:3551,COUNT_NOT_200,2026-05-29,2026,,,,,200,136,,,,CRITICAL,Replay intervals do not establish the historical expected security count on this NSE session.,UNRESOLVED,,member_count:2026-05-29:136
COUNT_NOT_200:2026-06-01:3552,COUNT_NOT_200,2026-06-01,2026,,,,,200,136,,,,CRITICAL,Replay intervals do not establish the historical expected security count on this NSE session.,UNRESOLVED,,member_count:2026-06-01:136
COUNT_NOT_200:2026-06-02:3553,COUNT_NOT_200,2026-06-02,2026,,,,,200,136,,,,CRITICAL,Replay intervals do not establish the historical expected security count on this NSE session.,UNRESOLVED,,member_count:2026-06-02:136
COUNT_NOT_200:2026-06-03:3554,COUNT_NOT_200,2026-06-03,2026,,,,,200,136,,,,CRITICAL,Replay intervals do not establish the historical expected security count on this NSE session.,UNRESOLVED,,member_count:2026-06-03:136
COUNT_NOT_200:2026-06-04:3555,COUNT_NOT_200,2026-06-04,2026,,,,,200,136,,,,CRITICAL,Replay intervals do not establish the historical expected security count on this NSE session.,UNRESOLVED,,member_count:2026-06-04:136
COUNT_NOT_200:2026-06-05:3556,COUNT_NOT_200,2026-06-05,2026,,,,,200,136,,,,CRITICAL,Replay intervals do not establish the historical expected security count on this NSE session.,UNRESOLVED,,member_count:2026-06-05:136
COUNT_NOT_200:2026-06-08:3557,COUNT_NOT_200,2026-06-08,2026,,,,,200,136,,,,CRITICAL,Replay intervals do not establish the historical expected security count on this NSE session.,UNRESOLVED,,member_count:2026-06-08:136
COUNT_NOT_200:2026-06-09:3558,COUNT_NOT_200,2026-06-09,2026,,,,,200,136,,,,CRITICAL,Replay intervals do not establish the historical expected security count on this NSE session.,UNRESOLVED,,member_count:2026-06-09:136
COUNT_NOT_200:2026-06-10:3559,COUNT_NOT_200,2026-06-10,2026,,,,,200,136,,,,CRITICAL,Replay intervals do not establish the historical expected security count on this NSE session.,UNRESOLVED,,member_count:2026-06-10:136
COUNT_NOT_200:2026-06-11:3560,COUNT_NOT_200,2026-06-11,2026,,,,,200,136,,,,CRITICAL,Replay intervals do not establish the historical expected security count on this NSE session.,UNRESOLVED,,member_count:2026-06-11:136
COUNT_NOT_200:2026-06-12:3561,COUNT_NOT_200,2026-06-12,2026,,,,,200,136,,,,CRITICAL,Replay intervals do not establish the historical expected security count on this NSE session.,UNRESOLVED,,member_count:2026-06-12:136
COUNT_NOT_200:2026-06-15:3562,COUNT_NOT_200,2026-06-15,2026,,,,,200,136,,,,CRITICAL,Replay intervals do not establish the historical expected security count on this NSE session.,UNRESOLVED,,member_count:2026-06-15:136
COUNT_NOT_200:2026-06-16:3563,COUNT_NOT_200,2026-06-16,2026,,,,,200,136,,,,CRITICAL,Replay intervals do not establish the historical expected security count on this NSE session.,UNRESOLVED,,member_count:2026-06-16:136
COUNT_NOT_200:2026-06-17:3564,COUNT_NOT_200,2026-06-17,2026,,,,,200,136,,,,CRITICAL,Replay intervals do not establish the historical expected security count on this NSE session.,UNRESOLVED,,member_count:2026-06-17:136
COUNT_NOT_200:2026-06-18:3565,COUNT_NOT_200,2026-06-18,2026,,,,,200,136,,,,CRITICAL,Replay intervals do not establish the historical expected security count on this NSE session.,UNRESOLVED,,member_count:2026-06-18:136
COUNT_NOT_200:2026-06-19:3566,COUNT_NOT_200,2026-06-19,2026,,,,,200,136,,,,CRITICAL,Replay intervals do not establish the historical expected security count on this NSE session.,UNRESOLVED,,member_count:2026-06-19:136
COUNT_NOT_200:2026-06-22:3567,COUNT_NOT_200,2026-06-22,2026,,,,,200,136,,,,CRITICAL,Replay intervals do not establish the historical expected security count on this NSE session.,UNRESOLVED,,member_count:2026-06-22:136
COUNT_NOT_200:2026-06-23:3568,COUNT_NOT_200,2026-06-23,2026,,,,,200,136,,,,CRITICAL,Replay intervals do not establish the historical expected security count on this NSE session.,UNRESOLVED,,member_count:2026-06-23:136
COUNT_NOT_200:2026-06-24:3569,COUNT_NOT_200,2026-06-24,2026,,,,,200,136,,,,CRITICAL,Replay intervals do not establish the historical expected security count on this NSE session.,UNRESOLVED,,member_count:2026-06-24:136
COUNT_NOT_200:2026-06-25:3570,COUNT_NOT_200,2026-06-25,2026,,,,,200,136,,,,CRITICAL,Replay intervals do not establish the historical expected security count on this NSE session.,UNRESOLVED,,member_count:2026-06-25:136
COUNT_NOT_200:2026-06-29:3571,COUNT_NOT_200,2026-06-29,2026,,,,,200,136,,,,CRITICAL,Replay intervals do not establish the historical expected security count on this NSE session.,UNRESOLVED,,member_count:2026-06-29:136
COUNT_NOT_200:2026-06-30:3572,COUNT_NOT_200,2026-06-30,2026,,,,,200,136,,,,CRITICAL,Replay intervals do not establish the historical expected security count on this NSE session.,UNRESOLVED,,member_count:2026-06-30:136
COUNT_NOT_200:2026-07-01:3573,COUNT_NOT_200,2026-07-01,2026,,,,,200,136,,,,CRITICAL,Replay intervals do not establish the historical expected security count on this NSE session.,UNRESOLVED,,member_count:2026-07-01:136
COUNT_NOT_200:2026-07-02:3574,COUNT_NOT_200,2026-07-02,2026,,,,,200,136,,,,CRITICAL,Replay intervals do not establish the historical expected security count on this NSE session.,UNRESOLVED,,member_count:2026-07-02:136
COUNT_NOT_200:2026-07-03:3575,COUNT_NOT_200,2026-07-03,2026,,,,,200,136,,,,CRITICAL,Replay intervals do not establish the historical expected security count on this NSE session.,UNRESOLVED,,member_count:2026-07-03:136
COUNT_NOT_200:2026-07-06:3576,COUNT_NOT_200,2026-07-06,2026,,,,,200,136,,,,CRITICAL,Replay intervals do not establish the historical expected security count on this NSE session.,UNRESOLVED,,member_count:2026-07-06:136
COUNT_NOT_200:2026-07-07:3577,COUNT_NOT_200,2026-07-07,2026,,,,,200,136,,,,CRITICAL,Replay intervals do not establish the historical expected security count on this NSE session.,UNRESOLVED,,member_count:2026-07-07:136
COUNT_NOT_200:2026-07-08:3578,COUNT_NOT_200,2026-07-08,2026,,,,,200,136,,,,CRITICAL,Replay intervals do not establish the historical expected security count on this NSE session.,UNRESOLVED,,member_count:2026-07-08:136
COUNT_NOT_200:2026-07-09:3579,COUNT_NOT_200,2026-07-09,2026,,,,,200,136,,,,CRITICAL,Replay intervals do not establish the historical expected security count on this NSE session.,UNRESOLVED,,member_count:2026-07-09:136
COUNT_NOT_200:2026-07-10:3580,COUNT_NOT_200,2026-07-10,2026,,,,,200,136,,,,CRITICAL,Replay intervals do not establish the historical expected security count on this NSE session.,UNRESOLVED,,member_count:2026-07-10:136
COUNT_NOT_200:2026-07-13:3581,COUNT_NOT_200,2026-07-13,2026,,,,,200,136,,,,CRITICAL,Replay intervals do not establish the historical expected security count on this NSE session.,UNRESOLVED,,member_count:2026-07-13:136
COUNT_NOT_200:2026-07-14:3582,COUNT_NOT_200,2026-07-14,2026,,,,,200,136,,,,CRITICAL,Replay intervals do not establish the historical expected security count on this NSE session.,UNRESOLVED,,member_count:2026-07-14:136
COUNT_NOT_200:2026-07-15:3583,COUNT_NOT_200,2026-07-15,2026,,,,,200,136,,,,CRITICAL,Replay intervals do not establish the historical expected security count on this NSE session.,UNRESOLVED,,member_count:2026-07-15:136
COUNT_NOT_200:2026-07-16:3584,COUNT_NOT_200,2026-07-16,2026,,,,,200,136,,,,CRITICAL,Replay intervals do not establish the historical expected security count on this NSE session.,UNRESOLVED,,member_count:2026-07-16:136
COUNT_NOT_200:2026-07-17:3585,COUNT_NOT_200,2026-07-17,2026,,,,,200,136,,,,CRITICAL,Replay intervals do not establish the historical expected security count on this NSE session.,UNRESOLVED,,member_count:2026-07-17:136
COUNT_NOT_200:2026-07-20:3586,COUNT_NOT_200,2026-07-20,2026,,,,,200,136,,,,CRITICAL,Replay intervals do not establish the historical expected security count on this NSE session.,UNRESOLVED,,member_count:2026-07-20:136
COUNT_NOT_200:2026-07-21:3587,COUNT_NOT_200,2026-07-21,2026,,,,,200,136,,,,CRITICAL,Replay intervals do not establish the historical expected security count on this NSE session.,UNRESOLVED,,member_count:2026-07-21:136
COUNT_NOT_200:2026-07-22:3588,COUNT_NOT_200,2026-07-22,2026,,,,,200,136,,,,CRITICAL,Replay intervals do not establish the historical expected security count on this NSE session.,UNRESOLVED,,member_count:2026-07-22:136
COUNT_NOT_200:2026-07-23:3589,COUNT_NOT_200,2026-07-23,2026,,,,,200,136,,,,CRITICAL,Replay intervals do not establish the historical expected security count on this NSE session.,UNRESOLVED,,member_count:2026-07-23:136
COUNT_NOT_200:2026-07-24:3590,COUNT_NOT_200,2026-07-24,2026,,,,,200,136,,,,CRITICAL,Replay intervals do not establish the historical expected security count on this NSE session.,UNRESOLVED,,member_count:2026-07-24:136
COUNT_NOT_200:2026-07-27:3591,COUNT_NOT_200,2026-07-27,2026,,,,,200,136,,,,CRITICAL,Replay intervals do not establish the historical expected security count on this NSE session.,UNRESOLVED,,member_count:2026-07-27:136
COUNT_NOT_200:2026-07-28:3592,COUNT_NOT_200,2026-07-28,2026,,,,,200,136,,,,CRITICAL,Replay intervals do not establish the historical expected security count on this NSE session.,UNRESOLVED,,member_count:2026-07-28:136
COUNT_NOT_200:2026-07-29:3593,COUNT_NOT_200,2026-07-29,2026,,,,,200,136,,,,CRITICAL,Replay intervals do not establish the historical expected security count on this NSE session.,UNRESOLVED,,member_count:2026-07-29:136
COUNT_NOT_200:2026-07-30:3594,COUNT_NOT_200,2026-07-30,2026,,,,,200,136,,,,CRITICAL,Replay intervals do not establish the historical expected security count on this NSE session.,UNRESOLVED,,member_count:2026-07-30:136
COUNT_NOT_200:2026-07-31:3595,COUNT_NOT_200,2026-07-31,2026,,,,,200,136,,,,CRITICAL,Replay intervals do not establish the historical expected security count on this NSE session.,UNRESOLVED,,member_count:2026-07-31:136
COUNT_NOT_200:2026-08-03:3596,COUNT_NOT_200,2026-08-03,2026,,,,,200,136,,,,CRITICAL,Replay intervals do not establish the historical expected security count on this NSE session.,UNRESOLVED,,member_count:2026-08-03:136
COUNT_NOT_200:2026-08-04:3597,COUNT_NOT_200,2026-08-04,2026,,,,,200,136,,,,CRITICAL,Replay intervals do not establish the historical expected security count on this NSE session.,UNRESOLVED,,member_count:2026-08-04:136
COUNT_NOT_200:2026-08-05:3598,COUNT_NOT_200,2026-08-05,2026,,,,,200,136,,,,CRITICAL,Replay intervals do not establish the historical expected security count on this NSE session.,UNRESOLVED,,member_count:2026-08-05:136
COUNT_NOT_200:2026-08-06:3599,COUNT_NOT_200,2026-08-06,2026,,,,,200,136,,,,CRITICAL,Replay intervals do not establish the historical expected security count on this NSE session.,UNRESOLVED,,member_count:2026-08-06:136
COUNT_NOT_200:2026-08-07:3600,COUNT_NOT_200,2026-08-07,2026,,,,,200,136,,,,CRITICAL,Replay intervals do not establish the historical expected security count on this NSE session.,UNRESOLVED,,member_count:2026-08-07:136
COUNT_NOT_200:2026-08-10:3601,COUNT_NOT_200,2026-08-10,2026,,,,,200,136,,,,CRITICAL,Replay intervals do not establish the historical expected security count on this NSE session.,UNRESOLVED,,member_count:2026-08-10:136
COUNT_NOT_200:2026-08-11:3602,COUNT_NOT_200,2026-08-11,2026,,,,,200,136,,,,CRITICAL,Replay intervals do not establish the historical expected security count on this NSE session.,UNRESOLVED,,member_count:2026-08-11:136
COUNT_NOT_200:2026-08-12:3603,COUNT_NOT_200,2026-08-12,2026,,,,,200,136,,,,CRITICAL,Replay intervals do not establish the historical expected security count on this NSE session.,UNRESOLVED,,member_count:2026-08-12:136
COUNT_NOT_200:2026-08-13:3604,COUNT_NOT_200,2026-08-13,2026,,,,,200,136,,,,CRITICAL,Replay intervals do not establish the historical expected security count on this NSE session.,UNRESOLVED,,member_count:2026-08-13:136
COUNT_NOT_200:2026-08-14:3605,COUNT_NOT_200,2026-08-14,2026,,,,,200,136,,,,CRITICAL,Replay intervals do not establish the historical expected security count on this NSE session.,UNRESOLVED,,member_count:2026-08-14:136
COUNT_NOT_200:2026-08-17:3606,COUNT_NOT_200,2026-08-17,2026,,,,,200,136,,,,CRITICAL,Replay intervals do not establish the historical expected security count on this NSE session.,UNRESOLVED,,member_count:2026-08-17:136
COUNT_NOT_200:2026-08-18:3607,COUNT_NOT_200,2026-08-18,2026,,,,,200,136,,,,CRITICAL,Replay intervals do not establish the historical expected security count on this NSE session.,UNRESOLVED,,member_count:2026-08-18:136
COUNT_NOT_200:2026-08-19:3608,COUNT_NOT_200,2026-08-19,2026,,,,,200,136,,,,CRITICAL,Replay intervals do not establish the historical expected security count on this NSE session.,UNRESOLVED,,member_count:2026-08-19:136
COUNT_NOT_200:2026-08-20:3609,COUNT_NOT_200,2026-08-20,2026,,,,,200,136,,,,CRITICAL,Replay intervals do not establish the historical expected security count on this NSE session.,UNRESOLVED,,member_count:2026-08-20:136
MONTHLY_SNAPSHOT_MISSING:2012-01-01:3610,MONTHLY_SNAPSHOT_MISSING,2012-01-01,2012,,,,,200,0,,,,HIGH,No official monthly checkpoint is present in the acquired corpus.,UNRESOLVED,,Status categories A-E are kept separate in the monthly gap analysis.
MONTHLY_SNAPSHOT_MISSING:2012-02-01:3611,MONTHLY_SNAPSHOT_MISSING,2012-02-01,2012,,,,,200,0,,,,HIGH,No official monthly checkpoint is present in the acquired corpus.,UNRESOLVED,,Status categories A-E are kept separate in the monthly gap analysis.
MONTHLY_SNAPSHOT_MISSING:2012-03-01:3612,MONTHLY_SNAPSHOT_MISSING,2012-03-01,2012,,,,,200,0,,,,HIGH,No official monthly checkpoint is present in the acquired corpus.,UNRESOLVED,,Status categories A-E are kept separate in the monthly gap analysis.
MONTHLY_SNAPSHOT_MISSING:2012-04-01:3613,MONTHLY_SNAPSHOT_MISSING,2012-04-01,2012,,,,,200,0,,,,HIGH,No official monthly checkpoint is present in the acquired corpus.,UNRESOLVED,,Status categories A-E are kept separate in the monthly gap analysis.
MONTHLY_SNAPSHOT_MISSING:2012-05-01:3614,MONTHLY_SNAPSHOT_MISSING,2012-05-01,2012,,,,,200,0,,,,HIGH,No official monthly checkpoint is present in the acquired corpus.,UNRESOLVED,,Status categories A-E are kept separate in the monthly gap analysis.
MONTHLY_SNAPSHOT_MISSING:2012-06-01:3615,MONTHLY_SNAPSHOT_MISSING,2012-06-01,2012,,,,,200,0,,,,HIGH,No official monthly checkpoint is present in the acquired corpus.,UNRESOLVED,,Status categories A-E are kept separate in the monthly gap analysis.
MONTHLY_SNAPSHOT_MISSING:2012-07-01:3616,MONTHLY_SNAPSHOT_MISSING,2012-07-01,2012,,,,,200,0,,,,HIGH,No official monthly checkpoint is present in the acquired corpus.,UNRESOLVED,,Status categories A-E are kept separate in the monthly gap analysis.
MONTHLY_SNAPSHOT_MISSING:2012-08-01:3617,MONTHLY_SNAPSHOT_MISSING,2012-08-01,2012,,,,,200,0,,,,HIGH,No official monthly checkpoint is present in the acquired corpus.,UNRESOLVED,,Status categories A-E are kept separate in the monthly gap analysis.
MONTHLY_SNAPSHOT_MISSING:2012-09-01:3618,MONTHLY_SNAPSHOT_MISSING,2012-09-01,2012,,,,,200,0,,,,HIGH,No official monthly checkpoint is present in the acquired corpus.,UNRESOLVED,,Status categories A-E are kept separate in the monthly gap analysis.
MONTHLY_SNAPSHOT_MISSING:2012-10-01:3619,MONTHLY_SNAPSHOT_MISSING,2012-10-01,2012,,,,,200,0,,,,HIGH,No official monthly checkpoint is present in the acquired corpus.,UNRESOLVED,,Status categories A-E are kept separate in the monthly gap analysis.
MONTHLY_SNAPSHOT_MISSING:2012-11-01:3620,MONTHLY_SNAPSHOT_MISSING,2012-11-01,2012,,,,,200,0,,,,HIGH,No official monthly checkpoint is present in the acquired corpus.,UNRESOLVED,,Status categories A-E are kept separate in the monthly gap analysis.
MONTHLY_SNAPSHOT_MISSING:2012-12-01:3621,MONTHLY_SNAPSHOT_MISSING,2012-12-01,2012,,,,,200,0,,,,HIGH,No official monthly checkpoint is present in the acquired corpus.,UNRESOLVED,,Status categories A-E are kept separate in the monthly gap analysis.
MONTHLY_SNAPSHOT_MISSING:2013-01-01:3622,MONTHLY_SNAPSHOT_MISSING,2013-01-01,2013,,,,,200,0,,,,HIGH,No official monthly checkpoint is present in the acquired corpus.,UNRESOLVED,,Status categories A-E are kept separate in the monthly gap analysis.
MONTHLY_SNAPSHOT_MISSING:2013-02-01:3623,MONTHLY_SNAPSHOT_MISSING,2013-02-01,2013,,,,,200,0,,,,HIGH,No official monthly checkpoint is present in the acquired corpus.,UNRESOLVED,,Status categories A-E are kept separate in the monthly gap analysis.
MONTHLY_SNAPSHOT_MISSING:2013-03-01:3624,MONTHLY_SNAPSHOT_MISSING,2013-03-01,2013,,,,,200,0,,,,HIGH,No official monthly checkpoint is present in the acquired corpus.,UNRESOLVED,,Status categories A-E are kept separate in the monthly gap analysis.
MONTHLY_SNAPSHOT_MISSING:2022-04-01:3625,MONTHLY_SNAPSHOT_MISSING,2022-04-01,2022,,,,,200,0,,,,HIGH,No official monthly checkpoint is present in the acquired corpus.,UNRESOLVED,,Status categories A-E are kept separate in the monthly gap analysis.
MONTHLY_SNAPSHOT_MISSING:2022-05-01:3626,MONTHLY_SNAPSHOT_MISSING,2022-05-01,2022,,,,,200,0,,,,HIGH,No official monthly checkpoint is present in the acquired corpus.,UNRESOLVED,,Status categories A-E are kept separate in the monthly gap analysis.
MONTHLY_SNAPSHOT_MISSING:2022-06-01:3627,MONTHLY_SNAPSHOT_MISSING,2022-06-01,2022,,,,,200,0,,,,HIGH,No official monthly checkpoint is present in the acquired corpus.,UNRESOLVED,,Status categories A-E are kept separate in the monthly gap analysis.
MONTHLY_SNAPSHOT_MISSING:2022-07-01:3628,MONTHLY_SNAPSHOT_MISSING,2022-07-01,2022,,,,,200,0,,,,HIGH,No official monthly checkpoint is present in the acquired corpus.,UNRESOLVED,,Status categories A-E are kept separate in the monthly gap analysis.
MONTHLY_SNAPSHOT_MISSING:2022-08-01:3629,MONTHLY_SNAPSHOT_MISSING,2022-08-01,2022,,,,,200,0,,,,HIGH,No official monthly checkpoint is present in the acquired corpus.,UNRESOLVED,,Status categories A-E are kept separate in the monthly gap analysis.
MONTHLY_SNAPSHOT_MISSING:2022-09-01:3630,MONTHLY_SNAPSHOT_MISSING,2022-09-01,2022,,,,,200,0,,,,HIGH,No official monthly checkpoint is present in the acquired corpus.,UNRESOLVED,,Status categories A-E are kept separate in the monthly gap analysis.
MONTHLY_SNAPSHOT_MISSING:2022-10-01:3631,MONTHLY_SNAPSHOT_MISSING,2022-10-01,2022,,,,,200,0,,,,HIGH,No official monthly checkpoint is present in the acquired corpus.,UNRESOLVED,,Status categories A-E are kept separate in the monthly gap analysis.
MONTHLY_SNAPSHOT_MISSING:2022-11-01:3632,MONTHLY_SNAPSHOT_MISSING,2022-11-01,2022,,,,,200,0,,,,HIGH,No official monthly checkpoint is present in the acquired corpus.,UNRESOLVED,,Status categories A-E are kept separate in the monthly gap analysis.
MONTHLY_SNAPSHOT_MISSING:2022-12-01:3633,MONTHLY_SNAPSHOT_MISSING,2022-12-01,2022,,,,,200,0,,,,HIGH,No official monthly checkpoint is present in the acquired corpus.,UNRESOLVED,,Status categories A-E are kept separate in the monthly gap analysis.
MONTHLY_SNAPSHOT_MISSING:2023-01-01:3634,MONTHLY_SNAPSHOT_MISSING,2023-01-01,2023,,,,,200,0,,,,HIGH,No official monthly checkpoint is present in the acquired corpus.,UNRESOLVED,,Status categories A-E are kept separate in the monthly gap analysis.
MONTHLY_SNAPSHOT_MISSING:2023-02-01:3635,MONTHLY_SNAPSHOT_MISSING,2023-02-01,2023,,,,,200,0,,,,HIGH,No official monthly checkpoint is present in the acquired corpus.,UNRESOLVED,,Status categories A-E are kept separate in the monthly gap analysis.
MONTHLY_SNAPSHOT_MISSING:2023-03-01:3636,MONTHLY_SNAPSHOT_MISSING,2023-03-01,2023,,,,,200,0,,,,HIGH,No official monthly checkpoint is present in the acquired corpus.,UNRESOLVED,,Status categories A-E are kept separate in the monthly gap analysis.
MONTHLY_SNAPSHOT_MISSING:2023-04-01:3637,MONTHLY_SNAPSHOT_MISSING,2023-04-01,2023,,,,,200,0,,,,HIGH,No official monthly checkpoint is present in the acquired corpus.,UNRESOLVED,,Status categories A-E are kept separate in the monthly gap analysis.
MONTHLY_SNAPSHOT_MISSING:2023-05-01:3638,MONTHLY_SNAPSHOT_MISSING,2023-05-01,2023,,,,,200,0,,,,HIGH,No official monthly checkpoint is present in the acquired corpus.,UNRESOLVED,,Status categories A-E are kept separate in the monthly gap analysis.
MONTHLY_SNAPSHOT_MISSING:2023-06-01:3639,MONTHLY_SNAPSHOT_MISSING,2023-06-01,2023,,,,,200,0,,,,HIGH,No official monthly checkpoint is present in the acquired corpus.,UNRESOLVED,,Status categories A-E are kept separate in the monthly gap analysis.
MONTHLY_SNAPSHOT_MISSING:2023-07-01:3640,MONTHLY_SNAPSHOT_MISSING,2023-07-01,2023,,,,,200,0,,,,HIGH,No official monthly checkpoint is present in the acquired corpus.,UNRESOLVED,,Status categories A-E are kept separate in the monthly gap analysis.
MONTHLY_SNAPSHOT_MISSING:2023-08-01:3641,MONTHLY_SNAPSHOT_MISSING,2023-08-01,2023,,,,,200,0,,,,HIGH,No official monthly checkpoint is present in the acquired corpus.,UNRESOLVED,,Status categories A-E are kept separate in the monthly gap analysis.
MONTHLY_SNAPSHOT_MISSING:2023-09-01:3642,MONTHLY_SNAPSHOT_MISSING,2023-09-01,2023,,,,,200,0,,,,HIGH,No official monthly checkpoint is present in the acquired corpus.,UNRESOLVED,,Status categories A-E are kept separate in the monthly gap analysis.
MONTHLY_SNAPSHOT_MISSING:2023-10-01:3643,MONTHLY_SNAPSHOT_MISSING,2023-10-01,2023,,,,,200,0,,,,HIGH,No official monthly checkpoint is present in the acquired corpus.,UNRESOLVED,,Status categories A-E are kept separate in the monthly gap analysis.
MONTHLY_SNAPSHOT_MISSING:2023-11-01:3644,MONTHLY_SNAPSHOT_MISSING,2023-11-01,2023,,,,,200,0,,,,HIGH,No official monthly checkpoint is present in the acquired corpus.,UNRESOLVED,,Status categories A-E are kept separate in the monthly gap analysis.
MONTHLY_SNAPSHOT_MISSING:2023-12-01:3645,MONTHLY_SNAPSHOT_MISSING,2023-12-01,2023,,,,,200,0,,,,HIGH,No official monthly checkpoint is present in the acquired corpus.,UNRESOLVED,,Status categories A-E are kept separate in the monthly gap analysis.
MONTHLY_SNAPSHOT_MISSING:2024-01-01:3646,MONTHLY_SNAPSHOT_MISSING,2024-01-01,2024,,,,,200,0,,,,HIGH,No official monthly checkpoint is present in the acquired corpus.,UNRESOLVED,,Status categories A-E are kept separate in the monthly gap analysis.
MONTHLY_SNAPSHOT_MISSING:2024-02-01:3647,MONTHLY_SNAPSHOT_MISSING,2024-02-01,2024,,,,,200,0,,,,HIGH,No official monthly checkpoint is present in the acquired corpus.,UNRESOLVED,,Status categories A-E are kept separate in the monthly gap analysis.
MONTHLY_SNAPSHOT_MISSING:2024-03-01:3648,MONTHLY_SNAPSHOT_MISSING,2024-03-01,2024,,,,,200,0,,,,HIGH,No official monthly checkpoint is present in the acquired corpus.,UNRESOLVED,,Status categories A-E are kept separate in the monthly gap analysis.
MONTHLY_SNAPSHOT_MISSING:2024-04-01:3649,MONTHLY_SNAPSHOT_MISSING,2024-04-01,2024,,,,,200,0,,,,HIGH,No official monthly checkpoint is present in the acquired corpus.,UNRESOLVED,,Status categories A-E are kept separate in the monthly gap analysis.
MONTHLY_SNAPSHOT_MISSING:2024-05-01:3650,MONTHLY_SNAPSHOT_MISSING,2024-05-01,2024,,,,,200,0,,,,HIGH,No official monthly checkpoint is present in the acquired corpus.,UNRESOLVED,,Status categories A-E are kept separate in the monthly gap analysis.
MONTHLY_SNAPSHOT_MISSING:2024-06-01:3651,MONTHLY_SNAPSHOT_MISSING,2024-06-01,2024,,,,,200,0,,,,HIGH,No official monthly checkpoint is present in the acquired corpus.,UNRESOLVED,,Status categories A-E are kept separate in the monthly gap analysis.
MONTHLY_SNAPSHOT_MISSING:2024-07-01:3652,MONTHLY_SNAPSHOT_MISSING,2024-07-01,2024,,,,,200,0,,,,HIGH,No official monthly checkpoint is present in the acquired corpus.,UNRESOLVED,,Status categories A-E are kept separate in the monthly gap analysis.
MONTHLY_SNAPSHOT_MISSING:2024-08-01:3653,MONTHLY_SNAPSHOT_MISSING,2024-08-01,2024,,,,,200,0,,,,HIGH,No official monthly checkpoint is present in the acquired corpus.,UNRESOLVED,,Status categories A-E are kept separate in the monthly gap analysis.
MONTHLY_SNAPSHOT_MISSING:2024-09-01:3654,MONTHLY_SNAPSHOT_MISSING,2024-09-01,2024,,,,,200,0,,,,HIGH,No official monthly checkpoint is present in the acquired corpus.,UNRESOLVED,,Status categories A-E are kept separate in the monthly gap analysis.
MONTHLY_SNAPSHOT_MISSING:2024-10-01:3655,MONTHLY_SNAPSHOT_MISSING,2024-10-01,2024,,,,,200,0,,,,HIGH,No official monthly checkpoint is present in the acquired corpus.,UNRESOLVED,,Status categories A-E are kept separate in the monthly gap analysis.
MONTHLY_SNAPSHOT_MISSING:2024-11-01:3656,MONTHLY_SNAPSHOT_MISSING,2024-11-01,2024,,,,,200,0,,,,HIGH,No official monthly checkpoint is present in the acquired corpus.,UNRESOLVED,,Status categories A-E are kept separate in the monthly gap analysis.
MONTHLY_SNAPSHOT_MISSING:2024-12-01:3657,MONTHLY_SNAPSHOT_MISSING,2024-12-01,2024,,,,,200,0,,,,HIGH,No official monthly checkpoint is present in the acquired corpus.,UNRESOLVED,,Status categories A-E are kept separate in the monthly gap analysis.
MONTHLY_SNAPSHOT_MISSING:2025-01-01:3658,MONTHLY_SNAPSHOT_MISSING,2025-01-01,2025,,,,,200,0,,,,HIGH,No official monthly checkpoint is present in the acquired corpus.,UNRESOLVED,,Status categories A-E are kept separate in the monthly gap analysis.
MONTHLY_SNAPSHOT_MISSING:2025-02-01:3659,MONTHLY_SNAPSHOT_MISSING,2025-02-01,2025,,,,,200,0,,,,HIGH,No official monthly checkpoint is present in the acquired corpus.,UNRESOLVED,,Status categories A-E are kept separate in the monthly gap analysis.
MONTHLY_SNAPSHOT_MISSING:2025-03-01:3660,MONTHLY_SNAPSHOT_MISSING,2025-03-01,2025,,,,,200,0,,,,HIGH,No official monthly checkpoint is present in the acquired corpus.,UNRESOLVED,,Status categories A-E are kept separate in the monthly gap analysis.
MONTHLY_SNAPSHOT_MISSING:2025-04-01:3661,MONTHLY_SNAPSHOT_MISSING,2025-04-01,2025,,,,,200,0,,,,HIGH,No official monthly checkpoint is present in the acquired corpus.,UNRESOLVED,,Status categories A-E are kept separate in the monthly gap analysis.
MONTHLY_SNAPSHOT_MISSING:2025-05-01:3662,MONTHLY_SNAPSHOT_MISSING,2025-05-01,2025,,,,,200,0,,,,HIGH,No official monthly checkpoint is present in the acquired corpus.,UNRESOLVED,,Status categories A-E are kept separate in the monthly gap analysis.
MONTHLY_SNAPSHOT_MISSING:2025-06-01:3663,MONTHLY_SNAPSHOT_MISSING,2025-06-01,2025,,,,,200,0,,,,HIGH,No official monthly checkpoint is present in the acquired corpus.,UNRESOLVED,,Status categories A-E are kept separate in the monthly gap analysis.
MONTHLY_SNAPSHOT_MISSING:2025-07-01:3664,MONTHLY_SNAPSHOT_MISSING,2025-07-01,2025,,,,,200,0,,,,HIGH,No official monthly checkpoint is present in the acquired corpus.,UNRESOLVED,,Status categories A-E are kept separate in the monthly gap analysis.
MONTHLY_SNAPSHOT_MISSING:2025-08-01:3665,MONTHLY_SNAPSHOT_MISSING,2025-08-01,2025,,,,,200,0,,,,HIGH,No official monthly checkpoint is present in the acquired corpus.,UNRESOLVED,,Status categories A-E are kept separate in the monthly gap analysis.
MONTHLY_SNAPSHOT_MISSING:2025-09-01:3666,MONTHLY_SNAPSHOT_MISSING,2025-09-01,2025,,,,,200,0,,,,HIGH,No official monthly checkpoint is present in the acquired corpus.,UNRESOLVED,,Status categories A-E are kept separate in the monthly gap analysis.
MONTHLY_SNAPSHOT_MISSING:2025-10-01:3667,MONTHLY_SNAPSHOT_MISSING,2025-10-01,2025,,,,,200,0,,,,HIGH,No official monthly checkpoint is present in the acquired corpus.,UNRESOLVED,,Status categories A-E are kept separate in the monthly gap analysis.
MONTHLY_SNAPSHOT_MISSING:2025-11-01:3668,MONTHLY_SNAPSHOT_MISSING,2025-11-01,2025,,,,,200,0,,,,HIGH,No official monthly checkpoint is present in the acquired corpus.,UNRESOLVED,,Status categories A-E are kept separate in the monthly gap analysis.
MONTHLY_SNAPSHOT_MISSING:2025-12-01:3669,MONTHLY_SNAPSHOT_MISSING,2025-12-01,2025,,,,,200,0,,,,HIGH,No official monthly checkpoint is present in the acquired corpus.,UNRESOLVED,,Status categories A-E are kept separate in the monthly gap analysis.
MONTHLY_SNAPSHOT_MISSING:2026-01-01:3670,MONTHLY_SNAPSHOT_MISSING,2026-01-01,2026,,,,,200,0,,,,HIGH,No official monthly checkpoint is present in the acquired corpus.,UNRESOLVED,,Status categories A-E are kept separate in the monthly gap analysis.
MONTHLY_SNAPSHOT_MISSING:2026-02-01:3671,MONTHLY_SNAPSHOT_MISSING,2026-02-01,2026,,,,,200,0,,,,HIGH,No official monthly checkpoint is present in the acquired corpus.,UNRESOLVED,,Status categories A-E are kept separate in the monthly gap analysis.
MONTHLY_SNAPSHOT_MISSING:2026-03-01:3672,MONTHLY_SNAPSHOT_MISSING,2026-03-01,2026,,,,,200,0,,,,HIGH,No official monthly checkpoint is present in the acquired corpus.,UNRESOLVED,,Status categories A-E are kept separate in the monthly gap analysis.
MONTHLY_SNAPSHOT_MISSING:2026-04-01:3673,MONTHLY_SNAPSHOT_MISSING,2026-04-01,2026,,,,,200,0,,,,HIGH,No official monthly checkpoint is present in the acquired corpus.,UNRESOLVED,,Status categories A-E are kept separate in the monthly gap analysis.
MONTHLY_SNAPSHOT_MISSING:2026-05-01:3674,MONTHLY_SNAPSHOT_MISSING,2026-05-01,2026,,,,,200,0,,,,HIGH,No official monthly checkpoint is present in the acquired corpus.,UNRESOLVED,,Status categories A-E are kept separate in the monthly gap analysis.
MONTHLY_SNAPSHOT_MISSING:2026-06-01:3675,MONTHLY_SNAPSHOT_MISSING,2026-06-01,2026,,,,,200,0,,,,HIGH,No official monthly checkpoint is present in the acquired corpus.,UNRESOLVED,,Status categories A-E are kept separate in the monthly gap analysis.
MONTHLY_SNAPSHOT_MISSING:2026-07-01:3676,MONTHLY_SNAPSHOT_MISSING,2026-07-01,2026,,,,,200,0,,,,HIGH,No official monthly checkpoint is present in the acquired corpus.,UNRESOLVED,,Status categories A-E are kept separate in the monthly gap analysis.
MONTHLY_SNAPSHOT_MISSING:2026-08-01:3677,MONTHLY_SNAPSHOT_MISSING,2026-08-01,2026,,,,,200,0,,,,HIGH,No official monthly checkpoint is present in the acquired corpus.,UNRESOLVED,,Status categories A-E are kept separate in the monthly gap analysis.
MISSING_DURABLE_IDENTITY:2013-04-01:3678,MISSING_DURABLE_IDENTITY,2013-04-01,2013,,Great Eastern Shipping Co. Ltd.,,,,,A1,https://archives.nseindia.com/content/indices/IndexInclExcl.xls,8869bb7c4df67403131a494a8cc65509e80828f9438bc150b506cdbf55378046,HIGH,"Observation lacks dates, durable identity, or known_at evidence.",UNRESOLVED,,conflict_type=UNRESOLVED_OBSERVATION; required_action=MANUAL_REVIEW
MISSING_DURABLE_IDENTITY:2014-03-28:3679,MISSING_DURABLE_IDENTITY,2014-03-28,2014,,Orissa Min Dev Co Ltd.,,,,,A1,https://archives.nseindia.com/content/indices/IndexInclExcl.xls,8869bb7c4df67403131a494a8cc65509e80828f9438bc150b506cdbf55378046,HIGH,"Observation lacks dates, durable identity, or known_at evidence.",UNRESOLVED,,conflict_type=UNRESOLVED_OBSERVATION; required_action=MANUAL_REVIEW
MISSING_ANNOUNCEMENT_DATE:2015-03-27:3680,MISSING_ANNOUNCEMENT_DATE,2015-03-27,2015,CMC,CMC Ltd.,NSE-ISIN:INE314A01017,INE314A01017,announcement_date/known_at,missing,A1,https://archives.nseindia.com/content/indices/IndexInclExcl.xls,8869bb7c4df67403131a494a8cc65509e80828f9438bc150b506cdbf55378046,HIGH,"Observation lacks dates, durable identity, or known_at evidence.",UNRESOLVED,,conflict_type=UNRESOLVED_OBSERVATION; required_action=MANUAL_REVIEW
MISSING_ANNOUNCEMENT_DATE:2015-03-27:3681,MISSING_ANNOUNCEMENT_DATE,2015-03-27,2015,COX&KINGS,Cox & Kings Ltd.,NSE-ISIN:INE008I01026,INE008I01026,announcement_date/known_at,missing,A1,https://archives.nseindia.com/content/indices/IndexInclExcl.xls,8869bb7c4df67403131a494a8cc65509e80828f9438bc150b506cdbf55378046,HIGH,"Observation lacks dates, durable identity, or known_at evidence.",UNRESOLVED,,conflict_type=UNRESOLVED_OBSERVATION; required_action=MANUAL_REVIEW
MISSING_ANNOUNCEMENT_DATE:2016-04-01:3682,MISSING_ANNOUNCEMENT_DATE,2016-04-01,2016,IFCI,IFCI Ltd.,NSE-ISIN:INE039A01010,INE039A01010,announcement_date/known_at,missing,A1,https://archives.nseindia.com/content/indices/IndexInclExcl.xls,8869bb7c4df67403131a494a8cc65509e80828f9438bc150b506cdbf55378046,HIGH,"Observation lacks dates, durable identity, or known_at evidence.",UNRESOLVED,,conflict_type=UNRESOLVED_OBSERVATION; required_action=MANUAL_REVIEW
MISSING_ANNOUNCEMENT_DATE:2016-04-01:3683,MISSING_ANNOUNCEMENT_DATE,2016-04-01,2016,MUTHOOTFIN,Muthoot Finance Ltd.,NSE-ISIN:INE414G01012,INE414G01012,announcement_date/known_at,missing,A1,https://archives.nseindia.com/content/indices/IndexInclExcl.xls,8869bb7c4df67403131a494a8cc65509e80828f9438bc150b506cdbf55378046,HIGH,"Observation lacks dates, durable identity, or known_at evidence.",UNRESOLVED,,conflict_type=UNRESOLVED_OBSERVATION; required_action=MANUAL_REVIEW
MISSING_DURABLE_IDENTITY:2016-04-01:3684,MISSING_DURABLE_IDENTITY,2016-04-01,2016,,National Buildings Construction Corporation Ltd.,,,,,A1,https://archives.nseindia.com/content/indices/IndexInclExcl.xls,8869bb7c4df67403131a494a8cc65509e80828f9438bc150b506cdbf55378046,HIGH,"Observation lacks dates, durable identity, or known_at evidence.",UNRESOLVED,,conflict_type=UNRESOLVED_OBSERVATION; required_action=MANUAL_REVIEW
MISSING_DURABLE_IDENTITY:2020-06-26:3685,MISSING_DURABLE_IDENTITY,2020-06-26,2020,,Indian Railway Catering And Tourism Corporation Ltd.,,,,,A1,https://archives.nseindia.com/content/indices/IndexInclExcl.xls,8869bb7c4df67403131a494a8cc65509e80828f9438bc150b506cdbf55378046,HIGH,"Observation lacks dates, durable identity, or known_at evidence.",UNRESOLVED,,conflict_type=UNRESOLVED_OBSERVATION; required_action=MANUAL_REVIEW
MISSING_DURABLE_IDENTITY:2021-03-31:3686,MISSING_DURABLE_IDENTITY,2021-03-31,2021,HUDCO,Housing & Urban Development Corporation Ltd.,,,,,A1,https://www.niftyindices.com/Press_Release/ind_prs23022021.pdf,74b5e33ef8c7b140caf6799926a91df424cf309855d6870b31d77c1f2c925360,HIGH,"Observation lacks dates, durable identity, or known_at evidence.",UNRESOLVED,,conflict_type=UNRESOLVED_OBSERVATION; required_action=MANUAL_REVIEW
MISSING_DURABLE_IDENTITY:2016-04-01:3687,MISSING_DURABLE_IDENTITY,2016-04-01,2016,IFCI,IFCI Ltd.,,,,,A1,https://www.niftyindices.com/Press_Release/ind_prs22022016_2.pdf,db2e4802e43b68fcbfbbf2cb03cb59c6d5f9ebf086ab6687d5a15daa45c2525f,HIGH,"Observation lacks dates, durable identity, or known_at evidence.",UNRESOLVED,,conflict_type=UNRESOLVED_OBSERVATION; required_action=MANUAL_REVIEW
MISSING_DURABLE_IDENTITY:2016-04-01:3688,MISSING_DURABLE_IDENTITY,2016-04-01,2016,MUTHOOTFIN,Muthoot Finance Ltd.,,,,,A1,https://www.niftyindices.com/Press_Release/ind_prs22022016_2.pdf,db2e4802e43b68fcbfbbf2cb03cb59c6d5f9ebf086ab6687d5a15daa45c2525f,HIGH,"Observation lacks dates, durable identity, or known_at evidence.",UNRESOLVED,,conflict_type=UNRESOLVED_OBSERVATION; required_action=MANUAL_REVIEW
MISSING_DURABLE_IDENTITY:2013-11-15:3689,MISSING_DURABLE_IDENTITY,2013-11-15,2013,IBULHSGFINIBULHSGFIN,Indiabulls Housing FinanceIndiabulls Housing Finance Limited,,,,,A1,https://www.niftyindices.com/Press_Release/ind_prs07112013.pdf,6607e06189839f749758147d8f21d9fdf6696ba4a32472992f007f96c34ed3b7,HIGH,"Observation lacks dates, durable identity, or known_at evidence.",UNRESOLVED,,conflict_type=UNRESOLVED_OBSERVATION; required_action=MANUAL_REVIEW
MISSING_OFFICIAL_EVENT:2016-10-24:3690,MISSING_OFFICIAL_EVENT,2016-10-24,2016,CAIRN,Cairn India Ltd.,NSE-ISIN:INE910H01017,INE910H01017,,,B1,https://raw.githubusercontent.com/deshpanda/nse-screener-data/main/reconstitution/events.parquet,2abc0e22e14305c83ed38d50f003c3b20a71f13555f0c8918d092c462598cb53,HIGH,Membership assertion lacks first-party confirmation.,UNRESOLVED,,conflict_type=UNRESOLVED_OBSERVATION; required_action=MANUAL_REVIEW
MISSING_OFFICIAL_EVENT:2016-10-24:3691,MISSING_OFFICIAL_EVENT,2016-10-24,2016,CROMPTON,Crompton Greaves Consumer Electricals Ltd.,NSE-ISIN:INE299U01018,INE299U01018,,,B1,https://raw.githubusercontent.com/deshpanda/nse-screener-data/main/reconstitution/events.parquet,2abc0e22e14305c83ed38d50f003c3b20a71f13555f0c8918d092c462598cb53,HIGH,Membership assertion lacks first-party confirmation.,UNRESOLVED,,conflict_type=UNRESOLVED_OBSERVATION; required_action=MANUAL_REVIEW
MISSING_INITIAL_ANCHOR:2012-04-27:3692,MISSING_INITIAL_ANCHOR,2012-04-27,2012,MRPL,Mangalore Refinery & Petrochemicals Ltd.,NSE-ISIN:INE103A01014,INE103A01014,,,A1,https://www.niftyindices.com/Press_Release/ind_prs14032012.pdf,e888c16134d0abfdfed880f8453dcee1556ee2816e02cc7137218f4781bf3e6f,CRITICAL,Cannot remove an inactive instrument.,UNRESOLVED,,conflict_type=REMOVAL_OF_ABSENT_MEMBER; required_action=MANUAL_REVIEW
MISSING_INITIAL_ANCHOR:2012-04-27:3693,MISSING_INITIAL_ANCHOR,2012-04-27,2012,SKSMICRO,SKS Microfinance Ltd.,NSE-ISIN:INE180K01011,INE180K01011,,,A1,https://www.niftyindices.com/Press_Release/ind_prs14032012.pdf,e888c16134d0abfdfed880f8453dcee1556ee2816e02cc7137218f4781bf3e6f,CRITICAL,Cannot remove an inactive instrument.,UNRESOLVED,,conflict_type=REMOVAL_OF_ABSENT_MEMBER; required_action=MANUAL_REVIEW
MISSING_INITIAL_ANCHOR:2012-04-27:3694,MISSING_INITIAL_ANCHOR,2012-04-27,2012,BRFL,Bombay Rayon Fashions Ltd.,NSE-ISIN:INE589G01011,INE589G01011,,,A1,https://www.niftyindices.com/Press_Release/ind_prs14032012.pdf,e888c16134d0abfdfed880f8453dcee1556ee2816e02cc7137218f4781bf3e6f,CRITICAL,Cannot remove an inactive instrument.,UNRESOLVED,,conflict_type=REMOVAL_OF_ABSENT_MEMBER; required_action=MANUAL_REVIEW
MISSING_INITIAL_ANCHOR:2012-04-27:3695,MISSING_INITIAL_ANCHOR,2012-04-27,2012,CORPBANK,Corporation Bank,NSE-ISIN:INE112A01015,INE112A01015,,,A1,https://www.niftyindices.com/Press_Release/ind_prs14032012.pdf,e888c16134d0abfdfed880f8453dcee1556ee2816e02cc7137218f4781bf3e6f,CRITICAL,Cannot remove an inactive instrument.,UNRESOLVED,,conflict_type=REMOVAL_OF_ABSENT_MEMBER; required_action=MANUAL_REVIEW
MISSING_INITIAL_ANCHOR:2012-04-27:3696,MISSING_INITIAL_ANCHOR,2012-04-27,2012,MTNL,Mahanagar Telephone Nigam Ltd.,NSE-ISIN:INE153A01019,INE153A01019,,,A1,https://www.niftyindices.com/Press_Release/ind_prs14032012.pdf,e888c16134d0abfdfed880f8453dcee1556ee2816e02cc7137218f4781bf3e6f,CRITICAL,Cannot remove an inactive instrument.,UNRESOLVED,,conflict_type=REMOVAL_OF_ABSENT_MEMBER; required_action=MANUAL_REVIEW
MISSING_INITIAL_ANCHOR:2012-04-27:3697,MISSING_INITIAL_ANCHOR,2012-04-27,2012,NATIONALUM,National Aluminium Co. Ltd.,NSE-ISIN:INE139A01034,INE139A01034,,,A1,https://www.niftyindices.com/Press_Release/ind_prs14032012.pdf,e888c16134d0abfdfed880f8453dcee1556ee2816e02cc7137218f4781bf3e6f,CRITICAL,Cannot remove an inactive instrument.,UNRESOLVED,,conflict_type=REMOVAL_OF_ABSENT_MEMBER; required_action=MANUAL_REVIEW
MISSING_INITIAL_ANCHOR:2012-04-27:3698,MISSING_INITIAL_ANCHOR,2012-04-27,2012,GTL,GTL Ltd.,NSE-ISIN:INE043A01012,INE043A01012,,,A1,https://www.niftyindices.com/Press_Release/ind_prs14032012.pdf,e888c16134d0abfdfed880f8453dcee1556ee2816e02cc7137218f4781bf3e6f,CRITICAL,Cannot remove an inactive instrument.,UNRESOLVED,,conflict_type=REMOVAL_OF_ABSENT_MEMBER; required_action=MANUAL_REVIEW
MISSING_INITIAL_ANCHOR:2012-04-27:3699,MISSING_INITIAL_ANCHOR,2012-04-27,2012,REIAGROLTD,REI Agro Ltd.,NSE-ISIN:INE385B01031,INE385B01031,,,A1,https://www.niftyindices.com/Press_Release/ind_prs14032012.pdf,e888c16134d0abfdfed880f8453dcee1556ee2816e02cc7137218f4781bf3e6f,CRITICAL,Cannot remove an inactive instrument.,UNRESOLVED,,conflict_type=REMOVAL_OF_ABSENT_MEMBER; required_action=MANUAL_REVIEW
MISSING_INITIAL_ANCHOR:2012-04-27:3700,MISSING_INITIAL_ANCHOR,2012-04-27,2012,REDINGTON,Redington (India) Ltd.,NSE-ISIN:INE891D01026,INE891D01026,,,A1,https://www.niftyindices.com/Press_Release/ind_prs14032012.pdf,e888c16134d0abfdfed880f8453dcee1556ee2816e02cc7137218f4781bf3e6f,CRITICAL,Cannot remove an inactive instrument.,UNRESOLVED,,conflict_type=REMOVAL_OF_ABSENT_MEMBER; required_action=MANUAL_REVIEW
MISSING_INITIAL_ANCHOR:2012-04-27:3701,MISSING_INITIAL_ANCHOR,2012-04-27,2012,GUJNRECOKE,Gujarat NRE Coke Ltd.,NSE-ISIN:INE110D01013,INE110D01013,,,A1,https://www.niftyindices.com/Press_Release/ind_prs14032012.pdf,e888c16134d0abfdfed880f8453dcee1556ee2816e02cc7137218f4781bf3e6f,CRITICAL,Cannot remove an inactive instrument.,UNRESOLVED,,conflict_type=REMOVAL_OF_ABSENT_MEMBER; required_action=MANUAL_REVIEW
MISSING_INITIAL_ANCHOR:2012-04-27:3702,MISSING_INITIAL_ANCHOR,2012-04-27,2012,CMC,CMC Ltd.,NSE-ISIN:INE314A01017,INE314A01017,,,A1,https://www.niftyindices.com/Press_Release/ind_prs14032012.pdf,e888c16134d0abfdfed880f8453dcee1556ee2816e02cc7137218f4781bf3e6f,CRITICAL,Cannot remove an inactive instrument.,UNRESOLVED,,conflict_type=REMOVAL_OF_ABSENT_MEMBER; required_action=MANUAL_REVIEW
MISSING_INITIAL_ANCHOR:2012-04-27:3703,MISSING_INITIAL_ANCHOR,2012-04-27,2012,ORCHIDCHEM,Orchid Chemicals & Pharmaceuticals Ltd.,NSE-ISIN:INE191A01019,INE191A01019,,,A1,https://www.niftyindices.com/Press_Release/ind_prs14032012.pdf,e888c16134d0abfdfed880f8453dcee1556ee2816e02cc7137218f4781bf3e6f,CRITICAL,Cannot remove an inactive instrument.,UNRESOLVED,,conflict_type=REMOVAL_OF_ABSENT_MEMBER; required_action=MANUAL_REVIEW
MISSING_INITIAL_ANCHOR:2012-05-21:3704,MISSING_INITIAL_ANCHOR,2012-05-21,2012,PATNI,Patni Computer SystemPatni Computer Systems Ltd.,NSE-ISIN:INE660F01012,INE660F01012,,,A1,https://www.niftyindices.com/Press_Release/ind_prs16052012.pdf,69178edc257ad769eeed77598740cc26ac173f8a5b822c2170fcd881e1cb647c,CRITICAL,Cannot remove an inactive instrument.,UNRESOLVED,,conflict_type=REMOVAL_OF_ABSENT_MEMBER; required_action=MANUAL_REVIEW
MISSING_INITIAL_ANCHOR:2012-09-28:3705,MISSING_INITIAL_ANCHOR,2012-09-28,2012,BEML,BEML Ltd.,NSE-ISIN:INE258A01016,INE258A01016,,,A1,https://www.niftyindices.com/Press_Release/ind_prs16082012.pdf,ae8b1817c0d6683eeb6d5196a1d537942697c45e3d1a20344c5474824b3a52df,CRITICAL,Cannot remove an inactive instrument.,UNRESOLVED,,conflict_type=REMOVAL_OF_ABSENT_MEMBER; required_action=MANUAL_REVIEW
MISSING_INITIAL_ANCHOR:2012-09-28:3706,MISSING_INITIAL_ANCHOR,2012-09-28,2012,JSWISPAT,JSW ISPAT Steel Ltd.,NSE-ISIN:INE136A01022,INE136A01022,,,A1,https://www.niftyindices.com/Press_Release/ind_prs16082012.pdf,ae8b1817c0d6683eeb6d5196a1d537942697c45e3d1a20344c5474824b3a52df,CRITICAL,Cannot remove an inactive instrument.,UNRESOLVED,,conflict_type=REMOVAL_OF_ABSENT_MEMBER; required_action=MANUAL_REVIEW
MISSING_INITIAL_ANCHOR:2012-09-28:3707,MISSING_INITIAL_ANCHOR,2012-09-28,2012,STER,Sterlite Industries (India) Ltd.,NSE-ISIN:INE268A01049,INE268A01049,,,A1,https://www.niftyindices.com/Press_Release/ind_prs16082012.pdf,ae8b1817c0d6683eeb6d5196a1d537942697c45e3d1a20344c5474824b3a52df,CRITICAL,Cannot remove an inactive instrument.,UNRESOLVED,,conflict_type=REMOVAL_OF_ABSENT_MEMBER; required_action=MANUAL_REVIEW
MISSING_INITIAL_ANCHOR:2012-09-28:3708,MISSING_INITIAL_ANCHOR,2012-09-28,2012,ESSAROIL,Essar Oil Ltd.,NSE-ISIN:INE011A01019,INE011A01019,,,A1,https://www.niftyindices.com/Press_Release/ind_prs16082012.pdf,ae8b1817c0d6683eeb6d5196a1d537942697c45e3d1a20344c5474824b3a52df,CRITICAL,Cannot remove an inactive instrument.,UNRESOLVED,,conflict_type=REMOVAL_OF_ABSENT_MEMBER; required_action=MANUAL_REVIEW
MISSING_INITIAL_ANCHOR:2012-09-28:3709,MISSING_INITIAL_ANCHOR,2012-09-28,2012,EMAMILTD,Emami Ltd.,NSE-ISIN:INE548C01032,INE548C01032,,,A1,https://www.niftyindices.com/Press_Release/ind_prs16082012.pdf,ae8b1817c0d6683eeb6d5196a1d537942697c45e3d1a20344c5474824b3a52df,CRITICAL,Cannot remove an inactive instrument.,UNRESOLVED,,conflict_type=REMOVAL_OF_ABSENT_MEMBER; required_action=MANUAL_REVIEW
MISSING_INITIAL_ANCHOR:2012-09-28:3710,MISSING_INITIAL_ANCHOR,2012-09-28,2012,FORTIS,Fortis Healthcare Ltd.,NSE-ISIN:INE061F01013,INE061F01013,,,A1,https://www.niftyindices.com/Press_Release/ind_prs16082012.pdf,ae8b1817c0d6683eeb6d5196a1d537942697c45e3d1a20344c5474824b3a52df,CRITICAL,Cannot remove an inactive instrument.,UNRESOLVED,,conflict_type=REMOVAL_OF_ABSENT_MEMBER; required_action=MANUAL_REVIEW
MISSING_INITIAL_ANCHOR:2012-09-28:3711,MISSING_INITIAL_ANCHOR,2012-09-28,2012,RAJESHEXPO,Rajesh Exports Ltd.,NSE-ISIN:INE343B01030,INE343B01030,,,A1,https://www.niftyindices.com/Press_Release/ind_prs16082012.pdf,ae8b1817c0d6683eeb6d5196a1d537942697c45e3d1a20344c5474824b3a52df,CRITICAL,Cannot remove an inactive instrument.,UNRESOLVED,,conflict_type=REMOVAL_OF_ABSENT_MEMBER; required_action=MANUAL_REVIEW
MISSING_INITIAL_ANCHOR:2012-09-28:3712,MISSING_INITIAL_ANCHOR,2012-09-28,2012,HINDOILEXP,Hindustan Oil Exploration Co. Ltd.,NSE-ISIN:INE345A01011,INE345A01011,,,A1,https://www.niftyindices.com/Press_Release/ind_prs16082012.pdf,ae8b1817c0d6683eeb6d5196a1d537942697c45e3d1a20344c5474824b3a52df,CRITICAL,Cannot remove an inactive instrument.,UNRESOLVED,,conflict_type=REMOVAL_OF_ABSENT_MEMBER; required_action=MANUAL_REVIEW
MISSING_INITIAL_ANCHOR:2012-09-28:3713,MISSING_INITIAL_ANCHOR,2012-09-28,2012,EDUCOMP,Educomp Solutions Ltd.,NSE-ISIN:INE216H01027,INE216H01027,,,A1,https://www.niftyindices.com/Press_Release/ind_prs16082012.pdf,ae8b1817c0d6683eeb6d5196a1d537942697c45e3d1a20344c5474824b3a52df,CRITICAL,Cannot remove an inactive instrument.,UNRESOLVED,,conflict_type=REMOVAL_OF_ABSENT_MEMBER; required_action=MANUAL_REVIEW
MISSING_INITIAL_ANCHOR:2012-09-28:3714,MISSING_INITIAL_ANCHOR,2012-09-28,2012,NCC,NCC Ltd.,NSE-ISIN:INE868B01028,INE868B01028,,,A1,https://www.niftyindices.com/Press_Release/ind_prs16082012.pdf,ae8b1817c0d6683eeb6d5196a1d537942697c45e3d1a20344c5474824b3a52df,CRITICAL,Cannot remove an inactive instrument.,UNRESOLVED,,conflict_type=REMOVAL_OF_ABSENT_MEMBER; required_action=MANUAL_REVIEW
MISSING_INITIAL_ANCHOR:2012-09-28:3715,MISSING_INITIAL_ANCHOR,2012-09-28,2012,HCC,Hindustan Construction Co. Ltd.,NSE-ISIN:INE549A01026,INE549A01026,,,A1,https://www.niftyindices.com/Press_Release/ind_prs16082012.pdf,ae8b1817c0d6683eeb6d5196a1d537942697c45e3d1a20344c5474824b3a52df,CRITICAL,Cannot remove an inactive instrument.,UNRESOLVED,,conflict_type=REMOVAL_OF_ABSENT_MEMBER; required_action=MANUAL_REVIEW
MISSING_INITIAL_ANCHOR:2012-09-28:3716,MISSING_INITIAL_ANCHOR,2012-09-28,2012,STERLINBIO,Sterling Biotech Ltd.,NSE-ISIN:INE324C01038,INE324C01038,,,A1,https://www.niftyindices.com/Press_Release/ind_prs16082012.pdf,ae8b1817c0d6683eeb6d5196a1d537942697c45e3d1a20344c5474824b3a52df,CRITICAL,Cannot remove an inactive instrument.,UNRESOLVED,,conflict_type=REMOVAL_OF_ABSENT_MEMBER; required_action=MANUAL_REVIEW
MISSING_INITIAL_ANCHOR:2013-03-19:3717,MISSING_INITIAL_ANCHOR,2013-03-19,2013,INDIABULLS,Indiabulls Financial Services Limited,NSE-ISIN:INE894F01025,INE894F01025,,,A1,https://www.niftyindices.com/Press_Release/ind_prs15032013.pdf,6544c7525d47f5c0fb0d724f5725cc77784cd5d95ac31c482d5d33748407c673,CRITICAL,Cannot remove an inactive instrument.,UNRESOLVED,,conflict_type=REMOVAL_OF_ABSENT_MEMBER; required_action=MANUAL_REVIEW
MISSING_INITIAL_ANCHOR:2013-04-01:3718,MISSING_INITIAL_ANCHOR,2013-04-01,2013,WIPRO,Wipro Ltd.,NSE-ISIN:INE075A01022,INE075A01022,,,A1,https://www.niftyindices.com/Press_Release/ind_prs13022013.pdf,747ada17f17537dd854ff497062e263dd32b84598eb74e36795e230c95afff69,CRITICAL,Cannot remove an inactive instrument.,UNRESOLVED,,conflict_type=REMOVAL_OF_ABSENT_MEMBER; required_action=MANUAL_REVIEW
MISSING_INITIAL_ANCHOR:2013-04-01:3719,MISSING_INITIAL_ANCHOR,2013-04-01,2013,ENGINERSIN,Engineers India Ltd.,NSE-ISIN:INE510A01028,INE510A01028,,,A1,https://www.niftyindices.com/Press_Release/ind_prs13022013.pdf,747ada17f17537dd854ff497062e263dd32b84598eb74e36795e230c95afff69,CRITICAL,Cannot remove an inactive instrument.,UNRESOLVED,,conflict_type=REMOVAL_OF_ABSENT_MEMBER; required_action=MANUAL_REVIEW
MISSING_INITIAL_ANCHOR:2013-04-01:3720,MISSING_INITIAL_ANCHOR,2013-04-01,2013,GESHIP,The Great Eastern Shipping Co. Ltd.,NSE-ISIN:INE017A01032,INE017A01032,,,A1,https://www.niftyindices.com/Press_Release/ind_prs13022013.pdf,747ada17f17537dd854ff497062e263dd32b84598eb74e36795e230c95afff69,CRITICAL,Cannot remove an inactive instrument.,UNRESOLVED,,conflict_type=REMOVAL_OF_ABSENT_MEMBER; required_action=MANUAL_REVIEW
MISSING_INITIAL_ANCHOR:2013-04-01:3721,MISSING_INITIAL_ANCHOR,2013-04-01,2013,THERMAX,Thermax Ltd.,NSE-ISIN:INE152A01029,INE152A01029,,,A1,https://www.niftyindices.com/Press_Release/ind_prs13022013.pdf,747ada17f17537dd854ff497062e263dd32b84598eb74e36795e230c95afff69,CRITICAL,Cannot remove an inactive instrument.,UNRESOLVED,,conflict_type=REMOVAL_OF_ABSENT_MEMBER; required_action=MANUAL_REVIEW
MISSING_INITIAL_ANCHOR:2013-04-01:3722,MISSING_INITIAL_ANCHOR,2013-04-01,2013,CONCOR,Container Corporation of India Ltd.,NSE-ISIN:INE111A01017,INE111A01017,,,A1,https://www.niftyindices.com/Press_Release/ind_prs13022013.pdf,747ada17f17537dd854ff497062e263dd32b84598eb74e36795e230c95afff69,CRITICAL,Cannot remove an inactive instrument.,UNRESOLVED,,conflict_type=REMOVAL_OF_ABSENT_MEMBER; required_action=MANUAL_REVIEW
MISSING_INITIAL_ANCHOR:2013-04-01:3723,MISSING_INITIAL_ANCHOR,2013-04-01,2013,COROMANDEL,Coromandel International Ltd.,NSE-ISIN:INE169A01031,INE169A01031,,,A1,https://www.niftyindices.com/Press_Release/ind_prs13022013.pdf,747ada17f17537dd854ff497062e263dd32b84598eb74e36795e230c95afff69,CRITICAL,Cannot remove an inactive instrument.,UNRESOLVED,,conflict_type=REMOVAL_OF_ABSENT_MEMBER; required_action=MANUAL_REVIEW
MISSING_INITIAL_ANCHOR:2013-04-01:3724,MISSING_INITIAL_ANCHOR,2013-04-01,2013,DISHTV,Dish TV India Ltd.,NSE-ISIN:INE836F01026,INE836F01026,,,A1,https://www.niftyindices.com/Press_Release/ind_prs13022013.pdf,747ada17f17537dd854ff497062e263dd32b84598eb74e36795e230c95afff69,CRITICAL,Cannot remove an inactive instrument.,UNRESOLVED,,conflict_type=REMOVAL_OF_ABSENT_MEMBER; required_action=MANUAL_REVIEW
MISSING_INITIAL_ANCHOR:2013-04-01:3725,MISSING_INITIAL_ANCHOR,2013-04-01,2013,RUCHISOYA,Ruchi Soya Industries Ltd.,NSE-ISIN:INE619A01027,INE619A01027,,,A1,https://www.niftyindices.com/Press_Release/ind_prs13022013.pdf,747ada17f17537dd854ff497062e263dd32b84598eb74e36795e230c95afff69,CRITICAL,Cannot remove an inactive instrument.,UNRESOLVED,,conflict_type=REMOVAL_OF_ABSENT_MEMBER; required_action=MANUAL_REVIEW
MISSING_INITIAL_ANCHOR:2013-04-01:3726,MISSING_INITIAL_ANCHOR,2013-04-01,2013,SCI,Shipping Corporation of India Ltd.,NSE-ISIN:INE109A01011,INE109A01011,,,A1,https://www.niftyindices.com/Press_Release/ind_prs13022013.pdf,747ada17f17537dd854ff497062e263dd32b84598eb74e36795e230c95afff69,CRITICAL,Cannot remove an inactive instrument.,UNRESOLVED,,conflict_type=REMOVAL_OF_ABSENT_MEMBER; required_action=MANUAL_REVIEW
MISSING_INITIAL_ANCHOR:2013-04-17:3727,MISSING_INITIAL_ANCHOR,2013-04-17,2013,FRL,Future Retail Ltd.,NSE-ISIN:INE623B01027,INE623B01027,,,A1,https://www.niftyindices.com/Press_Release/ind_prs11042013.pdf,caa6529a09bb38d14a1b58fb34656bcac6114f79e75615720f2c30c16ef8c56e,CRITICAL,Cannot remove an inactive instrument.,UNRESOLVED,,conflict_type=REMOVAL_OF_ABSENT_MEMBER; required_action=MANUAL_REVIEW
MISSING_INITIAL_ANCHOR:2013-09-27:3728,MISSING_INITIAL_ANCHOR,2013-09-27,2013,COREEDUTEC,CORE Education & Technologies Ltd.,NSE-ISIN:INE247G01024,INE247G01024,,,A1,https://www.niftyindices.com/Press_Release/ind_prs27082013.pdf,114f8ab466ed5ce3fc8ebf858c1c19808deaa6470be299f4ec1ee55288155571,CRITICAL,Cannot remove an inactive instrument.,UNRESOLVED,,conflict_type=REMOVAL_OF_ABSENT_MEMBER; required_action=MANUAL_REVIEW
MISSING_INITIAL_ANCHOR:2013-09-27:3729,MISSING_INITIAL_ANCHOR,2013-09-27,2013,AMTEKAUTO,Amtek Auto Ltd.,NSE-ISIN:INE130C01021,INE130C01021,,,A1,https://www.niftyindices.com/Press_Release/ind_prs27082013.pdf,114f8ab466ed5ce3fc8ebf858c1c19808deaa6470be299f4ec1ee55288155571,CRITICAL,Cannot remove an inactive instrument.,UNRESOLVED,,conflict_type=REMOVAL_OF_ABSENT_MEMBER; required_action=MANUAL_REVIEW
MISSING_INITIAL_ANCHOR:2013-09-27:3730,MISSING_INITIAL_ANCHOR,2013-09-27,2013,DHFL,Dewan Housing Finance Corporation Ltd.,NSE-ISIN:INE202B01012,INE202B01012,,,A1,https://www.niftyindices.com/Press_Release/ind_prs27082013.pdf,114f8ab466ed5ce3fc8ebf858c1c19808deaa6470be299f4ec1ee55288155571,CRITICAL,Cannot remove an inactive instrument.,UNRESOLVED,,conflict_type=REMOVAL_OF_ABSENT_MEMBER; required_action=MANUAL_REVIEW
MISSING_INITIAL_ANCHOR:2013-09-27:3731,MISSING_INITIAL_ANCHOR,2013-09-27,2013,LITL,Lanco Infratech Ltd.,NSE-ISIN:INE785C01048,INE785C01048,,,A1,https://www.niftyindices.com/Press_Release/ind_prs27082013.pdf,114f8ab466ed5ce3fc8ebf858c1c19808deaa6470be299f4ec1ee55288155571,CRITICAL,Cannot remove an inactive instrument.,UNRESOLVED,,conflict_type=REMOVAL_OF_ABSENT_MEMBER; required_action=MANUAL_REVIEW
MISSING_INITIAL_ANCHOR:2013-09-27:3732,MISSING_INITIAL_ANCHOR,2013-09-27,2013,GVKPIL,GVK Power & Infrastructures Ltd.,NSE-ISIN:INE251H01024,INE251H01024,,,A1,https://www.niftyindices.com/Press_Release/ind_prs27082013.pdf,114f8ab466ed5ce3fc8ebf858c1c19808deaa6470be299f4ec1ee55288155571,CRITICAL,Cannot remove an inactive instrument.,UNRESOLVED,,conflict_type=REMOVAL_OF_ABSENT_MEMBER; required_action=MANUAL_REVIEW
MISSING_INITIAL_ANCHOR:2013-09-27:3733,MISSING_INITIAL_ANCHOR,2013-09-27,2013,IVRCLINFRA,IVRCL Ltd.,NSE-ISIN:INE875A01025,INE875A01025,,,A1,https://www.niftyindices.com/Press_Release/ind_prs27082013.pdf,114f8ab466ed5ce3fc8ebf858c1c19808deaa6470be299f4ec1ee55288155571,CRITICAL,Cannot remove an inactive instrument.,UNRESOLVED,,conflict_type=REMOVAL_OF_ABSENT_MEMBER; required_action=MANUAL_REVIEW
MISSING_INITIAL_ANCHOR:2013-09-27:3734,MISSING_INITIAL_ANCHOR,2013-09-27,2013,INDIAINFO,India Infoline Ltd.,NSE-ISIN:INE530B01024,INE530B01024,,,A1,https://www.niftyindices.com/Press_Release/ind_prs27082013.pdf,114f8ab466ed5ce3fc8ebf858c1c19808deaa6470be299f4ec1ee55288155571,CRITICAL,Cannot remove an inactive instrument.,UNRESOLVED,,conflict_type=REMOVAL_OF_ABSENT_MEMBER; required_action=MANUAL_REVIEW
MISSING_INITIAL_ANCHOR:2013-11-01:3735,MISSING_INITIAL_ANCHOR,2013-11-01,2013,MARICO,Marico Ltd.,NSE-ISIN:INE196A01026,INE196A01026,,,A1,https://www.niftyindices.com/Press_Release/ind_prs29102013.pdf,7f51c09e273f29e267ccbb780ee88f638682202dc26bbd451018d826f5202b2a,CRITICAL,Cannot remove an inactive instrument.,UNRESOLVED,,conflict_type=REMOVAL_OF_ABSENT_MEMBER; required_action=MANUAL_REVIEW
MISSING_INITIAL_ANCHOR:2013-11-15:3736,MISSING_INITIAL_ANCHOR,2013-11-15,2013,WELCORP,Welspun Corp LimitedLimited,NSE-ISIN:INE191B01025,INE191B01025,,,A1,https://www.niftyindices.com/Press_Release/ind_prs07112013.pdf,6607e06189839f749758147d8f21d9fdf6696ba4a32472992f007f96c34ed3b7,CRITICAL,Cannot remove an inactive instrument.,UNRESOLVED,,conflict_type=REMOVAL_OF_ABSENT_MEMBER; required_action=MANUAL_REVIEW
MISSING_INITIAL_ANCHOR:2013-11-18:3737,MISSING_INITIAL_ANCHOR,2013-11-18,2013,WELCORP,Welspun Corp Limited,NSE-ISIN:INE191B01025,INE191B01025,,,A1,https://niftyindices.com/Press_Release/ind_prs13112013.pdf,53d167e552b4737b060ab7893db9bd63548fdb3801f884ea4f4669ad0e4f3bc5,CRITICAL,Cannot remove an inactive instrument.,UNRESOLVED,,conflict_type=REMOVAL_OF_ABSENT_MEMBER; required_action=MANUAL_REVIEW
MISSING_INITIAL_ANCHOR:2014-02-28:3738,MISSING_INITIAL_ANCHOR,2014-02-28,2014,CASTROL,Castrol (India) Ltd.,NSE-ISIN:INE172A01019,INE172A01019,,,A1,https://www.niftyindices.com/Press_Release/ind_prs21022014.pdf,ff5a158b072a97a5d3afdb4f5cc31144b178f8f42174a88b1fd002a71537579d,CRITICAL,Cannot remove an inactive instrument.,UNRESOLVED,,conflict_type=REMOVAL_OF_ABSENT_MEMBER; required_action=MANUAL_REVIEW
MISSING_INITIAL_ANCHOR:2014-03-28:3739,MISSING_INITIAL_ANCHOR,2014-03-28,2014,CHAMBLFERT,Chambal Fertilizers & Chemicals Ltd.,NSE-ISIN:INE085A01013,INE085A01013,,,A1,https://www.niftyindices.com/Press_Release/ind_prs27022014.pdf,ad374e90736c719b626d0d774b418edb350d2aff5fafb62c3734468a8e7db7c3,CRITICAL,Cannot remove an inactive instrument.,UNRESOLVED,,conflict_type=REMOVAL_OF_ABSENT_MEMBER; required_action=MANUAL_REVIEW
MISSING_INITIAL_ANCHOR:2014-03-28:3740,MISSING_INITIAL_ANCHOR,2014-03-28,2014,VIDEOIND,Videocon Industries Ltd.,NSE-ISIN:INE703A01011,INE703A01011,,,A1,https://www.niftyindices.com/Press_Release/ind_prs27022014.pdf,ad374e90736c719b626d0d774b418edb350d2aff5fafb62c3734468a8e7db7c3,CRITICAL,Cannot remove an inactive instrument.,UNRESOLVED,,conflict_type=REMOVAL_OF_ABSENT_MEMBER; required_action=MANUAL_REVIEW
MISSING_INITIAL_ANCHOR:2014-03-28:3741,MISSING_INITIAL_ANCHOR,2014-03-28,2014,SINTEX,Sintex Industries Ltd.,NSE-ISIN:INE429C01035,INE429C01035,,,A1,https://www.niftyindices.com/Press_Release/ind_prs27022014.pdf,ad374e90736c719b626d0d774b418edb350d2aff5fafb62c3734468a8e7db7c3,CRITICAL,Cannot remove an inactive instrument.,UNRESOLVED,,conflict_type=REMOVAL_OF_ABSENT_MEMBER; required_action=MANUAL_REVIEW
MISSING_INITIAL_ANCHOR:2014-03-28:3742,MISSING_INITIAL_ANCHOR,2014-03-28,2014,FINANTECH,Financial Technologies (India) Ltd.,NSE-ISIN:INE111B01023,INE111B01023,,,A1,https://www.niftyindices.com/Press_Release/ind_prs27022014.pdf,ad374e90736c719b626d0d774b418edb350d2aff5fafb62c3734468a8e7db7c3,CRITICAL,Cannot remove an inactive instrument.,UNRESOLVED,,conflict_type=REMOVAL_OF_ABSENT_MEMBER; required_action=MANUAL_REVIEW
MISSING_INITIAL_ANCHOR:2014-03-28:3743,MISSING_INITIAL_ANCHOR,2014-03-28,2014,PUNJLLOYD,Punj Lloyd Ltd.,NSE-ISIN:INE701B01021,INE701B01021,,,A1,https://www.niftyindices.com/Press_Release/ind_prs27022014.pdf,ad374e90736c719b626d0d774b418edb350d2aff5fafb62c3734468a8e7db7c3,CRITICAL,Cannot remove an inactive instrument.,UNRESOLVED,,conflict_type=REMOVAL_OF_ABSENT_MEMBER; required_action=MANUAL_REVIEW
MISSING_INITIAL_ANCHOR:2014-03-28:3744,MISSING_INITIAL_ANCHOR,2014-03-28,2014,CENTRALBK,Central Bank of India,NSE-ISIN:INE483A01010,INE483A01010,,,A1,https://www.niftyindices.com/Press_Release/ind_prs27022014.pdf,ad374e90736c719b626d0d774b418edb350d2aff5fafb62c3734468a8e7db7c3,CRITICAL,Cannot remove an inactive instrument.,UNRESOLVED,,conflict_type=REMOVAL_OF_ABSENT_MEMBER; required_action=MANUAL_REVIEW
MISSING_INITIAL_ANCHOR:2014-03-28:3745,MISSING_INITIAL_ANCHOR,2014-03-28,2014,ORISSAMINE,Orissa Min Development Co. Ltd.,NSE-ISIN:INE725E01016,INE725E01016,,,A1,https://www.niftyindices.com/Press_Release/ind_prs27022014.pdf,ad374e90736c719b626d0d774b418edb350d2aff5fafb62c3734468a8e7db7c3,CRITICAL,Cannot remove an inactive instrument.,UNRESOLVED,,conflict_type=REMOVAL_OF_ABSENT_MEMBER; required_action=MANUAL_REVIEW
MISSING_INITIAL_ANCHOR:2014-03-28:3746,MISSING_INITIAL_ANCHOR,2014-03-28,2014,OPTOCIRCUI,Opto Circuits (I) Ltd.,NSE-ISIN:INE808B01016,INE808B01016,,,A1,https://www.niftyindices.com/Press_Release/ind_prs27022014.pdf,ad374e90736c719b626d0d774b418edb350d2aff5fafb62c3734468a8e7db7c3,CRITICAL,Cannot remove an inactive instrument.,UNRESOLVED,,conflict_type=REMOVAL_OF_ABSENT_MEMBER; required_action=MANUAL_REVIEW
MISSING_INITIAL_ANCHOR:2014-09-19:3747,MISSING_INITIAL_ANCHOR,2014-09-19,2014,VIJAYABANK,Vijaya Bank,NSE-ISIN:INE705A01016,INE705A01016,,,A1,https://www.niftyindices.com/Press_Release/ind_prs20082014.pdf,93accb9339e43fdb1683b2aa56cbef734d89b6beb43fa1506f94bc84efc7b2cc,CRITICAL,Cannot remove an inactive instrument.,UNRESOLVED,,conflict_type=REMOVAL_OF_ABSENT_MEMBER; required_action=MANUAL_REVIEW
MISSING_INITIAL_ANCHOR:2014-09-19:3748,MISSING_INITIAL_ANCHOR,2014-09-19,2014,MCDOWELL-N,United Spirits Ltd.,NSE-ISIN:INE854D01016,INE854D01016,,,A1,https://www.niftyindices.com/Press_Release/ind_prs20082014.pdf,93accb9339e43fdb1683b2aa56cbef734d89b6beb43fa1506f94bc84efc7b2cc,CRITICAL,Cannot remove an inactive instrument.,UNRESOLVED,,conflict_type=REMOVAL_OF_ABSENT_MEMBER; required_action=MANUAL_REVIEW
MISSING_INITIAL_ANCHOR:2014-09-19:3749,MISSING_INITIAL_ANCHOR,2014-09-19,2014,BAJAJHLDNG,Bajaj Holdings & Investment Ltd.,NSE-ISIN:INE118A01012,INE118A01012,,,A1,https://www.niftyindices.com/Press_Release/ind_prs20082014.pdf,93accb9339e43fdb1683b2aa56cbef734d89b6beb43fa1506f94bc84efc7b2cc,CRITICAL,Cannot remove an inactive instrument.,UNRESOLVED,,conflict_type=REMOVAL_OF_ABSENT_MEMBER; required_action=MANUAL_REVIEW
MISSING_INITIAL_ANCHOR:2014-09-19:3750,MISSING_INITIAL_ANCHOR,2014-09-19,2014,BAJAJFINSV,Bajaj Finserv Ltd.,NSE-ISIN:INE918I01018,INE918I01018,,,A1,https://www.niftyindices.com/Press_Release/ind_prs20082014.pdf,93accb9339e43fdb1683b2aa56cbef734d89b6beb43fa1506f94bc84efc7b2cc,CRITICAL,Cannot remove an inactive instrument.,UNRESOLVED,,conflict_type=REMOVAL_OF_ABSENT_MEMBER; required_action=MANUAL_REVIEW
MISSING_INITIAL_ANCHOR:2014-09-19:3751,MISSING_INITIAL_ANCHOR,2014-09-19,2014,GSKCONS,GlaxoSmithkline Consumer Healthcare Ltd.,NSE-ISIN:INE264A01014,INE264A01014,,,A1,https://www.niftyindices.com/Press_Release/ind_prs20082014.pdf,93accb9339e43fdb1683b2aa56cbef734d89b6beb43fa1506f94bc84efc7b2cc,CRITICAL,Cannot remove an inactive instrument.,UNRESOLVED,,conflict_type=REMOVAL_OF_ABSENT_MEMBER; required_action=MANUAL_REVIEW
MISSING_INITIAL_ANCHOR:2014-09-19:3752,MISSING_INITIAL_ANCHOR,2014-09-19,2014,RENUKA,Shree Renuka Sugars Ltd.,NSE-ISIN:INE087H01022,INE087H01022,,,A1,https://www.niftyindices.com/Press_Release/ind_prs20082014.pdf,93accb9339e43fdb1683b2aa56cbef734d89b6beb43fa1506f94bc84efc7b2cc,CRITICAL,Cannot remove an inactive instrument.,UNRESOLVED,,conflict_type=REMOVAL_OF_ABSENT_MEMBER; required_action=MANUAL_REVIEW
MISSING_INITIAL_ANCHOR:2014-09-19:3753,MISSING_INITIAL_ANCHOR,2014-09-19,2014,ADANIPOWER,Adani Power Ltd.,NSE-ISIN:INE814H01011,INE814H01011,,,A1,https://www.niftyindices.com/Press_Release/ind_prs20082014.pdf,93accb9339e43fdb1683b2aa56cbef734d89b6beb43fa1506f94bc84efc7b2cc,CRITICAL,Cannot remove an inactive instrument.,UNRESOLVED,,conflict_type=REMOVAL_OF_ABSENT_MEMBER; required_action=MANUAL_REVIEW
MISSING_INITIAL_ANCHOR:2014-09-19:3754,MISSING_INITIAL_ANCHOR,2014-09-19,2014,BHUSANSTL,Bhushan Steel Ltd.,NSE-ISIN:INE824B01021,INE824B01021,,,A1,https://www.niftyindices.com/Press_Release/ind_prs20082014.pdf,93accb9339e43fdb1683b2aa56cbef734d89b6beb43fa1506f94bc84efc7b2cc,CRITICAL,Cannot remove an inactive instrument.,UNRESOLVED,,conflict_type=REMOVAL_OF_ABSENT_MEMBER; required_action=MANUAL_REVIEW
MISSING_INITIAL_ANCHOR:2014-11-28:3755,MISSING_INITIAL_ANCHOR,2014-11-28,2014,RANBAXY,Ranbaxy Laboratories Ltd.,NSE-ISIN:INE015A01028,INE015A01028,,,A1,https://www.niftyindices.com/Press_Release/ind_prs18112014.pdf,b2ed512a7facf076691aab7bfc3244a7758e751f66a7f56f2d7e394c0c42e4e7,CRITICAL,Cannot remove an inactive instrument.,UNRESOLVED,,conflict_type=REMOVAL_OF_ABSENT_MEMBER; required_action=MANUAL_REVIEW
MISSING_INITIAL_ANCHOR:2015-03-27:3756,MISSING_INITIAL_ANCHOR,2015-03-27,2015,INDIANB,Indian Bank,NSE-ISIN:INE562A01011,INE562A01011,,,A1,https://www.niftyindices.com/Press_Release/ind_prs20022015.pdf,1791032f6f60e3bb48fbcfdc1ea05258512038142182209688c050177c92ba2a,CRITICAL,Cannot remove an inactive instrument.,UNRESOLVED,,conflict_type=REMOVAL_OF_ABSENT_MEMBER; required_action=MANUAL_REVIEW
MISSING_INITIAL_ANCHOR:2015-03-27:3757,MISSING_INITIAL_ANCHOR,2015-03-27,2015,GLAXO,Glaxosmithkline Pharmaceuticals Ltd.,NSE-ISIN:INE159A01016,INE159A01016,,,A1,https://www.niftyindices.com/Press_Release/ind_prs20022015.pdf,1791032f6f60e3bb48fbcfdc1ea05258512038142182209688c050177c92ba2a,CRITICAL,Cannot remove an inactive instrument.,UNRESOLVED,,conflict_type=REMOVAL_OF_ABSENT_MEMBER; required_action=MANUAL_REVIEW
MISSING_INITIAL_ANCHOR:2015-03-27:3758,MISSING_INITIAL_ANCHOR,2015-03-27,2015,MPHASIS,MphasiS Ltd.,NSE-ISIN:INE356A01018,INE356A01018,,,A1,https://www.niftyindices.com/Press_Release/ind_prs20022015.pdf,1791032f6f60e3bb48fbcfdc1ea05258512038142182209688c050177c92ba2a,CRITICAL,Cannot remove an inactive instrument.,UNRESOLVED,,conflict_type=REMOVAL_OF_ABSENT_MEMBER; required_action=MANUAL_REVIEW
MISSING_INITIAL_ANCHOR:2015-05-29:3759,MISSING_INITIAL_ANCHOR,2015-05-29,2015,IDFC,IDFC Ltd.,NSE-ISIN:INE043D01016,INE043D01016,,,A1,https://www.niftyindices.com/Press_Release/ind_prs29042015.pdf,1797bdc3ed8600364c29fc540e78abc89a84cce891e8d2af5ba2e7aaf1c761bc,CRITICAL,Cannot remove an inactive instrument.,UNRESOLVED,,conflict_type=REMOVAL_OF_ABSENT_MEMBER; required_action=MANUAL_REVIEW
MISSING_INITIAL_ANCHOR:2015-05-29:3760,MISSING_INITIAL_ANCHOR,2015-05-29,2015,ADANIENT,Adani Enterprises Ltd.,NSE-ISIN:INE423A01024,INE423A01024,,,A1,https://www.niftyindices.com/Press_Release/ind_prs29042015.pdf,1797bdc3ed8600364c29fc540e78abc89a84cce891e8d2af5ba2e7aaf1c761bc,CRITICAL,Cannot remove an inactive instrument.,UNRESOLVED,,conflict_type=REMOVAL_OF_ABSENT_MEMBER; required_action=MANUAL_REVIEW
MISSING_INITIAL_ANCHOR:2015-09-28:3761,MISSING_INITIAL_ANCHOR,2015-09-28,2015,IOB,Indian Overseas Bank,NSE-ISIN:INE565A01014,INE565A01014,,,A1,https://www.niftyindices.com/Press_Release/ind_prs12082015.pdf,c72ec6c885cf94732522b58e741440eb961f13ecb4e12bcb351fb95b93737f88,CRITICAL,Cannot remove an inactive instrument.,UNRESOLVED,,conflict_type=REMOVAL_OF_ABSENT_MEMBER; required_action=MANUAL_REVIEW
MISSING_INITIAL_ANCHOR:2015-09-28:3762,MISSING_INITIAL_ANCHOR,2015-09-28,2015,MAX,Max India Ltd.,NSE-ISIN:INE180A01020,INE180A01020,,,A1,https://www.niftyindices.com/Press_Release/ind_prs24082015.pdf,fd2c85fb79d9d15c8e7758061320fd20a535e645a8be1c46a9ba0839785f09ac,CRITICAL,Cannot remove an inactive instrument.,UNRESOLVED,,conflict_type=REMOVAL_OF_ABSENT_MEMBER; required_action=MANUAL_REVIEW
MISSING_INITIAL_ANCHOR:2015-09-28:3763,MISSING_INITIAL_ANCHOR,2015-09-28,2015,UCOBANK,UCO Bank,NSE-ISIN:INE691A01018,INE691A01018,,,A1,https://www.niftyindices.com/Press_Release/ind_prs12082015.pdf,c72ec6c885cf94732522b58e741440eb961f13ecb4e12bcb351fb95b93737f88,CRITICAL,Cannot remove an inactive instrument.,UNRESOLVED,,conflict_type=REMOVAL_OF_ABSENT_MEMBER; required_action=MANUAL_REVIEW
MISSING_INITIAL_ANCHOR:2015-09-28:3764,MISSING_INITIAL_ANCHOR,2015-09-28,2015,CROMPGREAV,Crompton Greaves Ltd.,NSE-ISIN:INE067A01029,INE067A01029,,,A1,https://www.niftyindices.com/Press_Release/ind_prs24082015.pdf,fd2c85fb79d9d15c8e7758061320fd20a535e645a8be1c46a9ba0839785f09ac,CRITICAL,Cannot remove an inactive instrument.,UNRESOLVED,,conflict_type=REMOVAL_OF_ABSENT_MEMBER; required_action=MANUAL_REVIEW
MISSING_INITIAL_ANCHOR:2015-09-28:3765,MISSING_INITIAL_ANCHOR,2015-09-28,2015,MCLEODRUSS,McLeod Russel India Ltd.,NSE-ISIN:INE942G01012,INE942G01012,,,A1,https://www.niftyindices.com/Press_Release/ind_prs12082015.pdf,c72ec6c885cf94732522b58e741440eb961f13ecb4e12bcb351fb95b93737f88,CRITICAL,Cannot remove an inactive instrument.,UNRESOLVED,,conflict_type=REMOVAL_OF_ABSENT_MEMBER; required_action=MANUAL_REVIEW
MISSING_INITIAL_ANCHOR:2015-09-28:3766,MISSING_INITIAL_ANCHOR,2015-09-28,2015,INDHOTEL,Indian Hotels Co. Ltd.,NSE-ISIN:INE053A01029,INE053A01029,,,A1,https://www.niftyindices.com/Press_Release/ind_prs12082015.pdf,c72ec6c885cf94732522b58e741440eb961f13ecb4e12bcb351fb95b93737f88,CRITICAL,Cannot remove an inactive instrument.,UNRESOLVED,,conflict_type=REMOVAL_OF_ABSENT_MEMBER; required_action=MANUAL_REVIEW
MISSING_INITIAL_ANCHOR:2015-10-19:3767,MISSING_INITIAL_ANCHOR,2015-10-19,2015,ABIRLANUVO,Aditya Birla Nuvo Ltd.,NSE-ISIN:INE069A01017,INE069A01017,,,A1,https://www.niftyindices.com/Press_Release/ind_prs18092015.pdf,cad7d8b68b00cb53bf3f169ae4ff666046540ee0f0d9d529dd560b27ec880a2c,CRITICAL,Cannot remove an inactive instrument.,UNRESOLVED,,conflict_type=REMOVAL_OF_ABSENT_MEMBER; required_action=MANUAL_REVIEW
MISSING_INITIAL_ANCHOR:2016-04-01:3768,MISSING_INITIAL_ANCHOR,2016-04-01,2016,J&KBANK,Jammu & Kashmir Bank Ltd.,NSE-ISIN:INE168A01041,INE168A01041,,,A1,https://www.niftyindices.com/Press_Release/ind_prs22022016_2.pdf,db2e4802e43b68fcbfbbf2cb03cb59c6d5f9ebf086ab6687d5a15daa45c2525f,CRITICAL,Cannot remove an inactive instrument.,UNRESOLVED,,conflict_type=REMOVAL_OF_ABSENT_MEMBER; required_action=MANUAL_REVIEW
MISSING_INITIAL_ANCHOR:2016-04-01:3769,MISSING_INITIAL_ANCHOR,2016-04-01,2016,JISLJALEQS,Jain Irrigation Systems Ltd.,NSE-ISIN:INE175A01038,INE175A01038,,,A1,https://www.niftyindices.com/Press_Release/ind_prs22022016_2.pdf,db2e4802e43b68fcbfbbf2cb03cb59c6d5f9ebf086ab6687d5a15daa45c2525f,CRITICAL,Cannot remove an inactive instrument.,UNRESOLVED,,conflict_type=REMOVAL_OF_ABSENT_MEMBER; required_action=MANUAL_REVIEW
MISSING_INITIAL_ANCHOR:2016-04-01:3770,MISSING_INITIAL_ANCHOR,2016-04-01,2016,PIPAVAVDOC,Pipavav Defence and Offshore Engn. Co. Ltd.,NSE-ISIN:INE542F01012,INE542F01012,,,A1,https://www.niftyindices.com/Press_Release/ind_prs22022016_2.pdf,db2e4802e43b68fcbfbbf2cb03cb59c6d5f9ebf086ab6687d5a15daa45c2525f,CRITICAL,Cannot remove an inactive instrument.,UNRESOLVED,,conflict_type=REMOVAL_OF_ABSENT_MEMBER; required_action=MANUAL_REVIEW
MISSING_INITIAL_ANCHOR:2016-04-01:3771,MISSING_INITIAL_ANCHOR,2016-04-01,2016,HDIL,Housing Development and Infrastructure Ltd.,NSE-ISIN:INE191I01012,INE191I01012,,,A1,https://www.niftyindices.com/Press_Release/ind_prs22022016_2.pdf,db2e4802e43b68fcbfbbf2cb03cb59c6d5f9ebf086ab6687d5a15daa45c2525f,CRITICAL,Cannot remove an inactive instrument.,UNRESOLVED,,conflict_type=REMOVAL_OF_ABSENT_MEMBER; required_action=MANUAL_REVIEW
MISSING_INITIAL_ANCHOR:2016-04-01:3772,MISSING_INITIAL_ANCHOR,2016-04-01,2016,ANDHRABANK,Andhra Bank,NSE-ISIN:INE434A01013,INE434A01013,,,A1,https://www.niftyindices.com/Press_Release/ind_prs22022016_2.pdf,db2e4802e43b68fcbfbbf2cb03cb59c6d5f9ebf086ab6687d5a15daa45c2525f,CRITICAL,Cannot remove an inactive instrument.,UNRESOLVED,,conflict_type=REMOVAL_OF_ABSENT_MEMBER; required_action=MANUAL_REVIEW
MISSING_INITIAL_ANCHOR:2016-04-01:3773,MISSING_INITIAL_ANCHOR,2016-04-01,2016,JPASSOCIAT,Jaiprakash Associates Ltd.,NSE-ISIN:INE455F01025,INE455F01025,,,A1,https://www.niftyindices.com/Press_Release/ind_prs22022016_2.pdf,db2e4802e43b68fcbfbbf2cb03cb59c6d5f9ebf086ab6687d5a15daa45c2525f,CRITICAL,Cannot remove an inactive instrument.,UNRESOLVED,,conflict_type=REMOVAL_OF_ABSENT_MEMBER; required_action=MANUAL_REVIEW
MISSING_INITIAL_ANCHOR:2016-04-01:3774,MISSING_INITIAL_ANCHOR,2016-04-01,2016,KTKBANK,Karnataka Bank Ltd.,NSE-ISIN:INE614B01018,INE614B01018,,,A1,https://www.niftyindices.com/Press_Release/ind_prs22022016_2.pdf,db2e4802e43b68fcbfbbf2cb03cb59c6d5f9ebf086ab6687d5a15daa45c2525f,CRITICAL,Cannot remove an inactive instrument.,UNRESOLVED,,conflict_type=REMOVAL_OF_ABSENT_MEMBER; required_action=MANUAL_REVIEW
MISSING_INITIAL_ANCHOR:2016-04-01:3775,MISSING_INITIAL_ANCHOR,2016-04-01,2016,PTC,PTC India Ltd.,NSE-ISIN:INE877F01012,INE877F01012,,,A1,https://www.niftyindices.com/Press_Release/ind_prs22022016_2.pdf,db2e4802e43b68fcbfbbf2cb03cb59c6d5f9ebf086ab6687d5a15daa45c2525f,CRITICAL,Cannot remove an inactive instrument.,UNRESOLVED,,conflict_type=REMOVAL_OF_ABSENT_MEMBER; required_action=MANUAL_REVIEW
MISSING_INITIAL_ANCHOR:2016-04-01:3776,MISSING_INITIAL_ANCHOR,2016-04-01,2016,ORIENTBANK,Oriental Bank of Commerce,NSE-ISIN:INE141A01014,INE141A01014,,,A1,https://www.niftyindices.com/Press_Release/ind_prs22022016_2.pdf,db2e4802e43b68fcbfbbf2cb03cb59c6d5f9ebf086ab6687d5a15daa45c2525f,CRITICAL,Cannot remove an inactive instrument.,UNRESOLVED,,conflict_type=REMOVAL_OF_ABSENT_MEMBER; required_action=MANUAL_REVIEW
MISSING_INITIAL_ANCHOR:2016-04-01:3777,MISSING_INITIAL_ANCHOR,2016-04-01,2016,PIIND,PI Industries Ltd.,NSE-ISIN:INE603J01030,INE603J01030,,,A1,https://www.niftyindices.com/Press_Release/ind_prs22022016_2.pdf,db2e4802e43b68fcbfbbf2cb03cb59c6d5f9ebf086ab6687d5a15daa45c2525f,CRITICAL,Cannot remove an inactive instrument.,UNRESOLVED,,conflict_type=REMOVAL_OF_ABSENT_MEMBER; required_action=MANUAL_REVIEW
MISSING_INITIAL_ANCHOR:2016-04-01:3778,MISSING_INITIAL_ANCHOR,2016-04-01,2016,SOUTHBANK,South Indian Bank Ltd.,NSE-ISIN:INE683A01023,INE683A01023,,,A1,https://www.niftyindices.com/Press_Release/ind_prs22022016_2.pdf,db2e4802e43b68fcbfbbf2cb03cb59c6d5f9ebf086ab6687d5a15daa45c2525f,CRITICAL,Cannot remove an inactive instrument.,UNRESOLVED,,conflict_type=REMOVAL_OF_ABSENT_MEMBER; required_action=MANUAL_REVIEW
MISSING_INITIAL_ANCHOR:2016-04-01:3779,MISSING_INITIAL_ANCHOR,2016-04-01,2016,COX&KINGS,Cox & Kings Ltd.,NSE-ISIN:INE008I01026,INE008I01026,,,A1,https://www.niftyindices.com/Press_Release/ind_prs22022016_2.pdf,db2e4802e43b68fcbfbbf2cb03cb59c6d5f9ebf086ab6687d5a15daa45c2525f,CRITICAL,Cannot remove an inactive instrument.,UNRESOLVED,,conflict_type=REMOVAL_OF_ABSENT_MEMBER; required_action=MANUAL_REVIEW
MISSING_INITIAL_ANCHOR:2016-04-01:3780,MISSING_INITIAL_ANCHOR,2016-04-01,2016,KSCL,Kaveri Seed Company Ltd.,NSE-ISIN:INE455I01029,INE455I01029,,,A1,https://www.niftyindices.com/Press_Release/ind_prs22022016_2.pdf,db2e4802e43b68fcbfbbf2cb03cb59c6d5f9ebf086ab6687d5a15daa45c2525f,CRITICAL,Cannot remove an inactive instrument.,UNRESOLVED,,conflict_type=REMOVAL_OF_ABSENT_MEMBER; required_action=MANUAL_REVIEW
MISSING_INITIAL_ANCHOR:2016-04-01:3781,MISSING_INITIAL_ANCHOR,2016-04-01,2016,UNITECH,Unitech Ltd.,NSE-ISIN:INE694A01020,INE694A01020,,,A1,https://www.niftyindices.com/Press_Release/ind_prs22022016_2.pdf,db2e4802e43b68fcbfbbf2cb03cb59c6d5f9ebf086ab6687d5a15daa45c2525f,CRITICAL,Cannot remove an inactive instrument.,UNRESOLVED,,conflict_type=REMOVAL_OF_ABSENT_MEMBER; required_action=MANUAL_REVIEW
MISSING_INITIAL_ANCHOR:2016-04-01:3782,MISSING_INITIAL_ANCHOR,2016-04-01,2016,INDIACEM,India Cements Ltd.,NSE-ISIN:INE383A01012,INE383A01012,,,A1,https://www.niftyindices.com/Press_Release/ind_prs22022016_2.pdf,db2e4802e43b68fcbfbbf2cb03cb59c6d5f9ebf086ab6687d5a15daa45c2525f,CRITICAL,Cannot remove an inactive instrument.,UNRESOLVED,,conflict_type=REMOVAL_OF_ABSENT_MEMBER; required_action=MANUAL_REVIEW
DUPLICATE_EVENT:2016-09-30:3783,DUPLICATE_EVENT,2016-09-30,2016,PIIND,PI Industries Ltd.,NSE-ISIN:INE603J01022,INE603J01022,,,A1,https://www.niftyindices.com/Press_Release/ind_prs12082016.pdf,5a62ae30702b448323496a7099a40cef446941cabd1b1677af63d6ff2aef6742,CRITICAL,Cannot add an already active instrument.,UNRESOLVED,,conflict_type=DUPLICATE_ADD; required_action=MANUAL_REVIEW
MISSING_INITIAL_ANCHOR:2016-09-30:3784,MISSING_INITIAL_ANCHOR,2016-09-30,2016,ALBK,Allahabad Bank,NSE-ISIN:INE428A01015,INE428A01015,,,A1,https://www.niftyindices.com/Press_Release/ind_prs12082016.pdf,5a62ae30702b448323496a7099a40cef446941cabd1b1677af63d6ff2aef6742,CRITICAL,Cannot remove an inactive instrument.,UNRESOLVED,,conflict_type=REMOVAL_OF_ABSENT_MEMBER; required_action=MANUAL_REVIEW
MISSING_INITIAL_ANCHOR:2016-11-15:3785,MISSING_INITIAL_ANCHOR,2016-11-15,2016,CAIRN,Cairn India Ltd.,NSE-ISIN:INE910H01017,INE910H01017,,,A1,https://www.niftyindices.com/Press_Release/ind_prs17102016.pdf,e3ad170876e6278ad7a1e99cc924ba610c3f8be4ef0dc85cd2c146e2152ca4ea,CRITICAL,Cannot remove an inactive instrument.,UNRESOLVED,,conflict_type=REMOVAL_OF_ABSENT_MEMBER; required_action=MANUAL_REVIEW
MISSING_INITIAL_ANCHOR:2017-05-26:3786,MISSING_INITIAL_ANCHOR,2017-05-26,2017,GRASIM,Grasim Industries Ltd.,NSE-ISIN:INE047A01013,INE047A01013,,,A1,https://www.niftyindices.com/Press_Release/ind_prs27042017.pdf,a72ac75b320579a3bf981b43466d9569caf2dfce94d00b584d750498e110347b,CRITICAL,Cannot remove an inactive instrument.,UNRESOLVED,,conflict_type=REMOVAL_OF_ABSENT_MEMBER; required_action=MANUAL_REVIEW
MISSING_INITIAL_ANCHOR:2017-09-05:3787,MISSING_INITIAL_ANCHOR,2017-09-05,2017,RELCAPITAL,Reliance Capital Ltd.,NSE-ISIN:INE013A01015,INE013A01015,,,A1,https://www.niftyindices.com/Press_Release/ind_prs29082017.pdf,2c901efcc5c3af6a8b9d353b2de9c91904bab4b40c8e68ef8540267366c46f20,CRITICAL,Cannot remove an inactive instrument.,UNRESOLVED,,conflict_type=REMOVAL_OF_ABSENT_MEMBER; required_action=MANUAL_REVIEW
DUPLICATE_EVENT:2017-09-29:3788,DUPLICATE_EVENT,2017-09-29,2017,MFSL,Max Financial Services Ltd.,NSE-ISIN:INE180A01020,INE180A01020,,,A1,https://www.niftyindices.com/Press_Release/ind_prs28082017.pdf,25aa0b2027aaced424c4ca73e6bf86fd3dea3efa74db2aecf8ada6a3196fb5a8,CRITICAL,Cannot add an already active instrument.,UNRESOLVED,,conflict_type=DUPLICATE_ADD; required_action=MANUAL_REVIEW
MISSING_INITIAL_ANCHOR:2017-09-29:3789,MISSING_INITIAL_ANCHOR,2017-09-29,2017,RELCAPITAL,Reliance Capital Ltd.,NSE-ISIN:INE013A01015,INE013A01015,,,A1,https://www.niftyindices.com/Press_Release/ind_prs28082017.pdf,25aa0b2027aaced424c4ca73e6bf86fd3dea3efa74db2aecf8ada6a3196fb5a8,CRITICAL,Cannot remove an inactive instrument.,UNRESOLVED,,conflict_type=REMOVAL_OF_ABSENT_MEMBER; required_action=MANUAL_REVIEW
MISSING_INITIAL_ANCHOR:2018-02-05:3790,MISSING_INITIAL_ANCHOR,2018-02-05,2018,STAR,Strides Shasun Ltd.,NSE-ISIN:INE939A01011,INE939A01011,,,A1,https://www.niftyindices.com/Press_Release/ind_prs08012018.pdf,364784c98963a7bc2d28fa19d7b0c5377063178e9215669b1c7b1dfcdc8981f2,CRITICAL,Cannot remove an inactive instrument.,UNRESOLVED,,conflict_type=REMOVAL_OF_ABSENT_MEMBER; required_action=MANUAL_REVIEW
MISSING_INITIAL_ANCHOR:2018-02-05:3791,MISSING_INITIAL_ANCHOR,2018-02-05,2018,CESC,CESC Ltd.,NSE-ISIN:INE486A01013,INE486A01013,,,A1,https://www.niftyindices.com/Press_Release/ind_prs08012018.pdf,364784c98963a7bc2d28fa19d7b0c5377063178e9215669b1c7b1dfcdc8981f2,CRITICAL,Cannot remove an inactive instrument.,UNRESOLVED,,conflict_type=REMOVAL_OF_ABSENT_MEMBER; required_action=MANUAL_REVIEW
MISSING_INITIAL_ANCHOR:2018-04-02:3792,MISSING_INITIAL_ANCHOR,2018-04-02,2018,SYNDIBANK,Syndicate Bank,NSE-ISIN:INE667A01018,INE667A01018,,,A1,https://www.niftyindices.com/Press_Release/ind_prs21022018.pdf,a31019896822ef7a28f2229ba5e1552c835f51952ee033d02a5f79c9c7914b3d,CRITICAL,Cannot remove an inactive instrument.,UNRESOLVED,,conflict_type=REMOVAL_OF_ABSENT_MEMBER; required_action=MANUAL_REVIEW
MISSING_INITIAL_ANCHOR:2018-04-02:3793,MISSING_INITIAL_ANCHOR,2018-04-02,2018,RCOM,Reliance Communications Ltd.,NSE-ISIN:INE330H01018,INE330H01018,,,A1,https://www.niftyindices.com/Press_Release/ind_prs21022018.pdf,a31019896822ef7a28f2229ba5e1552c835f51952ee033d02a5f79c9c7914b3d,CRITICAL,Cannot remove an inactive instrument.,UNRESOLVED,,conflict_type=REMOVAL_OF_ABSENT_MEMBER; required_action=MANUAL_REVIEW
MISSING_INITIAL_ANCHOR:2018-06-29:3794,MISSING_INITIAL_ANCHOR,2018-06-29,2018,TATACOMM,Tata Communications Ltd.,NSE-ISIN:INE151A01013,INE151A01013,,,A1,https://www.niftyindices.com/Press_Release/ind_prs24052018.pdf,bbc4a4c04cae7a1ff924e8b3ef3f7acc6b3a9da069a1d6a36cfe0ae99189e957,CRITICAL,Cannot remove an inactive instrument.,UNRESOLVED,,conflict_type=REMOVAL_OF_ABSENT_MEMBER; required_action=MANUAL_REVIEW
MISSING_INITIAL_ANCHOR:2018-09-28:3795,MISSING_INITIAL_ANCHOR,2018-09-28,2018,IRB,IRB Infrastructure Developers Ltd.,NSE-ISIN:INE821I01014,INE821I01014,,,A1,https://www.niftyindices.com/Press_Release/ind_prs28082018.pdf,5fadad6119356497ef78ce7d062e18e1104eebad707c5850fade491fe47398be,CRITICAL,Cannot remove an inactive instrument.,UNRESOLVED,,conflict_type=REMOVAL_OF_ABSENT_MEMBER; required_action=MANUAL_REVIEW
MISSING_INITIAL_ANCHOR:2018-09-28:3796,MISSING_INITIAL_ANCHOR,2018-09-28,2018,SUZLON,Suzlon Energy Ltd.,NSE-ISIN:INE040H01021,INE040H01021,,,A1,https://www.niftyindices.com/Press_Release/ind_prs28082018.pdf,5fadad6119356497ef78ce7d062e18e1104eebad707c5850fade491fe47398be,CRITICAL,Cannot remove an inactive instrument.,UNRESOLVED,,conflict_type=REMOVAL_OF_ABSENT_MEMBER; required_action=MANUAL_REVIEW
MISSING_INITIAL_ANCHOR:2018-09-28:3797,MISSING_INITIAL_ANCHOR,2018-09-28,2018,KARURVYSYA,Karur Vysya Bank Ltd.,NSE-ISIN:INE036D01028,INE036D01028,,,A1,https://www.niftyindices.com/Press_Release/ind_prs28082018.pdf,5fadad6119356497ef78ce7d062e18e1104eebad707c5850fade491fe47398be,CRITICAL,Cannot remove an inactive instrument.,UNRESOLVED,,conflict_type=REMOVAL_OF_ABSENT_MEMBER; required_action=MANUAL_REVIEW
MISSING_INITIAL_ANCHOR:2018-12-28:3798,MISSING_INITIAL_ANCHOR,2018-12-28,2018,CENTURYTEX,Century Textile & Industries Ltd.,NSE-ISIN:INE055A01016,INE055A01016,,,A1,https://www.niftyindices.com/Press_Release/ind_prs14122018.pdf,0a9fb1a90d69d6d34c7893409ff33806ce153fd464b2ed7809ac132362c6afe0,CRITICAL,Cannot remove an inactive instrument.,UNRESOLVED,,conflict_type=REMOVAL_OF_ABSENT_MEMBER; required_action=MANUAL_REVIEW
MISSING_INITIAL_ANCHOR:2019-09-27:3799,MISSING_INITIAL_ANCHOR,2019-09-27,2019,GRUH,Gruh Finance Ltd.*,NSE-ISIN:INE580B01029,INE580B01029,,,A1,https://www.niftyindices.com/Press_Release/ind_prs28082019.pdf,f722969a26b18dfe12256669ff35e8b19d14ae03de5715e0e6b148dd61955e50,CRITICAL,Cannot remove an inactive instrument.,UNRESOLVED,,conflict_type=REMOVAL_OF_ABSENT_MEMBER; required_action=MANUAL_REVIEW
MISSING_INITIAL_ANCHOR:2019-09-27:3800,MISSING_INITIAL_ANCHOR,2019-09-27,2019,ABB,ABB India Ltd.*,NSE-ISIN:INE117A01022,INE117A01022,,,A1,https://www.niftyindices.com/Press_Release/ind_prs28082019.pdf,f722969a26b18dfe12256669ff35e8b19d14ae03de5715e0e6b148dd61955e50,CRITICAL,Cannot remove an inactive instrument.,UNRESOLVED,,conflict_type=REMOVAL_OF_ABSENT_MEMBER; required_action=MANUAL_REVIEW
MISSING_INITIAL_ANCHOR:2019-09-27:3801,MISSING_INITIAL_ANCHOR,2019-09-27,2019,RELINFRA,Reliance Infrastructure Ltd.,NSE-ISIN:INE036A01016,INE036A01016,,,A1,https://www.niftyindices.com/Press_Release/ind_prs28082019.pdf,f722969a26b18dfe12256669ff35e8b19d14ae03de5715e0e6b148dd61955e50,CRITICAL,Cannot remove an inactive instrument.,UNRESOLVED,,conflict_type=REMOVAL_OF_ABSENT_MEMBER; required_action=MANUAL_REVIEW
MISSING_INITIAL_ANCHOR:2019-09-27:3802,MISSING_INITIAL_ANCHOR,2019-09-27,2019,RPOWER,Reliance Power Ltd.,NSE-ISIN:INE614G01033,INE614G01033,,,A1,https://www.niftyindices.com/Press_Release/ind_prs28082019.pdf,f722969a26b18dfe12256669ff35e8b19d14ae03de5715e0e6b148dd61955e50,CRITICAL,Cannot remove an inactive instrument.,UNRESOLVED,,conflict_type=REMOVAL_OF_ABSENT_MEMBER; required_action=MANUAL_REVIEW
MISSING_INITIAL_ANCHOR:2019-12-27:3803,MISSING_INITIAL_ANCHOR,2019-12-27,2019,TATACHEM,Tata Chemicals Ltd.,NSE-ISIN:INE092A01019,INE092A01019,,,A1,https://niftyindices.com/Press_Release/ind_prs16122019.pdf,2525ecd8a9d22322b4f6179c67ef96c72fed484145f3ebd217159b0006af82a5,CRITICAL,Cannot remove an inactive instrument.,UNRESOLVED,,conflict_type=REMOVAL_OF_ABSENT_MEMBER; required_action=MANUAL_REVIEW
MISSING_INITIAL_ANCHOR:2020-03-19:3804,MISSING_INITIAL_ANCHOR,2020-03-19,2020,YESBANK,Yes Bank Ltd.,NSE-ISIN:INE528G01019,INE528G01019,,,A1,https://www.niftyindices.com/Press_Release/ind_prs16032020.pdf,4e7726fa8bfe5dc12f2b42121f69fd29bc7ec1da01c2c26dae84f2f3fe8e9f37,CRITICAL,Cannot remove an inactive instrument.,UNRESOLVED,,conflict_type=REMOVAL_OF_ABSENT_MEMBER; required_action=MANUAL_REVIEW
DUPLICATE_EVENT:2020-03-27:3805,DUPLICATE_EVENT,2020-03-27,2020,ADANITRANS,Adani Transmission Ltd.,NSE-ISIN:INE931S01010,INE931S01010,,,A1,https://www.niftyindices.com/Press_Release/ind_prs18022020.pdf,1943215214a0b967333ae4ec9c6aeaec9c5012fb03558c769ad895b7d1081f9e,CRITICAL,Cannot add an already active instrument.,UNRESOLVED,,conflict_type=DUPLICATE_ADD; required_action=MANUAL_REVIEW
MISSING_INITIAL_ANCHOR:2020-03-27:3806,MISSING_INITIAL_ANCHOR,2020-03-27,2020,NBCC,NBCC (India) Ltd.,NSE-ISIN:INE095N01031,INE095N01031,,,A1,https://www.niftyindices.com/Press_Release/ind_prs18022020.pdf,1943215214a0b967333ae4ec9c6aeaec9c5012fb03558c769ad895b7d1081f9e,CRITICAL,Cannot remove an inactive instrument.,UNRESOLVED,,conflict_type=REMOVAL_OF_ABSENT_MEMBER; required_action=MANUAL_REVIEW
DUPLICATE_EVENT:2020-06-26:3807,DUPLICATE_EVENT,2020-06-26,2020,ADANIGAS,Adani Gas Ltd.,NSE-ISIN:INE399L01023,INE399L01023,,,A1,https://www.niftyindices.com/Press_Release/ind_prs10062020.pdf,ea83ae30ff9e8d80892e143ebd8f16fedd04c974e77d673539bb663a9f9de49e,CRITICAL,Cannot add an already active instrument.,UNRESOLVED,,conflict_type=DUPLICATE_ADD; required_action=MANUAL_REVIEW
MISSING_INITIAL_ANCHOR:2020-06-26:3808,MISSING_INITIAL_ANCHOR,2020-06-26,2020,STRTECH,Sterlite Technologies Ltd.,NSE-ISIN:INE089C01029,INE089C01029,,,A1,https://www.niftyindices.com/Press_Release/ind_prs10062020.pdf,ea83ae30ff9e8d80892e143ebd8f16fedd04c974e77d673539bb663a9f9de49e,CRITICAL,Cannot remove an inactive instrument.,UNRESOLVED,,conflict_type=REMOVAL_OF_ABSENT_MEMBER; required_action=MANUAL_REVIEW
MISSING_INITIAL_ANCHOR:2020-06-26:3809,MISSING_INITIAL_ANCHOR,2020-06-26,2020,FCONSUMER,Future Consumer Ltd.,NSE-ISIN:INE220J01025,INE220J01025,,,A1,https://www.niftyindices.com/Press_Release/ind_prs10062020.pdf,ea83ae30ff9e8d80892e143ebd8f16fedd04c974e77d673539bb663a9f9de49e,CRITICAL,Cannot remove an inactive instrument.,UNRESOLVED,,conflict_type=REMOVAL_OF_ABSENT_MEMBER; required_action=MANUAL_REVIEW
DUPLICATE_EVENT:2020-06-26:3810,DUPLICATE_EVENT,2020-06-26,2020,POLYCAB,Polycab India Ltd.,NSE-ISIN:INE455K01017,INE455K01017,,,A1,https://www.niftyindices.com/Press_Release/ind_prs10062020.pdf,ea83ae30ff9e8d80892e143ebd8f16fedd04c974e77d673539bb663a9f9de49e,CRITICAL,Cannot add an already active instrument.,UNRESOLVED,,conflict_type=DUPLICATE_ADD; required_action=MANUAL_REVIEW
MISSING_INITIAL_ANCHOR:2020-06-26:3811,MISSING_INITIAL_ANCHOR,2020-06-26,2020,GRAPHITE,Graphite India Ltd.,NSE-ISIN:INE371A01025,INE371A01025,,,A1,https://www.niftyindices.com/Press_Release/ind_prs10062020.pdf,ea83ae30ff9e8d80892e143ebd8f16fedd04c974e77d673539bb663a9f9de49e,CRITICAL,Cannot remove an inactive instrument.,UNRESOLVED,,conflict_type=REMOVAL_OF_ABSENT_MEMBER; required_action=MANUAL_REVIEW
DUPLICATE_EVENT:2020-06-26:3812,DUPLICATE_EVENT,2020-06-26,2020,NIITTECH,NIIT Technologies Ltd.,NSE-ISIN:INE591G01017,INE591G01017,,,A1,https://www.niftyindices.com/Press_Release/ind_prs10062020.pdf,ea83ae30ff9e8d80892e143ebd8f16fedd04c974e77d673539bb663a9f9de49e,CRITICAL,Cannot add an already active instrument.,UNRESOLVED,,conflict_type=DUPLICATE_ADD; required_action=MANUAL_REVIEW
MISSING_INITIAL_ANCHOR:2020-06-26:3813,MISSING_INITIAL_ANCHOR,2020-06-26,2020,NBCC,NBCC (India) Ltd.,NSE-ISIN:INE095N01031,INE095N01031,,,A1,https://www.niftyindices.com/Press_Release/ind_prs10062020.pdf,ea83ae30ff9e8d80892e143ebd8f16fedd04c974e77d673539bb663a9f9de49e,CRITICAL,Cannot remove an inactive instrument.,UNRESOLVED,,conflict_type=REMOVAL_OF_ABSENT_MEMBER; required_action=MANUAL_REVIEW
MISSING_INITIAL_ANCHOR:2020-06-26:3814,MISSING_INITIAL_ANCHOR,2020-06-26,2020,HEG,H.E.G. Ltd.,NSE-ISIN:INE545A01016,INE545A01016,,,A1,https://www.niftyindices.com/Press_Release/ind_prs10062020.pdf,ea83ae30ff9e8d80892e143ebd8f16fedd04c974e77d673539bb663a9f9de49e,CRITICAL,Cannot remove an inactive instrument.,UNRESOLVED,,conflict_type=REMOVAL_OF_ABSENT_MEMBER; required_action=MANUAL_REVIEW
DUPLICATE_EVENT:2020-06-26:3815,DUPLICATE_EVENT,2020-06-26,2020,IRCTC,Corporation Ltd.,NSE-ISIN:INE335Y01012,INE335Y01012,,,A1,https://www.niftyindices.com/Press_Release/ind_prs10062020.pdf,ea83ae30ff9e8d80892e143ebd8f16fedd04c974e77d673539bb663a9f9de49e,CRITICAL,Cannot add an already active instrument.,UNRESOLVED,,conflict_type=DUPLICATE_ADD; required_action=MANUAL_REVIEW
MISSING_INITIAL_ANCHOR:2020-06-26:3816,MISSING_INITIAL_ANCHOR,2020-06-26,2020,VARROC,Varroc Engineering Ltd.,NSE-ISIN:INE665L01035,INE665L01035,,,A1,https://www.niftyindices.com/Press_Release/ind_prs10062020.pdf,ea83ae30ff9e8d80892e143ebd8f16fedd04c974e77d673539bb663a9f9de49e,CRITICAL,Cannot remove an inactive instrument.,UNRESOLVED,,conflict_type=REMOVAL_OF_ABSENT_MEMBER; required_action=MANUAL_REVIEW
MISSING_INITIAL_ANCHOR:2020-07-31:3817,MISSING_INITIAL_ANCHOR,2020-07-31,2020,VEDL,Vedanta Ltd.,NSE-ISIN:INE205A01025,INE205A01025,,,A1,https://www.niftyindices.com/Press_Release/ind_prs02072020_1.pdf,a1941f2afac0e2d9608dbf96607ed0f3101f7347c105c2b96068717a563f1218,CRITICAL,Cannot remove an inactive instrument.,UNRESOLVED,,conflict_type=REMOVAL_OF_ABSENT_MEMBER; required_action=MANUAL_REVIEW
MISSING_INITIAL_ANCHOR:2021-03-31:3818,MISSING_INITIAL_ANCHOR,2021-03-31,2021,OFSS,Oracle Financial Services Software Ltd.,NSE-ISIN:INE881D01027,INE881D01027,,,A1,https://www.niftyindices.com/Press_Release/ind_prs23022021.pdf,74b5e33ef8c7b140caf6799926a91df424cf309855d6870b31d77c1f2c925360,CRITICAL,Cannot remove an inactive instrument.,UNRESOLVED,,conflict_type=REMOVAL_OF_ABSENT_MEMBER; required_action=MANUAL_REVIEW
MISSING_INITIAL_ANCHOR:2021-06-30:3819,MISSING_INITIAL_ANCHOR,2021-06-30,2021,MOTHERSUMI,Motherson Sumi Systems Ltd.,NSE-ISIN:INE775A01035,INE775A01035,,,A1,https://www.niftyindices.com/Press_Release/ind_prs15062021.pdf,55918ff4d49cb9ac187e178131093b76f445851838608accedb5a1e438356300,CRITICAL,Cannot remove an inactive instrument.,UNRESOLVED,,conflict_type=REMOVAL_OF_ABSENT_MEMBER; required_action=MANUAL_REVIEW
MISSING_INITIAL_ANCHOR:2021-10-29:3820,MISSING_INITIAL_ANCHOR,2021-10-29,2021,GMRINFRA,GMR Infrastructure Ltd.,NSE-ISIN:INE776C01039,INE776C01039,,,A1,https://www.niftyindices.com/Press_Release/ind_prs22102021.pdf,2dba81e7821ff406d7e4a80eccbeb852a741f7a712cd3a9e5468c1d22a40b767,CRITICAL,Cannot remove an inactive instrument.,UNRESOLVED,,conflict_type=REMOVAL_OF_ABSENT_MEMBER; required_action=MANUAL_REVIEW
MISSING_INITIAL_ANCHOR:2022-03-31:3821,MISSING_INITIAL_ANCHOR,2022-03-31,2022,SANOFI,Sanofi India Ltd.,NSE-ISIN:INE058A01010,INE058A01010,,,A1,https://www.niftyindices.com/Press_Release/ind_prs24022022_1.pdf,3091cf1c10b57bbae3b81645f5d91916a1af2bb7284902060f4640f7fb9fcd56,CRITICAL,Cannot remove an inactive instrument.,UNRESOLVED,,conflict_type=REMOVAL_OF_ABSENT_MEMBER; required_action=MANUAL_REVIEW
MISSING_INITIAL_ANCHOR:2022-03-31:3822,MISSING_INITIAL_ANCHOR,2022-03-31,2022,AMARAJABAT,Amara Raja Batteries Ltd.,NSE-ISIN:INE885A01032,INE885A01032,,,A1,https://www.niftyindices.com/Press_Release/ind_prs24022022_1.pdf,3091cf1c10b57bbae3b81645f5d91916a1af2bb7284902060f4640f7fb9fcd56,CRITICAL,Cannot remove an inactive instrument.,UNRESOLVED,,conflict_type=REMOVAL_OF_ABSENT_MEMBER; required_action=MANUAL_REVIEW
MISSING_INITIAL_ANCHOR:2022-03-31:3823,MISSING_INITIAL_ANCHOR,2022-03-31,2022,AJANTPHARM,Ajanta Pharmaceuticals Ltd.,NSE-ISIN:INE031B01049,INE031B01049,,,A1,https://www.niftyindices.com/Press_Release/ind_prs24022022_1.pdf,3091cf1c10b57bbae3b81645f5d91916a1af2bb7284902060f4640f7fb9fcd56,CRITICAL,Cannot remove an inactive instrument.,UNRESOLVED,,conflict_type=REMOVAL_OF_ABSENT_MEMBER; required_action=MANUAL_REVIEW
MISSING_INITIAL_ANCHOR:2022-03-31:3824,MISSING_INITIAL_ANCHOR,2022-03-31,2022,IRFC,Indian Railway Finance Corporation Ltd.,NSE-ISIN:INE053F01010,INE053F01010,,,A1,https://www.niftyindices.com/Press_Release/ind_prs24022022_1.pdf,3091cf1c10b57bbae3b81645f5d91916a1af2bb7284902060f4640f7fb9fcd56,CRITICAL,Cannot remove an inactive instrument.,UNRESOLVED,,conflict_type=REMOVAL_OF_ABSENT_MEMBER; required_action=MANUAL_REVIEW
MISSING_INITIAL_ANCHOR:2022-03-31:3825,MISSING_INITIAL_ANCHOR,2022-03-31,2022,NATCOPHARM,NATCO Pharma Ltd.,NSE-ISIN:INE987B01026,INE987B01026,,,A1,https://www.niftyindices.com/Press_Release/ind_prs24022022_1.pdf,3091cf1c10b57bbae3b81645f5d91916a1af2bb7284902060f4640f7fb9fcd56,CRITICAL,Cannot remove an inactive instrument.,UNRESOLVED,,conflict_type=REMOVAL_OF_ABSENT_MEMBER; required_action=MANUAL_REVIEW
MISSING_INITIAL_ANCHOR:2022-03-31:3826,MISSING_INITIAL_ANCHOR,2022-03-31,2022,HINDCOPPER,Hindustan Copper Ltd.,NSE-ISIN:INE531E01026,INE531E01026,,,A1,https://www.niftyindices.com/Press_Release/ind_prs24022022_1.pdf,3091cf1c10b57bbae3b81645f5d91916a1af2bb7284902060f4640f7fb9fcd56,CRITICAL,Cannot remove an inactive instrument.,UNRESOLVED,,conflict_type=REMOVAL_OF_ABSENT_MEMBER; required_action=MANUAL_REVIEW
DUPLICATE_EVENT:2022-03-31:3827,DUPLICATE_EVENT,2022-03-31,2022,ABBOTINDIA,Abbott India Ltd.,NSE-ISIN:INE358A01014,INE358A01014,,,A1,https://www.niftyindices.com/Press_Release/ind_prs24022022_1.pdf,3091cf1c10b57bbae3b81645f5d91916a1af2bb7284902060f4640f7fb9fcd56,CRITICAL,Cannot add an already active instrument.,UNRESOLVED,,conflict_type=DUPLICATE_ADD; required_action=MANUAL_REVIEW
MISSING_INITIAL_ANCHOR:2022-08-08:3828,MISSING_INITIAL_ANCHOR,2022-08-08,2022,PEL,Piramal Enterprises Ltd.,NSE-ISIN:INE140A01024,INE140A01024,,,A1,https://www.niftyindices.com/Press_Release/ind_prs11072022.pdf,dd1021f2123de0facdce17c6dd3cd0e21dc30f1665f346c2798c93f700982e1f,CRITICAL,Cannot remove an inactive instrument.,UNRESOLVED,,conflict_type=REMOVAL_OF_ABSENT_MEMBER; required_action=MANUAL_REVIEW
MISSING_INITIAL_ANCHOR:2022-09-30:3829,MISSING_INITIAL_ANCHOR,2022-09-30,2022,APOLLOTYRE,Apollo Tyres Ltd.,NSE-ISIN:INE438A01022,INE438A01022,,,A1,https://www.niftyindices.com/Press_Release/ind_prs01092022.pdf,16166ac483166d47c9b0aef2293f86e0c82a619999bd71902ee97803de89a0e1,CRITICAL,Cannot remove an inactive instrument.,UNRESOLVED,,conflict_type=REMOVAL_OF_ABSENT_MEMBER; required_action=MANUAL_REVIEW
MISSING_INITIAL_ANCHOR:2022-09-30:3830,MISSING_INITIAL_ANCHOR,2022-09-30,2022,GLENMARK,Glenmark Pharmaceuticals Ltd.,NSE-ISIN:INE935A01035,INE935A01035,,,A1,https://www.niftyindices.com/Press_Release/ind_prs01092022.pdf,16166ac483166d47c9b0aef2293f86e0c82a619999bd71902ee97803de89a0e1,CRITICAL,Cannot remove an inactive instrument.,UNRESOLVED,,conflict_type=REMOVAL_OF_ABSENT_MEMBER; required_action=MANUAL_REVIEW
MISSING_INITIAL_ANCHOR:2022-09-30:3831,MISSING_INITIAL_ANCHOR,2022-09-30,2022,APLLTD,Alembic Pharmaceuticals Ltd.,NSE-ISIN:INE901L01018,INE901L01018,,,A1,https://www.niftyindices.com/Press_Release/ind_prs01092022.pdf,16166ac483166d47c9b0aef2293f86e0c82a619999bd71902ee97803de89a0e1,CRITICAL,Cannot remove an inactive instrument.,UNRESOLVED,,conflict_type=REMOVAL_OF_ABSENT_MEMBER; required_action=MANUAL_REVIEW
MISSING_INITIAL_ANCHOR:2022-09-30:3832,MISSING_INITIAL_ANCHOR,2022-09-30,2022,EXIDEIND,Exide Industries Ltd.,NSE-ISIN:INE302A01020,INE302A01020,,,A1,https://www.niftyindices.com/Press_Release/ind_prs01092022.pdf,16166ac483166d47c9b0aef2293f86e0c82a619999bd71902ee97803de89a0e1,CRITICAL,Cannot remove an inactive instrument.,UNRESOLVED,,conflict_type=REMOVAL_OF_ABSENT_MEMBER; required_action=MANUAL_REVIEW
MISSING_INITIAL_ANCHOR:2023-03-31:3833,MISSING_INITIAL_ANCHOR,2023-03-31,2023,ISEC,ICICI Securities Ltd.,NSE-ISIN:INE763G01038,INE763G01038,,,A1,https://www.niftyindices.com/Press_Release/ind_prs17022023_1.pdf,fc55cd8916629df82b94a31e03c050b096bcbf98bcd1fb6e700c3223e93b8cbe,CRITICAL,Cannot remove an inactive instrument.,UNRESOLVED,,conflict_type=REMOVAL_OF_ABSENT_MEMBER; required_action=MANUAL_REVIEW
DUPLICATE_EVENT:2023-03-31:3834,DUPLICATE_EVENT,2023-03-31,2023,ADANIPOWER,Adani Power Ltd.,NSE-ISIN:INE814H01011,INE814H01011,,,A1,https://www.niftyindices.com/Press_Release/ind_prs17022023_1.pdf,fc55cd8916629df82b94a31e03c050b096bcbf98bcd1fb6e700c3223e93b8cbe,CRITICAL,Cannot add an already active instrument.,UNRESOLVED,,conflict_type=DUPLICATE_ADD; required_action=MANUAL_REVIEW
MISSING_INITIAL_ANCHOR:2023-03-31:3835,MISSING_INITIAL_ANCHOR,2023-03-31,2023,NATIONALUM,National Aluminium Co. Ltd.,NSE-ISIN:INE139A01034,INE139A01034,,,A1,https://www.niftyindices.com/Press_Release/ind_prs17022023_1.pdf,fc55cd8916629df82b94a31e03c050b096bcbf98bcd1fb6e700c3223e93b8cbe,CRITICAL,Cannot remove an inactive instrument.,UNRESOLVED,,conflict_type=REMOVAL_OF_ABSENT_MEMBER; required_action=MANUAL_REVIEW
MISSING_INITIAL_ANCHOR:2023-03-31:3836,MISSING_INITIAL_ANCHOR,2023-03-31,2023,GSPL,Gujarat State Petronet Ltd.,NSE-ISIN:INE246F01010,INE246F01010,,,A1,https://www.niftyindices.com/Press_Release/ind_prs17022023_1.pdf,fc55cd8916629df82b94a31e03c050b096bcbf98bcd1fb6e700c3223e93b8cbe,CRITICAL,Cannot remove an inactive instrument.,UNRESOLVED,,conflict_type=REMOVAL_OF_ABSENT_MEMBER; required_action=MANUAL_REVIEW
MISSING_INITIAL_ANCHOR:2023-07-13:3837,MISSING_INITIAL_ANCHOR,2023-07-13,2023,HDFC,Housing Development Finance Corporation Ltd.,NSE-ISIN:INE001A01036,INE001A01036,,,A1,https://www.niftyindices.com/Press_Release/ind_prs04072023.pdf,dbc48cbd8b127ca35df4fbac956964dc0922d282baab25956025beb20ba65cb0,CRITICAL,Cannot remove an inactive instrument.,UNRESOLVED,,conflict_type=REMOVAL_OF_ABSENT_MEMBER; required_action=MANUAL_REVIEW
MISSING_INITIAL_ANCHOR:2024-03-28:3838,MISSING_INITIAL_ANCHOR,2024-03-28,2024,UBL,United Breweries Ltd.,NSE-ISIN:INE686F01025,INE686F01025,,,A1,https://www.niftyindices.com/Press_Release/ind_prs28022024.pdf,5c70d043edde682a31fc5fa043a3b829a380fc9896de904bcb76d64b8319f698,CRITICAL,Cannot remove an inactive instrument.,UNRESOLVED,,conflict_type=REMOVAL_OF_ABSENT_MEMBER; required_action=MANUAL_REVIEW
MISSING_INITIAL_ANCHOR:2024-03-28:3839,MISSING_INITIAL_ANCHOR,2024-03-28,2024,BATAINDIA,Bata India Ltd.,NSE-ISIN:INE176A01028,INE176A01028,,,A1,https://www.niftyindices.com/Press_Release/ind_prs28022024.pdf,5c70d043edde682a31fc5fa043a3b829a380fc9896de904bcb76d64b8319f698,CRITICAL,Cannot remove an inactive instrument.,UNRESOLVED,,conflict_type=REMOVAL_OF_ABSENT_MEMBER; required_action=MANUAL_REVIEW
DUPLICATE_EVENT:2024-03-28:3840,DUPLICATE_EVENT,2024-03-28,2024,OFSS,Oracle Financial Services Software Ltd.,NSE-ISIN:INE881D01027,INE881D01027,,,A1,https://www.niftyindices.com/Press_Release/ind_prs28022024.pdf,5c70d043edde682a31fc5fa043a3b829a380fc9896de904bcb76d64b8319f698,CRITICAL,Cannot add an already active instrument.,UNRESOLVED,,conflict_type=DUPLICATE_ADD; required_action=MANUAL_REVIEW
MISSING_INITIAL_ANCHOR:2024-03-28:3841,MISSING_INITIAL_ANCHOR,2024-03-28,2024,MUTHOOTFIN,Muthoot Finance Ltd.,NSE-ISIN:INE414G01012,INE414G01012,,,A1,https://www.niftyindices.com/Press_Release/ind_prs28022024.pdf,5c70d043edde682a31fc5fa043a3b829a380fc9896de904bcb76d64b8319f698,CRITICAL,Cannot remove an inactive instrument.,UNRESOLVED,,conflict_type=REMOVAL_OF_ABSENT_MEMBER; required_action=MANUAL_REVIEW
MISSING_INITIAL_ANCHOR:2024-03-28:3842,MISSING_INITIAL_ANCHOR,2024-03-28,2024,NAVINFLUOR,Navin Fluorine International Ltd.,NSE-ISIN:INE048G01026,INE048G01026,,,A1,https://www.niftyindices.com/Press_Release/ind_prs28022024.pdf,5c70d043edde682a31fc5fa043a3b829a380fc9896de904bcb76d64b8319f698,CRITICAL,Cannot remove an inactive instrument.,UNRESOLVED,,conflict_type=REMOVAL_OF_ABSENT_MEMBER; required_action=MANUAL_REVIEW
MISSING_INITIAL_ANCHOR:2025-09-30:3843,MISSING_INITIAL_ANCHOR,2025-09-30,2025,OLAELEC,Ola Electric Mobility Ltd.,NSE-ISIN:INE0LXG01040,INE0LXG01040,,,A1,https://www.niftyindices.com/Press_Release/ind_prs22082025.pdf,731113af85aad6b54cce359d5465d84e6062b28b03c21cd9922a20a3f44d2de1,CRITICAL,Cannot remove an inactive instrument.,UNRESOLVED,,conflict_type=REMOVAL_OF_ABSENT_MEMBER; required_action=MANUAL_REVIEW
MISSING_INITIAL_ANCHOR:2025-09-30:3844,MISSING_INITIAL_ANCHOR,2025-09-30,2025,PETRONET,Petronet LNG Ltd.,NSE-ISIN:INE347G01014,INE347G01014,,,A1,https://www.niftyindices.com/Press_Release/ind_prs22082025.pdf,731113af85aad6b54cce359d5465d84e6062b28b03c21cd9922a20a3f44d2de1,CRITICAL,Cannot remove an inactive instrument.,UNRESOLVED,,conflict_type=REMOVAL_OF_ABSENT_MEMBER; required_action=MANUAL_REVIEW
DUPLICATE_EVENT:2025-09-30:3845,DUPLICATE_EVENT,2025-09-30,2025,FORTIS,Fortis Healthcare Ltd.,NSE-ISIN:INE061F01013,INE061F01013,,,A1,https://www.niftyindices.com/Press_Release/ind_prs22082025.pdf,731113af85aad6b54cce359d5465d84e6062b28b03c21cd9922a20a3f44d2de1,CRITICAL,Cannot add an already active instrument.,UNRESOLVED,,conflict_type=DUPLICATE_ADD; required_action=MANUAL_REVIEW
MISSING_INITIAL_ANCHOR:2026-03-30:3846,MISSING_INITIAL_ANCHOR,2026-03-30,2026,IGL,Indraprastha Gas Ltd.,NSE-ISIN:INE203G01027,INE203G01027,,,A1,https://www.niftyindices.com/Press_Release/ind_prs23022026.pdf,cb5830aff1e8715997d9204509315f393ed961838ebc14e986fcb800c62e5a0b,CRITICAL,Cannot remove an inactive instrument.,UNRESOLVED,,conflict_type=REMOVAL_OF_ABSENT_MEMBER; required_action=MANUAL_REVIEW
MISSING_INITIAL_ANCHOR:2026-03-30:3847,MISSING_INITIAL_ANCHOR,2026-03-30,2026,IRB,IRB Infrastructure Developers Ltd.,NSE-ISIN:INE821I01014,INE821I01014,,,A1,https://www.niftyindices.com/Press_Release/ind_prs23022026.pdf,cb5830aff1e8715997d9204509315f393ed961838ebc14e986fcb800c62e5a0b,CRITICAL,Cannot remove an inactive instrument.,UNRESOLVED,,conflict_type=REMOVAL_OF_ABSENT_MEMBER; required_action=MANUAL_REVIEW
MISSING_INITIAL_ANCHOR:2026-03-30:3848,MISSING_INITIAL_ANCHOR,2026-03-30,2026,ACC,ACC Ltd.,NSE-ISIN:INE012A01025,INE012A01025,,,A1,https://www.niftyindices.com/Press_Release/ind_prs23022026.pdf,cb5830aff1e8715997d9204509315f393ed961838ebc14e986fcb800c62e5a0b,CRITICAL,Cannot remove an inactive instrument.,UNRESOLVED,,conflict_type=REMOVAL_OF_ABSENT_MEMBER; required_action=MANUAL_REVIEW
MISSING_INITIAL_ANCHOR:2026-03-30:3849,MISSING_INITIAL_ANCHOR,2026-03-30,2026,BAJAJHFL,Bajaj Housing Finance Ltd.,NSE-ISIN:INE377Y01014,INE377Y01014,,,A1,https://www.niftyindices.com/Press_Release/ind_prs23022026.pdf,cb5830aff1e8715997d9204509315f393ed961838ebc14e986fcb800c62e5a0b,CRITICAL,Cannot remove an inactive instrument.,UNRESOLVED,,conflict_type=REMOVAL_OF_ABSENT_MEMBER; required_action=MANUAL_REVIEW
DUPLICATE_EVENT:2026-03-30:3850,DUPLICATE_EVENT,2026-03-30,2026,LAURUSLABS,Laurus Labs Ltd.,NSE-ISIN:INE947Q01028,INE947Q01028,,,A1,https://www.niftyindices.com/Press_Release/ind_prs23022026.pdf,cb5830aff1e8715997d9204509315f393ed961838ebc14e986fcb800c62e5a0b,CRITICAL,Cannot add an already active instrument.,UNRESOLVED,,conflict_type=DUPLICATE_ADD; required_action=MANUAL_REVIEW
MISSING_INITIAL_ANCHOR:2026-03-30:3851,MISSING_INITIAL_ANCHOR,2026-03-30,2026,NTPCGREEN,NTPC Green Energy Ltd.,NSE-ISIN:INE0ONG01011,INE0ONG01011,,,A1,https://www.niftyindices.com/Press_Release/ind_prs23022026.pdf,cb5830aff1e8715997d9204509315f393ed961838ebc14e986fcb800c62e5a0b,CRITICAL,Cannot remove an inactive instrument.,UNRESOLVED,,conflict_type=REMOVAL_OF_ABSENT_MEMBER; required_action=MANUAL_REVIEW
MISSING_INITIAL_ANCHOR:2026-03-30:3852,MISSING_INITIAL_ANCHOR,2026-03-30,2026,BHARTIHEXA,Bharti Hexacom Ltd.,NSE-ISIN:INE343G01021,INE343G01021,,,A1,https://www.niftyindices.com/Press_Release/ind_prs23022026.pdf,cb5830aff1e8715997d9204509315f393ed961838ebc14e986fcb800c62e5a0b,CRITICAL,Cannot remove an inactive instrument.,UNRESOLVED,,conflict_type=REMOVAL_OF_ABSENT_MEMBER; required_action=MANUAL_REVIEW
MONTHLY_SNAPSHOT_MISSING::3853,MONTHLY_SNAPSHOT_MISSING,,,,,,,,,,,,HIGH,68 campaign months lack an official checkpoint matching the historical security-count rule.,UNRESOLVED,,conflict_type=COVERAGE_GAP; required_action=SOURCE_RETRIEVAL_OR_MANUAL_REVIEW
