checkpoint_date,difference_type,symbol,source_checkpoint_date,source_checkpoint_sha256,resolution_status,notes
2013-09-30,MISSING_FROM_REPLAY,ramcocem,2013-04-18,4942c0f021abcd6ed9702c343c2696ec44cfa8022c7e37448f8a78c075c4a16d,UNRESOLVED_MANUAL_REVIEW,No authoritative 2012 anchor or complete certified event chain; symbol is in the official checkpoint but absent from diagnostic replay.
2013-09-30,UNEXPECTED_IN_REPLAY,madrascem,2013-04-18,4942c0f021abcd6ed9702c343c2696ec44cfa8022c7e37448f8a78c075c4a16d,UNRESOLVED_MANUAL_REVIEW,Diagnostic reverse replay retains a symbol not present in the official checkpoint.
2013-10-31,MISSING_FROM_REPLAY,ramcocem,2013-04-18,4942c0f021abcd6ed9702c343c2696ec44cfa8022c7e37448f8a78c075c4a16d,UNRESOLVED_MANUAL_REVIEW,No authoritative 2012 anchor or complete certified event chain; symbol is in the official checkpoint but absent from diagnostic replay.
2013-10-31,MISSING_FROM_REPLAY,sslt,2013-04-18,4942c0f021abcd6ed9702c343c2696ec44cfa8022c7e37448f8a78c075c4a16d,UNRESOLVED_MANUAL_REVIEW,No authoritative 2012 anchor or complete certified event chain; symbol is in the official checkpoint but absent from diagnostic replay.
2013-10-31,MISSING_FROM_REPLAY,upl,2013-04-18,4942c0f021abcd6ed9702c343c2696ec44cfa8022c7e37448f8a78c075c4a16d,UNRESOLVED_MANUAL_REVIEW,No authoritative 2012 anchor or complete certified event chain; symbol is in the official checkpoint but absent from diagnostic replay.
2013-10-31,UNEXPECTED_IN_REPLAY,madrascem,2013-04-18,4942c0f021abcd6ed9702c343c2696ec44cfa8022c7e37448f8a78c075c4a16d,UNRESOLVED_MANUAL_REVIEW,Diagnostic reverse replay retains a symbol not present in the official checkpoint.
2013-10-31,UNEXPECTED_IN_REPLAY,sesagoa,2013-04-18,4942c0f021abcd6ed9702c343c2696ec44cfa8022c7e37448f8a78c075c4a16d,UNRESOLVED_MANUAL_REVIEW,Diagnostic reverse replay retains a symbol not present in the official checkpoint.
2013-10-31,UNEXPECTED_IN_REPLAY,uniphos,2013-04-18,4942c0f021abcd6ed9702c343c2696ec44cfa8022c7e37448f8a78c075c4a16d,UNRESOLVED_MANUAL_REVIEW,Diagnostic reverse replay retains a symbol not present in the official checkpoint.
2013-11-29,MISSING_FROM_REPLAY,ramcocem,2013-04-18,4942c0f021abcd6ed9702c343c2696ec44cfa8022c7e37448f8a78c075c4a16d,UNRESOLVED_MANUAL_REVIEW,No authoritative 2012 anchor or complete certified event chain; symbol is in the official checkpoint but absent from diagnostic replay.
2013-11-29,MISSING_FROM_REPLAY,sslt,2013-04-18,4942c0f021abcd6ed9702c343c2696ec44cfa8022c7e37448f8a78c075c4a16d,UNRESOLVED_MANUAL_REVIEW,No authoritative 2012 anchor or complete certified event chain; symbol is in the official checkpoint but absent from diagnostic replay.
2013-11-29,MISSING_FROM_REPLAY,upl,2013-04-18,4942c0f021abcd6ed9702c343c2696ec44cfa8022c7e37448f8a78c075c4a16d,UNRESOLVED_MANUAL_REVIEW,No authoritative 2012 anchor or complete certified event chain; symbol is in the official checkpoint but absent from diagnostic replay.
2013-11-29,UNEXPECTED_IN_REPLAY,madrascem,2013-04-18,4942c0f021abcd6ed9702c343c2696ec44cfa8022c7e37448f8a78c075c4a16d,UNRESOLVED_MANUAL_REVIEW,Diagnostic reverse replay retains a symbol not present in the official checkpoint.
2013-11-29,UNEXPECTED_IN_REPLAY,sesagoa,2013-04-18,4942c0f021abcd6ed9702c343c2696ec44cfa8022c7e37448f8a78c075c4a16d,UNRESOLVED_MANUAL_REVIEW,Diagnostic reverse replay retains a symbol not present in the official checkpoint.
2013-11-29,UNEXPECTED_IN_REPLAY,uniphos,2013-04-18,4942c0f021abcd6ed9702c343c2696ec44cfa8022c7e37448f8a78c075c4a16d,UNRESOLVED_MANUAL_REVIEW,Diagnostic reverse replay retains a symbol not present in the official checkpoint.
2013-12-31,MISSING_FROM_REPLAY,ramcocem,2013-04-18,4942c0f021abcd6ed9702c343c2696ec44cfa8022c7e37448f8a78c075c4a16d,UNRESOLVED_MANUAL_REVIEW,No authoritative 2012 anchor or complete certified event chain; symbol is in the official checkpoint but absent from diagnostic replay.
2013-12-31,MISSING_FROM_REPLAY,sslt,2013-04-18,4942c0f021abcd6ed9702c343c2696ec44cfa8022c7e37448f8a78c075c4a16d,UNRESOLVED_MANUAL_REVIEW,No authoritative 2012 anchor or complete certified event chain; symbol is in the official checkpoint but absent from diagnostic replay.
2013-12-31,MISSING_FROM_REPLAY,upl,2013-04-18,4942c0f021abcd6ed9702c343c2696ec44cfa8022c7e37448f8a78c075c4a16d,UNRESOLVED_MANUAL_REVIEW,No authoritative 2012 anchor or complete certified event chain; symbol is in the official checkpoint but absent from diagnostic replay.
2013-12-31,UNEXPECTED_IN_REPLAY,madrascem,2013-04-18,4942c0f021abcd6ed9702c343c2696ec44cfa8022c7e37448f8a78c075c4a16d,UNRESOLVED_MANUAL_REVIEW,Diagnostic reverse replay retains a symbol not present in the official checkpoint.
2013-12-31,UNEXPECTED_IN_REPLAY,sesagoa,2013-04-18,4942c0f021abcd6ed9702c343c2696ec44cfa8022c7e37448f8a78c075c4a16d,UNRESOLVED_MANUAL_REVIEW,Diagnostic reverse replay retains a symbol not present in the official checkpoint.
2013-12-31,UNEXPECTED_IN_REPLAY,uniphos,2013-04-18,4942c0f021abcd6ed9702c343c2696ec44cfa8022c7e37448f8a78c075c4a16d,UNRESOLVED_MANUAL_REVIEW,Diagnostic reverse replay retains a symbol not present in the official checkpoint.
2014-01-31,MISSING_FROM_REPLAY,ramcocem,2013-04-18,4942c0f021abcd6ed9702c343c2696ec44cfa8022c7e37448f8a78c075c4a16d,UNRESOLVED_MANUAL_REVIEW,No authoritative 2012 anchor or complete certified event chain; symbol is in the official checkpoint but absent from diagnostic replay.
2014-01-31,MISSING_FROM_REPLAY,sslt,2013-04-18,4942c0f021abcd6ed9702c343c2696ec44cfa8022c7e37448f8a78c075c4a16d,UNRESOLVED_MANUAL_REVIEW,No authoritative 2012 anchor or complete certified event chain; symbol is in the official checkpoint but absent from diagnostic replay.
2014-01-31,MISSING_FROM_REPLAY,upl,2013-04-18,4942c0f021abcd6ed9702c343c2696ec44cfa8022c7e37448f8a78c075c4a16d,UNRESOLVED_MANUAL_REVIEW,No authoritative 2012 anchor or complete certified event chain; symbol is in the official checkpoint but absent from diagnostic replay.
2014-01-31,UNEXPECTED_IN_REPLAY,madrascem,2013-04-18,4942c0f021abcd6ed9702c343c2696ec44cfa8022c7e37448f8a78c075c4a16d,UNRESOLVED_MANUAL_REVIEW,Diagnostic reverse replay retains a symbol not present in the official checkpoint.
2014-01-31,UNEXPECTED_IN_REPLAY,sesagoa,2013-04-18,4942c0f021abcd6ed9702c343c2696ec44cfa8022c7e37448f8a78c075c4a16d,UNRESOLVED_MANUAL_REVIEW,Diagnostic reverse replay retains a symbol not present in the official checkpoint.
2014-01-31,UNEXPECTED_IN_REPLAY,uniphos,2013-04-18,4942c0f021abcd6ed9702c343c2696ec44cfa8022c7e37448f8a78c075c4a16d,UNRESOLVED_MANUAL_REVIEW,Diagnostic reverse replay retains a symbol not present in the official checkpoint.
2014-02-28,MISSING_FROM_REPLAY,ramcocem,2013-04-18,4942c0f021abcd6ed9702c343c2696ec44cfa8022c7e37448f8a78c075c4a16d,UNRESOLVED_MANUAL_REVIEW,No authoritative 2012 anchor or complete certified event chain; symbol is in the official checkpoint but absent from diagnostic replay.
2014-02-28,MISSING_FROM_REPLAY,sslt,2013-04-18,4942c0f021abcd6ed9702c343c2696ec44cfa8022c7e37448f8a78c075c4a16d,UNRESOLVED_MANUAL_REVIEW,No authoritative 2012 anchor or complete certified event chain; symbol is in the official checkpoint but absent from diagnostic replay.
2014-02-28,MISSING_FROM_REPLAY,upl,2013-04-18,4942c0f021abcd6ed9702c343c2696ec44cfa8022c7e37448f8a78c075c4a16d,UNRESOLVED_MANUAL_REVIEW,No authoritative 2012 anchor or complete certified event chain; symbol is in the official checkpoint but absent from diagnostic replay.
2014-02-28,UNEXPECTED_IN_REPLAY,madrascem,2013-04-18,4942c0f021abcd6ed9702c343c2696ec44cfa8022c7e37448f8a78c075c4a16d,UNRESOLVED_MANUAL_REVIEW,Diagnostic reverse replay retains a symbol not present in the official checkpoint.
2014-02-28,UNEXPECTED_IN_REPLAY,sesagoa,2013-04-18,4942c0f021abcd6ed9702c343c2696ec44cfa8022c7e37448f8a78c075c4a16d,UNRESOLVED_MANUAL_REVIEW,Diagnostic reverse replay retains a symbol not present in the official checkpoint.
2014-02-28,UNEXPECTED_IN_REPLAY,uniphos,2013-04-18,4942c0f021abcd6ed9702c343c2696ec44cfa8022c7e37448f8a78c075c4a16d,UNRESOLVED_MANUAL_REVIEW,Diagnostic reverse replay retains a symbol not present in the official checkpoint.
2014-03-31,MISSING_FROM_REPLAY,ramcocem,2013-04-18,4942c0f021abcd6ed9702c343c2696ec44cfa8022c7e37448f8a78c075c4a16d,UNRESOLVED_MANUAL_REVIEW,No authoritative 2012 anchor or complete certified event chain; symbol is in the official checkpoint but absent from diagnostic replay.
2014-03-31,MISSING_FROM_REPLAY,sslt,2013-04-18,4942c0f021abcd6ed9702c343c2696ec44cfa8022c7e37448f8a78c075c4a16d,UNRESOLVED_MANUAL_REVIEW,No authoritative 2012 anchor or complete certified event chain; symbol is in the official checkpoint but absent from diagnostic replay.
2014-03-31,MISSING_FROM_REPLAY,upl,2013-04-18,4942c0f021abcd6ed9702c343c2696ec44cfa8022c7e37448f8a78c075c4a16d,UNRESOLVED_MANUAL_REVIEW,No authoritative 2012 anchor or complete certified event chain; symbol is in the official checkpoint but absent from diagnostic replay.
2014-03-31,UNEXPECTED_IN_REPLAY,madrascem,2013-04-18,4942c0f021abcd6ed9702c343c2696ec44cfa8022c7e37448f8a78c075c4a16d,UNRESOLVED_MANUAL_REVIEW,Diagnostic reverse replay retains a symbol not present in the official checkpoint.
2014-03-31,UNEXPECTED_IN_REPLAY,sesagoa,2013-04-18,4942c0f021abcd6ed9702c343c2696ec44cfa8022c7e37448f8a78c075c4a16d,UNRESOLVED_MANUAL_REVIEW,Diagnostic reverse replay retains a symbol not present in the official checkpoint.
2014-03-31,UNEXPECTED_IN_REPLAY,uniphos,2013-04-18,4942c0f021abcd6ed9702c343c2696ec44cfa8022c7e37448f8a78c075c4a16d,UNRESOLVED_MANUAL_REVIEW,Diagnostic reverse replay retains a symbol not present in the official checkpoint.
2014-04-30,MISSING_FROM_REPLAY,ramcocem,2013-04-18,4942c0f021abcd6ed9702c343c2696ec44cfa8022c7e37448f8a78c075c4a16d,UNRESOLVED_MANUAL_REVIEW,No authoritative 2012 anchor or complete certified event chain; symbol is in the official checkpoint but absent from diagnostic replay.
2014-04-30,MISSING_FROM_REPLAY,sslt,2013-04-18,4942c0f021abcd6ed9702c343c2696ec44cfa8022c7e37448f8a78c075c4a16d,UNRESOLVED_MANUAL_REVIEW,No authoritative 2012 anchor or complete certified event chain; symbol is in the official checkpoint but absent from diagnostic replay.
2014-04-30,MISSING_FROM_REPLAY,upl,2013-04-18,4942c0f021abcd6ed9702c343c2696ec44cfa8022c7e37448f8a78c075c4a16d,UNRESOLVED_MANUAL_REVIEW,No authoritative 2012 anchor or complete certified event chain; symbol is in the official checkpoint but absent from diagnostic replay.
2014-04-30,UNEXPECTED_IN_REPLAY,madrascem,2013-04-18,4942c0f021abcd6ed9702c343c2696ec44cfa8022c7e37448f8a78c075c4a16d,UNRESOLVED_MANUAL_REVIEW,Diagnostic reverse replay retains a symbol not present in the official checkpoint.
2014-04-30,UNEXPECTED_IN_REPLAY,sesagoa,2013-04-18,4942c0f021abcd6ed9702c343c2696ec44cfa8022c7e37448f8a78c075c4a16d,UNRESOLVED_MANUAL_REVIEW,Diagnostic reverse replay retains a symbol not present in the official checkpoint.
2014-04-30,UNEXPECTED_IN_REPLAY,uniphos,2013-04-18,4942c0f021abcd6ed9702c343c2696ec44cfa8022c7e37448f8a78c075c4a16d,UNRESOLVED_MANUAL_REVIEW,Diagnostic reverse replay retains a symbol not present in the official checkpoint.
2014-05-30,MISSING_FROM_REPLAY,cyient,2013-04-18,4942c0f021abcd6ed9702c343c2696ec44cfa8022c7e37448f8a78c075c4a16d,UNRESOLVED_MANUAL_REVIEW,No authoritative 2012 anchor or complete certified event chain; symbol is in the official checkpoint but absent from diagnostic replay.
2014-05-30,MISSING_FROM_REPLAY,ramcocem,2013-04-18,4942c0f021abcd6ed9702c343c2696ec44cfa8022c7e37448f8a78c075c4a16d,UNRESOLVED_MANUAL_REVIEW,No authoritative 2012 anchor or complete certified event chain; symbol is in the official checkpoint but absent from diagnostic replay.
2014-05-30,MISSING_FROM_REPLAY,sslt,2013-04-18,4942c0f021abcd6ed9702c343c2696ec44cfa8022c7e37448f8a78c075c4a16d,UNRESOLVED_MANUAL_REVIEW,No authoritative 2012 anchor or complete certified event chain; symbol is in the official checkpoint but absent from diagnostic replay.
2014-05-30,MISSING_FROM_REPLAY,upl,2013-04-18,4942c0f021abcd6ed9702c343c2696ec44cfa8022c7e37448f8a78c075c4a16d,UNRESOLVED_MANUAL_REVIEW,No authoritative 2012 anchor or complete certified event chain; symbol is in the official checkpoint but absent from diagnostic replay.
2014-05-30,UNEXPECTED_IN_REPLAY,infotecent,2013-04-18,4942c0f021abcd6ed9702c343c2696ec44cfa8022c7e37448f8a78c075c4a16d,UNRESOLVED_MANUAL_REVIEW,Diagnostic reverse replay retains a symbol not present in the official checkpoint.
2014-05-30,UNEXPECTED_IN_REPLAY,madrascem,2013-04-18,4942c0f021abcd6ed9702c343c2696ec44cfa8022c7e37448f8a78c075c4a16d,UNRESOLVED_MANUAL_REVIEW,Diagnostic reverse replay retains a symbol not present in the official checkpoint.
2014-05-30,UNEXPECTED_IN_REPLAY,sesagoa,2013-04-18,4942c0f021abcd6ed9702c343c2696ec44cfa8022c7e37448f8a78c075c4a16d,UNRESOLVED_MANUAL_REVIEW,Diagnostic reverse replay retains a symbol not present in the official checkpoint.
2014-05-30,UNEXPECTED_IN_REPLAY,uniphos,2013-04-18,4942c0f021abcd6ed9702c343c2696ec44cfa8022c7e37448f8a78c075c4a16d,UNRESOLVED_MANUAL_REVIEW,Diagnostic reverse replay retains a symbol not present in the official checkpoint.
2014-06-30,MISSING_FROM_REPLAY,cyient,2013-04-18,4942c0f021abcd6ed9702c343c2696ec44cfa8022c7e37448f8a78c075c4a16d,UNRESOLVED_MANUAL_REVIEW,No authoritative 2012 anchor or complete certified event chain; symbol is in the official checkpoint but absent from diagnostic replay.
2014-06-30,MISSING_FROM_REPLAY,ramcocem,2013-04-18,4942c0f021abcd6ed9702c343c2696ec44cfa8022c7e37448f8a78c075c4a16d,UNRESOLVED_MANUAL_REVIEW,No authoritative 2012 anchor or complete certified event chain; symbol is in the official checkpoint but absent from diagnostic replay.
2014-06-30,MISSING_FROM_REPLAY,sslt,2013-04-18,4942c0f021abcd6ed9702c343c2696ec44cfa8022c7e37448f8a78c075c4a16d,UNRESOLVED_MANUAL_REVIEW,No authoritative 2012 anchor or complete certified event chain; symbol is in the official checkpoint but absent from diagnostic replay.
2014-06-30,MISSING_FROM_REPLAY,upl,2013-04-18,4942c0f021abcd6ed9702c343c2696ec44cfa8022c7e37448f8a78c075c4a16d,UNRESOLVED_MANUAL_REVIEW,No authoritative 2012 anchor or complete certified event chain; symbol is in the official checkpoint but absent from diagnostic replay.
2014-06-30,UNEXPECTED_IN_REPLAY,infotecent,2013-04-18,4942c0f021abcd6ed9702c343c2696ec44cfa8022c7e37448f8a78c075c4a16d,UNRESOLVED_MANUAL_REVIEW,Diagnostic reverse replay retains a symbol not present in the official checkpoint.
2014-06-30,UNEXPECTED_IN_REPLAY,madrascem,2013-04-18,4942c0f021abcd6ed9702c343c2696ec44cfa8022c7e37448f8a78c075c4a16d,UNRESOLVED_MANUAL_REVIEW,Diagnostic reverse replay retains a symbol not present in the official checkpoint.
2014-06-30,UNEXPECTED_IN_REPLAY,sesagoa,2013-04-18,4942c0f021abcd6ed9702c343c2696ec44cfa8022c7e37448f8a78c075c4a16d,UNRESOLVED_MANUAL_REVIEW,Diagnostic reverse replay retains a symbol not present in the official checkpoint.
2014-06-30,UNEXPECTED_IN_REPLAY,uniphos,2013-04-18,4942c0f021abcd6ed9702c343c2696ec44cfa8022c7e37448f8a78c075c4a16d,UNRESOLVED_MANUAL_REVIEW,Diagnostic reverse replay retains a symbol not present in the official checkpoint.
2014-07-31,MISSING_FROM_REPLAY,cyient,2013-04-18,4942c0f021abcd6ed9702c343c2696ec44cfa8022c7e37448f8a78c075c4a16d,UNRESOLVED_MANUAL_REVIEW,No authoritative 2012 anchor or complete certified event chain; symbol is in the official checkpoint but absent from diagnostic replay.
2014-07-31,MISSING_FROM_REPLAY,ramcocem,2013-04-18,4942c0f021abcd6ed9702c343c2696ec44cfa8022c7e37448f8a78c075c4a16d,UNRESOLVED_MANUAL_REVIEW,No authoritative 2012 anchor or complete certified event chain; symbol is in the official checkpoint but absent from diagnostic replay.
2014-07-31,MISSING_FROM_REPLAY,sslt,2013-04-18,4942c0f021abcd6ed9702c343c2696ec44cfa8022c7e37448f8a78c075c4a16d,UNRESOLVED_MANUAL_REVIEW,No authoritative 2012 anchor or complete certified event chain; symbol is in the official checkpoint but absent from diagnostic replay.
2014-07-31,MISSING_FROM_REPLAY,upl,2013-04-18,4942c0f021abcd6ed9702c343c2696ec44cfa8022c7e37448f8a78c075c4a16d,UNRESOLVED_MANUAL_REVIEW,No authoritative 2012 anchor or complete certified event chain; symbol is in the official checkpoint but absent from diagnostic replay.
2014-07-31,UNEXPECTED_IN_REPLAY,infotecent,2013-04-18,4942c0f021abcd6ed9702c343c2696ec44cfa8022c7e37448f8a78c075c4a16d,UNRESOLVED_MANUAL_REVIEW,Diagnostic reverse replay retains a symbol not present in the official checkpoint.
2014-07-31,UNEXPECTED_IN_REPLAY,madrascem,2013-04-18,4942c0f021abcd6ed9702c343c2696ec44cfa8022c7e37448f8a78c075c4a16d,UNRESOLVED_MANUAL_REVIEW,Diagnostic reverse replay retains a symbol not present in the official checkpoint.
2014-07-31,UNEXPECTED_IN_REPLAY,sesagoa,2013-04-18,4942c0f021abcd6ed9702c343c2696ec44cfa8022c7e37448f8a78c075c4a16d,UNRESOLVED_MANUAL_REVIEW,Diagnostic reverse replay retains a symbol not present in the official checkpoint.
2014-07-31,UNEXPECTED_IN_REPLAY,uniphos,2013-04-18,4942c0f021abcd6ed9702c343c2696ec44cfa8022c7e37448f8a78c075c4a16d,UNRESOLVED_MANUAL_REVIEW,Diagnostic reverse replay retains a symbol not present in the official checkpoint.
2014-08-28,MISSING_FROM_REPLAY,cyient,2013-04-18,4942c0f021abcd6ed9702c343c2696ec44cfa8022c7e37448f8a78c075c4a16d,UNRESOLVED_MANUAL_REVIEW,No authoritative 2012 anchor or complete certified event chain; symbol is in the official checkpoint but absent from diagnostic replay.
2014-08-28,MISSING_FROM_REPLAY,ramcocem,2013-04-18,4942c0f021abcd6ed9702c343c2696ec44cfa8022c7e37448f8a78c075c4a16d,UNRESOLVED_MANUAL_REVIEW,No authoritative 2012 anchor or complete certified event chain; symbol is in the official checkpoint but absent from diagnostic replay.
2014-08-28,MISSING_FROM_REPLAY,sslt,2013-04-18,4942c0f021abcd6ed9702c343c2696ec44cfa8022c7e37448f8a78c075c4a16d,UNRESOLVED_MANUAL_REVIEW,No authoritative 2012 anchor or complete certified event chain; symbol is in the official checkpoint but absent from diagnostic replay.
2014-08-28,MISSING_FROM_REPLAY,upl,2013-04-18,4942c0f021abcd6ed9702c343c2696ec44cfa8022c7e37448f8a78c075c4a16d,UNRESOLVED_MANUAL_REVIEW,No authoritative 2012 anchor or complete certified event chain; symbol is in the official checkpoint but absent from diagnostic replay.
2014-08-28,UNEXPECTED_IN_REPLAY,infotecent,2013-04-18,4942c0f021abcd6ed9702c343c2696ec44cfa8022c7e37448f8a78c075c4a16d,UNRESOLVED_MANUAL_REVIEW,Diagnostic reverse replay retains a symbol not present in the official checkpoint.
2014-08-28,UNEXPECTED_IN_REPLAY,madrascem,2013-04-18,4942c0f021abcd6ed9702c343c2696ec44cfa8022c7e37448f8a78c075c4a16d,UNRESOLVED_MANUAL_REVIEW,Diagnostic reverse replay retains a symbol not present in the official checkpoint.
2014-08-28,UNEXPECTED_IN_REPLAY,sesagoa,2013-04-18,4942c0f021abcd6ed9702c343c2696ec44cfa8022c7e37448f8a78c075c4a16d,UNRESOLVED_MANUAL_REVIEW,Diagnostic reverse replay retains a symbol not present in the official checkpoint.
2014-08-28,UNEXPECTED_IN_REPLAY,uniphos,2013-04-18,4942c0f021abcd6ed9702c343c2696ec44cfa8022c7e37448f8a78c075c4a16d,UNRESOLVED_MANUAL_REVIEW,Diagnostic reverse replay retains a symbol not present in the official checkpoint.
2014-09-30,MISSING_FROM_REPLAY,ramcocem,2013-04-18,4942c0f021abcd6ed9702c343c2696ec44cfa8022c7e37448f8a78c075c4a16d,UNRESOLVED_MANUAL_REVIEW,No authoritative 2012 anchor or complete certified event chain; symbol is in the official checkpoint but absent from diagnostic replay.
2014-09-30,MISSING_FROM_REPLAY,sslt,2013-04-18,4942c0f021abcd6ed9702c343c2696ec44cfa8022c7e37448f8a78c075c4a16d,UNRESOLVED_MANUAL_REVIEW,No authoritative 2012 anchor or complete certified event chain; symbol is in the official checkpoint but absent from diagnostic replay.
2014-09-30,MISSING_FROM_REPLAY,upl,2013-04-18,4942c0f021abcd6ed9702c343c2696ec44cfa8022c7e37448f8a78c075c4a16d,UNRESOLVED_MANUAL_REVIEW,No authoritative 2012 anchor or complete certified event chain; symbol is in the official checkpoint but absent from diagnostic replay.
2014-09-30,UNEXPECTED_IN_REPLAY,infotecent,2013-04-18,4942c0f021abcd6ed9702c343c2696ec44cfa8022c7e37448f8a78c075c4a16d,UNRESOLVED_MANUAL_REVIEW,Diagnostic reverse replay retains a symbol not present in the official checkpoint.
2014-09-30,UNEXPECTED_IN_REPLAY,madrascem,2013-04-18,4942c0f021abcd6ed9702c343c2696ec44cfa8022c7e37448f8a78c075c4a16d,UNRESOLVED_MANUAL_REVIEW,Diagnostic reverse replay retains a symbol not present in the official checkpoint.
2014-09-30,UNEXPECTED_IN_REPLAY,sesagoa,2013-04-18,4942c0f021abcd6ed9702c343c2696ec44cfa8022c7e37448f8a78c075c4a16d,UNRESOLVED_MANUAL_REVIEW,Diagnostic reverse replay retains a symbol not present in the official checkpoint.
2014-09-30,UNEXPECTED_IN_REPLAY,uniphos,2013-04-18,4942c0f021abcd6ed9702c343c2696ec44cfa8022c7e37448f8a78c075c4a16d,UNRESOLVED_MANUAL_REVIEW,Diagnostic reverse replay retains a symbol not present in the official checkpoint.
2014-10-31,MISSING_FROM_REPLAY,ramcocem,2013-04-18,4942c0f021abcd6ed9702c343c2696ec44cfa8022c7e37448f8a78c075c4a16d,UNRESOLVED_MANUAL_REVIEW,No authoritative 2012 anchor or complete certified event chain; symbol is in the official checkpoint but absent from diagnostic replay.
2014-10-31,MISSING_FROM_REPLAY,sslt,2013-04-18,4942c0f021abcd6ed9702c343c2696ec44cfa8022c7e37448f8a78c075c4a16d,UNRESOLVED_MANUAL_REVIEW,No authoritative 2012 anchor or complete certified event chain; symbol is in the official checkpoint but absent from diagnostic replay.
2014-10-31,MISSING_FROM_REPLAY,upl,2013-04-18,4942c0f021abcd6ed9702c343c2696ec44cfa8022c7e37448f8a78c075c4a16d,UNRESOLVED_MANUAL_REVIEW,No authoritative 2012 anchor or complete certified event chain; symbol is in the official checkpoint but absent from diagnostic replay.
2014-10-31,UNEXPECTED_IN_REPLAY,infotecent,2013-04-18,4942c0f021abcd6ed9702c343c2696ec44cfa8022c7e37448f8a78c075c4a16d,UNRESOLVED_MANUAL_REVIEW,Diagnostic reverse replay retains a symbol not present in the official checkpoint.
2014-10-31,UNEXPECTED_IN_REPLAY,madrascem,2013-04-18,4942c0f021abcd6ed9702c343c2696ec44cfa8022c7e37448f8a78c075c4a16d,UNRESOLVED_MANUAL_REVIEW,Diagnostic reverse replay retains a symbol not present in the official checkpoint.
2014-10-31,UNEXPECTED_IN_REPLAY,sesagoa,2013-04-18,4942c0f021abcd6ed9702c343c2696ec44cfa8022c7e37448f8a78c075c4a16d,UNRESOLVED_MANUAL_REVIEW,Diagnostic reverse replay retains a symbol not present in the official checkpoint.
2014-10-31,UNEXPECTED_IN_REPLAY,uniphos,2013-04-18,4942c0f021abcd6ed9702c343c2696ec44cfa8022c7e37448f8a78c075c4a16d,UNRESOLVED_MANUAL_REVIEW,Diagnostic reverse replay retains a symbol not present in the official checkpoint.
2014-11-28,MISSING_FROM_REPLAY,ramcocem,2013-04-18,4942c0f021abcd6ed9702c343c2696ec44cfa8022c7e37448f8a78c075c4a16d,UNRESOLVED_MANUAL_REVIEW,No authoritative 2012 anchor or complete certified event chain; symbol is in the official checkpoint but absent from diagnostic replay.
2014-11-28,MISSING_FROM_REPLAY,sslt,2013-04-18,4942c0f021abcd6ed9702c343c2696ec44cfa8022c7e37448f8a78c075c4a16d,UNRESOLVED_MANUAL_REVIEW,No authoritative 2012 anchor or complete certified event chain; symbol is in the official checkpoint but absent from diagnostic replay.
2014-11-28,MISSING_FROM_REPLAY,upl,2013-04-18,4942c0f021abcd6ed9702c343c2696ec44cfa8022c7e37448f8a78c075c4a16d,UNRESOLVED_MANUAL_REVIEW,No authoritative 2012 anchor or complete certified event chain; symbol is in the official checkpoint but absent from diagnostic replay.
2014-11-28,UNEXPECTED_IN_REPLAY,infotecent,2013-04-18,4942c0f021abcd6ed9702c343c2696ec44cfa8022c7e37448f8a78c075c4a16d,UNRESOLVED_MANUAL_REVIEW,Diagnostic reverse replay retains a symbol not present in the official checkpoint.
2014-11-28,UNEXPECTED_IN_REPLAY,madrascem,2013-04-18,4942c0f021abcd6ed9702c343c2696ec44cfa8022c7e37448f8a78c075c4a16d,UNRESOLVED_MANUAL_REVIEW,Diagnostic reverse replay retains a symbol not present in the official checkpoint.
2014-11-28,UNEXPECTED_IN_REPLAY,sesagoa,2013-04-18,4942c0f021abcd6ed9702c343c2696ec44cfa8022c7e37448f8a78c075c4a16d,UNRESOLVED_MANUAL_REVIEW,Diagnostic reverse replay retains a symbol not present in the official checkpoint.
2014-11-28,UNEXPECTED_IN_REPLAY,uniphos,2013-04-18,4942c0f021abcd6ed9702c343c2696ec44cfa8022c7e37448f8a78c075c4a16d,UNRESOLVED_MANUAL_REVIEW,Diagnostic reverse replay retains a symbol not present in the official checkpoint.
2014-12-31,MISSING_FROM_REPLAY,ramcocem,2013-04-18,4942c0f021abcd6ed9702c343c2696ec44cfa8022c7e37448f8a78c075c4a16d,UNRESOLVED_MANUAL_REVIEW,No authoritative 2012 anchor or complete certified event chain; symbol is in the official checkpoint but absent from diagnostic replay.
2014-12-31,MISSING_FROM_REPLAY,sslt,2013-04-18,4942c0f021abcd6ed9702c343c2696ec44cfa8022c7e37448f8a78c075c4a16d,UNRESOLVED_MANUAL_REVIEW,No authoritative 2012 anchor or complete certified event chain; symbol is in the official checkpoint but absent from diagnostic replay.
2014-12-31,MISSING_FROM_REPLAY,upl,2013-04-18,4942c0f021abcd6ed9702c343c2696ec44cfa8022c7e37448f8a78c075c4a16d,UNRESOLVED_MANUAL_REVIEW,No authoritative 2012 anchor or complete certified event chain; symbol is in the official checkpoint but absent from diagnostic replay.
2014-12-31,UNEXPECTED_IN_REPLAY,infotecent,2013-04-18,4942c0f021abcd6ed9702c343c2696ec44cfa8022c7e37448f8a78c075c4a16d,UNRESOLVED_MANUAL_REVIEW,Diagnostic reverse replay retains a symbol not present in the official checkpoint.
2014-12-31,UNEXPECTED_IN_REPLAY,madrascem,2013-04-18,4942c0f021abcd6ed9702c343c2696ec44cfa8022c7e37448f8a78c075c4a16d,UNRESOLVED_MANUAL_REVIEW,Diagnostic reverse replay retains a symbol not present in the official checkpoint.
2014-12-31,UNEXPECTED_IN_REPLAY,sesagoa,2013-04-18,4942c0f021abcd6ed9702c343c2696ec44cfa8022c7e37448f8a78c075c4a16d,UNRESOLVED_MANUAL_REVIEW,Diagnostic reverse replay retains a symbol not present in the official checkpoint.
2014-12-31,UNEXPECTED_IN_REPLAY,uniphos,2013-04-18,4942c0f021abcd6ed9702c343c2696ec44cfa8022c7e37448f8a78c075c4a16d,UNRESOLVED_MANUAL_REVIEW,Diagnostic reverse replay retains a symbol not present in the official checkpoint.
2015-01-30,MISSING_FROM_REPLAY,ramcocem,2013-04-18,4942c0f021abcd6ed9702c343c2696ec44cfa8022c7e37448f8a78c075c4a16d,UNRESOLVED_MANUAL_REVIEW,No authoritative 2012 anchor or complete certified event chain; symbol is in the official checkpoint but absent from diagnostic replay.
2015-01-30,MISSING_FROM_REPLAY,sslt,2013-04-18,4942c0f021abcd6ed9702c343c2696ec44cfa8022c7e37448f8a78c075c4a16d,UNRESOLVED_MANUAL_REVIEW,No authoritative 2012 anchor or complete certified event chain; symbol is in the official checkpoint but absent from diagnostic replay.
2015-01-30,MISSING_FROM_REPLAY,upl,2013-04-18,4942c0f021abcd6ed9702c343c2696ec44cfa8022c7e37448f8a78c075c4a16d,UNRESOLVED_MANUAL_REVIEW,No authoritative 2012 anchor or complete certified event chain; symbol is in the official checkpoint but absent from diagnostic replay.
2015-01-30,UNEXPECTED_IN_REPLAY,infotecent,2013-04-18,4942c0f021abcd6ed9702c343c2696ec44cfa8022c7e37448f8a78c075c4a16d,UNRESOLVED_MANUAL_REVIEW,Diagnostic reverse replay retains a symbol not present in the official checkpoint.
2015-01-30,UNEXPECTED_IN_REPLAY,madrascem,2013-04-18,4942c0f021abcd6ed9702c343c2696ec44cfa8022c7e37448f8a78c075c4a16d,UNRESOLVED_MANUAL_REVIEW,Diagnostic reverse replay retains a symbol not present in the official checkpoint.
2015-01-30,UNEXPECTED_IN_REPLAY,sesagoa,2013-04-18,4942c0f021abcd6ed9702c343c2696ec44cfa8022c7e37448f8a78c075c4a16d,UNRESOLVED_MANUAL_REVIEW,Diagnostic reverse replay retains a symbol not present in the official checkpoint.
2015-01-30,UNEXPECTED_IN_REPLAY,uniphos,2013-04-18,4942c0f021abcd6ed9702c343c2696ec44cfa8022c7e37448f8a78c075c4a16d,UNRESOLVED_MANUAL_REVIEW,Diagnostic reverse replay retains a symbol not present in the official checkpoint.
2015-02-28,MISSING_FROM_REPLAY,ramcocem,2013-04-18,4942c0f021abcd6ed9702c343c2696ec44cfa8022c7e37448f8a78c075c4a16d,UNRESOLVED_MANUAL_REVIEW,No authoritative 2012 anchor or complete certified event chain; symbol is in the official checkpoint but absent from diagnostic replay.
2015-02-28,MISSING_FROM_REPLAY,sslt,2013-04-18,4942c0f021abcd6ed9702c343c2696ec44cfa8022c7e37448f8a78c075c4a16d,UNRESOLVED_MANUAL_REVIEW,No authoritative 2012 anchor or complete certified event chain; symbol is in the official checkpoint but absent from diagnostic replay.
2015-02-28,MISSING_FROM_REPLAY,upl,2013-04-18,4942c0f021abcd6ed9702c343c2696ec44cfa8022c7e37448f8a78c075c4a16d,UNRESOLVED_MANUAL_REVIEW,No authoritative 2012 anchor or complete certified event chain; symbol is in the official checkpoint but absent from diagnostic replay.
2015-02-28,UNEXPECTED_IN_REPLAY,infotecent,2013-04-18,4942c0f021abcd6ed9702c343c2696ec44cfa8022c7e37448f8a78c075c4a16d,UNRESOLVED_MANUAL_REVIEW,Diagnostic reverse replay retains a symbol not present in the official checkpoint.
2015-02-28,UNEXPECTED_IN_REPLAY,madrascem,2013-04-18,4942c0f021abcd6ed9702c343c2696ec44cfa8022c7e37448f8a78c075c4a16d,UNRESOLVED_MANUAL_REVIEW,Diagnostic reverse replay retains a symbol not present in the official checkpoint.
2015-02-28,UNEXPECTED_IN_REPLAY,sesagoa,2013-04-18,4942c0f021abcd6ed9702c343c2696ec44cfa8022c7e37448f8a78c075c4a16d,UNRESOLVED_MANUAL_REVIEW,Diagnostic reverse replay retains a symbol not present in the official checkpoint.
2015-02-28,UNEXPECTED_IN_REPLAY,uniphos,2013-04-18,4942c0f021abcd6ed9702c343c2696ec44cfa8022c7e37448f8a78c075c4a16d,UNRESOLVED_MANUAL_REVIEW,Diagnostic reverse replay retains a symbol not present in the official checkpoint.
2015-03-31,MISSING_FROM_REPLAY,sslt,2013-04-18,4942c0f021abcd6ed9702c343c2696ec44cfa8022c7e37448f8a78c075c4a16d,UNRESOLVED_MANUAL_REVIEW,No authoritative 2012 anchor or complete certified event chain; symbol is in the official checkpoint but absent from diagnostic replay.
2015-03-31,MISSING_FROM_REPLAY,upl,2013-04-18,4942c0f021abcd6ed9702c343c2696ec44cfa8022c7e37448f8a78c075c4a16d,UNRESOLVED_MANUAL_REVIEW,No authoritative 2012 anchor or complete certified event chain; symbol is in the official checkpoint but absent from diagnostic replay.
2015-03-31,UNEXPECTED_IN_REPLAY,infotecent,2013-04-18,4942c0f021abcd6ed9702c343c2696ec44cfa8022c7e37448f8a78c075c4a16d,UNRESOLVED_MANUAL_REVIEW,Diagnostic reverse replay retains a symbol not present in the official checkpoint.
2015-03-31,UNEXPECTED_IN_REPLAY,madrascem,2013-04-18,4942c0f021abcd6ed9702c343c2696ec44cfa8022c7e37448f8a78c075c4a16d,UNRESOLVED_MANUAL_REVIEW,Diagnostic reverse replay retains a symbol not present in the official checkpoint.
2015-03-31,UNEXPECTED_IN_REPLAY,sesagoa,2013-04-18,4942c0f021abcd6ed9702c343c2696ec44cfa8022c7e37448f8a78c075c4a16d,UNRESOLVED_MANUAL_REVIEW,Diagnostic reverse replay retains a symbol not present in the official checkpoint.
2015-03-31,UNEXPECTED_IN_REPLAY,uniphos,2013-04-18,4942c0f021abcd6ed9702c343c2696ec44cfa8022c7e37448f8a78c075c4a16d,UNRESOLVED_MANUAL_REVIEW,Diagnostic reverse replay retains a symbol not present in the official checkpoint.
2015-04-30,MISSING_FROM_REPLAY,sslt,2013-04-18,4942c0f021abcd6ed9702c343c2696ec44cfa8022c7e37448f8a78c075c4a16d,UNRESOLVED_MANUAL_REVIEW,No authoritative 2012 anchor or complete certified event chain; symbol is in the official checkpoint but absent from diagnostic replay.
2015-04-30,MISSING_FROM_REPLAY,upl,2013-04-18,4942c0f021abcd6ed9702c343c2696ec44cfa8022c7e37448f8a78c075c4a16d,UNRESOLVED_MANUAL_REVIEW,No authoritative 2012 anchor or complete certified event chain; symbol is in the official checkpoint but absent from diagnostic replay.
2015-04-30,UNEXPECTED_IN_REPLAY,infotecent,2013-04-18,4942c0f021abcd6ed9702c343c2696ec44cfa8022c7e37448f8a78c075c4a16d,UNRESOLVED_MANUAL_REVIEW,Diagnostic reverse replay retains a symbol not present in the official checkpoint.
2015-04-30,UNEXPECTED_IN_REPLAY,madrascem,2013-04-18,4942c0f021abcd6ed9702c343c2696ec44cfa8022c7e37448f8a78c075c4a16d,UNRESOLVED_MANUAL_REVIEW,Diagnostic reverse replay retains a symbol not present in the official checkpoint.
2015-04-30,UNEXPECTED_IN_REPLAY,sesagoa,2013-04-18,4942c0f021abcd6ed9702c343c2696ec44cfa8022c7e37448f8a78c075c4a16d,UNRESOLVED_MANUAL_REVIEW,Diagnostic reverse replay retains a symbol not present in the official checkpoint.
2015-04-30,UNEXPECTED_IN_REPLAY,uniphos,2013-04-18,4942c0f021abcd6ed9702c343c2696ec44cfa8022c7e37448f8a78c075c4a16d,UNRESOLVED_MANUAL_REVIEW,Diagnostic reverse replay retains a symbol not present in the official checkpoint.
2015-05-29,MISSING_FROM_REPLAY,upl,2013-04-18,4942c0f021abcd6ed9702c343c2696ec44cfa8022c7e37448f8a78c075c4a16d,UNRESOLVED_MANUAL_REVIEW,No authoritative 2012 anchor or complete certified event chain; symbol is in the official checkpoint but absent from diagnostic replay.
2015-05-29,MISSING_FROM_REPLAY,vedl,2013-04-18,4942c0f021abcd6ed9702c343c2696ec44cfa8022c7e37448f8a78c075c4a16d,UNRESOLVED_MANUAL_REVIEW,No authoritative 2012 anchor or complete certified event chain; symbol is in the official checkpoint but absent from diagnostic replay.
2015-05-29,UNEXPECTED_IN_REPLAY,infotecent,2013-04-18,4942c0f021abcd6ed9702c343c2696ec44cfa8022c7e37448f8a78c075c4a16d,UNRESOLVED_MANUAL_REVIEW,Diagnostic reverse replay retains a symbol not present in the official checkpoint.
2015-05-29,UNEXPECTED_IN_REPLAY,madrascem,2013-04-18,4942c0f021abcd6ed9702c343c2696ec44cfa8022c7e37448f8a78c075c4a16d,UNRESOLVED_MANUAL_REVIEW,Diagnostic reverse replay retains a symbol not present in the official checkpoint.
2015-05-29,UNEXPECTED_IN_REPLAY,sesagoa,2013-04-18,4942c0f021abcd6ed9702c343c2696ec44cfa8022c7e37448f8a78c075c4a16d,UNRESOLVED_MANUAL_REVIEW,Diagnostic reverse replay retains a symbol not present in the official checkpoint.
2015-05-29,UNEXPECTED_IN_REPLAY,uniphos,2013-04-18,4942c0f021abcd6ed9702c343c2696ec44cfa8022c7e37448f8a78c075c4a16d,UNRESOLVED_MANUAL_REVIEW,Diagnostic reverse replay retains a symbol not present in the official checkpoint.
2015-06-30,MISSING_FROM_REPLAY,upl,2013-04-18,4942c0f021abcd6ed9702c343c2696ec44cfa8022c7e37448f8a78c075c4a16d,UNRESOLVED_MANUAL_REVIEW,No authoritative 2012 anchor or complete certified event chain; symbol is in the official checkpoint but absent from diagnostic replay.
2015-06-30,MISSING_FROM_REPLAY,vedl,2013-04-18,4942c0f021abcd6ed9702c343c2696ec44cfa8022c7e37448f8a78c075c4a16d,UNRESOLVED_MANUAL_REVIEW,No authoritative 2012 anchor or complete certified event chain; symbol is in the official checkpoint but absent from diagnostic replay.
2015-06-30,UNEXPECTED_IN_REPLAY,infotecent,2013-04-18,4942c0f021abcd6ed9702c343c2696ec44cfa8022c7e37448f8a78c075c4a16d,UNRESOLVED_MANUAL_REVIEW,Diagnostic reverse replay retains a symbol not present in the official checkpoint.
2015-06-30,UNEXPECTED_IN_REPLAY,madrascem,2013-04-18,4942c0f021abcd6ed9702c343c2696ec44cfa8022c7e37448f8a78c075c4a16d,UNRESOLVED_MANUAL_REVIEW,Diagnostic reverse replay retains a symbol not present in the official checkpoint.
2015-06-30,UNEXPECTED_IN_REPLAY,sesagoa,2013-04-18,4942c0f021abcd6ed9702c343c2696ec44cfa8022c7e37448f8a78c075c4a16d,UNRESOLVED_MANUAL_REVIEW,Diagnostic reverse replay retains a symbol not present in the official checkpoint.
2015-06-30,UNEXPECTED_IN_REPLAY,uniphos,2013-04-18,4942c0f021abcd6ed9702c343c2696ec44cfa8022c7e37448f8a78c075c4a16d,UNRESOLVED_MANUAL_REVIEW,Diagnostic reverse replay retains a symbol not present in the official checkpoint.
2015-07-31,MISSING_FROM_REPLAY,upl,2013-04-18,4942c0f021abcd6ed9702c343c2696ec44cfa8022c7e37448f8a78c075c4a16d,UNRESOLVED_MANUAL_REVIEW,No authoritative 2012 anchor or complete certified event chain; symbol is in the official checkpoint but absent from diagnostic replay.
2015-07-31,MISSING_FROM_REPLAY,vedl,2013-04-18,4942c0f021abcd6ed9702c343c2696ec44cfa8022c7e37448f8a78c075c4a16d,UNRESOLVED_MANUAL_REVIEW,No authoritative 2012 anchor or complete certified event chain; symbol is in the official checkpoint but absent from diagnostic replay.
2015-07-31,UNEXPECTED_IN_REPLAY,infotecent,2013-04-18,4942c0f021abcd6ed9702c343c2696ec44cfa8022c7e37448f8a78c075c4a16d,UNRESOLVED_MANUAL_REVIEW,Diagnostic reverse replay retains a symbol not present in the official checkpoint.
2015-07-31,UNEXPECTED_IN_REPLAY,madrascem,2013-04-18,4942c0f021abcd6ed9702c343c2696ec44cfa8022c7e37448f8a78c075c4a16d,UNRESOLVED_MANUAL_REVIEW,Diagnostic reverse replay retains a symbol not present in the official checkpoint.
2015-07-31,UNEXPECTED_IN_REPLAY,sesagoa,2013-04-18,4942c0f021abcd6ed9702c343c2696ec44cfa8022c7e37448f8a78c075c4a16d,UNRESOLVED_MANUAL_REVIEW,Diagnostic reverse replay retains a symbol not present in the official checkpoint.
2015-07-31,UNEXPECTED_IN_REPLAY,uniphos,2013-04-18,4942c0f021abcd6ed9702c343c2696ec44cfa8022c7e37448f8a78c075c4a16d,UNRESOLVED_MANUAL_REVIEW,Diagnostic reverse replay retains a symbol not present in the official checkpoint.
2015-08-31,MISSING_FROM_REPLAY,upl,2013-04-18,4942c0f021abcd6ed9702c343c2696ec44cfa8022c7e37448f8a78c075c4a16d,UNRESOLVED_MANUAL_REVIEW,No authoritative 2012 anchor or complete certified event chain; symbol is in the official checkpoint but absent from diagnostic replay.
2015-08-31,MISSING_FROM_REPLAY,vedl,2013-04-18,4942c0f021abcd6ed9702c343c2696ec44cfa8022c7e37448f8a78c075c4a16d,UNRESOLVED_MANUAL_REVIEW,No authoritative 2012 anchor or complete certified event chain; symbol is in the official checkpoint but absent from diagnostic replay.
2015-08-31,UNEXPECTED_IN_REPLAY,infotecent,2013-04-18,4942c0f021abcd6ed9702c343c2696ec44cfa8022c7e37448f8a78c075c4a16d,UNRESOLVED_MANUAL_REVIEW,Diagnostic reverse replay retains a symbol not present in the official checkpoint.
2015-08-31,UNEXPECTED_IN_REPLAY,madrascem,2013-04-18,4942c0f021abcd6ed9702c343c2696ec44cfa8022c7e37448f8a78c075c4a16d,UNRESOLVED_MANUAL_REVIEW,Diagnostic reverse replay retains a symbol not present in the official checkpoint.
2015-08-31,UNEXPECTED_IN_REPLAY,sesagoa,2013-04-18,4942c0f021abcd6ed9702c343c2696ec44cfa8022c7e37448f8a78c075c4a16d,UNRESOLVED_MANUAL_REVIEW,Diagnostic reverse replay retains a symbol not present in the official checkpoint.
2015-08-31,UNEXPECTED_IN_REPLAY,uniphos,2013-04-18,4942c0f021abcd6ed9702c343c2696ec44cfa8022c7e37448f8a78c075c4a16d,UNRESOLVED_MANUAL_REVIEW,Diagnostic reverse replay retains a symbol not present in the official checkpoint.
2015-09-30,MISSING_FROM_REPLAY,upl,2013-04-18,4942c0f021abcd6ed9702c343c2696ec44cfa8022c7e37448f8a78c075c4a16d,UNRESOLVED_MANUAL_REVIEW,No authoritative 2012 anchor or complete certified event chain; symbol is in the official checkpoint but absent from diagnostic replay.
2015-09-30,MISSING_FROM_REPLAY,vedl,2013-04-18,4942c0f021abcd6ed9702c343c2696ec44cfa8022c7e37448f8a78c075c4a16d,UNRESOLVED_MANUAL_REVIEW,No authoritative 2012 anchor or complete certified event chain; symbol is in the official checkpoint but absent from diagnostic replay.
2015-09-30,UNEXPECTED_IN_REPLAY,infotecent,2013-04-18,4942c0f021abcd6ed9702c343c2696ec44cfa8022c7e37448f8a78c075c4a16d,UNRESOLVED_MANUAL_REVIEW,Diagnostic reverse replay retains a symbol not present in the official checkpoint.
2015-09-30,UNEXPECTED_IN_REPLAY,madrascem,2013-04-18,4942c0f021abcd6ed9702c343c2696ec44cfa8022c7e37448f8a78c075c4a16d,UNRESOLVED_MANUAL_REVIEW,Diagnostic reverse replay retains a symbol not present in the official checkpoint.
2015-09-30,UNEXPECTED_IN_REPLAY,sesagoa,2013-04-18,4942c0f021abcd6ed9702c343c2696ec44cfa8022c7e37448f8a78c075c4a16d,UNRESOLVED_MANUAL_REVIEW,Diagnostic reverse replay retains a symbol not present in the official checkpoint.
2015-09-30,UNEXPECTED_IN_REPLAY,uniphos,2013-04-18,4942c0f021abcd6ed9702c343c2696ec44cfa8022c7e37448f8a78c075c4a16d,UNRESOLVED_MANUAL_REVIEW,Diagnostic reverse replay retains a symbol not present in the official checkpoint.
2015-10-30,MISSING_FROM_REPLAY,upl,2013-04-18,4942c0f021abcd6ed9702c343c2696ec44cfa8022c7e37448f8a78c075c4a16d,UNRESOLVED_MANUAL_REVIEW,No authoritative 2012 anchor or complete certified event chain; symbol is in the official checkpoint but absent from diagnostic replay.
2015-10-30,MISSING_FROM_REPLAY,vedl,2013-04-18,4942c0f021abcd6ed9702c343c2696ec44cfa8022c7e37448f8a78c075c4a16d,UNRESOLVED_MANUAL_REVIEW,No authoritative 2012 anchor or complete certified event chain; symbol is in the official checkpoint but absent from diagnostic replay.
2015-10-30,UNEXPECTED_IN_REPLAY,infotecent,2013-04-18,4942c0f021abcd6ed9702c343c2696ec44cfa8022c7e37448f8a78c075c4a16d,UNRESOLVED_MANUAL_REVIEW,Diagnostic reverse replay retains a symbol not present in the official checkpoint.
2015-10-30,UNEXPECTED_IN_REPLAY,madrascem,2013-04-18,4942c0f021abcd6ed9702c343c2696ec44cfa8022c7e37448f8a78c075c4a16d,UNRESOLVED_MANUAL_REVIEW,Diagnostic reverse replay retains a symbol not present in the official checkpoint.
2015-10-30,UNEXPECTED_IN_REPLAY,sesagoa,2013-04-18,4942c0f021abcd6ed9702c343c2696ec44cfa8022c7e37448f8a78c075c4a16d,UNRESOLVED_MANUAL_REVIEW,Diagnostic reverse replay retains a symbol not present in the official checkpoint.
2015-10-30,UNEXPECTED_IN_REPLAY,uniphos,2013-04-18,4942c0f021abcd6ed9702c343c2696ec44cfa8022c7e37448f8a78c075c4a16d,UNRESOLVED_MANUAL_REVIEW,Diagnostic reverse replay retains a symbol not present in the official checkpoint.
2015-11-30,MISSING_FROM_REPLAY,upl,2013-04-18,4942c0f021abcd6ed9702c343c2696ec44cfa8022c7e37448f8a78c075c4a16d,UNRESOLVED_MANUAL_REVIEW,No authoritative 2012 anchor or complete certified event chain; symbol is in the official checkpoint but absent from diagnostic replay.
2015-11-30,MISSING_FROM_REPLAY,vedl,2013-04-18,4942c0f021abcd6ed9702c343c2696ec44cfa8022c7e37448f8a78c075c4a16d,UNRESOLVED_MANUAL_REVIEW,No authoritative 2012 anchor or complete certified event chain; symbol is in the official checkpoint but absent from diagnostic replay.
2015-11-30,UNEXPECTED_IN_REPLAY,infotecent,2013-04-18,4942c0f021abcd6ed9702c343c2696ec44cfa8022c7e37448f8a78c075c4a16d,UNRESOLVED_MANUAL_REVIEW,Diagnostic reverse replay retains a symbol not present in the official checkpoint.
2015-11-30,UNEXPECTED_IN_REPLAY,madrascem,2013-04-18,4942c0f021abcd6ed9702c343c2696ec44cfa8022c7e37448f8a78c075c4a16d,UNRESOLVED_MANUAL_REVIEW,Diagnostic reverse replay retains a symbol not present in the official checkpoint.
2015-11-30,UNEXPECTED_IN_REPLAY,sesagoa,2013-04-18,4942c0f021abcd6ed9702c343c2696ec44cfa8022c7e37448f8a78c075c4a16d,UNRESOLVED_MANUAL_REVIEW,Diagnostic reverse replay retains a symbol not present in the official checkpoint.
2015-11-30,UNEXPECTED_IN_REPLAY,uniphos,2013-04-18,4942c0f021abcd6ed9702c343c2696ec44cfa8022c7e37448f8a78c075c4a16d,UNRESOLVED_MANUAL_REVIEW,Diagnostic reverse replay retains a symbol not present in the official checkpoint.
2015-12-31,MISSING_FROM_REPLAY,upl,2013-04-18,4942c0f021abcd6ed9702c343c2696ec44cfa8022c7e37448f8a78c075c4a16d,UNRESOLVED_MANUAL_REVIEW,No authoritative 2012 anchor or complete certified event chain; symbol is in the official checkpoint but absent from diagnostic replay.
2015-12-31,MISSING_FROM_REPLAY,vedl,2013-04-18,4942c0f021abcd6ed9702c343c2696ec44cfa8022c7e37448f8a78c075c4a16d,UNRESOLVED_MANUAL_REVIEW,No authoritative 2012 anchor or complete certified event chain; symbol is in the official checkpoint but absent from diagnostic replay.
2015-12-31,UNEXPECTED_IN_REPLAY,infotecent,2013-04-18,4942c0f021abcd6ed9702c343c2696ec44cfa8022c7e37448f8a78c075c4a16d,UNRESOLVED_MANUAL_REVIEW,Diagnostic reverse replay retains a symbol not present in the official checkpoint.
2015-12-31,UNEXPECTED_IN_REPLAY,madrascem,2013-04-18,4942c0f021abcd6ed9702c343c2696ec44cfa8022c7e37448f8a78c075c4a16d,UNRESOLVED_MANUAL_REVIEW,Diagnostic reverse replay retains a symbol not present in the official checkpoint.
2015-12-31,UNEXPECTED_IN_REPLAY,sesagoa,2013-04-18,4942c0f021abcd6ed9702c343c2696ec44cfa8022c7e37448f8a78c075c4a16d,UNRESOLVED_MANUAL_REVIEW,Diagnostic reverse replay retains a symbol not present in the official checkpoint.
2015-12-31,UNEXPECTED_IN_REPLAY,uniphos,2013-04-18,4942c0f021abcd6ed9702c343c2696ec44cfa8022c7e37448f8a78c075c4a16d,UNRESOLVED_MANUAL_REVIEW,Diagnostic reverse replay retains a symbol not present in the official checkpoint.
2016-01-29,MISSING_FROM_REPLAY,upl,2013-04-18,4942c0f021abcd6ed9702c343c2696ec44cfa8022c7e37448f8a78c075c4a16d,UNRESOLVED_MANUAL_REVIEW,No authoritative 2012 anchor or complete certified event chain; symbol is in the official checkpoint but absent from diagnostic replay.
2016-01-29,MISSING_FROM_REPLAY,vedl,2013-04-18,4942c0f021abcd6ed9702c343c2696ec44cfa8022c7e37448f8a78c075c4a16d,UNRESOLVED_MANUAL_REVIEW,No authoritative 2012 anchor or complete certified event chain; symbol is in the official checkpoint but absent from diagnostic replay.
2016-01-29,UNEXPECTED_IN_REPLAY,infotecent,2013-04-18,4942c0f021abcd6ed9702c343c2696ec44cfa8022c7e37448f8a78c075c4a16d,UNRESOLVED_MANUAL_REVIEW,Diagnostic reverse replay retains a symbol not present in the official checkpoint.
2016-01-29,UNEXPECTED_IN_REPLAY,madrascem,2013-04-18,4942c0f021abcd6ed9702c343c2696ec44cfa8022c7e37448f8a78c075c4a16d,UNRESOLVED_MANUAL_REVIEW,Diagnostic reverse replay retains a symbol not present in the official checkpoint.
2016-01-29,UNEXPECTED_IN_REPLAY,sesagoa,2013-04-18,4942c0f021abcd6ed9702c343c2696ec44cfa8022c7e37448f8a78c075c4a16d,UNRESOLVED_MANUAL_REVIEW,Diagnostic reverse replay retains a symbol not present in the official checkpoint.
2016-01-29,UNEXPECTED_IN_REPLAY,uniphos,2013-04-18,4942c0f021abcd6ed9702c343c2696ec44cfa8022c7e37448f8a78c075c4a16d,UNRESOLVED_MANUAL_REVIEW,Diagnostic reverse replay retains a symbol not present in the official checkpoint.
2016-02-29,MISSING_FROM_REPLAY,upl,2013-04-18,4942c0f021abcd6ed9702c343c2696ec44cfa8022c7e37448f8a78c075c4a16d,UNRESOLVED_MANUAL_REVIEW,No authoritative 2012 anchor or complete certified event chain; symbol is in the official checkpoint but absent from diagnostic replay.
2016-02-29,MISSING_FROM_REPLAY,vedl,2013-04-18,4942c0f021abcd6ed9702c343c2696ec44cfa8022c7e37448f8a78c075c4a16d,UNRESOLVED_MANUAL_REVIEW,No authoritative 2012 anchor or complete certified event chain; symbol is in the official checkpoint but absent from diagnostic replay.
2016-02-29,UNEXPECTED_IN_REPLAY,infotecent,2013-04-18,4942c0f021abcd6ed9702c343c2696ec44cfa8022c7e37448f8a78c075c4a16d,UNRESOLVED_MANUAL_REVIEW,Diagnostic reverse replay retains a symbol not present in the official checkpoint.
2016-02-29,UNEXPECTED_IN_REPLAY,madrascem,2013-04-18,4942c0f021abcd6ed9702c343c2696ec44cfa8022c7e37448f8a78c075c4a16d,UNRESOLVED_MANUAL_REVIEW,Diagnostic reverse replay retains a symbol not present in the official checkpoint.
2016-02-29,UNEXPECTED_IN_REPLAY,sesagoa,2013-04-18,4942c0f021abcd6ed9702c343c2696ec44cfa8022c7e37448f8a78c075c4a16d,UNRESOLVED_MANUAL_REVIEW,Diagnostic reverse replay retains a symbol not present in the official checkpoint.
2016-02-29,UNEXPECTED_IN_REPLAY,uniphos,2013-04-18,4942c0f021abcd6ed9702c343c2696ec44cfa8022c7e37448f8a78c075c4a16d,UNRESOLVED_MANUAL_REVIEW,Diagnostic reverse replay retains a symbol not present in the official checkpoint.
2016-03-31,MISSING_FROM_REPLAY,rdel,2013-04-18,4942c0f021abcd6ed9702c343c2696ec44cfa8022c7e37448f8a78c075c4a16d,UNRESOLVED_MANUAL_REVIEW,No authoritative 2012 anchor or complete certified event chain; symbol is in the official checkpoint but absent from diagnostic replay.
2016-03-31,MISSING_FROM_REPLAY,upl,2013-04-18,4942c0f021abcd6ed9702c343c2696ec44cfa8022c7e37448f8a78c075c4a16d,UNRESOLVED_MANUAL_REVIEW,No authoritative 2012 anchor or complete certified event chain; symbol is in the official checkpoint but absent from diagnostic replay.
2016-03-31,MISSING_FROM_REPLAY,vedl,2013-04-18,4942c0f021abcd6ed9702c343c2696ec44cfa8022c7e37448f8a78c075c4a16d,UNRESOLVED_MANUAL_REVIEW,No authoritative 2012 anchor or complete certified event chain; symbol is in the official checkpoint but absent from diagnostic replay.
2016-03-31,UNEXPECTED_IN_REPLAY,infotecent,2013-04-18,4942c0f021abcd6ed9702c343c2696ec44cfa8022c7e37448f8a78c075c4a16d,UNRESOLVED_MANUAL_REVIEW,Diagnostic reverse replay retains a symbol not present in the official checkpoint.
2016-03-31,UNEXPECTED_IN_REPLAY,madrascem,2013-04-18,4942c0f021abcd6ed9702c343c2696ec44cfa8022c7e37448f8a78c075c4a16d,UNRESOLVED_MANUAL_REVIEW,Diagnostic reverse replay retains a symbol not present in the official checkpoint.
2016-03-31,UNEXPECTED_IN_REPLAY,pipavavdoc,2013-04-18,4942c0f021abcd6ed9702c343c2696ec44cfa8022c7e37448f8a78c075c4a16d,UNRESOLVED_MANUAL_REVIEW,Diagnostic reverse replay retains a symbol not present in the official checkpoint.
2016-03-31,UNEXPECTED_IN_REPLAY,sesagoa,2013-04-18,4942c0f021abcd6ed9702c343c2696ec44cfa8022c7e37448f8a78c075c4a16d,UNRESOLVED_MANUAL_REVIEW,Diagnostic reverse replay retains a symbol not present in the official checkpoint.
2016-03-31,UNEXPECTED_IN_REPLAY,uniphos,2013-04-18,4942c0f021abcd6ed9702c343c2696ec44cfa8022c7e37448f8a78c075c4a16d,UNRESOLVED_MANUAL_REVIEW,Diagnostic reverse replay retains a symbol not present in the official checkpoint.
2020-06-30,MISSING_FROM_REPLAY,idfcfirstb,2013-04-18,4942c0f021abcd6ed9702c343c2696ec44cfa8022c7e37448f8a78c075c4a16d,UNRESOLVED_MANUAL_REVIEW,No authoritative 2012 anchor or complete certified event chain; symbol is in the official checkpoint but absent from diagnostic replay.
2020-06-30,MISSING_FROM_REPLAY,nam-india,2013-04-18,4942c0f021abcd6ed9702c343c2696ec44cfa8022c7e37448f8a78c075c4a16d,UNRESOLVED_MANUAL_REVIEW,No authoritative 2012 anchor or complete certified event chain; symbol is in the official checkpoint but absent from diagnostic replay.
2020-06-30,MISSING_FROM_REPLAY,tataconsum,2013-04-18,4942c0f021abcd6ed9702c343c2696ec44cfa8022c7e37448f8a78c075c4a16d,UNRESOLVED_MANUAL_REVIEW,No authoritative 2012 anchor or complete certified event chain; symbol is in the official checkpoint but absent from diagnostic replay.
2020-06-30,MISSING_FROM_REPLAY,upl,2013-04-18,4942c0f021abcd6ed9702c343c2696ec44cfa8022c7e37448f8a78c075c4a16d,UNRESOLVED_MANUAL_REVIEW,No authoritative 2012 anchor or complete certified event chain; symbol is in the official checkpoint but absent from diagnostic replay.
2020-06-30,MISSING_FROM_REPLAY,vedl,2013-04-18,4942c0f021abcd6ed9702c343c2696ec44cfa8022c7e37448f8a78c075c4a16d,UNRESOLVED_MANUAL_REVIEW,No authoritative 2012 anchor or complete certified event chain; symbol is in the official checkpoint but absent from diagnostic replay.
2020-06-30,UNEXPECTED_IN_REPLAY,idfcbank,2013-04-18,4942c0f021abcd6ed9702c343c2696ec44cfa8022c7e37448f8a78c075c4a16d,UNRESOLVED_MANUAL_REVIEW,Diagnostic reverse replay retains a symbol not present in the official checkpoint.
2020-06-30,UNEXPECTED_IN_REPLAY,infotecent,2013-04-18,4942c0f021abcd6ed9702c343c2696ec44cfa8022c7e37448f8a78c075c4a16d,UNRESOLVED_MANUAL_REVIEW,Diagnostic reverse replay retains a symbol not present in the official checkpoint.
2020-06-30,UNEXPECTED_IN_REPLAY,madrascem,2013-04-18,4942c0f021abcd6ed9702c343c2696ec44cfa8022c7e37448f8a78c075c4a16d,UNRESOLVED_MANUAL_REVIEW,Diagnostic reverse replay retains a symbol not present in the official checkpoint.
2020-06-30,UNEXPECTED_IN_REPLAY,rnam,2013-04-18,4942c0f021abcd6ed9702c343c2696ec44cfa8022c7e37448f8a78c075c4a16d,UNRESOLVED_MANUAL_REVIEW,Diagnostic reverse replay retains a symbol not present in the official checkpoint.
2020-06-30,UNEXPECTED_IN_REPLAY,sesagoa,2013-04-18,4942c0f021abcd6ed9702c343c2696ec44cfa8022c7e37448f8a78c075c4a16d,UNRESOLVED_MANUAL_REVIEW,Diagnostic reverse replay retains a symbol not present in the official checkpoint.
2020-06-30,UNEXPECTED_IN_REPLAY,sksmicro,2013-04-18,4942c0f021abcd6ed9702c343c2696ec44cfa8022c7e37448f8a78c075c4a16d,UNRESOLVED_MANUAL_REVIEW,Diagnostic reverse replay retains a symbol not present in the official checkpoint.
2020-06-30,UNEXPECTED_IN_REPLAY,tataglobal,2013-04-18,4942c0f021abcd6ed9702c343c2696ec44cfa8022c7e37448f8a78c075c4a16d,UNRESOLVED_MANUAL_REVIEW,Diagnostic reverse replay retains a symbol not present in the official checkpoint.
2020-06-30,UNEXPECTED_IN_REPLAY,uniphos,2013-04-18,4942c0f021abcd6ed9702c343c2696ec44cfa8022c7e37448f8a78c075c4a16d,UNRESOLVED_MANUAL_REVIEW,Diagnostic reverse replay retains a symbol not present in the official checkpoint.
2020-07-31,MISSING_FROM_REPLAY,idfcfirstb,2013-04-18,4942c0f021abcd6ed9702c343c2696ec44cfa8022c7e37448f8a78c075c4a16d,UNRESOLVED_MANUAL_REVIEW,No authoritative 2012 anchor or complete certified event chain; symbol is in the official checkpoint but absent from diagnostic replay.
2020-07-31,MISSING_FROM_REPLAY,nam-india,2013-04-18,4942c0f021abcd6ed9702c343c2696ec44cfa8022c7e37448f8a78c075c4a16d,UNRESOLVED_MANUAL_REVIEW,No authoritative 2012 anchor or complete certified event chain; symbol is in the official checkpoint but absent from diagnostic replay.
2020-07-31,MISSING_FROM_REPLAY,sbicard,2013-04-18,4942c0f021abcd6ed9702c343c2696ec44cfa8022c7e37448f8a78c075c4a16d,UNRESOLVED_MANUAL_REVIEW,No authoritative 2012 anchor or complete certified event chain; symbol is in the official checkpoint but absent from diagnostic replay.
2020-07-31,MISSING_FROM_REPLAY,tataconsum,2013-04-18,4942c0f021abcd6ed9702c343c2696ec44cfa8022c7e37448f8a78c075c4a16d,UNRESOLVED_MANUAL_REVIEW,No authoritative 2012 anchor or complete certified event chain; symbol is in the official checkpoint but absent from diagnostic replay.
2020-07-31,MISSING_FROM_REPLAY,upl,2013-04-18,4942c0f021abcd6ed9702c343c2696ec44cfa8022c7e37448f8a78c075c4a16d,UNRESOLVED_MANUAL_REVIEW,No authoritative 2012 anchor or complete certified event chain; symbol is in the official checkpoint but absent from diagnostic replay.
2020-07-31,UNEXPECTED_IN_REPLAY,idfcbank,2013-04-18,4942c0f021abcd6ed9702c343c2696ec44cfa8022c7e37448f8a78c075c4a16d,UNRESOLVED_MANUAL_REVIEW,Diagnostic reverse replay retains a symbol not present in the official checkpoint.
2020-07-31,UNEXPECTED_IN_REPLAY,infotecent,2013-04-18,4942c0f021abcd6ed9702c343c2696ec44cfa8022c7e37448f8a78c075c4a16d,UNRESOLVED_MANUAL_REVIEW,Diagnostic reverse replay retains a symbol not present in the official checkpoint.
2020-07-31,UNEXPECTED_IN_REPLAY,madrascem,2013-04-18,4942c0f021abcd6ed9702c343c2696ec44cfa8022c7e37448f8a78c075c4a16d,UNRESOLVED_MANUAL_REVIEW,Diagnostic reverse replay retains a symbol not present in the official checkpoint.
2020-07-31,UNEXPECTED_IN_REPLAY,rnam,2013-04-18,4942c0f021abcd6ed9702c343c2696ec44cfa8022c7e37448f8a78c075c4a16d,UNRESOLVED_MANUAL_REVIEW,Diagnostic reverse replay retains a symbol not present in the official checkpoint.
2020-07-31,UNEXPECTED_IN_REPLAY,sesagoa,2013-04-18,4942c0f021abcd6ed9702c343c2696ec44cfa8022c7e37448f8a78c075c4a16d,UNRESOLVED_MANUAL_REVIEW,Diagnostic reverse replay retains a symbol not present in the official checkpoint.
2020-07-31,UNEXPECTED_IN_REPLAY,sksmicro,2013-04-18,4942c0f021abcd6ed9702c343c2696ec44cfa8022c7e37448f8a78c075c4a16d,UNRESOLVED_MANUAL_REVIEW,Diagnostic reverse replay retains a symbol not present in the official checkpoint.
2020-07-31,UNEXPECTED_IN_REPLAY,tataglobal,2013-04-18,4942c0f021abcd6ed9702c343c2696ec44cfa8022c7e37448f8a78c075c4a16d,UNRESOLVED_MANUAL_REVIEW,Diagnostic reverse replay retains a symbol not present in the official checkpoint.
2020-07-31,UNEXPECTED_IN_REPLAY,uniphos,2013-04-18,4942c0f021abcd6ed9702c343c2696ec44cfa8022c7e37448f8a78c075c4a16d,UNRESOLVED_MANUAL_REVIEW,Diagnostic reverse replay retains a symbol not present in the official checkpoint.
2020-08-31,MISSING_FROM_REPLAY,coforge,2013-04-18,4942c0f021abcd6ed9702c343c2696ec44cfa8022c7e37448f8a78c075c4a16d,UNRESOLVED_MANUAL_REVIEW,No authoritative 2012 anchor or complete certified event chain; symbol is in the official checkpoint but absent from diagnostic replay.
2020-08-31,MISSING_FROM_REPLAY,idfcfirstb,2013-04-18,4942c0f021abcd6ed9702c343c2696ec44cfa8022c7e37448f8a78c075c4a16d,UNRESOLVED_MANUAL_REVIEW,No authoritative 2012 anchor or complete certified event chain; symbol is in the official checkpoint but absent from diagnostic replay.
2020-08-31,MISSING_FROM_REPLAY,nam-india,2013-04-18,4942c0f021abcd6ed9702c343c2696ec44cfa8022c7e37448f8a78c075c4a16d,UNRESOLVED_MANUAL_REVIEW,No authoritative 2012 anchor or complete certified event chain; symbol is in the official checkpoint but absent from diagnostic replay.
2020-08-31,MISSING_FROM_REPLAY,tataconsum,2013-04-18,4942c0f021abcd6ed9702c343c2696ec44cfa8022c7e37448f8a78c075c4a16d,UNRESOLVED_MANUAL_REVIEW,No authoritative 2012 anchor or complete certified event chain; symbol is in the official checkpoint but absent from diagnostic replay.
2020-08-31,MISSING_FROM_REPLAY,upl,2013-04-18,4942c0f021abcd6ed9702c343c2696ec44cfa8022c7e37448f8a78c075c4a16d,UNRESOLVED_MANUAL_REVIEW,No authoritative 2012 anchor or complete certified event chain; symbol is in the official checkpoint but absent from diagnostic replay.
2020-08-31,UNEXPECTED_IN_REPLAY,idfcbank,2013-04-18,4942c0f021abcd6ed9702c343c2696ec44cfa8022c7e37448f8a78c075c4a16d,UNRESOLVED_MANUAL_REVIEW,Diagnostic reverse replay retains a symbol not present in the official checkpoint.
2020-08-31,UNEXPECTED_IN_REPLAY,infotecent,2013-04-18,4942c0f021abcd6ed9702c343c2696ec44cfa8022c7e37448f8a78c075c4a16d,UNRESOLVED_MANUAL_REVIEW,Diagnostic reverse replay retains a symbol not present in the official checkpoint.
2020-08-31,UNEXPECTED_IN_REPLAY,madrascem,2013-04-18,4942c0f021abcd6ed9702c343c2696ec44cfa8022c7e37448f8a78c075c4a16d,UNRESOLVED_MANUAL_REVIEW,Diagnostic reverse replay retains a symbol not present in the official checkpoint.
2020-08-31,UNEXPECTED_IN_REPLAY,niittech,2013-04-18,4942c0f021abcd6ed9702c343c2696ec44cfa8022c7e37448f8a78c075c4a16d,UNRESOLVED_MANUAL_REVIEW,Diagnostic reverse replay retains a symbol not present in the official checkpoint.
2020-08-31,UNEXPECTED_IN_REPLAY,rnam,2013-04-18,4942c0f021abcd6ed9702c343c2696ec44cfa8022c7e37448f8a78c075c4a16d,UNRESOLVED_MANUAL_REVIEW,Diagnostic reverse replay retains a symbol not present in the official checkpoint.
2020-08-31,UNEXPECTED_IN_REPLAY,sesagoa,2013-04-18,4942c0f021abcd6ed9702c343c2696ec44cfa8022c7e37448f8a78c075c4a16d,UNRESOLVED_MANUAL_REVIEW,Diagnostic reverse replay retains a symbol not present in the official checkpoint.
2020-08-31,UNEXPECTED_IN_REPLAY,sksmicro,2013-04-18,4942c0f021abcd6ed9702c343c2696ec44cfa8022c7e37448f8a78c075c4a16d,UNRESOLVED_MANUAL_REVIEW,Diagnostic reverse replay retains a symbol not present in the official checkpoint.
2020-08-31,UNEXPECTED_IN_REPLAY,tataglobal,2013-04-18,4942c0f021abcd6ed9702c343c2696ec44cfa8022c7e37448f8a78c075c4a16d,UNRESOLVED_MANUAL_REVIEW,Diagnostic reverse replay retains a symbol not present in the official checkpoint.
2020-08-31,UNEXPECTED_IN_REPLAY,uniphos,2013-04-18,4942c0f021abcd6ed9702c343c2696ec44cfa8022c7e37448f8a78c075c4a16d,UNRESOLVED_MANUAL_REVIEW,Diagnostic reverse replay retains a symbol not present in the official checkpoint.
2020-09-30,MISSING_FROM_REPLAY,adanient,2013-04-18,4942c0f021abcd6ed9702c343c2696ec44cfa8022c7e37448f8a78c075c4a16d,UNRESOLVED_MANUAL_REVIEW,No authoritative 2012 anchor or complete certified event chain; symbol is in the official checkpoint but absent from diagnostic replay.
2020-09-30,MISSING_FROM_REPLAY,adanigreen,2013-04-18,4942c0f021abcd6ed9702c343c2696ec44cfa8022c7e37448f8a78c075c4a16d,UNRESOLVED_MANUAL_REVIEW,No authoritative 2012 anchor or complete certified event chain; symbol is in the official checkpoint but absent from diagnostic replay.
2020-09-30,MISSING_FROM_REPLAY,aplltd,2013-04-18,4942c0f021abcd6ed9702c343c2696ec44cfa8022c7e37448f8a78c075c4a16d,UNRESOLVED_MANUAL_REVIEW,No authoritative 2012 anchor or complete certified event chain; symbol is in the official checkpoint but absent from diagnostic replay.
2020-09-30,MISSING_FROM_REPLAY,coforge,2013-04-18,4942c0f021abcd6ed9702c343c2696ec44cfa8022c7e37448f8a78c075c4a16d,UNRESOLVED_MANUAL_REVIEW,No authoritative 2012 anchor or complete certified event chain; symbol is in the official checkpoint but absent from diagnostic replay.
2020-09-30,MISSING_FROM_REPLAY,idfcfirstb,2013-04-18,4942c0f021abcd6ed9702c343c2696ec44cfa8022c7e37448f8a78c075c4a16d,UNRESOLVED_MANUAL_REVIEW,No authoritative 2012 anchor or complete certified event chain; symbol is in the official checkpoint but absent from diagnostic replay.
2020-09-30,MISSING_FROM_REPLAY,isec,2013-04-18,4942c0f021abcd6ed9702c343c2696ec44cfa8022c7e37448f8a78c075c4a16d,UNRESOLVED_MANUAL_REVIEW,No authoritative 2012 anchor or complete certified event chain; symbol is in the official checkpoint but absent from diagnostic replay.
2020-09-30,MISSING_FROM_REPLAY,nam-india,2013-04-18,4942c0f021abcd6ed9702c343c2696ec44cfa8022c7e37448f8a78c075c4a16d,UNRESOLVED_MANUAL_REVIEW,No authoritative 2012 anchor or complete certified event chain; symbol is in the official checkpoint but absent from diagnostic replay.
2020-09-30,MISSING_FROM_REPLAY,navinfluor,2013-04-18,4942c0f021abcd6ed9702c343c2696ec44cfa8022c7e37448f8a78c075c4a16d,UNRESOLVED_MANUAL_REVIEW,No authoritative 2012 anchor or complete certified event chain; symbol is in the official checkpoint but absent from diagnostic replay.
2020-09-30,MISSING_FROM_REPLAY,sanofi,2013-04-18,4942c0f021abcd6ed9702c343c2696ec44cfa8022c7e37448f8a78c075c4a16d,UNRESOLVED_MANUAL_REVIEW,No authoritative 2012 anchor or complete certified event chain; symbol is in the official checkpoint but absent from diagnostic replay.
2020-09-30,MISSING_FROM_REPLAY,tatachem,2013-04-18,4942c0f021abcd6ed9702c343c2696ec44cfa8022c7e37448f8a78c075c4a16d,UNRESOLVED_MANUAL_REVIEW,No authoritative 2012 anchor or complete certified event chain; symbol is in the official checkpoint but absent from diagnostic replay.
2020-09-30,MISSING_FROM_REPLAY,tataconsum,2013-04-18,4942c0f021abcd6ed9702c343c2696ec44cfa8022c7e37448f8a78c075c4a16d,UNRESOLVED_MANUAL_REVIEW,No authoritative 2012 anchor or complete certified event chain; symbol is in the official checkpoint but absent from diagnostic replay.
2020-09-30,MISSING_FROM_REPLAY,upl,2013-04-18,4942c0f021abcd6ed9702c343c2696ec44cfa8022c7e37448f8a78c075c4a16d,UNRESOLVED_MANUAL_REVIEW,No authoritative 2012 anchor or complete certified event chain; symbol is in the official checkpoint but absent from diagnostic replay.
2020-09-30,MISSING_FROM_REPLAY,yesbank,2013-04-18,4942c0f021abcd6ed9702c343c2696ec44cfa8022c7e37448f8a78c075c4a16d,UNRESOLVED_MANUAL_REVIEW,No authoritative 2012 anchor or complete certified event chain; symbol is in the official checkpoint but absent from diagnostic replay.
2020-09-30,UNEXPECTED_IN_REPLAY,adanipower,2013-04-18,4942c0f021abcd6ed9702c343c2696ec44cfa8022c7e37448f8a78c075c4a16d,UNRESOLVED_MANUAL_REVIEW,Diagnostic reverse replay retains a symbol not present in the official checkpoint.
2020-09-30,UNEXPECTED_IN_REPLAY,hexaware,2013-04-18,4942c0f021abcd6ed9702c343c2696ec44cfa8022c7e37448f8a78c075c4a16d,UNRESOLVED_MANUAL_REVIEW,Diagnostic reverse replay retains a symbol not present in the official checkpoint.
2020-09-30,UNEXPECTED_IN_REPLAY,idbi,2013-04-18,4942c0f021abcd6ed9702c343c2696ec44cfa8022c7e37448f8a78c075c4a16d,UNRESOLVED_MANUAL_REVIEW,Diagnostic reverse replay retains a symbol not present in the official checkpoint.
2020-09-30,UNEXPECTED_IN_REPLAY,idfcbank,2013-04-18,4942c0f021abcd6ed9702c343c2696ec44cfa8022c7e37448f8a78c075c4a16d,UNRESOLVED_MANUAL_REVIEW,Diagnostic reverse replay retains a symbol not present in the official checkpoint.
2020-09-30,UNEXPECTED_IN_REPLAY,infotecent,2013-04-18,4942c0f021abcd6ed9702c343c2696ec44cfa8022c7e37448f8a78c075c4a16d,UNRESOLVED_MANUAL_REVIEW,Diagnostic reverse replay retains a symbol not present in the official checkpoint.
2020-09-30,UNEXPECTED_IN_REPLAY,jubilant,2013-04-18,4942c0f021abcd6ed9702c343c2696ec44cfa8022c7e37448f8a78c075c4a16d,UNRESOLVED_MANUAL_REVIEW,Diagnostic reverse replay retains a symbol not present in the official checkpoint.
2020-09-30,UNEXPECTED_IN_REPLAY,madrascem,2013-04-18,4942c0f021abcd6ed9702c343c2696ec44cfa8022c7e37448f8a78c075c4a16d,UNRESOLVED_MANUAL_REVIEW,Diagnostic reverse replay retains a symbol not present in the official checkpoint.
2020-09-30,UNEXPECTED_IN_REPLAY,mrpl,2013-04-18,4942c0f021abcd6ed9702c343c2696ec44cfa8022c7e37448f8a78c075c4a16d,UNRESOLVED_MANUAL_REVIEW,Diagnostic reverse replay retains a symbol not present in the official checkpoint.
2020-09-30,UNEXPECTED_IN_REPLAY,nhpc,2013-04-18,4942c0f021abcd6ed9702c343c2696ec44cfa8022c7e37448f8a78c075c4a16d,UNRESOLVED_MANUAL_REVIEW,Diagnostic reverse replay retains a symbol not present in the official checkpoint.
2020-09-30,UNEXPECTED_IN_REPLAY,niittech,2013-04-18,4942c0f021abcd6ed9702c343c2696ec44cfa8022c7e37448f8a78c075c4a16d,UNRESOLVED_MANUAL_REVIEW,Diagnostic reverse replay retains a symbol not present in the official checkpoint.
2020-09-30,UNEXPECTED_IN_REPLAY,pnbhousing,2013-04-18,4942c0f021abcd6ed9702c343c2696ec44cfa8022c7e37448f8a78c075c4a16d,UNRESOLVED_MANUAL_REVIEW,Diagnostic reverse replay retains a symbol not present in the official checkpoint.
2020-09-30,UNEXPECTED_IN_REPLAY,quess,2013-04-18,4942c0f021abcd6ed9702c343c2696ec44cfa8022c7e37448f8a78c075c4a16d,UNRESOLVED_MANUAL_REVIEW,Diagnostic reverse replay retains a symbol not present in the official checkpoint.
2020-09-30,UNEXPECTED_IN_REPLAY,rnam,2013-04-18,4942c0f021abcd6ed9702c343c2696ec44cfa8022c7e37448f8a78c075c4a16d,UNRESOLVED_MANUAL_REVIEW,Diagnostic reverse replay retains a symbol not present in the official checkpoint.
2020-09-30,UNEXPECTED_IN_REPLAY,sesagoa,2013-04-18,4942c0f021abcd6ed9702c343c2696ec44cfa8022c7e37448f8a78c075c4a16d,UNRESOLVED_MANUAL_REVIEW,Diagnostic reverse replay retains a symbol not present in the official checkpoint.
2020-09-30,UNEXPECTED_IN_REPLAY,sksmicro,2013-04-18,4942c0f021abcd6ed9702c343c2696ec44cfa8022c7e37448f8a78c075c4a16d,UNRESOLVED_MANUAL_REVIEW,Diagnostic reverse replay retains a symbol not present in the official checkpoint.
2020-09-30,UNEXPECTED_IN_REPLAY,tataglobal,2013-04-18,4942c0f021abcd6ed9702c343c2696ec44cfa8022c7e37448f8a78c075c4a16d,UNRESOLVED_MANUAL_REVIEW,Diagnostic reverse replay retains a symbol not present in the official checkpoint.
2020-09-30,UNEXPECTED_IN_REPLAY,uniphos,2013-04-18,4942c0f021abcd6ed9702c343c2696ec44cfa8022c7e37448f8a78c075c4a16d,UNRESOLVED_MANUAL_REVIEW,Diagnostic reverse replay retains a symbol not present in the official checkpoint.
2020-10-30,MISSING_FROM_REPLAY,adanient,2013-04-18,4942c0f021abcd6ed9702c343c2696ec44cfa8022c7e37448f8a78c075c4a16d,UNRESOLVED_MANUAL_REVIEW,No authoritative 2012 anchor or complete certified event chain; symbol is in the official checkpoint but absent from diagnostic replay.
2020-10-30,MISSING_FROM_REPLAY,adanigreen,2013-04-18,4942c0f021abcd6ed9702c343c2696ec44cfa8022c7e37448f8a78c075c4a16d,UNRESOLVED_MANUAL_REVIEW,No authoritative 2012 anchor or complete certified event chain; symbol is in the official checkpoint but absent from diagnostic replay.
2020-10-30,MISSING_FROM_REPLAY,aplltd,2013-04-18,4942c0f021abcd6ed9702c343c2696ec44cfa8022c7e37448f8a78c075c4a16d,UNRESOLVED_MANUAL_REVIEW,No authoritative 2012 anchor or complete certified event chain; symbol is in the official checkpoint but absent from diagnostic replay.
2020-10-30,MISSING_FROM_REPLAY,coforge,2013-04-18,4942c0f021abcd6ed9702c343c2696ec44cfa8022c7e37448f8a78c075c4a16d,UNRESOLVED_MANUAL_REVIEW,No authoritative 2012 anchor or complete certified event chain; symbol is in the official checkpoint but absent from diagnostic replay.
2020-10-30,MISSING_FROM_REPLAY,dhani,2013-04-18,4942c0f021abcd6ed9702c343c2696ec44cfa8022c7e37448f8a78c075c4a16d,UNRESOLVED_MANUAL_REVIEW,No authoritative 2012 anchor or complete certified event chain; symbol is in the official checkpoint but absent from diagnostic replay.
2020-10-30,MISSING_FROM_REPLAY,idfcfirstb,2013-04-18,4942c0f021abcd6ed9702c343c2696ec44cfa8022c7e37448f8a78c075c4a16d,UNRESOLVED_MANUAL_REVIEW,No authoritative 2012 anchor or complete certified event chain; symbol is in the official checkpoint but absent from diagnostic replay.
2020-10-30,MISSING_FROM_REPLAY,isec,2013-04-18,4942c0f021abcd6ed9702c343c2696ec44cfa8022c7e37448f8a78c075c4a16d,UNRESOLVED_MANUAL_REVIEW,No authoritative 2012 anchor or complete certified event chain; symbol is in the official checkpoint but absent from diagnostic replay.
2020-10-30,MISSING_FROM_REPLAY,nam-india,2013-04-18,4942c0f021abcd6ed9702c343c2696ec44cfa8022c7e37448f8a78c075c4a16d,UNRESOLVED_MANUAL_REVIEW,No authoritative 2012 anchor or complete certified event chain; symbol is in the official checkpoint but absent from diagnostic replay.
2020-10-30,MISSING_FROM_REPLAY,navinfluor,2013-04-18,4942c0f021abcd6ed9702c343c2696ec44cfa8022c7e37448f8a78c075c4a16d,UNRESOLVED_MANUAL_REVIEW,No authoritative 2012 anchor or complete certified event chain; symbol is in the official checkpoint but absent from diagnostic replay.
2020-10-30,MISSING_FROM_REPLAY,sanofi,2013-04-18,4942c0f021abcd6ed9702c343c2696ec44cfa8022c7e37448f8a78c075c4a16d,UNRESOLVED_MANUAL_REVIEW,No authoritative 2012 anchor or complete certified event chain; symbol is in the official checkpoint but absent from diagnostic replay.
2020-10-30,MISSING_FROM_REPLAY,tatachem,2013-04-18,4942c0f021abcd6ed9702c343c2696ec44cfa8022c7e37448f8a78c075c4a16d,UNRESOLVED_MANUAL_REVIEW,No authoritative 2012 anchor or complete certified event chain; symbol is in the official checkpoint but absent from diagnostic replay.
2020-10-30,MISSING_FROM_REPLAY,tataconsum,2013-04-18,4942c0f021abcd6ed9702c343c2696ec44cfa8022c7e37448f8a78c075c4a16d,UNRESOLVED_MANUAL_REVIEW,No authoritative 2012 anchor or complete certified event chain; symbol is in the official checkpoint but absent from diagnostic replay.
2020-10-30,MISSING_FROM_REPLAY,upl,2013-04-18,4942c0f021abcd6ed9702c343c2696ec44cfa8022c7e37448f8a78c075c4a16d,UNRESOLVED_MANUAL_REVIEW,No authoritative 2012 anchor or complete certified event chain; symbol is in the official checkpoint but absent from diagnostic replay.
2020-10-30,MISSING_FROM_REPLAY,yesbank,2013-04-18,4942c0f021abcd6ed9702c343c2696ec44cfa8022c7e37448f8a78c075c4a16d,UNRESOLVED_MANUAL_REVIEW,No authoritative 2012 anchor or complete certified event chain; symbol is in the official checkpoint but absent from diagnostic replay.
2020-10-30,UNEXPECTED_IN_REPLAY,adanipower,2013-04-18,4942c0f021abcd6ed9702c343c2696ec44cfa8022c7e37448f8a78c075c4a16d,UNRESOLVED_MANUAL_REVIEW,Diagnostic reverse replay retains a symbol not present in the official checkpoint.
2020-10-30,UNEXPECTED_IN_REPLAY,hexaware,2013-04-18,4942c0f021abcd6ed9702c343c2696ec44cfa8022c7e37448f8a78c075c4a16d,UNRESOLVED_MANUAL_REVIEW,Diagnostic reverse replay retains a symbol not present in the official checkpoint.
2020-10-30,UNEXPECTED_IN_REPLAY,ibventures,2013-04-18,4942c0f021abcd6ed9702c343c2696ec44cfa8022c7e37448f8a78c075c4a16d,UNRESOLVED_MANUAL_REVIEW,Diagnostic reverse replay retains a symbol not present in the official checkpoint.
2020-10-30,UNEXPECTED_IN_REPLAY,idbi,2013-04-18,4942c0f021abcd6ed9702c343c2696ec44cfa8022c7e37448f8a78c075c4a16d,UNRESOLVED_MANUAL_REVIEW,Diagnostic reverse replay retains a symbol not present in the official checkpoint.
2020-10-30,UNEXPECTED_IN_REPLAY,idfcbank,2013-04-18,4942c0f021abcd6ed9702c343c2696ec44cfa8022c7e37448f8a78c075c4a16d,UNRESOLVED_MANUAL_REVIEW,Diagnostic reverse replay retains a symbol not present in the official checkpoint.
2020-10-30,UNEXPECTED_IN_REPLAY,infotecent,2013-04-18,4942c0f021abcd6ed9702c343c2696ec44cfa8022c7e37448f8a78c075c4a16d,UNRESOLVED_MANUAL_REVIEW,Diagnostic reverse replay retains a symbol not present in the official checkpoint.
2020-10-30,UNEXPECTED_IN_REPLAY,jubilant,2013-04-18,4942c0f021abcd6ed9702c343c2696ec44cfa8022c7e37448f8a78c075c4a16d,UNRESOLVED_MANUAL_REVIEW,Diagnostic reverse replay retains a symbol not present in the official checkpoint.
2020-10-30,UNEXPECTED_IN_REPLAY,madrascem,2013-04-18,4942c0f021abcd6ed9702c343c2696ec44cfa8022c7e37448f8a78c075c4a16d,UNRESOLVED_MANUAL_REVIEW,Diagnostic reverse replay retains a symbol not present in the official checkpoint.
2020-10-30,UNEXPECTED_IN_REPLAY,mrpl,2013-04-18,4942c0f021abcd6ed9702c343c2696ec44cfa8022c7e37448f8a78c075c4a16d,UNRESOLVED_MANUAL_REVIEW,Diagnostic reverse replay retains a symbol not present in the official checkpoint.
2020-10-30,UNEXPECTED_IN_REPLAY,nhpc,2013-04-18,4942c0f021abcd6ed9702c343c2696ec44cfa8022c7e37448f8a78c075c4a16d,UNRESOLVED_MANUAL_REVIEW,Diagnostic reverse replay retains a symbol not present in the official checkpoint.
2020-10-30,UNEXPECTED_IN_REPLAY,niittech,2013-04-18,4942c0f021abcd6ed9702c343c2696ec44cfa8022c7e37448f8a78c075c4a16d,UNRESOLVED_MANUAL_REVIEW,Diagnostic reverse replay retains a symbol not present in the official checkpoint.
2020-10-30,UNEXPECTED_IN_REPLAY,pnbhousing,2013-04-18,4942c0f021abcd6ed9702c343c2696ec44cfa8022c7e37448f8a78c075c4a16d,UNRESOLVED_MANUAL_REVIEW,Diagnostic reverse replay retains a symbol not present in the official checkpoint.
2020-10-30,UNEXPECTED_IN_REPLAY,quess,2013-04-18,4942c0f021abcd6ed9702c343c2696ec44cfa8022c7e37448f8a78c075c4a16d,UNRESOLVED_MANUAL_REVIEW,Diagnostic reverse replay retains a symbol not present in the official checkpoint.
2020-10-30,UNEXPECTED_IN_REPLAY,rnam,2013-04-18,4942c0f021abcd6ed9702c343c2696ec44cfa8022c7e37448f8a78c075c4a16d,UNRESOLVED_MANUAL_REVIEW,Diagnostic reverse replay retains a symbol not present in the official checkpoint.
2020-10-30,UNEXPECTED_IN_REPLAY,sesagoa,2013-04-18,4942c0f021abcd6ed9702c343c2696ec44cfa8022c7e37448f8a78c075c4a16d,UNRESOLVED_MANUAL_REVIEW,Diagnostic reverse replay retains a symbol not present in the official checkpoint.
2020-10-30,UNEXPECTED_IN_REPLAY,sksmicro,2013-04-18,4942c0f021abcd6ed9702c343c2696ec44cfa8022c7e37448f8a78c075c4a16d,UNRESOLVED_MANUAL_REVIEW,Diagnostic reverse replay retains a symbol not present in the official checkpoint.
2020-10-30,UNEXPECTED_IN_REPLAY,tataglobal,2013-04-18,4942c0f021abcd6ed9702c343c2696ec44cfa8022c7e37448f8a78c075c4a16d,UNRESOLVED_MANUAL_REVIEW,Diagnostic reverse replay retains a symbol not present in the official checkpoint.
2020-10-30,UNEXPECTED_IN_REPLAY,uniphos,2013-04-18,4942c0f021abcd6ed9702c343c2696ec44cfa8022c7e37448f8a78c075c4a16d,UNRESOLVED_MANUAL_REVIEW,Diagnostic reverse replay retains a symbol not present in the official checkpoint.
2020-11-27,MISSING_FROM_REPLAY,adanient,2013-04-18,4942c0f021abcd6ed9702c343c2696ec44cfa8022c7e37448f8a78c075c4a16d,UNRESOLVED_MANUAL_REVIEW,No authoritative 2012 anchor or complete certified event chain; symbol is in the official checkpoint but absent from diagnostic replay.
2020-11-27,MISSING_FROM_REPLAY,adanigreen,2013-04-18,4942c0f021abcd6ed9702c343c2696ec44cfa8022c7e37448f8a78c075c4a16d,UNRESOLVED_MANUAL_REVIEW,No authoritative 2012 anchor or complete certified event chain; symbol is in the official checkpoint but absent from diagnostic replay.
2020-11-27,MISSING_FROM_REPLAY,aplltd,2013-04-18,4942c0f021abcd6ed9702c343c2696ec44cfa8022c7e37448f8a78c075c4a16d,UNRESOLVED_MANUAL_REVIEW,No authoritative 2012 anchor or complete certified event chain; symbol is in the official checkpoint but absent from diagnostic replay.
2020-11-27,MISSING_FROM_REPLAY,coforge,2013-04-18,4942c0f021abcd6ed9702c343c2696ec44cfa8022c7e37448f8a78c075c4a16d,UNRESOLVED_MANUAL_REVIEW,No authoritative 2012 anchor or complete certified event chain; symbol is in the official checkpoint but absent from diagnostic replay.
2020-11-27,MISSING_FROM_REPLAY,dhani,2013-04-18,4942c0f021abcd6ed9702c343c2696ec44cfa8022c7e37448f8a78c075c4a16d,UNRESOLVED_MANUAL_REVIEW,No authoritative 2012 anchor or complete certified event chain; symbol is in the official checkpoint but absent from diagnostic replay.
2020-11-27,MISSING_FROM_REPLAY,idfcfirstb,2013-04-18,4942c0f021abcd6ed9702c343c2696ec44cfa8022c7e37448f8a78c075c4a16d,UNRESOLVED_MANUAL_REVIEW,No authoritative 2012 anchor or complete certified event chain; symbol is in the official checkpoint but absent from diagnostic replay.
2020-11-27,MISSING_FROM_REPLAY,isec,2013-04-18,4942c0f021abcd6ed9702c343c2696ec44cfa8022c7e37448f8a78c075c4a16d,UNRESOLVED_MANUAL_REVIEW,No authoritative 2012 anchor or complete certified event chain; symbol is in the official checkpoint but absent from diagnostic replay.
2020-11-27,MISSING_FROM_REPLAY,nam-india,2013-04-18,4942c0f021abcd6ed9702c343c2696ec44cfa8022c7e37448f8a78c075c4a16d,UNRESOLVED_MANUAL_REVIEW,No authoritative 2012 anchor or complete certified event chain; symbol is in the official checkpoint but absent from diagnostic replay.
2020-11-27,MISSING_FROM_REPLAY,navinfluor,2013-04-18,4942c0f021abcd6ed9702c343c2696ec44cfa8022c7e37448f8a78c075c4a16d,UNRESOLVED_MANUAL_REVIEW,No authoritative 2012 anchor or complete certified event chain; symbol is in the official checkpoint but absent from diagnostic replay.
2020-11-27,MISSING_FROM_REPLAY,sanofi,2013-04-18,4942c0f021abcd6ed9702c343c2696ec44cfa8022c7e37448f8a78c075c4a16d,UNRESOLVED_MANUAL_REVIEW,No authoritative 2012 anchor or complete certified event chain; symbol is in the official checkpoint but absent from diagnostic replay.
2020-11-27,MISSING_FROM_REPLAY,tatachem,2013-04-18,4942c0f021abcd6ed9702c343c2696ec44cfa8022c7e37448f8a78c075c4a16d,UNRESOLVED_MANUAL_REVIEW,No authoritative 2012 anchor or complete certified event chain; symbol is in the official checkpoint but absent from diagnostic replay.
2020-11-27,MISSING_FROM_REPLAY,tataconsum,2013-04-18,4942c0f021abcd6ed9702c343c2696ec44cfa8022c7e37448f8a78c075c4a16d,UNRESOLVED_MANUAL_REVIEW,No authoritative 2012 anchor or complete certified event chain; symbol is in the official checkpoint but absent from diagnostic replay.
2020-11-27,MISSING_FROM_REPLAY,upl,2013-04-18,4942c0f021abcd6ed9702c343c2696ec44cfa8022c7e37448f8a78c075c4a16d,UNRESOLVED_MANUAL_REVIEW,No authoritative 2012 anchor or complete certified event chain; symbol is in the official checkpoint but absent from diagnostic replay.
2020-11-27,MISSING_FROM_REPLAY,yesbank,2013-04-18,4942c0f021abcd6ed9702c343c2696ec44cfa8022c7e37448f8a78c075c4a16d,UNRESOLVED_MANUAL_REVIEW,No authoritative 2012 anchor or complete certified event chain; symbol is in the official checkpoint but absent from diagnostic replay.
2020-11-27,UNEXPECTED_IN_REPLAY,adanipower,2013-04-18,4942c0f021abcd6ed9702c343c2696ec44cfa8022c7e37448f8a78c075c4a16d,UNRESOLVED_MANUAL_REVIEW,Diagnostic reverse replay retains a symbol not present in the official checkpoint.
2020-11-27,UNEXPECTED_IN_REPLAY,hexaware,2013-04-18,4942c0f021abcd6ed9702c343c2696ec44cfa8022c7e37448f8a78c075c4a16d,UNRESOLVED_MANUAL_REVIEW,Diagnostic reverse replay retains a symbol not present in the official checkpoint.
2020-11-27,UNEXPECTED_IN_REPLAY,ibventures,2013-04-18,4942c0f021abcd6ed9702c343c2696ec44cfa8022c7e37448f8a78c075c4a16d,UNRESOLVED_MANUAL_REVIEW,Diagnostic reverse replay retains a symbol not present in the official checkpoint.
2020-11-27,UNEXPECTED_IN_REPLAY,idbi,2013-04-18,4942c0f021abcd6ed9702c343c2696ec44cfa8022c7e37448f8a78c075c4a16d,UNRESOLVED_MANUAL_REVIEW,Diagnostic reverse replay retains a symbol not present in the official checkpoint.
2020-11-27,UNEXPECTED_IN_REPLAY,idfcbank,2013-04-18,4942c0f021abcd6ed9702c343c2696ec44cfa8022c7e37448f8a78c075c4a16d,UNRESOLVED_MANUAL_REVIEW,Diagnostic reverse replay retains a symbol not present in the official checkpoint.
2020-11-27,UNEXPECTED_IN_REPLAY,infotecent,2013-04-18,4942c0f021abcd6ed9702c343c2696ec44cfa8022c7e37448f8a78c075c4a16d,UNRESOLVED_MANUAL_REVIEW,Diagnostic reverse replay retains a symbol not present in the official checkpoint.
2020-11-27,UNEXPECTED_IN_REPLAY,jubilant,2013-04-18,4942c0f021abcd6ed9702c343c2696ec44cfa8022c7e37448f8a78c075c4a16d,UNRESOLVED_MANUAL_REVIEW,Diagnostic reverse replay retains a symbol not present in the official checkpoint.
2020-11-27,UNEXPECTED_IN_REPLAY,madrascem,2013-04-18,4942c0f021abcd6ed9702c343c2696ec44cfa8022c7e37448f8a78c075c4a16d,UNRESOLVED_MANUAL_REVIEW,Diagnostic reverse replay retains a symbol not present in the official checkpoint.
2020-11-27,UNEXPECTED_IN_REPLAY,mrpl,2013-04-18,4942c0f021abcd6ed9702c343c2696ec44cfa8022c7e37448f8a78c075c4a16d,UNRESOLVED_MANUAL_REVIEW,Diagnostic reverse replay retains a symbol not present in the official checkpoint.
2020-11-27,UNEXPECTED_IN_REPLAY,nhpc,2013-04-18,4942c0f021abcd6ed9702c343c2696ec44cfa8022c7e37448f8a78c075c4a16d,UNRESOLVED_MANUAL_REVIEW,Diagnostic reverse replay retains a symbol not present in the official checkpoint.
2020-11-27,UNEXPECTED_IN_REPLAY,niittech,2013-04-18,4942c0f021abcd6ed9702c343c2696ec44cfa8022c7e37448f8a78c075c4a16d,UNRESOLVED_MANUAL_REVIEW,Diagnostic reverse replay retains a symbol not present in the official checkpoint.
2020-11-27,UNEXPECTED_IN_REPLAY,pnbhousing,2013-04-18,4942c0f021abcd6ed9702c343c2696ec44cfa8022c7e37448f8a78c075c4a16d,UNRESOLVED_MANUAL_REVIEW,Diagnostic reverse replay retains a symbol not present in the official checkpoint.
2020-11-27,UNEXPECTED_IN_REPLAY,quess,2013-04-18,4942c0f021abcd6ed9702c343c2696ec44cfa8022c7e37448f8a78c075c4a16d,UNRESOLVED_MANUAL_REVIEW,Diagnostic reverse replay retains a symbol not present in the official checkpoint.
2020-11-27,UNEXPECTED_IN_REPLAY,rnam,2013-04-18,4942c0f021abcd6ed9702c343c2696ec44cfa8022c7e37448f8a78c075c4a16d,UNRESOLVED_MANUAL_REVIEW,Diagnostic reverse replay retains a symbol not present in the official checkpoint.
2020-11-27,UNEXPECTED_IN_REPLAY,sesagoa,2013-04-18,4942c0f021abcd6ed9702c343c2696ec44cfa8022c7e37448f8a78c075c4a16d,UNRESOLVED_MANUAL_REVIEW,Diagnostic reverse replay retains a symbol not present in the official checkpoint.
2020-11-27,UNEXPECTED_IN_REPLAY,sksmicro,2013-04-18,4942c0f021abcd6ed9702c343c2696ec44cfa8022c7e37448f8a78c075c4a16d,UNRESOLVED_MANUAL_REVIEW,Diagnostic reverse replay retains a symbol not present in the official checkpoint.
2020-11-27,UNEXPECTED_IN_REPLAY,tataglobal,2013-04-18,4942c0f021abcd6ed9702c343c2696ec44cfa8022c7e37448f8a78c075c4a16d,UNRESOLVED_MANUAL_REVIEW,Diagnostic reverse replay retains a symbol not present in the official checkpoint.
2020-11-27,UNEXPECTED_IN_REPLAY,uniphos,2013-04-18,4942c0f021abcd6ed9702c343c2696ec44cfa8022c7e37448f8a78c075c4a16d,UNRESOLVED_MANUAL_REVIEW,Diagnostic reverse replay retains a symbol not present in the official checkpoint.
2020-12-31,MISSING_FROM_REPLAY,adanient,2013-04-18,4942c0f021abcd6ed9702c343c2696ec44cfa8022c7e37448f8a78c075c4a16d,UNRESOLVED_MANUAL_REVIEW,No authoritative 2012 anchor or complete certified event chain; symbol is in the official checkpoint but absent from diagnostic replay.
2020-12-31,MISSING_FROM_REPLAY,adanigreen,2013-04-18,4942c0f021abcd6ed9702c343c2696ec44cfa8022c7e37448f8a78c075c4a16d,UNRESOLVED_MANUAL_REVIEW,No authoritative 2012 anchor or complete certified event chain; symbol is in the official checkpoint but absent from diagnostic replay.
2020-12-31,MISSING_FROM_REPLAY,aplltd,2013-04-18,4942c0f021abcd6ed9702c343c2696ec44cfa8022c7e37448f8a78c075c4a16d,UNRESOLVED_MANUAL_REVIEW,No authoritative 2012 anchor or complete certified event chain; symbol is in the official checkpoint but absent from diagnostic replay.
2020-12-31,MISSING_FROM_REPLAY,coforge,2013-04-18,4942c0f021abcd6ed9702c343c2696ec44cfa8022c7e37448f8a78c075c4a16d,UNRESOLVED_MANUAL_REVIEW,No authoritative 2012 anchor or complete certified event chain; symbol is in the official checkpoint but absent from diagnostic replay.
2020-12-31,MISSING_FROM_REPLAY,dhani,2013-04-18,4942c0f021abcd6ed9702c343c2696ec44cfa8022c7e37448f8a78c075c4a16d,UNRESOLVED_MANUAL_REVIEW,No authoritative 2012 anchor or complete certified event chain; symbol is in the official checkpoint but absent from diagnostic replay.
2020-12-31,MISSING_FROM_REPLAY,idfcfirstb,2013-04-18,4942c0f021abcd6ed9702c343c2696ec44cfa8022c7e37448f8a78c075c4a16d,UNRESOLVED_MANUAL_REVIEW,No authoritative 2012 anchor or complete certified event chain; symbol is in the official checkpoint but absent from diagnostic replay.
2020-12-31,MISSING_FROM_REPLAY,industower,2013-04-18,4942c0f021abcd6ed9702c343c2696ec44cfa8022c7e37448f8a78c075c4a16d,UNRESOLVED_MANUAL_REVIEW,No authoritative 2012 anchor or complete certified event chain; symbol is in the official checkpoint but absent from diagnostic replay.
2020-12-31,MISSING_FROM_REPLAY,isec,2013-04-18,4942c0f021abcd6ed9702c343c2696ec44cfa8022c7e37448f8a78c075c4a16d,UNRESOLVED_MANUAL_REVIEW,No authoritative 2012 anchor or complete certified event chain; symbol is in the official checkpoint but absent from diagnostic replay.
2020-12-31,MISSING_FROM_REPLAY,nam-india,2013-04-18,4942c0f021abcd6ed9702c343c2696ec44cfa8022c7e37448f8a78c075c4a16d,UNRESOLVED_MANUAL_REVIEW,No authoritative 2012 anchor or complete certified event chain; symbol is in the official checkpoint but absent from diagnostic replay.
2020-12-31,MISSING_FROM_REPLAY,navinfluor,2013-04-18,4942c0f021abcd6ed9702c343c2696ec44cfa8022c7e37448f8a78c075c4a16d,UNRESOLVED_MANUAL_REVIEW,No authoritative 2012 anchor or complete certified event chain; symbol is in the official checkpoint but absent from diagnostic replay.
2020-12-31,MISSING_FROM_REPLAY,sanofi,2013-04-18,4942c0f021abcd6ed9702c343c2696ec44cfa8022c7e37448f8a78c075c4a16d,UNRESOLVED_MANUAL_REVIEW,No authoritative 2012 anchor or complete certified event chain; symbol is in the official checkpoint but absent from diagnostic replay.
2020-12-31,MISSING_FROM_REPLAY,tatachem,2013-04-18,4942c0f021abcd6ed9702c343c2696ec44cfa8022c7e37448f8a78c075c4a16d,UNRESOLVED_MANUAL_REVIEW,No authoritative 2012 anchor or complete certified event chain; symbol is in the official checkpoint but absent from diagnostic replay.
2020-12-31,MISSING_FROM_REPLAY,tataconsum,2013-04-18,4942c0f021abcd6ed9702c343c2696ec44cfa8022c7e37448f8a78c075c4a16d,UNRESOLVED_MANUAL_REVIEW,No authoritative 2012 anchor or complete certified event chain; symbol is in the official checkpoint but absent from diagnostic replay.
2020-12-31,MISSING_FROM_REPLAY,upl,2013-04-18,4942c0f021abcd6ed9702c343c2696ec44cfa8022c7e37448f8a78c075c4a16d,UNRESOLVED_MANUAL_REVIEW,No authoritative 2012 anchor or complete certified event chain; symbol is in the official checkpoint but absent from diagnostic replay.
2020-12-31,MISSING_FROM_REPLAY,yesbank,2013-04-18,4942c0f021abcd6ed9702c343c2696ec44cfa8022c7e37448f8a78c075c4a16d,UNRESOLVED_MANUAL_REVIEW,No authoritative 2012 anchor or complete certified event chain; symbol is in the official checkpoint but absent from diagnostic replay.
2020-12-31,UNEXPECTED_IN_REPLAY,adanipower,2013-04-18,4942c0f021abcd6ed9702c343c2696ec44cfa8022c7e37448f8a78c075c4a16d,UNRESOLVED_MANUAL_REVIEW,Diagnostic reverse replay retains a symbol not present in the official checkpoint.
2020-12-31,UNEXPECTED_IN_REPLAY,hexaware,2013-04-18,4942c0f021abcd6ed9702c343c2696ec44cfa8022c7e37448f8a78c075c4a16d,UNRESOLVED_MANUAL_REVIEW,Diagnostic reverse replay retains a symbol not present in the official checkpoint.
2020-12-31,UNEXPECTED_IN_REPLAY,ibventures,2013-04-18,4942c0f021abcd6ed9702c343c2696ec44cfa8022c7e37448f8a78c075c4a16d,UNRESOLVED_MANUAL_REVIEW,Diagnostic reverse replay retains a symbol not present in the official checkpoint.
2020-12-31,UNEXPECTED_IN_REPLAY,idbi,2013-04-18,4942c0f021abcd6ed9702c343c2696ec44cfa8022c7e37448f8a78c075c4a16d,UNRESOLVED_MANUAL_REVIEW,Diagnostic reverse replay retains a symbol not present in the official checkpoint.
2020-12-31,UNEXPECTED_IN_REPLAY,idfcbank,2013-04-18,4942c0f021abcd6ed9702c343c2696ec44cfa8022c7e37448f8a78c075c4a16d,UNRESOLVED_MANUAL_REVIEW,Diagnostic reverse replay retains a symbol not present in the official checkpoint.
2020-12-31,UNEXPECTED_IN_REPLAY,infotecent,2013-04-18,4942c0f021abcd6ed9702c343c2696ec44cfa8022c7e37448f8a78c075c4a16d,UNRESOLVED_MANUAL_REVIEW,Diagnostic reverse replay retains a symbol not present in the official checkpoint.
2020-12-31,UNEXPECTED_IN_REPLAY,infratel,2013-04-18,4942c0f021abcd6ed9702c343c2696ec44cfa8022c7e37448f8a78c075c4a16d,UNRESOLVED_MANUAL_REVIEW,Diagnostic reverse replay retains a symbol not present in the official checkpoint.
2020-12-31,UNEXPECTED_IN_REPLAY,jubilant,2013-04-18,4942c0f021abcd6ed9702c343c2696ec44cfa8022c7e37448f8a78c075c4a16d,UNRESOLVED_MANUAL_REVIEW,Diagnostic reverse replay retains a symbol not present in the official checkpoint.
2020-12-31,UNEXPECTED_IN_REPLAY,madrascem,2013-04-18,4942c0f021abcd6ed9702c343c2696ec44cfa8022c7e37448f8a78c075c4a16d,UNRESOLVED_MANUAL_REVIEW,Diagnostic reverse replay retains a symbol not present in the official checkpoint.
2020-12-31,UNEXPECTED_IN_REPLAY,mrpl,2013-04-18,4942c0f021abcd6ed9702c343c2696ec44cfa8022c7e37448f8a78c075c4a16d,UNRESOLVED_MANUAL_REVIEW,Diagnostic reverse replay retains a symbol not present in the official checkpoint.
2020-12-31,UNEXPECTED_IN_REPLAY,nhpc,2013-04-18,4942c0f021abcd6ed9702c343c2696ec44cfa8022c7e37448f8a78c075c4a16d,UNRESOLVED_MANUAL_REVIEW,Diagnostic reverse replay retains a symbol not present in the official checkpoint.
2020-12-31,UNEXPECTED_IN_REPLAY,niittech,2013-04-18,4942c0f021abcd6ed9702c343c2696ec44cfa8022c7e37448f8a78c075c4a16d,UNRESOLVED_MANUAL_REVIEW,Diagnostic reverse replay retains a symbol not present in the official checkpoint.
2020-12-31,UNEXPECTED_IN_REPLAY,pnbhousing,2013-04-18,4942c0f021abcd6ed9702c343c2696ec44cfa8022c7e37448f8a78c075c4a16d,UNRESOLVED_MANUAL_REVIEW,Diagnostic reverse replay retains a symbol not present in the official checkpoint.
2020-12-31,UNEXPECTED_IN_REPLAY,quess,2013-04-18,4942c0f021abcd6ed9702c343c2696ec44cfa8022c7e37448f8a78c075c4a16d,UNRESOLVED_MANUAL_REVIEW,Diagnostic reverse replay retains a symbol not present in the official checkpoint.
2020-12-31,UNEXPECTED_IN_REPLAY,rnam,2013-04-18,4942c0f021abcd6ed9702c343c2696ec44cfa8022c7e37448f8a78c075c4a16d,UNRESOLVED_MANUAL_REVIEW,Diagnostic reverse replay retains a symbol not present in the official checkpoint.
2020-12-31,UNEXPECTED_IN_REPLAY,sesagoa,2013-04-18,4942c0f021abcd6ed9702c343c2696ec44cfa8022c7e37448f8a78c075c4a16d,UNRESOLVED_MANUAL_REVIEW,Diagnostic reverse replay retains a symbol not present in the official checkpoint.
2020-12-31,UNEXPECTED_IN_REPLAY,sksmicro,2013-04-18,4942c0f021abcd6ed9702c343c2696ec44cfa8022c7e37448f8a78c075c4a16d,UNRESOLVED_MANUAL_REVIEW,Diagnostic reverse replay retains a symbol not present in the official checkpoint.
2020-12-31,UNEXPECTED_IN_REPLAY,tataglobal,2013-04-18,4942c0f021abcd6ed9702c343c2696ec44cfa8022c7e37448f8a78c075c4a16d,UNRESOLVED_MANUAL_REVIEW,Diagnostic reverse replay retains a symbol not present in the official checkpoint.
2020-12-31,UNEXPECTED_IN_REPLAY,uniphos,2013-04-18,4942c0f021abcd6ed9702c343c2696ec44cfa8022c7e37448f8a78c075c4a16d,UNRESOLVED_MANUAL_REVIEW,Diagnostic reverse replay retains a symbol not present in the official checkpoint.
2021-01-29,MISSING_FROM_REPLAY,adanient,2013-04-18,4942c0f021abcd6ed9702c343c2696ec44cfa8022c7e37448f8a78c075c4a16d,UNRESOLVED_MANUAL_REVIEW,No authoritative 2012 anchor or complete certified event chain; symbol is in the official checkpoint but absent from diagnostic replay.
2021-01-29,MISSING_FROM_REPLAY,adanigreen,2013-04-18,4942c0f021abcd6ed9702c343c2696ec44cfa8022c7e37448f8a78c075c4a16d,UNRESOLVED_MANUAL_REVIEW,No authoritative 2012 anchor or complete certified event chain; symbol is in the official checkpoint but absent from diagnostic replay.
2021-01-29,MISSING_FROM_REPLAY,aplltd,2013-04-18,4942c0f021abcd6ed9702c343c2696ec44cfa8022c7e37448f8a78c075c4a16d,UNRESOLVED_MANUAL_REVIEW,No authoritative 2012 anchor or complete certified event chain; symbol is in the official checkpoint but absent from diagnostic replay.
2021-01-29,MISSING_FROM_REPLAY,atgl,2013-04-18,4942c0f021abcd6ed9702c343c2696ec44cfa8022c7e37448f8a78c075c4a16d,UNRESOLVED_MANUAL_REVIEW,No authoritative 2012 anchor or complete certified event chain; symbol is in the official checkpoint but absent from diagnostic replay.
2021-01-29,MISSING_FROM_REPLAY,coforge,2013-04-18,4942c0f021abcd6ed9702c343c2696ec44cfa8022c7e37448f8a78c075c4a16d,UNRESOLVED_MANUAL_REVIEW,No authoritative 2012 anchor or complete certified event chain; symbol is in the official checkpoint but absent from diagnostic replay.
2021-01-29,MISSING_FROM_REPLAY,dhani,2013-04-18,4942c0f021abcd6ed9702c343c2696ec44cfa8022c7e37448f8a78c075c4a16d,UNRESOLVED_MANUAL_REVIEW,No authoritative 2012 anchor or complete certified event chain; symbol is in the official checkpoint but absent from diagnostic replay.
2021-01-29,MISSING_FROM_REPLAY,idfcfirstb,2013-04-18,4942c0f021abcd6ed9702c343c2696ec44cfa8022c7e37448f8a78c075c4a16d,UNRESOLVED_MANUAL_REVIEW,No authoritative 2012 anchor or complete certified event chain; symbol is in the official checkpoint but absent from diagnostic replay.
2021-01-29,MISSING_FROM_REPLAY,industower,2013-04-18,4942c0f021abcd6ed9702c343c2696ec44cfa8022c7e37448f8a78c075c4a16d,UNRESOLVED_MANUAL_REVIEW,No authoritative 2012 anchor or complete certified event chain; symbol is in the official checkpoint but absent from diagnostic replay.
2021-01-29,MISSING_FROM_REPLAY,isec,2013-04-18,4942c0f021abcd6ed9702c343c2696ec44cfa8022c7e37448f8a78c075c4a16d,UNRESOLVED_MANUAL_REVIEW,No authoritative 2012 anchor or complete certified event chain; symbol is in the official checkpoint but absent from diagnostic replay.
2021-01-29,MISSING_FROM_REPLAY,nam-india,2013-04-18,4942c0f021abcd6ed9702c343c2696ec44cfa8022c7e37448f8a78c075c4a16d,UNRESOLVED_MANUAL_REVIEW,No authoritative 2012 anchor or complete certified event chain; symbol is in the official checkpoint but absent from diagnostic replay.
2021-01-29,MISSING_FROM_REPLAY,navinfluor,2013-04-18,4942c0f021abcd6ed9702c343c2696ec44cfa8022c7e37448f8a78c075c4a16d,UNRESOLVED_MANUAL_REVIEW,No authoritative 2012 anchor or complete certified event chain; symbol is in the official checkpoint but absent from diagnostic replay.
2021-01-29,MISSING_FROM_REPLAY,sanofi,2013-04-18,4942c0f021abcd6ed9702c343c2696ec44cfa8022c7e37448f8a78c075c4a16d,UNRESOLVED_MANUAL_REVIEW,No authoritative 2012 anchor or complete certified event chain; symbol is in the official checkpoint but absent from diagnostic replay.
2021-01-29,MISSING_FROM_REPLAY,tatachem,2013-04-18,4942c0f021abcd6ed9702c343c2696ec44cfa8022c7e37448f8a78c075c4a16d,UNRESOLVED_MANUAL_REVIEW,No authoritative 2012 anchor or complete certified event chain; symbol is in the official checkpoint but absent from diagnostic replay.
2021-01-29,MISSING_FROM_REPLAY,tataconsum,2013-04-18,4942c0f021abcd6ed9702c343c2696ec44cfa8022c7e37448f8a78c075c4a16d,UNRESOLVED_MANUAL_REVIEW,No authoritative 2012 anchor or complete certified event chain; symbol is in the official checkpoint but absent from diagnostic replay.
2021-01-29,MISSING_FROM_REPLAY,upl,2013-04-18,4942c0f021abcd6ed9702c343c2696ec44cfa8022c7e37448f8a78c075c4a16d,UNRESOLVED_MANUAL_REVIEW,No authoritative 2012 anchor or complete certified event chain; symbol is in the official checkpoint but absent from diagnostic replay.
2021-01-29,MISSING_FROM_REPLAY,yesbank,2013-04-18,4942c0f021abcd6ed9702c343c2696ec44cfa8022c7e37448f8a78c075c4a16d,UNRESOLVED_MANUAL_REVIEW,No authoritative 2012 anchor or complete certified event chain; symbol is in the official checkpoint but absent from diagnostic replay.
2021-01-29,UNEXPECTED_IN_REPLAY,adanigas,2013-04-18,4942c0f021abcd6ed9702c343c2696ec44cfa8022c7e37448f8a78c075c4a16d,UNRESOLVED_MANUAL_REVIEW,Diagnostic reverse replay retains a symbol not present in the official checkpoint.
2021-01-29,UNEXPECTED_IN_REPLAY,adanipower,2013-04-18,4942c0f021abcd6ed9702c343c2696ec44cfa8022c7e37448f8a78c075c4a16d,UNRESOLVED_MANUAL_REVIEW,Diagnostic reverse replay retains a symbol not present in the official checkpoint.
2021-01-29,UNEXPECTED_IN_REPLAY,hexaware,2013-04-18,4942c0f021abcd6ed9702c343c2696ec44cfa8022c7e37448f8a78c075c4a16d,UNRESOLVED_MANUAL_REVIEW,Diagnostic reverse replay retains a symbol not present in the official checkpoint.
2021-01-29,UNEXPECTED_IN_REPLAY,ibventures,2013-04-18,4942c0f021abcd6ed9702c343c2696ec44cfa8022c7e37448f8a78c075c4a16d,UNRESOLVED_MANUAL_REVIEW,Diagnostic reverse replay retains a symbol not present in the official checkpoint.
2021-01-29,UNEXPECTED_IN_REPLAY,idbi,2013-04-18,4942c0f021abcd6ed9702c343c2696ec44cfa8022c7e37448f8a78c075c4a16d,UNRESOLVED_MANUAL_REVIEW,Diagnostic reverse replay retains a symbol not present in the official checkpoint.
2021-01-29,UNEXPECTED_IN_REPLAY,idfcbank,2013-04-18,4942c0f021abcd6ed9702c343c2696ec44cfa8022c7e37448f8a78c075c4a16d,UNRESOLVED_MANUAL_REVIEW,Diagnostic reverse replay retains a symbol not present in the official checkpoint.
2021-01-29,UNEXPECTED_IN_REPLAY,infotecent,2013-04-18,4942c0f021abcd6ed9702c343c2696ec44cfa8022c7e37448f8a78c075c4a16d,UNRESOLVED_MANUAL_REVIEW,Diagnostic reverse replay retains a symbol not present in the official checkpoint.
2021-01-29,UNEXPECTED_IN_REPLAY,infratel,2013-04-18,4942c0f021abcd6ed9702c343c2696ec44cfa8022c7e37448f8a78c075c4a16d,UNRESOLVED_MANUAL_REVIEW,Diagnostic reverse replay retains a symbol not present in the official checkpoint.
2021-01-29,UNEXPECTED_IN_REPLAY,jubilant,2013-04-18,4942c0f021abcd6ed9702c343c2696ec44cfa8022c7e37448f8a78c075c4a16d,UNRESOLVED_MANUAL_REVIEW,Diagnostic reverse replay retains a symbol not present in the official checkpoint.
2021-01-29,UNEXPECTED_IN_REPLAY,madrascem,2013-04-18,4942c0f021abcd6ed9702c343c2696ec44cfa8022c7e37448f8a78c075c4a16d,UNRESOLVED_MANUAL_REVIEW,Diagnostic reverse replay retains a symbol not present in the official checkpoint.
2021-01-29,UNEXPECTED_IN_REPLAY,mrpl,2013-04-18,4942c0f021abcd6ed9702c343c2696ec44cfa8022c7e37448f8a78c075c4a16d,UNRESOLVED_MANUAL_REVIEW,Diagnostic reverse replay retains a symbol not present in the official checkpoint.
2021-01-29,UNEXPECTED_IN_REPLAY,nhpc,2013-04-18,4942c0f021abcd6ed9702c343c2696ec44cfa8022c7e37448f8a78c075c4a16d,UNRESOLVED_MANUAL_REVIEW,Diagnostic reverse replay retains a symbol not present in the official checkpoint.
2021-01-29,UNEXPECTED_IN_REPLAY,niittech,2013-04-18,4942c0f021abcd6ed9702c343c2696ec44cfa8022c7e37448f8a78c075c4a16d,UNRESOLVED_MANUAL_REVIEW,Diagnostic reverse replay retains a symbol not present in the official checkpoint.
2021-01-29,UNEXPECTED_IN_REPLAY,pnbhousing,2013-04-18,4942c0f021abcd6ed9702c343c2696ec44cfa8022c7e37448f8a78c075c4a16d,UNRESOLVED_MANUAL_REVIEW,Diagnostic reverse replay retains a symbol not present in the official checkpoint.
2021-01-29,UNEXPECTED_IN_REPLAY,quess,2013-04-18,4942c0f021abcd6ed9702c343c2696ec44cfa8022c7e37448f8a78c075c4a16d,UNRESOLVED_MANUAL_REVIEW,Diagnostic reverse replay retains a symbol not present in the official checkpoint.
2021-01-29,UNEXPECTED_IN_REPLAY,rnam,2013-04-18,4942c0f021abcd6ed9702c343c2696ec44cfa8022c7e37448f8a78c075c4a16d,UNRESOLVED_MANUAL_REVIEW,Diagnostic reverse replay retains a symbol not present in the official checkpoint.
2021-01-29,UNEXPECTED_IN_REPLAY,sesagoa,2013-04-18,4942c0f021abcd6ed9702c343c2696ec44cfa8022c7e37448f8a78c075c4a16d,UNRESOLVED_MANUAL_REVIEW,Diagnostic reverse replay retains a symbol not present in the official checkpoint.
2021-01-29,UNEXPECTED_IN_REPLAY,sksmicro,2013-04-18,4942c0f021abcd6ed9702c343c2696ec44cfa8022c7e37448f8a78c075c4a16d,UNRESOLVED_MANUAL_REVIEW,Diagnostic reverse replay retains a symbol not present in the official checkpoint.
2021-01-29,UNEXPECTED_IN_REPLAY,tataglobal,2013-04-18,4942c0f021abcd6ed9702c343c2696ec44cfa8022c7e37448f8a78c075c4a16d,UNRESOLVED_MANUAL_REVIEW,Diagnostic reverse replay retains a symbol not present in the official checkpoint.
2021-01-29,UNEXPECTED_IN_REPLAY,uniphos,2013-04-18,4942c0f021abcd6ed9702c343c2696ec44cfa8022c7e37448f8a78c075c4a16d,UNRESOLVED_MANUAL_REVIEW,Diagnostic reverse replay retains a symbol not present in the official checkpoint.
2021-02-26,MISSING_FROM_REPLAY,adanient,2013-04-18,4942c0f021abcd6ed9702c343c2696ec44cfa8022c7e37448f8a78c075c4a16d,UNRESOLVED_MANUAL_REVIEW,No authoritative 2012 anchor or complete certified event chain; symbol is in the official checkpoint but absent from diagnostic replay.
2021-02-26,MISSING_FROM_REPLAY,adanigreen,2013-04-18,4942c0f021abcd6ed9702c343c2696ec44cfa8022c7e37448f8a78c075c4a16d,UNRESOLVED_MANUAL_REVIEW,No authoritative 2012 anchor or complete certified event chain; symbol is in the official checkpoint but absent from diagnostic replay.
2021-02-26,MISSING_FROM_REPLAY,aplltd,2013-04-18,4942c0f021abcd6ed9702c343c2696ec44cfa8022c7e37448f8a78c075c4a16d,UNRESOLVED_MANUAL_REVIEW,No authoritative 2012 anchor or complete certified event chain; symbol is in the official checkpoint but absent from diagnostic replay.
2021-02-26,MISSING_FROM_REPLAY,atgl,2013-04-18,4942c0f021abcd6ed9702c343c2696ec44cfa8022c7e37448f8a78c075c4a16d,UNRESOLVED_MANUAL_REVIEW,No authoritative 2012 anchor or complete certified event chain; symbol is in the official checkpoint but absent from diagnostic replay.
2021-02-26,MISSING_FROM_REPLAY,coforge,2013-04-18,4942c0f021abcd6ed9702c343c2696ec44cfa8022c7e37448f8a78c075c4a16d,UNRESOLVED_MANUAL_REVIEW,No authoritative 2012 anchor or complete certified event chain; symbol is in the official checkpoint but absent from diagnostic replay.
2021-02-26,MISSING_FROM_REPLAY,dhani,2013-04-18,4942c0f021abcd6ed9702c343c2696ec44cfa8022c7e37448f8a78c075c4a16d,UNRESOLVED_MANUAL_REVIEW,No authoritative 2012 anchor or complete certified event chain; symbol is in the official checkpoint but absent from diagnostic replay.
2021-02-26,MISSING_FROM_REPLAY,idfcfirstb,2013-04-18,4942c0f021abcd6ed9702c343c2696ec44cfa8022c7e37448f8a78c075c4a16d,UNRESOLVED_MANUAL_REVIEW,No authoritative 2012 anchor or complete certified event chain; symbol is in the official checkpoint but absent from diagnostic replay.
2021-02-26,MISSING_FROM_REPLAY,industower,2013-04-18,4942c0f021abcd6ed9702c343c2696ec44cfa8022c7e37448f8a78c075c4a16d,UNRESOLVED_MANUAL_REVIEW,No authoritative 2012 anchor or complete certified event chain; symbol is in the official checkpoint but absent from diagnostic replay.
2021-02-26,MISSING_FROM_REPLAY,isec,2013-04-18,4942c0f021abcd6ed9702c343c2696ec44cfa8022c7e37448f8a78c075c4a16d,UNRESOLVED_MANUAL_REVIEW,No authoritative 2012 anchor or complete certified event chain; symbol is in the official checkpoint but absent from diagnostic replay.
2021-02-26,MISSING_FROM_REPLAY,nam-india,2013-04-18,4942c0f021abcd6ed9702c343c2696ec44cfa8022c7e37448f8a78c075c4a16d,UNRESOLVED_MANUAL_REVIEW,No authoritative 2012 anchor or complete certified event chain; symbol is in the official checkpoint but absent from diagnostic replay.
2021-02-26,MISSING_FROM_REPLAY,navinfluor,2013-04-18,4942c0f021abcd6ed9702c343c2696ec44cfa8022c7e37448f8a78c075c4a16d,UNRESOLVED_MANUAL_REVIEW,No authoritative 2012 anchor or complete certified event chain; symbol is in the official checkpoint but absent from diagnostic replay.
2021-02-26,MISSING_FROM_REPLAY,sanofi,2013-04-18,4942c0f021abcd6ed9702c343c2696ec44cfa8022c7e37448f8a78c075c4a16d,UNRESOLVED_MANUAL_REVIEW,No authoritative 2012 anchor or complete certified event chain; symbol is in the official checkpoint but absent from diagnostic replay.
2021-02-26,MISSING_FROM_REPLAY,tatachem,2013-04-18,4942c0f021abcd6ed9702c343c2696ec44cfa8022c7e37448f8a78c075c4a16d,UNRESOLVED_MANUAL_REVIEW,No authoritative 2012 anchor or complete certified event chain; symbol is in the official checkpoint but absent from diagnostic replay.
2021-02-26,MISSING_FROM_REPLAY,tataconsum,2013-04-18,4942c0f021abcd6ed9702c343c2696ec44cfa8022c7e37448f8a78c075c4a16d,UNRESOLVED_MANUAL_REVIEW,No authoritative 2012 anchor or complete certified event chain; symbol is in the official checkpoint but absent from diagnostic replay.
2021-02-26,MISSING_FROM_REPLAY,upl,2013-04-18,4942c0f021abcd6ed9702c343c2696ec44cfa8022c7e37448f8a78c075c4a16d,UNRESOLVED_MANUAL_REVIEW,No authoritative 2012 anchor or complete certified event chain; symbol is in the official checkpoint but absent from diagnostic replay.
2021-02-26,MISSING_FROM_REPLAY,yesbank,2013-04-18,4942c0f021abcd6ed9702c343c2696ec44cfa8022c7e37448f8a78c075c4a16d,UNRESOLVED_MANUAL_REVIEW,No authoritative 2012 anchor or complete certified event chain; symbol is in the official checkpoint but absent from diagnostic replay.
2021-02-26,UNEXPECTED_IN_REPLAY,adanigas,2013-04-18,4942c0f021abcd6ed9702c343c2696ec44cfa8022c7e37448f8a78c075c4a16d,UNRESOLVED_MANUAL_REVIEW,Diagnostic reverse replay retains a symbol not present in the official checkpoint.
2021-02-26,UNEXPECTED_IN_REPLAY,adanipower,2013-04-18,4942c0f021abcd6ed9702c343c2696ec44cfa8022c7e37448f8a78c075c4a16d,UNRESOLVED_MANUAL_REVIEW,Diagnostic reverse replay retains a symbol not present in the official checkpoint.
2021-02-26,UNEXPECTED_IN_REPLAY,hexaware,2013-04-18,4942c0f021abcd6ed9702c343c2696ec44cfa8022c7e37448f8a78c075c4a16d,UNRESOLVED_MANUAL_REVIEW,Diagnostic reverse replay retains a symbol not present in the official checkpoint.
2021-02-26,UNEXPECTED_IN_REPLAY,ibventures,2013-04-18,4942c0f021abcd6ed9702c343c2696ec44cfa8022c7e37448f8a78c075c4a16d,UNRESOLVED_MANUAL_REVIEW,Diagnostic reverse replay retains a symbol not present in the official checkpoint.
2021-02-26,UNEXPECTED_IN_REPLAY,idbi,2013-04-18,4942c0f021abcd6ed9702c343c2696ec44cfa8022c7e37448f8a78c075c4a16d,UNRESOLVED_MANUAL_REVIEW,Diagnostic reverse replay retains a symbol not present in the official checkpoint.
2021-02-26,UNEXPECTED_IN_REPLAY,idfcbank,2013-04-18,4942c0f021abcd6ed9702c343c2696ec44cfa8022c7e37448f8a78c075c4a16d,UNRESOLVED_MANUAL_REVIEW,Diagnostic reverse replay retains a symbol not present in the official checkpoint.
2021-02-26,UNEXPECTED_IN_REPLAY,infotecent,2013-04-18,4942c0f021abcd6ed9702c343c2696ec44cfa8022c7e37448f8a78c075c4a16d,UNRESOLVED_MANUAL_REVIEW,Diagnostic reverse replay retains a symbol not present in the official checkpoint.
2021-02-26,UNEXPECTED_IN_REPLAY,infratel,2013-04-18,4942c0f021abcd6ed9702c343c2696ec44cfa8022c7e37448f8a78c075c4a16d,UNRESOLVED_MANUAL_REVIEW,Diagnostic reverse replay retains a symbol not present in the official checkpoint.
2021-02-26,UNEXPECTED_IN_REPLAY,jubilant,2013-04-18,4942c0f021abcd6ed9702c343c2696ec44cfa8022c7e37448f8a78c075c4a16d,UNRESOLVED_MANUAL_REVIEW,Diagnostic reverse replay retains a symbol not present in the official checkpoint.
2021-02-26,UNEXPECTED_IN_REPLAY,madrascem,2013-04-18,4942c0f021abcd6ed9702c343c2696ec44cfa8022c7e37448f8a78c075c4a16d,UNRESOLVED_MANUAL_REVIEW,Diagnostic reverse replay retains a symbol not present in the official checkpoint.
2021-02-26,UNEXPECTED_IN_REPLAY,mrpl,2013-04-18,4942c0f021abcd6ed9702c343c2696ec44cfa8022c7e37448f8a78c075c4a16d,UNRESOLVED_MANUAL_REVIEW,Diagnostic reverse replay retains a symbol not present in the official checkpoint.
2021-02-26,UNEXPECTED_IN_REPLAY,nhpc,2013-04-18,4942c0f021abcd6ed9702c343c2696ec44cfa8022c7e37448f8a78c075c4a16d,UNRESOLVED_MANUAL_REVIEW,Diagnostic reverse replay retains a symbol not present in the official checkpoint.
2021-02-26,UNEXPECTED_IN_REPLAY,niittech,2013-04-18,4942c0f021abcd6ed9702c343c2696ec44cfa8022c7e37448f8a78c075c4a16d,UNRESOLVED_MANUAL_REVIEW,Diagnostic reverse replay retains a symbol not present in the official checkpoint.
2021-02-26,UNEXPECTED_IN_REPLAY,pnbhousing,2013-04-18,4942c0f021abcd6ed9702c343c2696ec44cfa8022c7e37448f8a78c075c4a16d,UNRESOLVED_MANUAL_REVIEW,Diagnostic reverse replay retains a symbol not present in the official checkpoint.
2021-02-26,UNEXPECTED_IN_REPLAY,quess,2013-04-18,4942c0f021abcd6ed9702c343c2696ec44cfa8022c7e37448f8a78c075c4a16d,UNRESOLVED_MANUAL_REVIEW,Diagnostic reverse replay retains a symbol not present in the official checkpoint.
2021-02-26,UNEXPECTED_IN_REPLAY,rnam,2013-04-18,4942c0f021abcd6ed9702c343c2696ec44cfa8022c7e37448f8a78c075c4a16d,UNRESOLVED_MANUAL_REVIEW,Diagnostic reverse replay retains a symbol not present in the official checkpoint.
2021-02-26,UNEXPECTED_IN_REPLAY,sesagoa,2013-04-18,4942c0f021abcd6ed9702c343c2696ec44cfa8022c7e37448f8a78c075c4a16d,UNRESOLVED_MANUAL_REVIEW,Diagnostic reverse replay retains a symbol not present in the official checkpoint.
2021-02-26,UNEXPECTED_IN_REPLAY,sksmicro,2013-04-18,4942c0f021abcd6ed9702c343c2696ec44cfa8022c7e37448f8a78c075c4a16d,UNRESOLVED_MANUAL_REVIEW,Diagnostic reverse replay retains a symbol not present in the official checkpoint.
2021-02-26,UNEXPECTED_IN_REPLAY,tataglobal,2013-04-18,4942c0f021abcd6ed9702c343c2696ec44cfa8022c7e37448f8a78c075c4a16d,UNRESOLVED_MANUAL_REVIEW,Diagnostic reverse replay retains a symbol not present in the official checkpoint.
2021-02-26,UNEXPECTED_IN_REPLAY,uniphos,2013-04-18,4942c0f021abcd6ed9702c343c2696ec44cfa8022c7e37448f8a78c075c4a16d,UNRESOLVED_MANUAL_REVIEW,Diagnostic reverse replay retains a symbol not present in the official checkpoint.
2021-03-31,MISSING_FROM_REPLAY,adanient,2013-04-18,4942c0f021abcd6ed9702c343c2696ec44cfa8022c7e37448f8a78c075c4a16d,UNRESOLVED_MANUAL_REVIEW,No authoritative 2012 anchor or complete certified event chain; symbol is in the official checkpoint but absent from diagnostic replay.
2021-03-31,MISSING_FROM_REPLAY,adanigreen,2013-04-18,4942c0f021abcd6ed9702c343c2696ec44cfa8022c7e37448f8a78c075c4a16d,UNRESOLVED_MANUAL_REVIEW,No authoritative 2012 anchor or complete certified event chain; symbol is in the official checkpoint but absent from diagnostic replay.
2021-03-31,MISSING_FROM_REPLAY,aplltd,2013-04-18,4942c0f021abcd6ed9702c343c2696ec44cfa8022c7e37448f8a78c075c4a16d,UNRESOLVED_MANUAL_REVIEW,No authoritative 2012 anchor or complete certified event chain; symbol is in the official checkpoint but absent from diagnostic replay.
2021-03-31,MISSING_FROM_REPLAY,atgl,2013-04-18,4942c0f021abcd6ed9702c343c2696ec44cfa8022c7e37448f8a78c075c4a16d,UNRESOLVED_MANUAL_REVIEW,No authoritative 2012 anchor or complete certified event chain; symbol is in the official checkpoint but absent from diagnostic replay.
2021-03-31,MISSING_FROM_REPLAY,coforge,2013-04-18,4942c0f021abcd6ed9702c343c2696ec44cfa8022c7e37448f8a78c075c4a16d,UNRESOLVED_MANUAL_REVIEW,No authoritative 2012 anchor or complete certified event chain; symbol is in the official checkpoint but absent from diagnostic replay.
2021-03-31,MISSING_FROM_REPLAY,dhani,2013-04-18,4942c0f021abcd6ed9702c343c2696ec44cfa8022c7e37448f8a78c075c4a16d,UNRESOLVED_MANUAL_REVIEW,No authoritative 2012 anchor or complete certified event chain; symbol is in the official checkpoint but absent from diagnostic replay.
2021-03-31,MISSING_FROM_REPLAY,idfcfirstb,2013-04-18,4942c0f021abcd6ed9702c343c2696ec44cfa8022c7e37448f8a78c075c4a16d,UNRESOLVED_MANUAL_REVIEW,No authoritative 2012 anchor or complete certified event chain; symbol is in the official checkpoint but absent from diagnostic replay.
2021-03-31,MISSING_FROM_REPLAY,industower,2013-04-18,4942c0f021abcd6ed9702c343c2696ec44cfa8022c7e37448f8a78c075c4a16d,UNRESOLVED_MANUAL_REVIEW,No authoritative 2012 anchor or complete certified event chain; symbol is in the official checkpoint but absent from diagnostic replay.
2021-03-31,MISSING_FROM_REPLAY,isec,2013-04-18,4942c0f021abcd6ed9702c343c2696ec44cfa8022c7e37448f8a78c075c4a16d,UNRESOLVED_MANUAL_REVIEW,No authoritative 2012 anchor or complete certified event chain; symbol is in the official checkpoint but absent from diagnostic replay.
2021-03-31,MISSING_FROM_REPLAY,nam-india,2013-04-18,4942c0f021abcd6ed9702c343c2696ec44cfa8022c7e37448f8a78c075c4a16d,UNRESOLVED_MANUAL_REVIEW,No authoritative 2012 anchor or complete certified event chain; symbol is in the official checkpoint but absent from diagnostic replay.
2021-03-31,MISSING_FROM_REPLAY,navinfluor,2013-04-18,4942c0f021abcd6ed9702c343c2696ec44cfa8022c7e37448f8a78c075c4a16d,UNRESOLVED_MANUAL_REVIEW,No authoritative 2012 anchor or complete certified event chain; symbol is in the official checkpoint but absent from diagnostic replay.
2021-03-31,MISSING_FROM_REPLAY,sanofi,2013-04-18,4942c0f021abcd6ed9702c343c2696ec44cfa8022c7e37448f8a78c075c4a16d,UNRESOLVED_MANUAL_REVIEW,No authoritative 2012 anchor or complete certified event chain; symbol is in the official checkpoint but absent from diagnostic replay.
2021-03-31,MISSING_FROM_REPLAY,tatachem,2013-04-18,4942c0f021abcd6ed9702c343c2696ec44cfa8022c7e37448f8a78c075c4a16d,UNRESOLVED_MANUAL_REVIEW,No authoritative 2012 anchor or complete certified event chain; symbol is in the official checkpoint but absent from diagnostic replay.
2021-03-31,MISSING_FROM_REPLAY,tataconsum,2013-04-18,4942c0f021abcd6ed9702c343c2696ec44cfa8022c7e37448f8a78c075c4a16d,UNRESOLVED_MANUAL_REVIEW,No authoritative 2012 anchor or complete certified event chain; symbol is in the official checkpoint but absent from diagnostic replay.
2021-03-31,MISSING_FROM_REPLAY,upl,2013-04-18,4942c0f021abcd6ed9702c343c2696ec44cfa8022c7e37448f8a78c075c4a16d,UNRESOLVED_MANUAL_REVIEW,No authoritative 2012 anchor or complete certified event chain; symbol is in the official checkpoint but absent from diagnostic replay.
2021-03-31,MISSING_FROM_REPLAY,yesbank,2013-04-18,4942c0f021abcd6ed9702c343c2696ec44cfa8022c7e37448f8a78c075c4a16d,UNRESOLVED_MANUAL_REVIEW,No authoritative 2012 anchor or complete certified event chain; symbol is in the official checkpoint but absent from diagnostic replay.
2021-03-31,UNEXPECTED_IN_REPLAY,adanigas,2013-04-18,4942c0f021abcd6ed9702c343c2696ec44cfa8022c7e37448f8a78c075c4a16d,UNRESOLVED_MANUAL_REVIEW,Diagnostic reverse replay retains a symbol not present in the official checkpoint.
2021-03-31,UNEXPECTED_IN_REPLAY,adanipower,2013-04-18,4942c0f021abcd6ed9702c343c2696ec44cfa8022c7e37448f8a78c075c4a16d,UNRESOLVED_MANUAL_REVIEW,Diagnostic reverse replay retains a symbol not present in the official checkpoint.
2021-03-31,UNEXPECTED_IN_REPLAY,hexaware,2013-04-18,4942c0f021abcd6ed9702c343c2696ec44cfa8022c7e37448f8a78c075c4a16d,UNRESOLVED_MANUAL_REVIEW,Diagnostic reverse replay retains a symbol not present in the official checkpoint.
2021-03-31,UNEXPECTED_IN_REPLAY,ibventures,2013-04-18,4942c0f021abcd6ed9702c343c2696ec44cfa8022c7e37448f8a78c075c4a16d,UNRESOLVED_MANUAL_REVIEW,Diagnostic reverse replay retains a symbol not present in the official checkpoint.
2021-03-31,UNEXPECTED_IN_REPLAY,idbi,2013-04-18,4942c0f021abcd6ed9702c343c2696ec44cfa8022c7e37448f8a78c075c4a16d,UNRESOLVED_MANUAL_REVIEW,Diagnostic reverse replay retains a symbol not present in the official checkpoint.
2021-03-31,UNEXPECTED_IN_REPLAY,idfcbank,2013-04-18,4942c0f021abcd6ed9702c343c2696ec44cfa8022c7e37448f8a78c075c4a16d,UNRESOLVED_MANUAL_REVIEW,Diagnostic reverse replay retains a symbol not present in the official checkpoint.
2021-03-31,UNEXPECTED_IN_REPLAY,infotecent,2013-04-18,4942c0f021abcd6ed9702c343c2696ec44cfa8022c7e37448f8a78c075c4a16d,UNRESOLVED_MANUAL_REVIEW,Diagnostic reverse replay retains a symbol not present in the official checkpoint.
2021-03-31,UNEXPECTED_IN_REPLAY,infratel,2013-04-18,4942c0f021abcd6ed9702c343c2696ec44cfa8022c7e37448f8a78c075c4a16d,UNRESOLVED_MANUAL_REVIEW,Diagnostic reverse replay retains a symbol not present in the official checkpoint.
2021-03-31,UNEXPECTED_IN_REPLAY,jubilant,2013-04-18,4942c0f021abcd6ed9702c343c2696ec44cfa8022c7e37448f8a78c075c4a16d,UNRESOLVED_MANUAL_REVIEW,Diagnostic reverse replay retains a symbol not present in the official checkpoint.
2021-03-31,UNEXPECTED_IN_REPLAY,madrascem,2013-04-18,4942c0f021abcd6ed9702c343c2696ec44cfa8022c7e37448f8a78c075c4a16d,UNRESOLVED_MANUAL_REVIEW,Diagnostic reverse replay retains a symbol not present in the official checkpoint.
2021-03-31,UNEXPECTED_IN_REPLAY,mrpl,2013-04-18,4942c0f021abcd6ed9702c343c2696ec44cfa8022c7e37448f8a78c075c4a16d,UNRESOLVED_MANUAL_REVIEW,Diagnostic reverse replay retains a symbol not present in the official checkpoint.
2021-03-31,UNEXPECTED_IN_REPLAY,nhpc,2013-04-18,4942c0f021abcd6ed9702c343c2696ec44cfa8022c7e37448f8a78c075c4a16d,UNRESOLVED_MANUAL_REVIEW,Diagnostic reverse replay retains a symbol not present in the official checkpoint.
2021-03-31,UNEXPECTED_IN_REPLAY,niittech,2013-04-18,4942c0f021abcd6ed9702c343c2696ec44cfa8022c7e37448f8a78c075c4a16d,UNRESOLVED_MANUAL_REVIEW,Diagnostic reverse replay retains a symbol not present in the official checkpoint.
2021-03-31,UNEXPECTED_IN_REPLAY,pnbhousing,2013-04-18,4942c0f021abcd6ed9702c343c2696ec44cfa8022c7e37448f8a78c075c4a16d,UNRESOLVED_MANUAL_REVIEW,Diagnostic reverse replay retains a symbol not present in the official checkpoint.
2021-03-31,UNEXPECTED_IN_REPLAY,quess,2013-04-18,4942c0f021abcd6ed9702c343c2696ec44cfa8022c7e37448f8a78c075c4a16d,UNRESOLVED_MANUAL_REVIEW,Diagnostic reverse replay retains a symbol not present in the official checkpoint.
2021-03-31,UNEXPECTED_IN_REPLAY,rnam,2013-04-18,4942c0f021abcd6ed9702c343c2696ec44cfa8022c7e37448f8a78c075c4a16d,UNRESOLVED_MANUAL_REVIEW,Diagnostic reverse replay retains a symbol not present in the official checkpoint.
2021-03-31,UNEXPECTED_IN_REPLAY,sesagoa,2013-04-18,4942c0f021abcd6ed9702c343c2696ec44cfa8022c7e37448f8a78c075c4a16d,UNRESOLVED_MANUAL_REVIEW,Diagnostic reverse replay retains a symbol not present in the official checkpoint.
2021-03-31,UNEXPECTED_IN_REPLAY,sksmicro,2013-04-18,4942c0f021abcd6ed9702c343c2696ec44cfa8022c7e37448f8a78c075c4a16d,UNRESOLVED_MANUAL_REVIEW,Diagnostic reverse replay retains a symbol not present in the official checkpoint.
2021-03-31,UNEXPECTED_IN_REPLAY,tataglobal,2013-04-18,4942c0f021abcd6ed9702c343c2696ec44cfa8022c7e37448f8a78c075c4a16d,UNRESOLVED_MANUAL_REVIEW,Diagnostic reverse replay retains a symbol not present in the official checkpoint.
2021-03-31,UNEXPECTED_IN_REPLAY,uniphos,2013-04-18,4942c0f021abcd6ed9702c343c2696ec44cfa8022c7e37448f8a78c075c4a16d,UNRESOLVED_MANUAL_REVIEW,Diagnostic reverse replay retains a symbol not present in the official checkpoint.
2021-04-30,MISSING_FROM_REPLAY,adanient,2013-04-18,4942c0f021abcd6ed9702c343c2696ec44cfa8022c7e37448f8a78c075c4a16d,UNRESOLVED_MANUAL_REVIEW,No authoritative 2012 anchor or complete certified event chain; symbol is in the official checkpoint but absent from diagnostic replay.
2021-04-30,MISSING_FROM_REPLAY,adanigreen,2013-04-18,4942c0f021abcd6ed9702c343c2696ec44cfa8022c7e37448f8a78c075c4a16d,UNRESOLVED_MANUAL_REVIEW,No authoritative 2012 anchor or complete certified event chain; symbol is in the official checkpoint but absent from diagnostic replay.
2021-04-30,MISSING_FROM_REPLAY,aplltd,2013-04-18,4942c0f021abcd6ed9702c343c2696ec44cfa8022c7e37448f8a78c075c4a16d,UNRESOLVED_MANUAL_REVIEW,No authoritative 2012 anchor or complete certified event chain; symbol is in the official checkpoint but absent from diagnostic replay.
2021-04-30,MISSING_FROM_REPLAY,atgl,2013-04-18,4942c0f021abcd6ed9702c343c2696ec44cfa8022c7e37448f8a78c075c4a16d,UNRESOLVED_MANUAL_REVIEW,No authoritative 2012 anchor or complete certified event chain; symbol is in the official checkpoint but absent from diagnostic replay.
2021-04-30,MISSING_FROM_REPLAY,coforge,2013-04-18,4942c0f021abcd6ed9702c343c2696ec44cfa8022c7e37448f8a78c075c4a16d,UNRESOLVED_MANUAL_REVIEW,No authoritative 2012 anchor or complete certified event chain; symbol is in the official checkpoint but absent from diagnostic replay.
2021-04-30,MISSING_FROM_REPLAY,dhani,2013-04-18,4942c0f021abcd6ed9702c343c2696ec44cfa8022c7e37448f8a78c075c4a16d,UNRESOLVED_MANUAL_REVIEW,No authoritative 2012 anchor or complete certified event chain; symbol is in the official checkpoint but absent from diagnostic replay.
2021-04-30,MISSING_FROM_REPLAY,idfcfirstb,2013-04-18,4942c0f021abcd6ed9702c343c2696ec44cfa8022c7e37448f8a78c075c4a16d,UNRESOLVED_MANUAL_REVIEW,No authoritative 2012 anchor or complete certified event chain; symbol is in the official checkpoint but absent from diagnostic replay.
2021-04-30,MISSING_FROM_REPLAY,industower,2013-04-18,4942c0f021abcd6ed9702c343c2696ec44cfa8022c7e37448f8a78c075c4a16d,UNRESOLVED_MANUAL_REVIEW,No authoritative 2012 anchor or complete certified event chain; symbol is in the official checkpoint but absent from diagnostic replay.
2021-04-30,MISSING_FROM_REPLAY,isec,2013-04-18,4942c0f021abcd6ed9702c343c2696ec44cfa8022c7e37448f8a78c075c4a16d,UNRESOLVED_MANUAL_REVIEW,No authoritative 2012 anchor or complete certified event chain; symbol is in the official checkpoint but absent from diagnostic replay.
2021-04-30,MISSING_FROM_REPLAY,nam-india,2013-04-18,4942c0f021abcd6ed9702c343c2696ec44cfa8022c7e37448f8a78c075c4a16d,UNRESOLVED_MANUAL_REVIEW,No authoritative 2012 anchor or complete certified event chain; symbol is in the official checkpoint but absent from diagnostic replay.
2021-04-30,MISSING_FROM_REPLAY,navinfluor,2013-04-18,4942c0f021abcd6ed9702c343c2696ec44cfa8022c7e37448f8a78c075c4a16d,UNRESOLVED_MANUAL_REVIEW,No authoritative 2012 anchor or complete certified event chain; symbol is in the official checkpoint but absent from diagnostic replay.
2021-04-30,MISSING_FROM_REPLAY,sanofi,2013-04-18,4942c0f021abcd6ed9702c343c2696ec44cfa8022c7e37448f8a78c075c4a16d,UNRESOLVED_MANUAL_REVIEW,No authoritative 2012 anchor or complete certified event chain; symbol is in the official checkpoint but absent from diagnostic replay.
2021-04-30,MISSING_FROM_REPLAY,tatachem,2013-04-18,4942c0f021abcd6ed9702c343c2696ec44cfa8022c7e37448f8a78c075c4a16d,UNRESOLVED_MANUAL_REVIEW,No authoritative 2012 anchor or complete certified event chain; symbol is in the official checkpoint but absent from diagnostic replay.
2021-04-30,MISSING_FROM_REPLAY,tataconsum,2013-04-18,4942c0f021abcd6ed9702c343c2696ec44cfa8022c7e37448f8a78c075c4a16d,UNRESOLVED_MANUAL_REVIEW,No authoritative 2012 anchor or complete certified event chain; symbol is in the official checkpoint but absent from diagnostic replay.
2021-04-30,MISSING_FROM_REPLAY,upl,2013-04-18,4942c0f021abcd6ed9702c343c2696ec44cfa8022c7e37448f8a78c075c4a16d,UNRESOLVED_MANUAL_REVIEW,No authoritative 2012 anchor or complete certified event chain; symbol is in the official checkpoint but absent from diagnostic replay.
2021-04-30,MISSING_FROM_REPLAY,yesbank,2013-04-18,4942c0f021abcd6ed9702c343c2696ec44cfa8022c7e37448f8a78c075c4a16d,UNRESOLVED_MANUAL_REVIEW,No authoritative 2012 anchor or complete certified event chain; symbol is in the official checkpoint but absent from diagnostic replay.
2021-04-30,UNEXPECTED_IN_REPLAY,adanigas,2013-04-18,4942c0f021abcd6ed9702c343c2696ec44cfa8022c7e37448f8a78c075c4a16d,UNRESOLVED_MANUAL_REVIEW,Diagnostic reverse replay retains a symbol not present in the official checkpoint.
2021-04-30,UNEXPECTED_IN_REPLAY,adanipower,2013-04-18,4942c0f021abcd6ed9702c343c2696ec44cfa8022c7e37448f8a78c075c4a16d,UNRESOLVED_MANUAL_REVIEW,Diagnostic reverse replay retains a symbol not present in the official checkpoint.
2021-04-30,UNEXPECTED_IN_REPLAY,hexaware,2013-04-18,4942c0f021abcd6ed9702c343c2696ec44cfa8022c7e37448f8a78c075c4a16d,UNRESOLVED_MANUAL_REVIEW,Diagnostic reverse replay retains a symbol not present in the official checkpoint.
2021-04-30,UNEXPECTED_IN_REPLAY,ibventures,2013-04-18,4942c0f021abcd6ed9702c343c2696ec44cfa8022c7e37448f8a78c075c4a16d,UNRESOLVED_MANUAL_REVIEW,Diagnostic reverse replay retains a symbol not present in the official checkpoint.
2021-04-30,UNEXPECTED_IN_REPLAY,idbi,2013-04-18,4942c0f021abcd6ed9702c343c2696ec44cfa8022c7e37448f8a78c075c4a16d,UNRESOLVED_MANUAL_REVIEW,Diagnostic reverse replay retains a symbol not present in the official checkpoint.
2021-04-30,UNEXPECTED_IN_REPLAY,idfcbank,2013-04-18,4942c0f021abcd6ed9702c343c2696ec44cfa8022c7e37448f8a78c075c4a16d,UNRESOLVED_MANUAL_REVIEW,Diagnostic reverse replay retains a symbol not present in the official checkpoint.
2021-04-30,UNEXPECTED_IN_REPLAY,infotecent,2013-04-18,4942c0f021abcd6ed9702c343c2696ec44cfa8022c7e37448f8a78c075c4a16d,UNRESOLVED_MANUAL_REVIEW,Diagnostic reverse replay retains a symbol not present in the official checkpoint.
2021-04-30,UNEXPECTED_IN_REPLAY,infratel,2013-04-18,4942c0f021abcd6ed9702c343c2696ec44cfa8022c7e37448f8a78c075c4a16d,UNRESOLVED_MANUAL_REVIEW,Diagnostic reverse replay retains a symbol not present in the official checkpoint.
2021-04-30,UNEXPECTED_IN_REPLAY,jubilant,2013-04-18,4942c0f021abcd6ed9702c343c2696ec44cfa8022c7e37448f8a78c075c4a16d,UNRESOLVED_MANUAL_REVIEW,Diagnostic reverse replay retains a symbol not present in the official checkpoint.
2021-04-30,UNEXPECTED_IN_REPLAY,madrascem,2013-04-18,4942c0f021abcd6ed9702c343c2696ec44cfa8022c7e37448f8a78c075c4a16d,UNRESOLVED_MANUAL_REVIEW,Diagnostic reverse replay retains a symbol not present in the official checkpoint.
2021-04-30,UNEXPECTED_IN_REPLAY,mrpl,2013-04-18,4942c0f021abcd6ed9702c343c2696ec44cfa8022c7e37448f8a78c075c4a16d,UNRESOLVED_MANUAL_REVIEW,Diagnostic reverse replay retains a symbol not present in the official checkpoint.
2021-04-30,UNEXPECTED_IN_REPLAY,nhpc,2013-04-18,4942c0f021abcd6ed9702c343c2696ec44cfa8022c7e37448f8a78c075c4a16d,UNRESOLVED_MANUAL_REVIEW,Diagnostic reverse replay retains a symbol not present in the official checkpoint.
2021-04-30,UNEXPECTED_IN_REPLAY,niittech,2013-04-18,4942c0f021abcd6ed9702c343c2696ec44cfa8022c7e37448f8a78c075c4a16d,UNRESOLVED_MANUAL_REVIEW,Diagnostic reverse replay retains a symbol not present in the official checkpoint.
2021-04-30,UNEXPECTED_IN_REPLAY,pnbhousing,2013-04-18,4942c0f021abcd6ed9702c343c2696ec44cfa8022c7e37448f8a78c075c4a16d,UNRESOLVED_MANUAL_REVIEW,Diagnostic reverse replay retains a symbol not present in the official checkpoint.
2021-04-30,UNEXPECTED_IN_REPLAY,quess,2013-04-18,4942c0f021abcd6ed9702c343c2696ec44cfa8022c7e37448f8a78c075c4a16d,UNRESOLVED_MANUAL_REVIEW,Diagnostic reverse replay retains a symbol not present in the official checkpoint.
2021-04-30,UNEXPECTED_IN_REPLAY,rnam,2013-04-18,4942c0f021abcd6ed9702c343c2696ec44cfa8022c7e37448f8a78c075c4a16d,UNRESOLVED_MANUAL_REVIEW,Diagnostic reverse replay retains a symbol not present in the official checkpoint.
2021-04-30,UNEXPECTED_IN_REPLAY,sesagoa,2013-04-18,4942c0f021abcd6ed9702c343c2696ec44cfa8022c7e37448f8a78c075c4a16d,UNRESOLVED_MANUAL_REVIEW,Diagnostic reverse replay retains a symbol not present in the official checkpoint.
2021-04-30,UNEXPECTED_IN_REPLAY,sksmicro,2013-04-18,4942c0f021abcd6ed9702c343c2696ec44cfa8022c7e37448f8a78c075c4a16d,UNRESOLVED_MANUAL_REVIEW,Diagnostic reverse replay retains a symbol not present in the official checkpoint.
2021-04-30,UNEXPECTED_IN_REPLAY,tataglobal,2013-04-18,4942c0f021abcd6ed9702c343c2696ec44cfa8022c7e37448f8a78c075c4a16d,UNRESOLVED_MANUAL_REVIEW,Diagnostic reverse replay retains a symbol not present in the official checkpoint.
2021-04-30,UNEXPECTED_IN_REPLAY,uniphos,2013-04-18,4942c0f021abcd6ed9702c343c2696ec44cfa8022c7e37448f8a78c075c4a16d,UNRESOLVED_MANUAL_REVIEW,Diagnostic reverse replay retains a symbol not present in the official checkpoint.
2021-05-31,MISSING_FROM_REPLAY,adanient,2013-04-18,4942c0f021abcd6ed9702c343c2696ec44cfa8022c7e37448f8a78c075c4a16d,UNRESOLVED_MANUAL_REVIEW,No authoritative 2012 anchor or complete certified event chain; symbol is in the official checkpoint but absent from diagnostic replay.
2021-05-31,MISSING_FROM_REPLAY,adanigreen,2013-04-18,4942c0f021abcd6ed9702c343c2696ec44cfa8022c7e37448f8a78c075c4a16d,UNRESOLVED_MANUAL_REVIEW,No authoritative 2012 anchor or complete certified event chain; symbol is in the official checkpoint but absent from diagnostic replay.
2021-05-31,MISSING_FROM_REPLAY,aplltd,2013-04-18,4942c0f021abcd6ed9702c343c2696ec44cfa8022c7e37448f8a78c075c4a16d,UNRESOLVED_MANUAL_REVIEW,No authoritative 2012 anchor or complete certified event chain; symbol is in the official checkpoint but absent from diagnostic replay.
2021-05-31,MISSING_FROM_REPLAY,atgl,2013-04-18,4942c0f021abcd6ed9702c343c2696ec44cfa8022c7e37448f8a78c075c4a16d,UNRESOLVED_MANUAL_REVIEW,No authoritative 2012 anchor or complete certified event chain; symbol is in the official checkpoint but absent from diagnostic replay.
2021-05-31,MISSING_FROM_REPLAY,coforge,2013-04-18,4942c0f021abcd6ed9702c343c2696ec44cfa8022c7e37448f8a78c075c4a16d,UNRESOLVED_MANUAL_REVIEW,No authoritative 2012 anchor or complete certified event chain; symbol is in the official checkpoint but absent from diagnostic replay.
2021-05-31,MISSING_FROM_REPLAY,dhani,2013-04-18,4942c0f021abcd6ed9702c343c2696ec44cfa8022c7e37448f8a78c075c4a16d,UNRESOLVED_MANUAL_REVIEW,No authoritative 2012 anchor or complete certified event chain; symbol is in the official checkpoint but absent from diagnostic replay.
2021-05-31,MISSING_FROM_REPLAY,idfcfirstb,2013-04-18,4942c0f021abcd6ed9702c343c2696ec44cfa8022c7e37448f8a78c075c4a16d,UNRESOLVED_MANUAL_REVIEW,No authoritative 2012 anchor or complete certified event chain; symbol is in the official checkpoint but absent from diagnostic replay.
2021-05-31,MISSING_FROM_REPLAY,industower,2013-04-18,4942c0f021abcd6ed9702c343c2696ec44cfa8022c7e37448f8a78c075c4a16d,UNRESOLVED_MANUAL_REVIEW,No authoritative 2012 anchor or complete certified event chain; symbol is in the official checkpoint but absent from diagnostic replay.
2021-05-31,MISSING_FROM_REPLAY,isec,2013-04-18,4942c0f021abcd6ed9702c343c2696ec44cfa8022c7e37448f8a78c075c4a16d,UNRESOLVED_MANUAL_REVIEW,No authoritative 2012 anchor or complete certified event chain; symbol is in the official checkpoint but absent from diagnostic replay.
2021-05-31,MISSING_FROM_REPLAY,nam-india,2013-04-18,4942c0f021abcd6ed9702c343c2696ec44cfa8022c7e37448f8a78c075c4a16d,UNRESOLVED_MANUAL_REVIEW,No authoritative 2012 anchor or complete certified event chain; symbol is in the official checkpoint but absent from diagnostic replay.
2021-05-31,MISSING_FROM_REPLAY,navinfluor,2013-04-18,4942c0f021abcd6ed9702c343c2696ec44cfa8022c7e37448f8a78c075c4a16d,UNRESOLVED_MANUAL_REVIEW,No authoritative 2012 anchor or complete certified event chain; symbol is in the official checkpoint but absent from diagnostic replay.
2021-05-31,MISSING_FROM_REPLAY,sanofi,2013-04-18,4942c0f021abcd6ed9702c343c2696ec44cfa8022c7e37448f8a78c075c4a16d,UNRESOLVED_MANUAL_REVIEW,No authoritative 2012 anchor or complete certified event chain; symbol is in the official checkpoint but absent from diagnostic replay.
2021-05-31,MISSING_FROM_REPLAY,tatachem,2013-04-18,4942c0f021abcd6ed9702c343c2696ec44cfa8022c7e37448f8a78c075c4a16d,UNRESOLVED_MANUAL_REVIEW,No authoritative 2012 anchor or complete certified event chain; symbol is in the official checkpoint but absent from diagnostic replay.
2021-05-31,MISSING_FROM_REPLAY,tataconsum,2013-04-18,4942c0f021abcd6ed9702c343c2696ec44cfa8022c7e37448f8a78c075c4a16d,UNRESOLVED_MANUAL_REVIEW,No authoritative 2012 anchor or complete certified event chain; symbol is in the official checkpoint but absent from diagnostic replay.
2021-05-31,MISSING_FROM_REPLAY,upl,2013-04-18,4942c0f021abcd6ed9702c343c2696ec44cfa8022c7e37448f8a78c075c4a16d,UNRESOLVED_MANUAL_REVIEW,No authoritative 2012 anchor or complete certified event chain; symbol is in the official checkpoint but absent from diagnostic replay.
2021-05-31,MISSING_FROM_REPLAY,yesbank,2013-04-18,4942c0f021abcd6ed9702c343c2696ec44cfa8022c7e37448f8a78c075c4a16d,UNRESOLVED_MANUAL_REVIEW,No authoritative 2012 anchor or complete certified event chain; symbol is in the official checkpoint but absent from diagnostic replay.
2021-05-31,UNEXPECTED_IN_REPLAY,adanigas,2013-04-18,4942c0f021abcd6ed9702c343c2696ec44cfa8022c7e37448f8a78c075c4a16d,UNRESOLVED_MANUAL_REVIEW,Diagnostic reverse replay retains a symbol not present in the official checkpoint.
2021-05-31,UNEXPECTED_IN_REPLAY,adanipower,2013-04-18,4942c0f021abcd6ed9702c343c2696ec44cfa8022c7e37448f8a78c075c4a16d,UNRESOLVED_MANUAL_REVIEW,Diagnostic reverse replay retains a symbol not present in the official checkpoint.
2021-05-31,UNEXPECTED_IN_REPLAY,hexaware,2013-04-18,4942c0f021abcd6ed9702c343c2696ec44cfa8022c7e37448f8a78c075c4a16d,UNRESOLVED_MANUAL_REVIEW,Diagnostic reverse replay retains a symbol not present in the official checkpoint.
2021-05-31,UNEXPECTED_IN_REPLAY,ibventures,2013-04-18,4942c0f021abcd6ed9702c343c2696ec44cfa8022c7e37448f8a78c075c4a16d,UNRESOLVED_MANUAL_REVIEW,Diagnostic reverse replay retains a symbol not present in the official checkpoint.
2021-05-31,UNEXPECTED_IN_REPLAY,idbi,2013-04-18,4942c0f021abcd6ed9702c343c2696ec44cfa8022c7e37448f8a78c075c4a16d,UNRESOLVED_MANUAL_REVIEW,Diagnostic reverse replay retains a symbol not present in the official checkpoint.
2021-05-31,UNEXPECTED_IN_REPLAY,idfcbank,2013-04-18,4942c0f021abcd6ed9702c343c2696ec44cfa8022c7e37448f8a78c075c4a16d,UNRESOLVED_MANUAL_REVIEW,Diagnostic reverse replay retains a symbol not present in the official checkpoint.
2021-05-31,UNEXPECTED_IN_REPLAY,infotecent,2013-04-18,4942c0f021abcd6ed9702c343c2696ec44cfa8022c7e37448f8a78c075c4a16d,UNRESOLVED_MANUAL_REVIEW,Diagnostic reverse replay retains a symbol not present in the official checkpoint.
2021-05-31,UNEXPECTED_IN_REPLAY,infratel,2013-04-18,4942c0f021abcd6ed9702c343c2696ec44cfa8022c7e37448f8a78c075c4a16d,UNRESOLVED_MANUAL_REVIEW,Diagnostic reverse replay retains a symbol not present in the official checkpoint.
2021-05-31,UNEXPECTED_IN_REPLAY,jubilant,2013-04-18,4942c0f021abcd6ed9702c343c2696ec44cfa8022c7e37448f8a78c075c4a16d,UNRESOLVED_MANUAL_REVIEW,Diagnostic reverse replay retains a symbol not present in the official checkpoint.
2021-05-31,UNEXPECTED_IN_REPLAY,madrascem,2013-04-18,4942c0f021abcd6ed9702c343c2696ec44cfa8022c7e37448f8a78c075c4a16d,UNRESOLVED_MANUAL_REVIEW,Diagnostic reverse replay retains a symbol not present in the official checkpoint.
2021-05-31,UNEXPECTED_IN_REPLAY,mrpl,2013-04-18,4942c0f021abcd6ed9702c343c2696ec44cfa8022c7e37448f8a78c075c4a16d,UNRESOLVED_MANUAL_REVIEW,Diagnostic reverse replay retains a symbol not present in the official checkpoint.
2021-05-31,UNEXPECTED_IN_REPLAY,nhpc,2013-04-18,4942c0f021abcd6ed9702c343c2696ec44cfa8022c7e37448f8a78c075c4a16d,UNRESOLVED_MANUAL_REVIEW,Diagnostic reverse replay retains a symbol not present in the official checkpoint.
2021-05-31,UNEXPECTED_IN_REPLAY,niittech,2013-04-18,4942c0f021abcd6ed9702c343c2696ec44cfa8022c7e37448f8a78c075c4a16d,UNRESOLVED_MANUAL_REVIEW,Diagnostic reverse replay retains a symbol not present in the official checkpoint.
2021-05-31,UNEXPECTED_IN_REPLAY,pnbhousing,2013-04-18,4942c0f021abcd6ed9702c343c2696ec44cfa8022c7e37448f8a78c075c4a16d,UNRESOLVED_MANUAL_REVIEW,Diagnostic reverse replay retains a symbol not present in the official checkpoint.
2021-05-31,UNEXPECTED_IN_REPLAY,quess,2013-04-18,4942c0f021abcd6ed9702c343c2696ec44cfa8022c7e37448f8a78c075c4a16d,UNRESOLVED_MANUAL_REVIEW,Diagnostic reverse replay retains a symbol not present in the official checkpoint.
2021-05-31,UNEXPECTED_IN_REPLAY,rnam,2013-04-18,4942c0f021abcd6ed9702c343c2696ec44cfa8022c7e37448f8a78c075c4a16d,UNRESOLVED_MANUAL_REVIEW,Diagnostic reverse replay retains a symbol not present in the official checkpoint.
2021-05-31,UNEXPECTED_IN_REPLAY,sesagoa,2013-04-18,4942c0f021abcd6ed9702c343c2696ec44cfa8022c7e37448f8a78c075c4a16d,UNRESOLVED_MANUAL_REVIEW,Diagnostic reverse replay retains a symbol not present in the official checkpoint.
2021-05-31,UNEXPECTED_IN_REPLAY,sksmicro,2013-04-18,4942c0f021abcd6ed9702c343c2696ec44cfa8022c7e37448f8a78c075c4a16d,UNRESOLVED_MANUAL_REVIEW,Diagnostic reverse replay retains a symbol not present in the official checkpoint.
2021-05-31,UNEXPECTED_IN_REPLAY,tataglobal,2013-04-18,4942c0f021abcd6ed9702c343c2696ec44cfa8022c7e37448f8a78c075c4a16d,UNRESOLVED_MANUAL_REVIEW,Diagnostic reverse replay retains a symbol not present in the official checkpoint.
2021-05-31,UNEXPECTED_IN_REPLAY,uniphos,2013-04-18,4942c0f021abcd6ed9702c343c2696ec44cfa8022c7e37448f8a78c075c4a16d,UNRESOLVED_MANUAL_REVIEW,Diagnostic reverse replay retains a symbol not present in the official checkpoint.
2021-06-30,MISSING_FROM_REPLAY,adanient,2013-04-18,4942c0f021abcd6ed9702c343c2696ec44cfa8022c7e37448f8a78c075c4a16d,UNRESOLVED_MANUAL_REVIEW,No authoritative 2012 anchor or complete certified event chain; symbol is in the official checkpoint but absent from diagnostic replay.
2021-06-30,MISSING_FROM_REPLAY,adanigreen,2013-04-18,4942c0f021abcd6ed9702c343c2696ec44cfa8022c7e37448f8a78c075c4a16d,UNRESOLVED_MANUAL_REVIEW,No authoritative 2012 anchor or complete certified event chain; symbol is in the official checkpoint but absent from diagnostic replay.
2021-06-30,MISSING_FROM_REPLAY,aplltd,2013-04-18,4942c0f021abcd6ed9702c343c2696ec44cfa8022c7e37448f8a78c075c4a16d,UNRESOLVED_MANUAL_REVIEW,No authoritative 2012 anchor or complete certified event chain; symbol is in the official checkpoint but absent from diagnostic replay.
2021-06-30,MISSING_FROM_REPLAY,atgl,2013-04-18,4942c0f021abcd6ed9702c343c2696ec44cfa8022c7e37448f8a78c075c4a16d,UNRESOLVED_MANUAL_REVIEW,No authoritative 2012 anchor or complete certified event chain; symbol is in the official checkpoint but absent from diagnostic replay.
2021-06-30,MISSING_FROM_REPLAY,coforge,2013-04-18,4942c0f021abcd6ed9702c343c2696ec44cfa8022c7e37448f8a78c075c4a16d,UNRESOLVED_MANUAL_REVIEW,No authoritative 2012 anchor or complete certified event chain; symbol is in the official checkpoint but absent from diagnostic replay.
2021-06-30,MISSING_FROM_REPLAY,dhani,2013-04-18,4942c0f021abcd6ed9702c343c2696ec44cfa8022c7e37448f8a78c075c4a16d,UNRESOLVED_MANUAL_REVIEW,No authoritative 2012 anchor or complete certified event chain; symbol is in the official checkpoint but absent from diagnostic replay.
2021-06-30,MISSING_FROM_REPLAY,idfcfirstb,2013-04-18,4942c0f021abcd6ed9702c343c2696ec44cfa8022c7e37448f8a78c075c4a16d,UNRESOLVED_MANUAL_REVIEW,No authoritative 2012 anchor or complete certified event chain; symbol is in the official checkpoint but absent from diagnostic replay.
2021-06-30,MISSING_FROM_REPLAY,industower,2013-04-18,4942c0f021abcd6ed9702c343c2696ec44cfa8022c7e37448f8a78c075c4a16d,UNRESOLVED_MANUAL_REVIEW,No authoritative 2012 anchor or complete certified event chain; symbol is in the official checkpoint but absent from diagnostic replay.
2021-06-30,MISSING_FROM_REPLAY,isec,2013-04-18,4942c0f021abcd6ed9702c343c2696ec44cfa8022c7e37448f8a78c075c4a16d,UNRESOLVED_MANUAL_REVIEW,No authoritative 2012 anchor or complete certified event chain; symbol is in the official checkpoint but absent from diagnostic replay.
2021-06-30,MISSING_FROM_REPLAY,nam-india,2013-04-18,4942c0f021abcd6ed9702c343c2696ec44cfa8022c7e37448f8a78c075c4a16d,UNRESOLVED_MANUAL_REVIEW,No authoritative 2012 anchor or complete certified event chain; symbol is in the official checkpoint but absent from diagnostic replay.
2021-06-30,MISSING_FROM_REPLAY,navinfluor,2013-04-18,4942c0f021abcd6ed9702c343c2696ec44cfa8022c7e37448f8a78c075c4a16d,UNRESOLVED_MANUAL_REVIEW,No authoritative 2012 anchor or complete certified event chain; symbol is in the official checkpoint but absent from diagnostic replay.
2021-06-30,MISSING_FROM_REPLAY,sanofi,2013-04-18,4942c0f021abcd6ed9702c343c2696ec44cfa8022c7e37448f8a78c075c4a16d,UNRESOLVED_MANUAL_REVIEW,No authoritative 2012 anchor or complete certified event chain; symbol is in the official checkpoint but absent from diagnostic replay.
2021-06-30,MISSING_FROM_REPLAY,tatachem,2013-04-18,4942c0f021abcd6ed9702c343c2696ec44cfa8022c7e37448f8a78c075c4a16d,UNRESOLVED_MANUAL_REVIEW,No authoritative 2012 anchor or complete certified event chain; symbol is in the official checkpoint but absent from diagnostic replay.
2021-06-30,MISSING_FROM_REPLAY,tataconsum,2013-04-18,4942c0f021abcd6ed9702c343c2696ec44cfa8022c7e37448f8a78c075c4a16d,UNRESOLVED_MANUAL_REVIEW,No authoritative 2012 anchor or complete certified event chain; symbol is in the official checkpoint but absent from diagnostic replay.
2021-06-30,MISSING_FROM_REPLAY,upl,2013-04-18,4942c0f021abcd6ed9702c343c2696ec44cfa8022c7e37448f8a78c075c4a16d,UNRESOLVED_MANUAL_REVIEW,No authoritative 2012 anchor or complete certified event chain; symbol is in the official checkpoint but absent from diagnostic replay.
2021-06-30,MISSING_FROM_REPLAY,yesbank,2013-04-18,4942c0f021abcd6ed9702c343c2696ec44cfa8022c7e37448f8a78c075c4a16d,UNRESOLVED_MANUAL_REVIEW,No authoritative 2012 anchor or complete certified event chain; symbol is in the official checkpoint but absent from diagnostic replay.
2021-06-30,UNEXPECTED_IN_REPLAY,adanigas,2013-04-18,4942c0f021abcd6ed9702c343c2696ec44cfa8022c7e37448f8a78c075c4a16d,UNRESOLVED_MANUAL_REVIEW,Diagnostic reverse replay retains a symbol not present in the official checkpoint.
2021-06-30,UNEXPECTED_IN_REPLAY,adanipower,2013-04-18,4942c0f021abcd6ed9702c343c2696ec44cfa8022c7e37448f8a78c075c4a16d,UNRESOLVED_MANUAL_REVIEW,Diagnostic reverse replay retains a symbol not present in the official checkpoint.
2021-06-30,UNEXPECTED_IN_REPLAY,hexaware,2013-04-18,4942c0f021abcd6ed9702c343c2696ec44cfa8022c7e37448f8a78c075c4a16d,UNRESOLVED_MANUAL_REVIEW,Diagnostic reverse replay retains a symbol not present in the official checkpoint.
2021-06-30,UNEXPECTED_IN_REPLAY,ibventures,2013-04-18,4942c0f021abcd6ed9702c343c2696ec44cfa8022c7e37448f8a78c075c4a16d,UNRESOLVED_MANUAL_REVIEW,Diagnostic reverse replay retains a symbol not present in the official checkpoint.
2021-06-30,UNEXPECTED_IN_REPLAY,idbi,2013-04-18,4942c0f021abcd6ed9702c343c2696ec44cfa8022c7e37448f8a78c075c4a16d,UNRESOLVED_MANUAL_REVIEW,Diagnostic reverse replay retains a symbol not present in the official checkpoint.
2021-06-30,UNEXPECTED_IN_REPLAY,idfcbank,2013-04-18,4942c0f021abcd6ed9702c343c2696ec44cfa8022c7e37448f8a78c075c4a16d,UNRESOLVED_MANUAL_REVIEW,Diagnostic reverse replay retains a symbol not present in the official checkpoint.
2021-06-30,UNEXPECTED_IN_REPLAY,infotecent,2013-04-18,4942c0f021abcd6ed9702c343c2696ec44cfa8022c7e37448f8a78c075c4a16d,UNRESOLVED_MANUAL_REVIEW,Diagnostic reverse replay retains a symbol not present in the official checkpoint.
2021-06-30,UNEXPECTED_IN_REPLAY,infratel,2013-04-18,4942c0f021abcd6ed9702c343c2696ec44cfa8022c7e37448f8a78c075c4a16d,UNRESOLVED_MANUAL_REVIEW,Diagnostic reverse replay retains a symbol not present in the official checkpoint.
2021-06-30,UNEXPECTED_IN_REPLAY,jubilant,2013-04-18,4942c0f021abcd6ed9702c343c2696ec44cfa8022c7e37448f8a78c075c4a16d,UNRESOLVED_MANUAL_REVIEW,Diagnostic reverse replay retains a symbol not present in the official checkpoint.
2021-06-30,UNEXPECTED_IN_REPLAY,madrascem,2013-04-18,4942c0f021abcd6ed9702c343c2696ec44cfa8022c7e37448f8a78c075c4a16d,UNRESOLVED_MANUAL_REVIEW,Diagnostic reverse replay retains a symbol not present in the official checkpoint.
2021-06-30,UNEXPECTED_IN_REPLAY,mrpl,2013-04-18,4942c0f021abcd6ed9702c343c2696ec44cfa8022c7e37448f8a78c075c4a16d,UNRESOLVED_MANUAL_REVIEW,Diagnostic reverse replay retains a symbol not present in the official checkpoint.
2021-06-30,UNEXPECTED_IN_REPLAY,nhpc,2013-04-18,4942c0f021abcd6ed9702c343c2696ec44cfa8022c7e37448f8a78c075c4a16d,UNRESOLVED_MANUAL_REVIEW,Diagnostic reverse replay retains a symbol not present in the official checkpoint.
2021-06-30,UNEXPECTED_IN_REPLAY,niittech,2013-04-18,4942c0f021abcd6ed9702c343c2696ec44cfa8022c7e37448f8a78c075c4a16d,UNRESOLVED_MANUAL_REVIEW,Diagnostic reverse replay retains a symbol not present in the official checkpoint.
2021-06-30,UNEXPECTED_IN_REPLAY,pnbhousing,2013-04-18,4942c0f021abcd6ed9702c343c2696ec44cfa8022c7e37448f8a78c075c4a16d,UNRESOLVED_MANUAL_REVIEW,Diagnostic reverse replay retains a symbol not present in the official checkpoint.
2021-06-30,UNEXPECTED_IN_REPLAY,quess,2013-04-18,4942c0f021abcd6ed9702c343c2696ec44cfa8022c7e37448f8a78c075c4a16d,UNRESOLVED_MANUAL_REVIEW,Diagnostic reverse replay retains a symbol not present in the official checkpoint.
2021-06-30,UNEXPECTED_IN_REPLAY,rnam,2013-04-18,4942c0f021abcd6ed9702c343c2696ec44cfa8022c7e37448f8a78c075c4a16d,UNRESOLVED_MANUAL_REVIEW,Diagnostic reverse replay retains a symbol not present in the official checkpoint.
2021-06-30,UNEXPECTED_IN_REPLAY,sesagoa,2013-04-18,4942c0f021abcd6ed9702c343c2696ec44cfa8022c7e37448f8a78c075c4a16d,UNRESOLVED_MANUAL_REVIEW,Diagnostic reverse replay retains a symbol not present in the official checkpoint.
2021-06-30,UNEXPECTED_IN_REPLAY,sksmicro,2013-04-18,4942c0f021abcd6ed9702c343c2696ec44cfa8022c7e37448f8a78c075c4a16d,UNRESOLVED_MANUAL_REVIEW,Diagnostic reverse replay retains a symbol not present in the official checkpoint.
2021-06-30,UNEXPECTED_IN_REPLAY,tataglobal,2013-04-18,4942c0f021abcd6ed9702c343c2696ec44cfa8022c7e37448f8a78c075c4a16d,UNRESOLVED_MANUAL_REVIEW,Diagnostic reverse replay retains a symbol not present in the official checkpoint.
2021-06-30,UNEXPECTED_IN_REPLAY,uniphos,2013-04-18,4942c0f021abcd6ed9702c343c2696ec44cfa8022c7e37448f8a78c075c4a16d,UNRESOLVED_MANUAL_REVIEW,Diagnostic reverse replay retains a symbol not present in the official checkpoint.
2021-07-30,MISSING_FROM_REPLAY,adanient,2013-04-18,4942c0f021abcd6ed9702c343c2696ec44cfa8022c7e37448f8a78c075c4a16d,UNRESOLVED_MANUAL_REVIEW,No authoritative 2012 anchor or complete certified event chain; symbol is in the official checkpoint but absent from diagnostic replay.
2021-07-30,MISSING_FROM_REPLAY,adanigreen,2013-04-18,4942c0f021abcd6ed9702c343c2696ec44cfa8022c7e37448f8a78c075c4a16d,UNRESOLVED_MANUAL_REVIEW,No authoritative 2012 anchor or complete certified event chain; symbol is in the official checkpoint but absent from diagnostic replay.
2021-07-30,MISSING_FROM_REPLAY,aplltd,2013-04-18,4942c0f021abcd6ed9702c343c2696ec44cfa8022c7e37448f8a78c075c4a16d,UNRESOLVED_MANUAL_REVIEW,No authoritative 2012 anchor or complete certified event chain; symbol is in the official checkpoint but absent from diagnostic replay.
2021-07-30,MISSING_FROM_REPLAY,atgl,2013-04-18,4942c0f021abcd6ed9702c343c2696ec44cfa8022c7e37448f8a78c075c4a16d,UNRESOLVED_MANUAL_REVIEW,No authoritative 2012 anchor or complete certified event chain; symbol is in the official checkpoint but absent from diagnostic replay.
2021-07-30,MISSING_FROM_REPLAY,coforge,2013-04-18,4942c0f021abcd6ed9702c343c2696ec44cfa8022c7e37448f8a78c075c4a16d,UNRESOLVED_MANUAL_REVIEW,No authoritative 2012 anchor or complete certified event chain; symbol is in the official checkpoint but absent from diagnostic replay.
2021-07-30,MISSING_FROM_REPLAY,dhani,2013-04-18,4942c0f021abcd6ed9702c343c2696ec44cfa8022c7e37448f8a78c075c4a16d,UNRESOLVED_MANUAL_REVIEW,No authoritative 2012 anchor or complete certified event chain; symbol is in the official checkpoint but absent from diagnostic replay.
2021-07-30,MISSING_FROM_REPLAY,idfcfirstb,2013-04-18,4942c0f021abcd6ed9702c343c2696ec44cfa8022c7e37448f8a78c075c4a16d,UNRESOLVED_MANUAL_REVIEW,No authoritative 2012 anchor or complete certified event chain; symbol is in the official checkpoint but absent from diagnostic replay.
2021-07-30,MISSING_FROM_REPLAY,industower,2013-04-18,4942c0f021abcd6ed9702c343c2696ec44cfa8022c7e37448f8a78c075c4a16d,UNRESOLVED_MANUAL_REVIEW,No authoritative 2012 anchor or complete certified event chain; symbol is in the official checkpoint but absent from diagnostic replay.
2021-07-30,MISSING_FROM_REPLAY,isec,2013-04-18,4942c0f021abcd6ed9702c343c2696ec44cfa8022c7e37448f8a78c075c4a16d,UNRESOLVED_MANUAL_REVIEW,No authoritative 2012 anchor or complete certified event chain; symbol is in the official checkpoint but absent from diagnostic replay.
2021-07-30,MISSING_FROM_REPLAY,nam-india,2013-04-18,4942c0f021abcd6ed9702c343c2696ec44cfa8022c7e37448f8a78c075c4a16d,UNRESOLVED_MANUAL_REVIEW,No authoritative 2012 anchor or complete certified event chain; symbol is in the official checkpoint but absent from diagnostic replay.
2021-07-30,MISSING_FROM_REPLAY,navinfluor,2013-04-18,4942c0f021abcd6ed9702c343c2696ec44cfa8022c7e37448f8a78c075c4a16d,UNRESOLVED_MANUAL_REVIEW,No authoritative 2012 anchor or complete certified event chain; symbol is in the official checkpoint but absent from diagnostic replay.
2021-07-30,MISSING_FROM_REPLAY,sanofi,2013-04-18,4942c0f021abcd6ed9702c343c2696ec44cfa8022c7e37448f8a78c075c4a16d,UNRESOLVED_MANUAL_REVIEW,No authoritative 2012 anchor or complete certified event chain; symbol is in the official checkpoint but absent from diagnostic replay.
2021-07-30,MISSING_FROM_REPLAY,tatachem,2013-04-18,4942c0f021abcd6ed9702c343c2696ec44cfa8022c7e37448f8a78c075c4a16d,UNRESOLVED_MANUAL_REVIEW,No authoritative 2012 anchor or complete certified event chain; symbol is in the official checkpoint but absent from diagnostic replay.
2021-07-30,MISSING_FROM_REPLAY,tataconsum,2013-04-18,4942c0f021abcd6ed9702c343c2696ec44cfa8022c7e37448f8a78c075c4a16d,UNRESOLVED_MANUAL_REVIEW,No authoritative 2012 anchor or complete certified event chain; symbol is in the official checkpoint but absent from diagnostic replay.
2021-07-30,MISSING_FROM_REPLAY,upl,2013-04-18,4942c0f021abcd6ed9702c343c2696ec44cfa8022c7e37448f8a78c075c4a16d,UNRESOLVED_MANUAL_REVIEW,No authoritative 2012 anchor or complete certified event chain; symbol is in the official checkpoint but absent from diagnostic replay.
2021-07-30,MISSING_FROM_REPLAY,yesbank,2013-04-18,4942c0f021abcd6ed9702c343c2696ec44cfa8022c7e37448f8a78c075c4a16d,UNRESOLVED_MANUAL_REVIEW,No authoritative 2012 anchor or complete certified event chain; symbol is in the official checkpoint but absent from diagnostic replay.
2021-07-30,UNEXPECTED_IN_REPLAY,adanigas,2013-04-18,4942c0f021abcd6ed9702c343c2696ec44cfa8022c7e37448f8a78c075c4a16d,UNRESOLVED_MANUAL_REVIEW,Diagnostic reverse replay retains a symbol not present in the official checkpoint.
2021-07-30,UNEXPECTED_IN_REPLAY,adanipower,2013-04-18,4942c0f021abcd6ed9702c343c2696ec44cfa8022c7e37448f8a78c075c4a16d,UNRESOLVED_MANUAL_REVIEW,Diagnostic reverse replay retains a symbol not present in the official checkpoint.
2021-07-30,UNEXPECTED_IN_REPLAY,hexaware,2013-04-18,4942c0f021abcd6ed9702c343c2696ec44cfa8022c7e37448f8a78c075c4a16d,UNRESOLVED_MANUAL_REVIEW,Diagnostic reverse replay retains a symbol not present in the official checkpoint.
2021-07-30,UNEXPECTED_IN_REPLAY,ibventures,2013-04-18,4942c0f021abcd6ed9702c343c2696ec44cfa8022c7e37448f8a78c075c4a16d,UNRESOLVED_MANUAL_REVIEW,Diagnostic reverse replay retains a symbol not present in the official checkpoint.
2021-07-30,UNEXPECTED_IN_REPLAY,idbi,2013-04-18,4942c0f021abcd6ed9702c343c2696ec44cfa8022c7e37448f8a78c075c4a16d,UNRESOLVED_MANUAL_REVIEW,Diagnostic reverse replay retains a symbol not present in the official checkpoint.
2021-07-30,UNEXPECTED_IN_REPLAY,idfcbank,2013-04-18,4942c0f021abcd6ed9702c343c2696ec44cfa8022c7e37448f8a78c075c4a16d,UNRESOLVED_MANUAL_REVIEW,Diagnostic reverse replay retains a symbol not present in the official checkpoint.
2021-07-30,UNEXPECTED_IN_REPLAY,infotecent,2013-04-18,4942c0f021abcd6ed9702c343c2696ec44cfa8022c7e37448f8a78c075c4a16d,UNRESOLVED_MANUAL_REVIEW,Diagnostic reverse replay retains a symbol not present in the official checkpoint.
2021-07-30,UNEXPECTED_IN_REPLAY,infratel,2013-04-18,4942c0f021abcd6ed9702c343c2696ec44cfa8022c7e37448f8a78c075c4a16d,UNRESOLVED_MANUAL_REVIEW,Diagnostic reverse replay retains a symbol not present in the official checkpoint.
2021-07-30,UNEXPECTED_IN_REPLAY,jubilant,2013-04-18,4942c0f021abcd6ed9702c343c2696ec44cfa8022c7e37448f8a78c075c4a16d,UNRESOLVED_MANUAL_REVIEW,Diagnostic reverse replay retains a symbol not present in the official checkpoint.
2021-07-30,UNEXPECTED_IN_REPLAY,madrascem,2013-04-18,4942c0f021abcd6ed9702c343c2696ec44cfa8022c7e37448f8a78c075c4a16d,UNRESOLVED_MANUAL_REVIEW,Diagnostic reverse replay retains a symbol not present in the official checkpoint.
2021-07-30,UNEXPECTED_IN_REPLAY,mrpl,2013-04-18,4942c0f021abcd6ed9702c343c2696ec44cfa8022c7e37448f8a78c075c4a16d,UNRESOLVED_MANUAL_REVIEW,Diagnostic reverse replay retains a symbol not present in the official checkpoint.
2021-07-30,UNEXPECTED_IN_REPLAY,nhpc,2013-04-18,4942c0f021abcd6ed9702c343c2696ec44cfa8022c7e37448f8a78c075c4a16d,UNRESOLVED_MANUAL_REVIEW,Diagnostic reverse replay retains a symbol not present in the official checkpoint.
2021-07-30,UNEXPECTED_IN_REPLAY,niittech,2013-04-18,4942c0f021abcd6ed9702c343c2696ec44cfa8022c7e37448f8a78c075c4a16d,UNRESOLVED_MANUAL_REVIEW,Diagnostic reverse replay retains a symbol not present in the official checkpoint.
2021-07-30,UNEXPECTED_IN_REPLAY,pnbhousing,2013-04-18,4942c0f021abcd6ed9702c343c2696ec44cfa8022c7e37448f8a78c075c4a16d,UNRESOLVED_MANUAL_REVIEW,Diagnostic reverse replay retains a symbol not present in the official checkpoint.
2021-07-30,UNEXPECTED_IN_REPLAY,quess,2013-04-18,4942c0f021abcd6ed9702c343c2696ec44cfa8022c7e37448f8a78c075c4a16d,UNRESOLVED_MANUAL_REVIEW,Diagnostic reverse replay retains a symbol not present in the official checkpoint.
2021-07-30,UNEXPECTED_IN_REPLAY,rnam,2013-04-18,4942c0f021abcd6ed9702c343c2696ec44cfa8022c7e37448f8a78c075c4a16d,UNRESOLVED_MANUAL_REVIEW,Diagnostic reverse replay retains a symbol not present in the official checkpoint.
2021-07-30,UNEXPECTED_IN_REPLAY,sesagoa,2013-04-18,4942c0f021abcd6ed9702c343c2696ec44cfa8022c7e37448f8a78c075c4a16d,UNRESOLVED_MANUAL_REVIEW,Diagnostic reverse replay retains a symbol not present in the official checkpoint.
2021-07-30,UNEXPECTED_IN_REPLAY,sksmicro,2013-04-18,4942c0f021abcd6ed9702c343c2696ec44cfa8022c7e37448f8a78c075c4a16d,UNRESOLVED_MANUAL_REVIEW,Diagnostic reverse replay retains a symbol not present in the official checkpoint.
2021-07-30,UNEXPECTED_IN_REPLAY,tataglobal,2013-04-18,4942c0f021abcd6ed9702c343c2696ec44cfa8022c7e37448f8a78c075c4a16d,UNRESOLVED_MANUAL_REVIEW,Diagnostic reverse replay retains a symbol not present in the official checkpoint.
2021-07-30,UNEXPECTED_IN_REPLAY,uniphos,2013-04-18,4942c0f021abcd6ed9702c343c2696ec44cfa8022c7e37448f8a78c075c4a16d,UNRESOLVED_MANUAL_REVIEW,Diagnostic reverse replay retains a symbol not present in the official checkpoint.
2021-08-31,MISSING_FROM_REPLAY,adanient,2013-04-18,4942c0f021abcd6ed9702c343c2696ec44cfa8022c7e37448f8a78c075c4a16d,UNRESOLVED_MANUAL_REVIEW,No authoritative 2012 anchor or complete certified event chain; symbol is in the official checkpoint but absent from diagnostic replay.
2021-08-31,MISSING_FROM_REPLAY,adanigreen,2013-04-18,4942c0f021abcd6ed9702c343c2696ec44cfa8022c7e37448f8a78c075c4a16d,UNRESOLVED_MANUAL_REVIEW,No authoritative 2012 anchor or complete certified event chain; symbol is in the official checkpoint but absent from diagnostic replay.
2021-08-31,MISSING_FROM_REPLAY,aplltd,2013-04-18,4942c0f021abcd6ed9702c343c2696ec44cfa8022c7e37448f8a78c075c4a16d,UNRESOLVED_MANUAL_REVIEW,No authoritative 2012 anchor or complete certified event chain; symbol is in the official checkpoint but absent from diagnostic replay.
2021-08-31,MISSING_FROM_REPLAY,atgl,2013-04-18,4942c0f021abcd6ed9702c343c2696ec44cfa8022c7e37448f8a78c075c4a16d,UNRESOLVED_MANUAL_REVIEW,No authoritative 2012 anchor or complete certified event chain; symbol is in the official checkpoint but absent from diagnostic replay.
2021-08-31,MISSING_FROM_REPLAY,coforge,2013-04-18,4942c0f021abcd6ed9702c343c2696ec44cfa8022c7e37448f8a78c075c4a16d,UNRESOLVED_MANUAL_REVIEW,No authoritative 2012 anchor or complete certified event chain; symbol is in the official checkpoint but absent from diagnostic replay.
2021-08-31,MISSING_FROM_REPLAY,dhani,2013-04-18,4942c0f021abcd6ed9702c343c2696ec44cfa8022c7e37448f8a78c075c4a16d,UNRESOLVED_MANUAL_REVIEW,No authoritative 2012 anchor or complete certified event chain; symbol is in the official checkpoint but absent from diagnostic replay.
2021-08-31,MISSING_FROM_REPLAY,idfcfirstb,2013-04-18,4942c0f021abcd6ed9702c343c2696ec44cfa8022c7e37448f8a78c075c4a16d,UNRESOLVED_MANUAL_REVIEW,No authoritative 2012 anchor or complete certified event chain; symbol is in the official checkpoint but absent from diagnostic replay.
2021-08-31,MISSING_FROM_REPLAY,industower,2013-04-18,4942c0f021abcd6ed9702c343c2696ec44cfa8022c7e37448f8a78c075c4a16d,UNRESOLVED_MANUAL_REVIEW,No authoritative 2012 anchor or complete certified event chain; symbol is in the official checkpoint but absent from diagnostic replay.
2021-08-31,MISSING_FROM_REPLAY,isec,2013-04-18,4942c0f021abcd6ed9702c343c2696ec44cfa8022c7e37448f8a78c075c4a16d,UNRESOLVED_MANUAL_REVIEW,No authoritative 2012 anchor or complete certified event chain; symbol is in the official checkpoint but absent from diagnostic replay.
2021-08-31,MISSING_FROM_REPLAY,nam-india,2013-04-18,4942c0f021abcd6ed9702c343c2696ec44cfa8022c7e37448f8a78c075c4a16d,UNRESOLVED_MANUAL_REVIEW,No authoritative 2012 anchor or complete certified event chain; symbol is in the official checkpoint but absent from diagnostic replay.
2021-08-31,MISSING_FROM_REPLAY,navinfluor,2013-04-18,4942c0f021abcd6ed9702c343c2696ec44cfa8022c7e37448f8a78c075c4a16d,UNRESOLVED_MANUAL_REVIEW,No authoritative 2012 anchor or complete certified event chain; symbol is in the official checkpoint but absent from diagnostic replay.
2021-08-31,MISSING_FROM_REPLAY,sanofi,2013-04-18,4942c0f021abcd6ed9702c343c2696ec44cfa8022c7e37448f8a78c075c4a16d,UNRESOLVED_MANUAL_REVIEW,No authoritative 2012 anchor or complete certified event chain; symbol is in the official checkpoint but absent from diagnostic replay.
2021-08-31,MISSING_FROM_REPLAY,tatachem,2013-04-18,4942c0f021abcd6ed9702c343c2696ec44cfa8022c7e37448f8a78c075c4a16d,UNRESOLVED_MANUAL_REVIEW,No authoritative 2012 anchor or complete certified event chain; symbol is in the official checkpoint but absent from diagnostic replay.
2021-08-31,MISSING_FROM_REPLAY,tataconsum,2013-04-18,4942c0f021abcd6ed9702c343c2696ec44cfa8022c7e37448f8a78c075c4a16d,UNRESOLVED_MANUAL_REVIEW,No authoritative 2012 anchor or complete certified event chain; symbol is in the official checkpoint but absent from diagnostic replay.
2021-08-31,MISSING_FROM_REPLAY,upl,2013-04-18,4942c0f021abcd6ed9702c343c2696ec44cfa8022c7e37448f8a78c075c4a16d,UNRESOLVED_MANUAL_REVIEW,No authoritative 2012 anchor or complete certified event chain; symbol is in the official checkpoint but absent from diagnostic replay.
2021-08-31,MISSING_FROM_REPLAY,yesbank,2013-04-18,4942c0f021abcd6ed9702c343c2696ec44cfa8022c7e37448f8a78c075c4a16d,UNRESOLVED_MANUAL_REVIEW,No authoritative 2012 anchor or complete certified event chain; symbol is in the official checkpoint but absent from diagnostic replay.
2021-08-31,UNEXPECTED_IN_REPLAY,adanigas,2013-04-18,4942c0f021abcd6ed9702c343c2696ec44cfa8022c7e37448f8a78c075c4a16d,UNRESOLVED_MANUAL_REVIEW,Diagnostic reverse replay retains a symbol not present in the official checkpoint.
2021-08-31,UNEXPECTED_IN_REPLAY,adanipower,2013-04-18,4942c0f021abcd6ed9702c343c2696ec44cfa8022c7e37448f8a78c075c4a16d,UNRESOLVED_MANUAL_REVIEW,Diagnostic reverse replay retains a symbol not present in the official checkpoint.
2021-08-31,UNEXPECTED_IN_REPLAY,hexaware,2013-04-18,4942c0f021abcd6ed9702c343c2696ec44cfa8022c7e37448f8a78c075c4a16d,UNRESOLVED_MANUAL_REVIEW,Diagnostic reverse replay retains a symbol not present in the official checkpoint.
2021-08-31,UNEXPECTED_IN_REPLAY,ibventures,2013-04-18,4942c0f021abcd6ed9702c343c2696ec44cfa8022c7e37448f8a78c075c4a16d,UNRESOLVED_MANUAL_REVIEW,Diagnostic reverse replay retains a symbol not present in the official checkpoint.
2021-08-31,UNEXPECTED_IN_REPLAY,idbi,2013-04-18,4942c0f021abcd6ed9702c343c2696ec44cfa8022c7e37448f8a78c075c4a16d,UNRESOLVED_MANUAL_REVIEW,Diagnostic reverse replay retains a symbol not present in the official checkpoint.
2021-08-31,UNEXPECTED_IN_REPLAY,idfcbank,2013-04-18,4942c0f021abcd6ed9702c343c2696ec44cfa8022c7e37448f8a78c075c4a16d,UNRESOLVED_MANUAL_REVIEW,Diagnostic reverse replay retains a symbol not present in the official checkpoint.
2021-08-31,UNEXPECTED_IN_REPLAY,infotecent,2013-04-18,4942c0f021abcd6ed9702c343c2696ec44cfa8022c7e37448f8a78c075c4a16d,UNRESOLVED_MANUAL_REVIEW,Diagnostic reverse replay retains a symbol not present in the official checkpoint.
2021-08-31,UNEXPECTED_IN_REPLAY,infratel,2013-04-18,4942c0f021abcd6ed9702c343c2696ec44cfa8022c7e37448f8a78c075c4a16d,UNRESOLVED_MANUAL_REVIEW,Diagnostic reverse replay retains a symbol not present in the official checkpoint.
2021-08-31,UNEXPECTED_IN_REPLAY,jubilant,2013-04-18,4942c0f021abcd6ed9702c343c2696ec44cfa8022c7e37448f8a78c075c4a16d,UNRESOLVED_MANUAL_REVIEW,Diagnostic reverse replay retains a symbol not present in the official checkpoint.
2021-08-31,UNEXPECTED_IN_REPLAY,madrascem,2013-04-18,4942c0f021abcd6ed9702c343c2696ec44cfa8022c7e37448f8a78c075c4a16d,UNRESOLVED_MANUAL_REVIEW,Diagnostic reverse replay retains a symbol not present in the official checkpoint.
2021-08-31,UNEXPECTED_IN_REPLAY,mrpl,2013-04-18,4942c0f021abcd6ed9702c343c2696ec44cfa8022c7e37448f8a78c075c4a16d,UNRESOLVED_MANUAL_REVIEW,Diagnostic reverse replay retains a symbol not present in the official checkpoint.
2021-08-31,UNEXPECTED_IN_REPLAY,nhpc,2013-04-18,4942c0f021abcd6ed9702c343c2696ec44cfa8022c7e37448f8a78c075c4a16d,UNRESOLVED_MANUAL_REVIEW,Diagnostic reverse replay retains a symbol not present in the official checkpoint.
2021-08-31,UNEXPECTED_IN_REPLAY,niittech,2013-04-18,4942c0f021abcd6ed9702c343c2696ec44cfa8022c7e37448f8a78c075c4a16d,UNRESOLVED_MANUAL_REVIEW,Diagnostic reverse replay retains a symbol not present in the official checkpoint.
2021-08-31,UNEXPECTED_IN_REPLAY,pnbhousing,2013-04-18,4942c0f021abcd6ed9702c343c2696ec44cfa8022c7e37448f8a78c075c4a16d,UNRESOLVED_MANUAL_REVIEW,Diagnostic reverse replay retains a symbol not present in the official checkpoint.
2021-08-31,UNEXPECTED_IN_REPLAY,quess,2013-04-18,4942c0f021abcd6ed9702c343c2696ec44cfa8022c7e37448f8a78c075c4a16d,UNRESOLVED_MANUAL_REVIEW,Diagnostic reverse replay retains a symbol not present in the official checkpoint.
2021-08-31,UNEXPECTED_IN_REPLAY,rnam,2013-04-18,4942c0f021abcd6ed9702c343c2696ec44cfa8022c7e37448f8a78c075c4a16d,UNRESOLVED_MANUAL_REVIEW,Diagnostic reverse replay retains a symbol not present in the official checkpoint.
2021-08-31,UNEXPECTED_IN_REPLAY,sesagoa,2013-04-18,4942c0f021abcd6ed9702c343c2696ec44cfa8022c7e37448f8a78c075c4a16d,UNRESOLVED_MANUAL_REVIEW,Diagnostic reverse replay retains a symbol not present in the official checkpoint.
2021-08-31,UNEXPECTED_IN_REPLAY,sksmicro,2013-04-18,4942c0f021abcd6ed9702c343c2696ec44cfa8022c7e37448f8a78c075c4a16d,UNRESOLVED_MANUAL_REVIEW,Diagnostic reverse replay retains a symbol not present in the official checkpoint.
2021-08-31,UNEXPECTED_IN_REPLAY,tataglobal,2013-04-18,4942c0f021abcd6ed9702c343c2696ec44cfa8022c7e37448f8a78c075c4a16d,UNRESOLVED_MANUAL_REVIEW,Diagnostic reverse replay retains a symbol not present in the official checkpoint.
2021-08-31,UNEXPECTED_IN_REPLAY,uniphos,2013-04-18,4942c0f021abcd6ed9702c343c2696ec44cfa8022c7e37448f8a78c075c4a16d,UNRESOLVED_MANUAL_REVIEW,Diagnostic reverse replay retains a symbol not present in the official checkpoint.
2021-09-30,MISSING_FROM_REPLAY,adanient,2013-04-18,4942c0f021abcd6ed9702c343c2696ec44cfa8022c7e37448f8a78c075c4a16d,UNRESOLVED_MANUAL_REVIEW,No authoritative 2012 anchor or complete certified event chain; symbol is in the official checkpoint but absent from diagnostic replay.
2021-09-30,MISSING_FROM_REPLAY,adanigreen,2013-04-18,4942c0f021abcd6ed9702c343c2696ec44cfa8022c7e37448f8a78c075c4a16d,UNRESOLVED_MANUAL_REVIEW,No authoritative 2012 anchor or complete certified event chain; symbol is in the official checkpoint but absent from diagnostic replay.
2021-09-30,MISSING_FROM_REPLAY,aplltd,2013-04-18,4942c0f021abcd6ed9702c343c2696ec44cfa8022c7e37448f8a78c075c4a16d,UNRESOLVED_MANUAL_REVIEW,No authoritative 2012 anchor or complete certified event chain; symbol is in the official checkpoint but absent from diagnostic replay.
2021-09-30,MISSING_FROM_REPLAY,astral,2013-04-18,4942c0f021abcd6ed9702c343c2696ec44cfa8022c7e37448f8a78c075c4a16d,UNRESOLVED_MANUAL_REVIEW,No authoritative 2012 anchor or complete certified event chain; symbol is in the official checkpoint but absent from diagnostic replay.
2021-09-30,MISSING_FROM_REPLAY,atgl,2013-04-18,4942c0f021abcd6ed9702c343c2696ec44cfa8022c7e37448f8a78c075c4a16d,UNRESOLVED_MANUAL_REVIEW,No authoritative 2012 anchor or complete certified event chain; symbol is in the official checkpoint but absent from diagnostic replay.
2021-09-30,MISSING_FROM_REPLAY,coforge,2013-04-18,4942c0f021abcd6ed9702c343c2696ec44cfa8022c7e37448f8a78c075c4a16d,UNRESOLVED_MANUAL_REVIEW,No authoritative 2012 anchor or complete certified event chain; symbol is in the official checkpoint but absent from diagnostic replay.
2021-09-30,MISSING_FROM_REPLAY,dhani,2013-04-18,4942c0f021abcd6ed9702c343c2696ec44cfa8022c7e37448f8a78c075c4a16d,UNRESOLVED_MANUAL_REVIEW,No authoritative 2012 anchor or complete certified event chain; symbol is in the official checkpoint but absent from diagnostic replay.
2021-09-30,MISSING_FROM_REPLAY,hindcopper,2013-04-18,4942c0f021abcd6ed9702c343c2696ec44cfa8022c7e37448f8a78c075c4a16d,UNRESOLVED_MANUAL_REVIEW,No authoritative 2012 anchor or complete certified event chain; symbol is in the official checkpoint but absent from diagnostic replay.
2021-09-30,MISSING_FROM_REPLAY,idfcfirstb,2013-04-18,4942c0f021abcd6ed9702c343c2696ec44cfa8022c7e37448f8a78c075c4a16d,UNRESOLVED_MANUAL_REVIEW,No authoritative 2012 anchor or complete certified event chain; symbol is in the official checkpoint but absent from diagnostic replay.
2021-09-30,MISSING_FROM_REPLAY,indianb,2013-04-18,4942c0f021abcd6ed9702c343c2696ec44cfa8022c7e37448f8a78c075c4a16d,UNRESOLVED_MANUAL_REVIEW,No authoritative 2012 anchor or complete certified event chain; symbol is in the official checkpoint but absent from diagnostic replay.
2021-09-30,MISSING_FROM_REPLAY,industower,2013-04-18,4942c0f021abcd6ed9702c343c2696ec44cfa8022c7e37448f8a78c075c4a16d,UNRESOLVED_MANUAL_REVIEW,No authoritative 2012 anchor or complete certified event chain; symbol is in the official checkpoint but absent from diagnostic replay.
2021-09-30,MISSING_FROM_REPLAY,irfc,2013-04-18,4942c0f021abcd6ed9702c343c2696ec44cfa8022c7e37448f8a78c075c4a16d,UNRESOLVED_MANUAL_REVIEW,No authoritative 2012 anchor or complete certified event chain; symbol is in the official checkpoint but absent from diagnostic replay.
2021-09-30,MISSING_FROM_REPLAY,isec,2013-04-18,4942c0f021abcd6ed9702c343c2696ec44cfa8022c7e37448f8a78c075c4a16d,UNRESOLVED_MANUAL_REVIEW,No authoritative 2012 anchor or complete certified event chain; symbol is in the official checkpoint but absent from diagnostic replay.
2021-09-30,MISSING_FROM_REPLAY,nam-india,2013-04-18,4942c0f021abcd6ed9702c343c2696ec44cfa8022c7e37448f8a78c075c4a16d,UNRESOLVED_MANUAL_REVIEW,No authoritative 2012 anchor or complete certified event chain; symbol is in the official checkpoint but absent from diagnostic replay.
2021-09-30,MISSING_FROM_REPLAY,nationalum,2013-04-18,4942c0f021abcd6ed9702c343c2696ec44cfa8022c7e37448f8a78c075c4a16d,UNRESOLVED_MANUAL_REVIEW,No authoritative 2012 anchor or complete certified event chain; symbol is in the official checkpoint but absent from diagnostic replay.
2021-09-30,MISSING_FROM_REPLAY,navinfluor,2013-04-18,4942c0f021abcd6ed9702c343c2696ec44cfa8022c7e37448f8a78c075c4a16d,UNRESOLVED_MANUAL_REVIEW,No authoritative 2012 anchor or complete certified event chain; symbol is in the official checkpoint but absent from diagnostic replay.
2021-09-30,MISSING_FROM_REPLAY,sanofi,2013-04-18,4942c0f021abcd6ed9702c343c2696ec44cfa8022c7e37448f8a78c075c4a16d,UNRESOLVED_MANUAL_REVIEW,No authoritative 2012 anchor or complete certified event chain; symbol is in the official checkpoint but absent from diagnostic replay.
2021-09-30,MISSING_FROM_REPLAY,tatachem,2013-04-18,4942c0f021abcd6ed9702c343c2696ec44cfa8022c7e37448f8a78c075c4a16d,UNRESOLVED_MANUAL_REVIEW,No authoritative 2012 anchor or complete certified event chain; symbol is in the official checkpoint but absent from diagnostic replay.
2021-09-30,MISSING_FROM_REPLAY,tatacomm,2013-04-18,4942c0f021abcd6ed9702c343c2696ec44cfa8022c7e37448f8a78c075c4a16d,UNRESOLVED_MANUAL_REVIEW,No authoritative 2012 anchor or complete certified event chain; symbol is in the official checkpoint but absent from diagnostic replay.
2021-09-30,MISSING_FROM_REPLAY,tataconsum,2013-04-18,4942c0f021abcd6ed9702c343c2696ec44cfa8022c7e37448f8a78c075c4a16d,UNRESOLVED_MANUAL_REVIEW,No authoritative 2012 anchor or complete certified event chain; symbol is in the official checkpoint but absent from diagnostic replay.
2021-09-30,MISSING_FROM_REPLAY,upl,2013-04-18,4942c0f021abcd6ed9702c343c2696ec44cfa8022c7e37448f8a78c075c4a16d,UNRESOLVED_MANUAL_REVIEW,No authoritative 2012 anchor or complete certified event chain; symbol is in the official checkpoint but absent from diagnostic replay.
2021-09-30,MISSING_FROM_REPLAY,yesbank,2013-04-18,4942c0f021abcd6ed9702c343c2696ec44cfa8022c7e37448f8a78c075c4a16d,UNRESOLVED_MANUAL_REVIEW,No authoritative 2012 anchor or complete certified event chain; symbol is in the official checkpoint but absent from diagnostic replay.
2021-09-30,UNEXPECTED_IN_REPLAY,abbotindia,2013-04-18,4942c0f021abcd6ed9702c343c2696ec44cfa8022c7e37448f8a78c075c4a16d,UNRESOLVED_MANUAL_REVIEW,Diagnostic reverse replay retains a symbol not present in the official checkpoint.
2021-09-30,UNEXPECTED_IN_REPLAY,adanigas,2013-04-18,4942c0f021abcd6ed9702c343c2696ec44cfa8022c7e37448f8a78c075c4a16d,UNRESOLVED_MANUAL_REVIEW,Diagnostic reverse replay retains a symbol not present in the official checkpoint.
2021-09-30,UNEXPECTED_IN_REPLAY,adanipower,2013-04-18,4942c0f021abcd6ed9702c343c2696ec44cfa8022c7e37448f8a78c075c4a16d,UNRESOLVED_MANUAL_REVIEW,Diagnostic reverse replay retains a symbol not present in the official checkpoint.
2021-09-30,UNEXPECTED_IN_REPLAY,bbtc,2013-04-18,4942c0f021abcd6ed9702c343c2696ec44cfa8022c7e37448f8a78c075c4a16d,UNRESOLVED_MANUAL_REVIEW,Diagnostic reverse replay retains a symbol not present in the official checkpoint.
2021-09-30,UNEXPECTED_IN_REPLAY,cesc,2013-04-18,4942c0f021abcd6ed9702c343c2696ec44cfa8022c7e37448f8a78c075c4a16d,UNRESOLVED_MANUAL_REVIEW,Diagnostic reverse replay retains a symbol not present in the official checkpoint.
2021-09-30,UNEXPECTED_IN_REPLAY,godrejagro,2013-04-18,4942c0f021abcd6ed9702c343c2696ec44cfa8022c7e37448f8a78c075c4a16d,UNRESOLVED_MANUAL_REVIEW,Diagnostic reverse replay retains a symbol not present in the official checkpoint.
2021-09-30,UNEXPECTED_IN_REPLAY,hexaware,2013-04-18,4942c0f021abcd6ed9702c343c2696ec44cfa8022c7e37448f8a78c075c4a16d,UNRESOLVED_MANUAL_REVIEW,Diagnostic reverse replay retains a symbol not present in the official checkpoint.
2021-09-30,UNEXPECTED_IN_REPLAY,ibulhsgfin,2013-04-18,4942c0f021abcd6ed9702c343c2696ec44cfa8022c7e37448f8a78c075c4a16d,UNRESOLVED_MANUAL_REVIEW,Diagnostic reverse replay retains a symbol not present in the official checkpoint.
2021-09-30,UNEXPECTED_IN_REPLAY,ibventures,2013-04-18,4942c0f021abcd6ed9702c343c2696ec44cfa8022c7e37448f8a78c075c4a16d,UNRESOLVED_MANUAL_REVIEW,Diagnostic reverse replay retains a symbol not present in the official checkpoint.
2021-09-30,UNEXPECTED_IN_REPLAY,idbi,2013-04-18,4942c0f021abcd6ed9702c343c2696ec44cfa8022c7e37448f8a78c075c4a16d,UNRESOLVED_MANUAL_REVIEW,Diagnostic reverse replay retains a symbol not present in the official checkpoint.
2021-09-30,UNEXPECTED_IN_REPLAY,idfcbank,2013-04-18,4942c0f021abcd6ed9702c343c2696ec44cfa8022c7e37448f8a78c075c4a16d,UNRESOLVED_MANUAL_REVIEW,Diagnostic reverse replay retains a symbol not present in the official checkpoint.
2021-09-30,UNEXPECTED_IN_REPLAY,infotecent,2013-04-18,4942c0f021abcd6ed9702c343c2696ec44cfa8022c7e37448f8a78c075c4a16d,UNRESOLVED_MANUAL_REVIEW,Diagnostic reverse replay retains a symbol not present in the official checkpoint.
2021-09-30,UNEXPECTED_IN_REPLAY,infratel,2013-04-18,4942c0f021abcd6ed9702c343c2696ec44cfa8022c7e37448f8a78c075c4a16d,UNRESOLVED_MANUAL_REVIEW,Diagnostic reverse replay retains a symbol not present in the official checkpoint.
2021-09-30,UNEXPECTED_IN_REPLAY,jubilant,2013-04-18,4942c0f021abcd6ed9702c343c2696ec44cfa8022c7e37448f8a78c075c4a16d,UNRESOLVED_MANUAL_REVIEW,Diagnostic reverse replay retains a symbol not present in the official checkpoint.
2021-09-30,UNEXPECTED_IN_REPLAY,madrascem,2013-04-18,4942c0f021abcd6ed9702c343c2696ec44cfa8022c7e37448f8a78c075c4a16d,UNRESOLVED_MANUAL_REVIEW,Diagnostic reverse replay retains a symbol not present in the official checkpoint.
2021-09-30,UNEXPECTED_IN_REPLAY,mrpl,2013-04-18,4942c0f021abcd6ed9702c343c2696ec44cfa8022c7e37448f8a78c075c4a16d,UNRESOLVED_MANUAL_REVIEW,Diagnostic reverse replay retains a symbol not present in the official checkpoint.
2021-09-30,UNEXPECTED_IN_REPLAY,nhpc,2013-04-18,4942c0f021abcd6ed9702c343c2696ec44cfa8022c7e37448f8a78c075c4a16d,UNRESOLVED_MANUAL_REVIEW,Diagnostic reverse replay retains a symbol not present in the official checkpoint.
2021-09-30,UNEXPECTED_IN_REPLAY,niittech,2013-04-18,4942c0f021abcd6ed9702c343c2696ec44cfa8022c7e37448f8a78c075c4a16d,UNRESOLVED_MANUAL_REVIEW,Diagnostic reverse replay retains a symbol not present in the official checkpoint.
2021-09-30,UNEXPECTED_IN_REPLAY,pnbhousing,2013-04-18,4942c0f021abcd6ed9702c343c2696ec44cfa8022c7e37448f8a78c075c4a16d,UNRESOLVED_MANUAL_REVIEW,Diagnostic reverse replay retains a symbol not present in the official checkpoint.
2021-09-30,UNEXPECTED_IN_REPLAY,quess,2013-04-18,4942c0f021abcd6ed9702c343c2696ec44cfa8022c7e37448f8a78c075c4a16d,UNRESOLVED_MANUAL_REVIEW,Diagnostic reverse replay retains a symbol not present in the official checkpoint.
2021-09-30,UNEXPECTED_IN_REPLAY,rnam,2013-04-18,4942c0f021abcd6ed9702c343c2696ec44cfa8022c7e37448f8a78c075c4a16d,UNRESOLVED_MANUAL_REVIEW,Diagnostic reverse replay retains a symbol not present in the official checkpoint.
2021-09-30,UNEXPECTED_IN_REPLAY,sesagoa,2013-04-18,4942c0f021abcd6ed9702c343c2696ec44cfa8022c7e37448f8a78c075c4a16d,UNRESOLVED_MANUAL_REVIEW,Diagnostic reverse replay retains a symbol not present in the official checkpoint.
2021-09-30,UNEXPECTED_IN_REPLAY,sksmicro,2013-04-18,4942c0f021abcd6ed9702c343c2696ec44cfa8022c7e37448f8a78c075c4a16d,UNRESOLVED_MANUAL_REVIEW,Diagnostic reverse replay retains a symbol not present in the official checkpoint.
2021-09-30,UNEXPECTED_IN_REPLAY,tataglobal,2013-04-18,4942c0f021abcd6ed9702c343c2696ec44cfa8022c7e37448f8a78c075c4a16d,UNRESOLVED_MANUAL_REVIEW,Diagnostic reverse replay retains a symbol not present in the official checkpoint.
2021-09-30,UNEXPECTED_IN_REPLAY,uniphos,2013-04-18,4942c0f021abcd6ed9702c343c2696ec44cfa8022c7e37448f8a78c075c4a16d,UNRESOLVED_MANUAL_REVIEW,Diagnostic reverse replay retains a symbol not present in the official checkpoint.
2021-09-30,UNEXPECTED_IN_REPLAY,vguard,2013-04-18,4942c0f021abcd6ed9702c343c2696ec44cfa8022c7e37448f8a78c075c4a16d,UNRESOLVED_MANUAL_REVIEW,Diagnostic reverse replay retains a symbol not present in the official checkpoint.
2021-10-29,MISSING_FROM_REPLAY,adanient,2013-04-18,4942c0f021abcd6ed9702c343c2696ec44cfa8022c7e37448f8a78c075c4a16d,UNRESOLVED_MANUAL_REVIEW,No authoritative 2012 anchor or complete certified event chain; symbol is in the official checkpoint but absent from diagnostic replay.
2021-10-29,MISSING_FROM_REPLAY,adanigreen,2013-04-18,4942c0f021abcd6ed9702c343c2696ec44cfa8022c7e37448f8a78c075c4a16d,UNRESOLVED_MANUAL_REVIEW,No authoritative 2012 anchor or complete certified event chain; symbol is in the official checkpoint but absent from diagnostic replay.
2021-10-29,MISSING_FROM_REPLAY,aplltd,2013-04-18,4942c0f021abcd6ed9702c343c2696ec44cfa8022c7e37448f8a78c075c4a16d,UNRESOLVED_MANUAL_REVIEW,No authoritative 2012 anchor or complete certified event chain; symbol is in the official checkpoint but absent from diagnostic replay.
2021-10-29,MISSING_FROM_REPLAY,astral,2013-04-18,4942c0f021abcd6ed9702c343c2696ec44cfa8022c7e37448f8a78c075c4a16d,UNRESOLVED_MANUAL_REVIEW,No authoritative 2012 anchor or complete certified event chain; symbol is in the official checkpoint but absent from diagnostic replay.
2021-10-29,MISSING_FROM_REPLAY,atgl,2013-04-18,4942c0f021abcd6ed9702c343c2696ec44cfa8022c7e37448f8a78c075c4a16d,UNRESOLVED_MANUAL_REVIEW,No authoritative 2012 anchor or complete certified event chain; symbol is in the official checkpoint but absent from diagnostic replay.
2021-10-29,MISSING_FROM_REPLAY,coforge,2013-04-18,4942c0f021abcd6ed9702c343c2696ec44cfa8022c7e37448f8a78c075c4a16d,UNRESOLVED_MANUAL_REVIEW,No authoritative 2012 anchor or complete certified event chain; symbol is in the official checkpoint but absent from diagnostic replay.
2021-10-29,MISSING_FROM_REPLAY,dhani,2013-04-18,4942c0f021abcd6ed9702c343c2696ec44cfa8022c7e37448f8a78c075c4a16d,UNRESOLVED_MANUAL_REVIEW,No authoritative 2012 anchor or complete certified event chain; symbol is in the official checkpoint but absent from diagnostic replay.
2021-10-29,MISSING_FROM_REPLAY,hindcopper,2013-04-18,4942c0f021abcd6ed9702c343c2696ec44cfa8022c7e37448f8a78c075c4a16d,UNRESOLVED_MANUAL_REVIEW,No authoritative 2012 anchor or complete certified event chain; symbol is in the official checkpoint but absent from diagnostic replay.
2021-10-29,MISSING_FROM_REPLAY,idfcfirstb,2013-04-18,4942c0f021abcd6ed9702c343c2696ec44cfa8022c7e37448f8a78c075c4a16d,UNRESOLVED_MANUAL_REVIEW,No authoritative 2012 anchor or complete certified event chain; symbol is in the official checkpoint but absent from diagnostic replay.
2021-10-29,MISSING_FROM_REPLAY,indianb,2013-04-18,4942c0f021abcd6ed9702c343c2696ec44cfa8022c7e37448f8a78c075c4a16d,UNRESOLVED_MANUAL_REVIEW,No authoritative 2012 anchor or complete certified event chain; symbol is in the official checkpoint but absent from diagnostic replay.
2021-10-29,MISSING_FROM_REPLAY,industower,2013-04-18,4942c0f021abcd6ed9702c343c2696ec44cfa8022c7e37448f8a78c075c4a16d,UNRESOLVED_MANUAL_REVIEW,No authoritative 2012 anchor or complete certified event chain; symbol is in the official checkpoint but absent from diagnostic replay.
2021-10-29,MISSING_FROM_REPLAY,irfc,2013-04-18,4942c0f021abcd6ed9702c343c2696ec44cfa8022c7e37448f8a78c075c4a16d,UNRESOLVED_MANUAL_REVIEW,No authoritative 2012 anchor or complete certified event chain; symbol is in the official checkpoint but absent from diagnostic replay.
2021-10-29,MISSING_FROM_REPLAY,isec,2013-04-18,4942c0f021abcd6ed9702c343c2696ec44cfa8022c7e37448f8a78c075c4a16d,UNRESOLVED_MANUAL_REVIEW,No authoritative 2012 anchor or complete certified event chain; symbol is in the official checkpoint but absent from diagnostic replay.
2021-10-29,MISSING_FROM_REPLAY,nam-india,2013-04-18,4942c0f021abcd6ed9702c343c2696ec44cfa8022c7e37448f8a78c075c4a16d,UNRESOLVED_MANUAL_REVIEW,No authoritative 2012 anchor or complete certified event chain; symbol is in the official checkpoint but absent from diagnostic replay.
2021-10-29,MISSING_FROM_REPLAY,nationalum,2013-04-18,4942c0f021abcd6ed9702c343c2696ec44cfa8022c7e37448f8a78c075c4a16d,UNRESOLVED_MANUAL_REVIEW,No authoritative 2012 anchor or complete certified event chain; symbol is in the official checkpoint but absent from diagnostic replay.
2021-10-29,MISSING_FROM_REPLAY,navinfluor,2013-04-18,4942c0f021abcd6ed9702c343c2696ec44cfa8022c7e37448f8a78c075c4a16d,UNRESOLVED_MANUAL_REVIEW,No authoritative 2012 anchor or complete certified event chain; symbol is in the official checkpoint but absent from diagnostic replay.
2021-10-29,MISSING_FROM_REPLAY,sanofi,2013-04-18,4942c0f021abcd6ed9702c343c2696ec44cfa8022c7e37448f8a78c075c4a16d,UNRESOLVED_MANUAL_REVIEW,No authoritative 2012 anchor or complete certified event chain; symbol is in the official checkpoint but absent from diagnostic replay.
2021-10-29,MISSING_FROM_REPLAY,tatachem,2013-04-18,4942c0f021abcd6ed9702c343c2696ec44cfa8022c7e37448f8a78c075c4a16d,UNRESOLVED_MANUAL_REVIEW,No authoritative 2012 anchor or complete certified event chain; symbol is in the official checkpoint but absent from diagnostic replay.
2021-10-29,MISSING_FROM_REPLAY,tatacomm,2013-04-18,4942c0f021abcd6ed9702c343c2696ec44cfa8022c7e37448f8a78c075c4a16d,UNRESOLVED_MANUAL_REVIEW,No authoritative 2012 anchor or complete certified event chain; symbol is in the official checkpoint but absent from diagnostic replay.
2021-10-29,MISSING_FROM_REPLAY,tataconsum,2013-04-18,4942c0f021abcd6ed9702c343c2696ec44cfa8022c7e37448f8a78c075c4a16d,UNRESOLVED_MANUAL_REVIEW,No authoritative 2012 anchor or complete certified event chain; symbol is in the official checkpoint but absent from diagnostic replay.
2021-10-29,MISSING_FROM_REPLAY,upl,2013-04-18,4942c0f021abcd6ed9702c343c2696ec44cfa8022c7e37448f8a78c075c4a16d,UNRESOLVED_MANUAL_REVIEW,No authoritative 2012 anchor or complete certified event chain; symbol is in the official checkpoint but absent from diagnostic replay.
2021-10-29,MISSING_FROM_REPLAY,yesbank,2013-04-18,4942c0f021abcd6ed9702c343c2696ec44cfa8022c7e37448f8a78c075c4a16d,UNRESOLVED_MANUAL_REVIEW,No authoritative 2012 anchor or complete certified event chain; symbol is in the official checkpoint but absent from diagnostic replay.
2021-10-29,UNEXPECTED_IN_REPLAY,abbotindia,2013-04-18,4942c0f021abcd6ed9702c343c2696ec44cfa8022c7e37448f8a78c075c4a16d,UNRESOLVED_MANUAL_REVIEW,Diagnostic reverse replay retains a symbol not present in the official checkpoint.
2021-10-29,UNEXPECTED_IN_REPLAY,adanigas,2013-04-18,4942c0f021abcd6ed9702c343c2696ec44cfa8022c7e37448f8a78c075c4a16d,UNRESOLVED_MANUAL_REVIEW,Diagnostic reverse replay retains a symbol not present in the official checkpoint.
2021-10-29,UNEXPECTED_IN_REPLAY,adanipower,2013-04-18,4942c0f021abcd6ed9702c343c2696ec44cfa8022c7e37448f8a78c075c4a16d,UNRESOLVED_MANUAL_REVIEW,Diagnostic reverse replay retains a symbol not present in the official checkpoint.
2021-10-29,UNEXPECTED_IN_REPLAY,bbtc,2013-04-18,4942c0f021abcd6ed9702c343c2696ec44cfa8022c7e37448f8a78c075c4a16d,UNRESOLVED_MANUAL_REVIEW,Diagnostic reverse replay retains a symbol not present in the official checkpoint.
2021-10-29,UNEXPECTED_IN_REPLAY,cesc,2013-04-18,4942c0f021abcd6ed9702c343c2696ec44cfa8022c7e37448f8a78c075c4a16d,UNRESOLVED_MANUAL_REVIEW,Diagnostic reverse replay retains a symbol not present in the official checkpoint.
2021-10-29,UNEXPECTED_IN_REPLAY,godrejagro,2013-04-18,4942c0f021abcd6ed9702c343c2696ec44cfa8022c7e37448f8a78c075c4a16d,UNRESOLVED_MANUAL_REVIEW,Diagnostic reverse replay retains a symbol not present in the official checkpoint.
2021-10-29,UNEXPECTED_IN_REPLAY,hexaware,2013-04-18,4942c0f021abcd6ed9702c343c2696ec44cfa8022c7e37448f8a78c075c4a16d,UNRESOLVED_MANUAL_REVIEW,Diagnostic reverse replay retains a symbol not present in the official checkpoint.
2021-10-29,UNEXPECTED_IN_REPLAY,ibulhsgfin,2013-04-18,4942c0f021abcd6ed9702c343c2696ec44cfa8022c7e37448f8a78c075c4a16d,UNRESOLVED_MANUAL_REVIEW,Diagnostic reverse replay retains a symbol not present in the official checkpoint.
2021-10-29,UNEXPECTED_IN_REPLAY,ibventures,2013-04-18,4942c0f021abcd6ed9702c343c2696ec44cfa8022c7e37448f8a78c075c4a16d,UNRESOLVED_MANUAL_REVIEW,Diagnostic reverse replay retains a symbol not present in the official checkpoint.
2021-10-29,UNEXPECTED_IN_REPLAY,idbi,2013-04-18,4942c0f021abcd6ed9702c343c2696ec44cfa8022c7e37448f8a78c075c4a16d,UNRESOLVED_MANUAL_REVIEW,Diagnostic reverse replay retains a symbol not present in the official checkpoint.
2021-10-29,UNEXPECTED_IN_REPLAY,idfcbank,2013-04-18,4942c0f021abcd6ed9702c343c2696ec44cfa8022c7e37448f8a78c075c4a16d,UNRESOLVED_MANUAL_REVIEW,Diagnostic reverse replay retains a symbol not present in the official checkpoint.
2021-10-29,UNEXPECTED_IN_REPLAY,infotecent,2013-04-18,4942c0f021abcd6ed9702c343c2696ec44cfa8022c7e37448f8a78c075c4a16d,UNRESOLVED_MANUAL_REVIEW,Diagnostic reverse replay retains a symbol not present in the official checkpoint.
2021-10-29,UNEXPECTED_IN_REPLAY,infratel,2013-04-18,4942c0f021abcd6ed9702c343c2696ec44cfa8022c7e37448f8a78c075c4a16d,UNRESOLVED_MANUAL_REVIEW,Diagnostic reverse replay retains a symbol not present in the official checkpoint.
2021-10-29,UNEXPECTED_IN_REPLAY,jubilant,2013-04-18,4942c0f021abcd6ed9702c343c2696ec44cfa8022c7e37448f8a78c075c4a16d,UNRESOLVED_MANUAL_REVIEW,Diagnostic reverse replay retains a symbol not present in the official checkpoint.
2021-10-29,UNEXPECTED_IN_REPLAY,madrascem,2013-04-18,4942c0f021abcd6ed9702c343c2696ec44cfa8022c7e37448f8a78c075c4a16d,UNRESOLVED_MANUAL_REVIEW,Diagnostic reverse replay retains a symbol not present in the official checkpoint.
2021-10-29,UNEXPECTED_IN_REPLAY,mrpl,2013-04-18,4942c0f021abcd6ed9702c343c2696ec44cfa8022c7e37448f8a78c075c4a16d,UNRESOLVED_MANUAL_REVIEW,Diagnostic reverse replay retains a symbol not present in the official checkpoint.
2021-10-29,UNEXPECTED_IN_REPLAY,nhpc,2013-04-18,4942c0f021abcd6ed9702c343c2696ec44cfa8022c7e37448f8a78c075c4a16d,UNRESOLVED_MANUAL_REVIEW,Diagnostic reverse replay retains a symbol not present in the official checkpoint.
2021-10-29,UNEXPECTED_IN_REPLAY,niittech,2013-04-18,4942c0f021abcd6ed9702c343c2696ec44cfa8022c7e37448f8a78c075c4a16d,UNRESOLVED_MANUAL_REVIEW,Diagnostic reverse replay retains a symbol not present in the official checkpoint.
2021-10-29,UNEXPECTED_IN_REPLAY,pnbhousing,2013-04-18,4942c0f021abcd6ed9702c343c2696ec44cfa8022c7e37448f8a78c075c4a16d,UNRESOLVED_MANUAL_REVIEW,Diagnostic reverse replay retains a symbol not present in the official checkpoint.
2021-10-29,UNEXPECTED_IN_REPLAY,quess,2013-04-18,4942c0f021abcd6ed9702c343c2696ec44cfa8022c7e37448f8a78c075c4a16d,UNRESOLVED_MANUAL_REVIEW,Diagnostic reverse replay retains a symbol not present in the official checkpoint.
2021-10-29,UNEXPECTED_IN_REPLAY,rnam,2013-04-18,4942c0f021abcd6ed9702c343c2696ec44cfa8022c7e37448f8a78c075c4a16d,UNRESOLVED_MANUAL_REVIEW,Diagnostic reverse replay retains a symbol not present in the official checkpoint.
2021-10-29,UNEXPECTED_IN_REPLAY,sesagoa,2013-04-18,4942c0f021abcd6ed9702c343c2696ec44cfa8022c7e37448f8a78c075c4a16d,UNRESOLVED_MANUAL_REVIEW,Diagnostic reverse replay retains a symbol not present in the official checkpoint.
2021-10-29,UNEXPECTED_IN_REPLAY,sksmicro,2013-04-18,4942c0f021abcd6ed9702c343c2696ec44cfa8022c7e37448f8a78c075c4a16d,UNRESOLVED_MANUAL_REVIEW,Diagnostic reverse replay retains a symbol not present in the official checkpoint.
2021-10-29,UNEXPECTED_IN_REPLAY,tataglobal,2013-04-18,4942c0f021abcd6ed9702c343c2696ec44cfa8022c7e37448f8a78c075c4a16d,UNRESOLVED_MANUAL_REVIEW,Diagnostic reverse replay retains a symbol not present in the official checkpoint.
2021-10-29,UNEXPECTED_IN_REPLAY,uniphos,2013-04-18,4942c0f021abcd6ed9702c343c2696ec44cfa8022c7e37448f8a78c075c4a16d,UNRESOLVED_MANUAL_REVIEW,Diagnostic reverse replay retains a symbol not present in the official checkpoint.
2021-10-29,UNEXPECTED_IN_REPLAY,vguard,2013-04-18,4942c0f021abcd6ed9702c343c2696ec44cfa8022c7e37448f8a78c075c4a16d,UNRESOLVED_MANUAL_REVIEW,Diagnostic reverse replay retains a symbol not present in the official checkpoint.
2021-11-30,MISSING_FROM_REPLAY,adanient,2013-04-18,4942c0f021abcd6ed9702c343c2696ec44cfa8022c7e37448f8a78c075c4a16d,UNRESOLVED_MANUAL_REVIEW,No authoritative 2012 anchor or complete certified event chain; symbol is in the official checkpoint but absent from diagnostic replay.
2021-11-30,MISSING_FROM_REPLAY,adanigreen,2013-04-18,4942c0f021abcd6ed9702c343c2696ec44cfa8022c7e37448f8a78c075c4a16d,UNRESOLVED_MANUAL_REVIEW,No authoritative 2012 anchor or complete certified event chain; symbol is in the official checkpoint but absent from diagnostic replay.
2021-11-30,MISSING_FROM_REPLAY,aplltd,2013-04-18,4942c0f021abcd6ed9702c343c2696ec44cfa8022c7e37448f8a78c075c4a16d,UNRESOLVED_MANUAL_REVIEW,No authoritative 2012 anchor or complete certified event chain; symbol is in the official checkpoint but absent from diagnostic replay.
2021-11-30,MISSING_FROM_REPLAY,astral,2013-04-18,4942c0f021abcd6ed9702c343c2696ec44cfa8022c7e37448f8a78c075c4a16d,UNRESOLVED_MANUAL_REVIEW,No authoritative 2012 anchor or complete certified event chain; symbol is in the official checkpoint but absent from diagnostic replay.
2021-11-30,MISSING_FROM_REPLAY,atgl,2013-04-18,4942c0f021abcd6ed9702c343c2696ec44cfa8022c7e37448f8a78c075c4a16d,UNRESOLVED_MANUAL_REVIEW,No authoritative 2012 anchor or complete certified event chain; symbol is in the official checkpoint but absent from diagnostic replay.
2021-11-30,MISSING_FROM_REPLAY,coforge,2013-04-18,4942c0f021abcd6ed9702c343c2696ec44cfa8022c7e37448f8a78c075c4a16d,UNRESOLVED_MANUAL_REVIEW,No authoritative 2012 anchor or complete certified event chain; symbol is in the official checkpoint but absent from diagnostic replay.
2021-11-30,MISSING_FROM_REPLAY,dhani,2013-04-18,4942c0f021abcd6ed9702c343c2696ec44cfa8022c7e37448f8a78c075c4a16d,UNRESOLVED_MANUAL_REVIEW,No authoritative 2012 anchor or complete certified event chain; symbol is in the official checkpoint but absent from diagnostic replay.
2021-11-30,MISSING_FROM_REPLAY,hindcopper,2013-04-18,4942c0f021abcd6ed9702c343c2696ec44cfa8022c7e37448f8a78c075c4a16d,UNRESOLVED_MANUAL_REVIEW,No authoritative 2012 anchor or complete certified event chain; symbol is in the official checkpoint but absent from diagnostic replay.
2021-11-30,MISSING_FROM_REPLAY,idfcfirstb,2013-04-18,4942c0f021abcd6ed9702c343c2696ec44cfa8022c7e37448f8a78c075c4a16d,UNRESOLVED_MANUAL_REVIEW,No authoritative 2012 anchor or complete certified event chain; symbol is in the official checkpoint but absent from diagnostic replay.
2021-11-30,MISSING_FROM_REPLAY,indianb,2013-04-18,4942c0f021abcd6ed9702c343c2696ec44cfa8022c7e37448f8a78c075c4a16d,UNRESOLVED_MANUAL_REVIEW,No authoritative 2012 anchor or complete certified event chain; symbol is in the official checkpoint but absent from diagnostic replay.
2021-11-30,MISSING_FROM_REPLAY,industower,2013-04-18,4942c0f021abcd6ed9702c343c2696ec44cfa8022c7e37448f8a78c075c4a16d,UNRESOLVED_MANUAL_REVIEW,No authoritative 2012 anchor or complete certified event chain; symbol is in the official checkpoint but absent from diagnostic replay.
2021-11-30,MISSING_FROM_REPLAY,irfc,2013-04-18,4942c0f021abcd6ed9702c343c2696ec44cfa8022c7e37448f8a78c075c4a16d,UNRESOLVED_MANUAL_REVIEW,No authoritative 2012 anchor or complete certified event chain; symbol is in the official checkpoint but absent from diagnostic replay.
2021-11-30,MISSING_FROM_REPLAY,isec,2013-04-18,4942c0f021abcd6ed9702c343c2696ec44cfa8022c7e37448f8a78c075c4a16d,UNRESOLVED_MANUAL_REVIEW,No authoritative 2012 anchor or complete certified event chain; symbol is in the official checkpoint but absent from diagnostic replay.
2021-11-30,MISSING_FROM_REPLAY,nam-india,2013-04-18,4942c0f021abcd6ed9702c343c2696ec44cfa8022c7e37448f8a78c075c4a16d,UNRESOLVED_MANUAL_REVIEW,No authoritative 2012 anchor or complete certified event chain; symbol is in the official checkpoint but absent from diagnostic replay.
2021-11-30,MISSING_FROM_REPLAY,nationalum,2013-04-18,4942c0f021abcd6ed9702c343c2696ec44cfa8022c7e37448f8a78c075c4a16d,UNRESOLVED_MANUAL_REVIEW,No authoritative 2012 anchor or complete certified event chain; symbol is in the official checkpoint but absent from diagnostic replay.
2021-11-30,MISSING_FROM_REPLAY,navinfluor,2013-04-18,4942c0f021abcd6ed9702c343c2696ec44cfa8022c7e37448f8a78c075c4a16d,UNRESOLVED_MANUAL_REVIEW,No authoritative 2012 anchor or complete certified event chain; symbol is in the official checkpoint but absent from diagnostic replay.
2021-11-30,MISSING_FROM_REPLAY,sanofi,2013-04-18,4942c0f021abcd6ed9702c343c2696ec44cfa8022c7e37448f8a78c075c4a16d,UNRESOLVED_MANUAL_REVIEW,No authoritative 2012 anchor or complete certified event chain; symbol is in the official checkpoint but absent from diagnostic replay.
2021-11-30,MISSING_FROM_REPLAY,tatachem,2013-04-18,4942c0f021abcd6ed9702c343c2696ec44cfa8022c7e37448f8a78c075c4a16d,UNRESOLVED_MANUAL_REVIEW,No authoritative 2012 anchor or complete certified event chain; symbol is in the official checkpoint but absent from diagnostic replay.
2021-11-30,MISSING_FROM_REPLAY,tatacomm,2013-04-18,4942c0f021abcd6ed9702c343c2696ec44cfa8022c7e37448f8a78c075c4a16d,UNRESOLVED_MANUAL_REVIEW,No authoritative 2012 anchor or complete certified event chain; symbol is in the official checkpoint but absent from diagnostic replay.
2021-11-30,MISSING_FROM_REPLAY,tataconsum,2013-04-18,4942c0f021abcd6ed9702c343c2696ec44cfa8022c7e37448f8a78c075c4a16d,UNRESOLVED_MANUAL_REVIEW,No authoritative 2012 anchor or complete certified event chain; symbol is in the official checkpoint but absent from diagnostic replay.
2021-11-30,MISSING_FROM_REPLAY,upl,2013-04-18,4942c0f021abcd6ed9702c343c2696ec44cfa8022c7e37448f8a78c075c4a16d,UNRESOLVED_MANUAL_REVIEW,No authoritative 2012 anchor or complete certified event chain; symbol is in the official checkpoint but absent from diagnostic replay.
2021-11-30,MISSING_FROM_REPLAY,yesbank,2013-04-18,4942c0f021abcd6ed9702c343c2696ec44cfa8022c7e37448f8a78c075c4a16d,UNRESOLVED_MANUAL_REVIEW,No authoritative 2012 anchor or complete certified event chain; symbol is in the official checkpoint but absent from diagnostic replay.
2021-11-30,UNEXPECTED_IN_REPLAY,abbotindia,2013-04-18,4942c0f021abcd6ed9702c343c2696ec44cfa8022c7e37448f8a78c075c4a16d,UNRESOLVED_MANUAL_REVIEW,Diagnostic reverse replay retains a symbol not present in the official checkpoint.
2021-11-30,UNEXPECTED_IN_REPLAY,adanigas,2013-04-18,4942c0f021abcd6ed9702c343c2696ec44cfa8022c7e37448f8a78c075c4a16d,UNRESOLVED_MANUAL_REVIEW,Diagnostic reverse replay retains a symbol not present in the official checkpoint.
2021-11-30,UNEXPECTED_IN_REPLAY,adanipower,2013-04-18,4942c0f021abcd6ed9702c343c2696ec44cfa8022c7e37448f8a78c075c4a16d,UNRESOLVED_MANUAL_REVIEW,Diagnostic reverse replay retains a symbol not present in the official checkpoint.
2021-11-30,UNEXPECTED_IN_REPLAY,bbtc,2013-04-18,4942c0f021abcd6ed9702c343c2696ec44cfa8022c7e37448f8a78c075c4a16d,UNRESOLVED_MANUAL_REVIEW,Diagnostic reverse replay retains a symbol not present in the official checkpoint.
2021-11-30,UNEXPECTED_IN_REPLAY,cesc,2013-04-18,4942c0f021abcd6ed9702c343c2696ec44cfa8022c7e37448f8a78c075c4a16d,UNRESOLVED_MANUAL_REVIEW,Diagnostic reverse replay retains a symbol not present in the official checkpoint.
2021-11-30,UNEXPECTED_IN_REPLAY,godrejagro,2013-04-18,4942c0f021abcd6ed9702c343c2696ec44cfa8022c7e37448f8a78c075c4a16d,UNRESOLVED_MANUAL_REVIEW,Diagnostic reverse replay retains a symbol not present in the official checkpoint.
2021-11-30,UNEXPECTED_IN_REPLAY,hexaware,2013-04-18,4942c0f021abcd6ed9702c343c2696ec44cfa8022c7e37448f8a78c075c4a16d,UNRESOLVED_MANUAL_REVIEW,Diagnostic reverse replay retains a symbol not present in the official checkpoint.
2021-11-30,UNEXPECTED_IN_REPLAY,ibulhsgfin,2013-04-18,4942c0f021abcd6ed9702c343c2696ec44cfa8022c7e37448f8a78c075c4a16d,UNRESOLVED_MANUAL_REVIEW,Diagnostic reverse replay retains a symbol not present in the official checkpoint.
2021-11-30,UNEXPECTED_IN_REPLAY,ibventures,2013-04-18,4942c0f021abcd6ed9702c343c2696ec44cfa8022c7e37448f8a78c075c4a16d,UNRESOLVED_MANUAL_REVIEW,Diagnostic reverse replay retains a symbol not present in the official checkpoint.
2021-11-30,UNEXPECTED_IN_REPLAY,idbi,2013-04-18,4942c0f021abcd6ed9702c343c2696ec44cfa8022c7e37448f8a78c075c4a16d,UNRESOLVED_MANUAL_REVIEW,Diagnostic reverse replay retains a symbol not present in the official checkpoint.
2021-11-30,UNEXPECTED_IN_REPLAY,idfcbank,2013-04-18,4942c0f021abcd6ed9702c343c2696ec44cfa8022c7e37448f8a78c075c4a16d,UNRESOLVED_MANUAL_REVIEW,Diagnostic reverse replay retains a symbol not present in the official checkpoint.
2021-11-30,UNEXPECTED_IN_REPLAY,infotecent,2013-04-18,4942c0f021abcd6ed9702c343c2696ec44cfa8022c7e37448f8a78c075c4a16d,UNRESOLVED_MANUAL_REVIEW,Diagnostic reverse replay retains a symbol not present in the official checkpoint.
2021-11-30,UNEXPECTED_IN_REPLAY,infratel,2013-04-18,4942c0f021abcd6ed9702c343c2696ec44cfa8022c7e37448f8a78c075c4a16d,UNRESOLVED_MANUAL_REVIEW,Diagnostic reverse replay retains a symbol not present in the official checkpoint.
2021-11-30,UNEXPECTED_IN_REPLAY,jubilant,2013-04-18,4942c0f021abcd6ed9702c343c2696ec44cfa8022c7e37448f8a78c075c4a16d,UNRESOLVED_MANUAL_REVIEW,Diagnostic reverse replay retains a symbol not present in the official checkpoint.
2021-11-30,UNEXPECTED_IN_REPLAY,madrascem,2013-04-18,4942c0f021abcd6ed9702c343c2696ec44cfa8022c7e37448f8a78c075c4a16d,UNRESOLVED_MANUAL_REVIEW,Diagnostic reverse replay retains a symbol not present in the official checkpoint.
2021-11-30,UNEXPECTED_IN_REPLAY,mrpl,2013-04-18,4942c0f021abcd6ed9702c343c2696ec44cfa8022c7e37448f8a78c075c4a16d,UNRESOLVED_MANUAL_REVIEW,Diagnostic reverse replay retains a symbol not present in the official checkpoint.
2021-11-30,UNEXPECTED_IN_REPLAY,nhpc,2013-04-18,4942c0f021abcd6ed9702c343c2696ec44cfa8022c7e37448f8a78c075c4a16d,UNRESOLVED_MANUAL_REVIEW,Diagnostic reverse replay retains a symbol not present in the official checkpoint.
2021-11-30,UNEXPECTED_IN_REPLAY,niittech,2013-04-18,4942c0f021abcd6ed9702c343c2696ec44cfa8022c7e37448f8a78c075c4a16d,UNRESOLVED_MANUAL_REVIEW,Diagnostic reverse replay retains a symbol not present in the official checkpoint.
2021-11-30,UNEXPECTED_IN_REPLAY,pnbhousing,2013-04-18,4942c0f021abcd6ed9702c343c2696ec44cfa8022c7e37448f8a78c075c4a16d,UNRESOLVED_MANUAL_REVIEW,Diagnostic reverse replay retains a symbol not present in the official checkpoint.
2021-11-30,UNEXPECTED_IN_REPLAY,quess,2013-04-18,4942c0f021abcd6ed9702c343c2696ec44cfa8022c7e37448f8a78c075c4a16d,UNRESOLVED_MANUAL_REVIEW,Diagnostic reverse replay retains a symbol not present in the official checkpoint.
2021-11-30,UNEXPECTED_IN_REPLAY,rnam,2013-04-18,4942c0f021abcd6ed9702c343c2696ec44cfa8022c7e37448f8a78c075c4a16d,UNRESOLVED_MANUAL_REVIEW,Diagnostic reverse replay retains a symbol not present in the official checkpoint.
2021-11-30,UNEXPECTED_IN_REPLAY,sesagoa,2013-04-18,4942c0f021abcd6ed9702c343c2696ec44cfa8022c7e37448f8a78c075c4a16d,UNRESOLVED_MANUAL_REVIEW,Diagnostic reverse replay retains a symbol not present in the official checkpoint.
2021-11-30,UNEXPECTED_IN_REPLAY,sksmicro,2013-04-18,4942c0f021abcd6ed9702c343c2696ec44cfa8022c7e37448f8a78c075c4a16d,UNRESOLVED_MANUAL_REVIEW,Diagnostic reverse replay retains a symbol not present in the official checkpoint.
2021-11-30,UNEXPECTED_IN_REPLAY,tataglobal,2013-04-18,4942c0f021abcd6ed9702c343c2696ec44cfa8022c7e37448f8a78c075c4a16d,UNRESOLVED_MANUAL_REVIEW,Diagnostic reverse replay retains a symbol not present in the official checkpoint.
2021-11-30,UNEXPECTED_IN_REPLAY,uniphos,2013-04-18,4942c0f021abcd6ed9702c343c2696ec44cfa8022c7e37448f8a78c075c4a16d,UNRESOLVED_MANUAL_REVIEW,Diagnostic reverse replay retains a symbol not present in the official checkpoint.
2021-11-30,UNEXPECTED_IN_REPLAY,vguard,2013-04-18,4942c0f021abcd6ed9702c343c2696ec44cfa8022c7e37448f8a78c075c4a16d,UNRESOLVED_MANUAL_REVIEW,Diagnostic reverse replay retains a symbol not present in the official checkpoint.
2021-12-31,MISSING_FROM_REPLAY,adanient,2013-04-18,4942c0f021abcd6ed9702c343c2696ec44cfa8022c7e37448f8a78c075c4a16d,UNRESOLVED_MANUAL_REVIEW,No authoritative 2012 anchor or complete certified event chain; symbol is in the official checkpoint but absent from diagnostic replay.
2021-12-31,MISSING_FROM_REPLAY,adanigreen,2013-04-18,4942c0f021abcd6ed9702c343c2696ec44cfa8022c7e37448f8a78c075c4a16d,UNRESOLVED_MANUAL_REVIEW,No authoritative 2012 anchor or complete certified event chain; symbol is in the official checkpoint but absent from diagnostic replay.
2021-12-31,MISSING_FROM_REPLAY,aplltd,2013-04-18,4942c0f021abcd6ed9702c343c2696ec44cfa8022c7e37448f8a78c075c4a16d,UNRESOLVED_MANUAL_REVIEW,No authoritative 2012 anchor or complete certified event chain; symbol is in the official checkpoint but absent from diagnostic replay.
2021-12-31,MISSING_FROM_REPLAY,astral,2013-04-18,4942c0f021abcd6ed9702c343c2696ec44cfa8022c7e37448f8a78c075c4a16d,UNRESOLVED_MANUAL_REVIEW,No authoritative 2012 anchor or complete certified event chain; symbol is in the official checkpoint but absent from diagnostic replay.
2021-12-31,MISSING_FROM_REPLAY,atgl,2013-04-18,4942c0f021abcd6ed9702c343c2696ec44cfa8022c7e37448f8a78c075c4a16d,UNRESOLVED_MANUAL_REVIEW,No authoritative 2012 anchor or complete certified event chain; symbol is in the official checkpoint but absent from diagnostic replay.
2021-12-31,MISSING_FROM_REPLAY,coforge,2013-04-18,4942c0f021abcd6ed9702c343c2696ec44cfa8022c7e37448f8a78c075c4a16d,UNRESOLVED_MANUAL_REVIEW,No authoritative 2012 anchor or complete certified event chain; symbol is in the official checkpoint but absent from diagnostic replay.
2021-12-31,MISSING_FROM_REPLAY,dhani,2013-04-18,4942c0f021abcd6ed9702c343c2696ec44cfa8022c7e37448f8a78c075c4a16d,UNRESOLVED_MANUAL_REVIEW,No authoritative 2012 anchor or complete certified event chain; symbol is in the official checkpoint but absent from diagnostic replay.
2021-12-31,MISSING_FROM_REPLAY,hindcopper,2013-04-18,4942c0f021abcd6ed9702c343c2696ec44cfa8022c7e37448f8a78c075c4a16d,UNRESOLVED_MANUAL_REVIEW,No authoritative 2012 anchor or complete certified event chain; symbol is in the official checkpoint but absent from diagnostic replay.
2021-12-31,MISSING_FROM_REPLAY,idfcfirstb,2013-04-18,4942c0f021abcd6ed9702c343c2696ec44cfa8022c7e37448f8a78c075c4a16d,UNRESOLVED_MANUAL_REVIEW,No authoritative 2012 anchor or complete certified event chain; symbol is in the official checkpoint but absent from diagnostic replay.
2021-12-31,MISSING_FROM_REPLAY,indianb,2013-04-18,4942c0f021abcd6ed9702c343c2696ec44cfa8022c7e37448f8a78c075c4a16d,UNRESOLVED_MANUAL_REVIEW,No authoritative 2012 anchor or complete certified event chain; symbol is in the official checkpoint but absent from diagnostic replay.
2021-12-31,MISSING_FROM_REPLAY,industower,2013-04-18,4942c0f021abcd6ed9702c343c2696ec44cfa8022c7e37448f8a78c075c4a16d,UNRESOLVED_MANUAL_REVIEW,No authoritative 2012 anchor or complete certified event chain; symbol is in the official checkpoint but absent from diagnostic replay.
2021-12-31,MISSING_FROM_REPLAY,irfc,2013-04-18,4942c0f021abcd6ed9702c343c2696ec44cfa8022c7e37448f8a78c075c4a16d,UNRESOLVED_MANUAL_REVIEW,No authoritative 2012 anchor or complete certified event chain; symbol is in the official checkpoint but absent from diagnostic replay.
2021-12-31,MISSING_FROM_REPLAY,isec,2013-04-18,4942c0f021abcd6ed9702c343c2696ec44cfa8022c7e37448f8a78c075c4a16d,UNRESOLVED_MANUAL_REVIEW,No authoritative 2012 anchor or complete certified event chain; symbol is in the official checkpoint but absent from diagnostic replay.
2021-12-31,MISSING_FROM_REPLAY,nam-india,2013-04-18,4942c0f021abcd6ed9702c343c2696ec44cfa8022c7e37448f8a78c075c4a16d,UNRESOLVED_MANUAL_REVIEW,No authoritative 2012 anchor or complete certified event chain; symbol is in the official checkpoint but absent from diagnostic replay.
2021-12-31,MISSING_FROM_REPLAY,nationalum,2013-04-18,4942c0f021abcd6ed9702c343c2696ec44cfa8022c7e37448f8a78c075c4a16d,UNRESOLVED_MANUAL_REVIEW,No authoritative 2012 anchor or complete certified event chain; symbol is in the official checkpoint but absent from diagnostic replay.
2021-12-31,MISSING_FROM_REPLAY,navinfluor,2013-04-18,4942c0f021abcd6ed9702c343c2696ec44cfa8022c7e37448f8a78c075c4a16d,UNRESOLVED_MANUAL_REVIEW,No authoritative 2012 anchor or complete certified event chain; symbol is in the official checkpoint but absent from diagnostic replay.
2021-12-31,MISSING_FROM_REPLAY,sanofi,2013-04-18,4942c0f021abcd6ed9702c343c2696ec44cfa8022c7e37448f8a78c075c4a16d,UNRESOLVED_MANUAL_REVIEW,No authoritative 2012 anchor or complete certified event chain; symbol is in the official checkpoint but absent from diagnostic replay.
2021-12-31,MISSING_FROM_REPLAY,tatachem,2013-04-18,4942c0f021abcd6ed9702c343c2696ec44cfa8022c7e37448f8a78c075c4a16d,UNRESOLVED_MANUAL_REVIEW,No authoritative 2012 anchor or complete certified event chain; symbol is in the official checkpoint but absent from diagnostic replay.
2021-12-31,MISSING_FROM_REPLAY,tatacomm,2013-04-18,4942c0f021abcd6ed9702c343c2696ec44cfa8022c7e37448f8a78c075c4a16d,UNRESOLVED_MANUAL_REVIEW,No authoritative 2012 anchor or complete certified event chain; symbol is in the official checkpoint but absent from diagnostic replay.
2021-12-31,MISSING_FROM_REPLAY,tataconsum,2013-04-18,4942c0f021abcd6ed9702c343c2696ec44cfa8022c7e37448f8a78c075c4a16d,UNRESOLVED_MANUAL_REVIEW,No authoritative 2012 anchor or complete certified event chain; symbol is in the official checkpoint but absent from diagnostic replay.
2021-12-31,MISSING_FROM_REPLAY,upl,2013-04-18,4942c0f021abcd6ed9702c343c2696ec44cfa8022c7e37448f8a78c075c4a16d,UNRESOLVED_MANUAL_REVIEW,No authoritative 2012 anchor or complete certified event chain; symbol is in the official checkpoint but absent from diagnostic replay.
2021-12-31,MISSING_FROM_REPLAY,yesbank,2013-04-18,4942c0f021abcd6ed9702c343c2696ec44cfa8022c7e37448f8a78c075c4a16d,UNRESOLVED_MANUAL_REVIEW,No authoritative 2012 anchor or complete certified event chain; symbol is in the official checkpoint but absent from diagnostic replay.
2021-12-31,UNEXPECTED_IN_REPLAY,abbotindia,2013-04-18,4942c0f021abcd6ed9702c343c2696ec44cfa8022c7e37448f8a78c075c4a16d,UNRESOLVED_MANUAL_REVIEW,Diagnostic reverse replay retains a symbol not present in the official checkpoint.
2021-12-31,UNEXPECTED_IN_REPLAY,adanigas,2013-04-18,4942c0f021abcd6ed9702c343c2696ec44cfa8022c7e37448f8a78c075c4a16d,UNRESOLVED_MANUAL_REVIEW,Diagnostic reverse replay retains a symbol not present in the official checkpoint.
2021-12-31,UNEXPECTED_IN_REPLAY,adanipower,2013-04-18,4942c0f021abcd6ed9702c343c2696ec44cfa8022c7e37448f8a78c075c4a16d,UNRESOLVED_MANUAL_REVIEW,Diagnostic reverse replay retains a symbol not present in the official checkpoint.
2021-12-31,UNEXPECTED_IN_REPLAY,bbtc,2013-04-18,4942c0f021abcd6ed9702c343c2696ec44cfa8022c7e37448f8a78c075c4a16d,UNRESOLVED_MANUAL_REVIEW,Diagnostic reverse replay retains a symbol not present in the official checkpoint.
2021-12-31,UNEXPECTED_IN_REPLAY,cesc,2013-04-18,4942c0f021abcd6ed9702c343c2696ec44cfa8022c7e37448f8a78c075c4a16d,UNRESOLVED_MANUAL_REVIEW,Diagnostic reverse replay retains a symbol not present in the official checkpoint.
2021-12-31,UNEXPECTED_IN_REPLAY,godrejagro,2013-04-18,4942c0f021abcd6ed9702c343c2696ec44cfa8022c7e37448f8a78c075c4a16d,UNRESOLVED_MANUAL_REVIEW,Diagnostic reverse replay retains a symbol not present in the official checkpoint.
2021-12-31,UNEXPECTED_IN_REPLAY,hexaware,2013-04-18,4942c0f021abcd6ed9702c343c2696ec44cfa8022c7e37448f8a78c075c4a16d,UNRESOLVED_MANUAL_REVIEW,Diagnostic reverse replay retains a symbol not present in the official checkpoint.
2021-12-31,UNEXPECTED_IN_REPLAY,ibulhsgfin,2013-04-18,4942c0f021abcd6ed9702c343c2696ec44cfa8022c7e37448f8a78c075c4a16d,UNRESOLVED_MANUAL_REVIEW,Diagnostic reverse replay retains a symbol not present in the official checkpoint.
2021-12-31,UNEXPECTED_IN_REPLAY,ibventures,2013-04-18,4942c0f021abcd6ed9702c343c2696ec44cfa8022c7e37448f8a78c075c4a16d,UNRESOLVED_MANUAL_REVIEW,Diagnostic reverse replay retains a symbol not present in the official checkpoint.
2021-12-31,UNEXPECTED_IN_REPLAY,idbi,2013-04-18,4942c0f021abcd6ed9702c343c2696ec44cfa8022c7e37448f8a78c075c4a16d,UNRESOLVED_MANUAL_REVIEW,Diagnostic reverse replay retains a symbol not present in the official checkpoint.
2021-12-31,UNEXPECTED_IN_REPLAY,idfcbank,2013-04-18,4942c0f021abcd6ed9702c343c2696ec44cfa8022c7e37448f8a78c075c4a16d,UNRESOLVED_MANUAL_REVIEW,Diagnostic reverse replay retains a symbol not present in the official checkpoint.
2021-12-31,UNEXPECTED_IN_REPLAY,infotecent,2013-04-18,4942c0f021abcd6ed9702c343c2696ec44cfa8022c7e37448f8a78c075c4a16d,UNRESOLVED_MANUAL_REVIEW,Diagnostic reverse replay retains a symbol not present in the official checkpoint.
2021-12-31,UNEXPECTED_IN_REPLAY,infratel,2013-04-18,4942c0f021abcd6ed9702c343c2696ec44cfa8022c7e37448f8a78c075c4a16d,UNRESOLVED_MANUAL_REVIEW,Diagnostic reverse replay retains a symbol not present in the official checkpoint.
2021-12-31,UNEXPECTED_IN_REPLAY,jubilant,2013-04-18,4942c0f021abcd6ed9702c343c2696ec44cfa8022c7e37448f8a78c075c4a16d,UNRESOLVED_MANUAL_REVIEW,Diagnostic reverse replay retains a symbol not present in the official checkpoint.
2021-12-31,UNEXPECTED_IN_REPLAY,madrascem,2013-04-18,4942c0f021abcd6ed9702c343c2696ec44cfa8022c7e37448f8a78c075c4a16d,UNRESOLVED_MANUAL_REVIEW,Diagnostic reverse replay retains a symbol not present in the official checkpoint.
2021-12-31,UNEXPECTED_IN_REPLAY,mrpl,2013-04-18,4942c0f021abcd6ed9702c343c2696ec44cfa8022c7e37448f8a78c075c4a16d,UNRESOLVED_MANUAL_REVIEW,Diagnostic reverse replay retains a symbol not present in the official checkpoint.
2021-12-31,UNEXPECTED_IN_REPLAY,nhpc,2013-04-18,4942c0f021abcd6ed9702c343c2696ec44cfa8022c7e37448f8a78c075c4a16d,UNRESOLVED_MANUAL_REVIEW,Diagnostic reverse replay retains a symbol not present in the official checkpoint.
2021-12-31,UNEXPECTED_IN_REPLAY,niittech,2013-04-18,4942c0f021abcd6ed9702c343c2696ec44cfa8022c7e37448f8a78c075c4a16d,UNRESOLVED_MANUAL_REVIEW,Diagnostic reverse replay retains a symbol not present in the official checkpoint.
2021-12-31,UNEXPECTED_IN_REPLAY,pnbhousing,2013-04-18,4942c0f021abcd6ed9702c343c2696ec44cfa8022c7e37448f8a78c075c4a16d,UNRESOLVED_MANUAL_REVIEW,Diagnostic reverse replay retains a symbol not present in the official checkpoint.
2021-12-31,UNEXPECTED_IN_REPLAY,quess,2013-04-18,4942c0f021abcd6ed9702c343c2696ec44cfa8022c7e37448f8a78c075c4a16d,UNRESOLVED_MANUAL_REVIEW,Diagnostic reverse replay retains a symbol not present in the official checkpoint.
2021-12-31,UNEXPECTED_IN_REPLAY,rnam,2013-04-18,4942c0f021abcd6ed9702c343c2696ec44cfa8022c7e37448f8a78c075c4a16d,UNRESOLVED_MANUAL_REVIEW,Diagnostic reverse replay retains a symbol not present in the official checkpoint.
2021-12-31,UNEXPECTED_IN_REPLAY,sesagoa,2013-04-18,4942c0f021abcd6ed9702c343c2696ec44cfa8022c7e37448f8a78c075c4a16d,UNRESOLVED_MANUAL_REVIEW,Diagnostic reverse replay retains a symbol not present in the official checkpoint.
2021-12-31,UNEXPECTED_IN_REPLAY,sksmicro,2013-04-18,4942c0f021abcd6ed9702c343c2696ec44cfa8022c7e37448f8a78c075c4a16d,UNRESOLVED_MANUAL_REVIEW,Diagnostic reverse replay retains a symbol not present in the official checkpoint.
2021-12-31,UNEXPECTED_IN_REPLAY,tataglobal,2013-04-18,4942c0f021abcd6ed9702c343c2696ec44cfa8022c7e37448f8a78c075c4a16d,UNRESOLVED_MANUAL_REVIEW,Diagnostic reverse replay retains a symbol not present in the official checkpoint.
2021-12-31,UNEXPECTED_IN_REPLAY,uniphos,2013-04-18,4942c0f021abcd6ed9702c343c2696ec44cfa8022c7e37448f8a78c075c4a16d,UNRESOLVED_MANUAL_REVIEW,Diagnostic reverse replay retains a symbol not present in the official checkpoint.
2021-12-31,UNEXPECTED_IN_REPLAY,vguard,2013-04-18,4942c0f021abcd6ed9702c343c2696ec44cfa8022c7e37448f8a78c075c4a16d,UNRESOLVED_MANUAL_REVIEW,Diagnostic reverse replay retains a symbol not present in the official checkpoint.
2022-01-31,MISSING_FROM_REPLAY,adanient,2013-04-18,4942c0f021abcd6ed9702c343c2696ec44cfa8022c7e37448f8a78c075c4a16d,UNRESOLVED_MANUAL_REVIEW,No authoritative 2012 anchor or complete certified event chain; symbol is in the official checkpoint but absent from diagnostic replay.
2022-01-31,MISSING_FROM_REPLAY,adanigreen,2013-04-18,4942c0f021abcd6ed9702c343c2696ec44cfa8022c7e37448f8a78c075c4a16d,UNRESOLVED_MANUAL_REVIEW,No authoritative 2012 anchor or complete certified event chain; symbol is in the official checkpoint but absent from diagnostic replay.
2022-01-31,MISSING_FROM_REPLAY,aplltd,2013-04-18,4942c0f021abcd6ed9702c343c2696ec44cfa8022c7e37448f8a78c075c4a16d,UNRESOLVED_MANUAL_REVIEW,No authoritative 2012 anchor or complete certified event chain; symbol is in the official checkpoint but absent from diagnostic replay.
2022-01-31,MISSING_FROM_REPLAY,astral,2013-04-18,4942c0f021abcd6ed9702c343c2696ec44cfa8022c7e37448f8a78c075c4a16d,UNRESOLVED_MANUAL_REVIEW,No authoritative 2012 anchor or complete certified event chain; symbol is in the official checkpoint but absent from diagnostic replay.
2022-01-31,MISSING_FROM_REPLAY,atgl,2013-04-18,4942c0f021abcd6ed9702c343c2696ec44cfa8022c7e37448f8a78c075c4a16d,UNRESOLVED_MANUAL_REVIEW,No authoritative 2012 anchor or complete certified event chain; symbol is in the official checkpoint but absent from diagnostic replay.
2022-01-31,MISSING_FROM_REPLAY,coforge,2013-04-18,4942c0f021abcd6ed9702c343c2696ec44cfa8022c7e37448f8a78c075c4a16d,UNRESOLVED_MANUAL_REVIEW,No authoritative 2012 anchor or complete certified event chain; symbol is in the official checkpoint but absent from diagnostic replay.
2022-01-31,MISSING_FROM_REPLAY,dhani,2013-04-18,4942c0f021abcd6ed9702c343c2696ec44cfa8022c7e37448f8a78c075c4a16d,UNRESOLVED_MANUAL_REVIEW,No authoritative 2012 anchor or complete certified event chain; symbol is in the official checkpoint but absent from diagnostic replay.
2022-01-31,MISSING_FROM_REPLAY,hindcopper,2013-04-18,4942c0f021abcd6ed9702c343c2696ec44cfa8022c7e37448f8a78c075c4a16d,UNRESOLVED_MANUAL_REVIEW,No authoritative 2012 anchor or complete certified event chain; symbol is in the official checkpoint but absent from diagnostic replay.
2022-01-31,MISSING_FROM_REPLAY,idfcfirstb,2013-04-18,4942c0f021abcd6ed9702c343c2696ec44cfa8022c7e37448f8a78c075c4a16d,UNRESOLVED_MANUAL_REVIEW,No authoritative 2012 anchor or complete certified event chain; symbol is in the official checkpoint but absent from diagnostic replay.
2022-01-31,MISSING_FROM_REPLAY,indianb,2013-04-18,4942c0f021abcd6ed9702c343c2696ec44cfa8022c7e37448f8a78c075c4a16d,UNRESOLVED_MANUAL_REVIEW,No authoritative 2012 anchor or complete certified event chain; symbol is in the official checkpoint but absent from diagnostic replay.
2022-01-31,MISSING_FROM_REPLAY,industower,2013-04-18,4942c0f021abcd6ed9702c343c2696ec44cfa8022c7e37448f8a78c075c4a16d,UNRESOLVED_MANUAL_REVIEW,No authoritative 2012 anchor or complete certified event chain; symbol is in the official checkpoint but absent from diagnostic replay.
2022-01-31,MISSING_FROM_REPLAY,irfc,2013-04-18,4942c0f021abcd6ed9702c343c2696ec44cfa8022c7e37448f8a78c075c4a16d,UNRESOLVED_MANUAL_REVIEW,No authoritative 2012 anchor or complete certified event chain; symbol is in the official checkpoint but absent from diagnostic replay.
2022-01-31,MISSING_FROM_REPLAY,isec,2013-04-18,4942c0f021abcd6ed9702c343c2696ec44cfa8022c7e37448f8a78c075c4a16d,UNRESOLVED_MANUAL_REVIEW,No authoritative 2012 anchor or complete certified event chain; symbol is in the official checkpoint but absent from diagnostic replay.
2022-01-31,MISSING_FROM_REPLAY,nam-india,2013-04-18,4942c0f021abcd6ed9702c343c2696ec44cfa8022c7e37448f8a78c075c4a16d,UNRESOLVED_MANUAL_REVIEW,No authoritative 2012 anchor or complete certified event chain; symbol is in the official checkpoint but absent from diagnostic replay.
2022-01-31,MISSING_FROM_REPLAY,nationalum,2013-04-18,4942c0f021abcd6ed9702c343c2696ec44cfa8022c7e37448f8a78c075c4a16d,UNRESOLVED_MANUAL_REVIEW,No authoritative 2012 anchor or complete certified event chain; symbol is in the official checkpoint but absent from diagnostic replay.
2022-01-31,MISSING_FROM_REPLAY,navinfluor,2013-04-18,4942c0f021abcd6ed9702c343c2696ec44cfa8022c7e37448f8a78c075c4a16d,UNRESOLVED_MANUAL_REVIEW,No authoritative 2012 anchor or complete certified event chain; symbol is in the official checkpoint but absent from diagnostic replay.
2022-01-31,MISSING_FROM_REPLAY,sanofi,2013-04-18,4942c0f021abcd6ed9702c343c2696ec44cfa8022c7e37448f8a78c075c4a16d,UNRESOLVED_MANUAL_REVIEW,No authoritative 2012 anchor or complete certified event chain; symbol is in the official checkpoint but absent from diagnostic replay.
2022-01-31,MISSING_FROM_REPLAY,tatachem,2013-04-18,4942c0f021abcd6ed9702c343c2696ec44cfa8022c7e37448f8a78c075c4a16d,UNRESOLVED_MANUAL_REVIEW,No authoritative 2012 anchor or complete certified event chain; symbol is in the official checkpoint but absent from diagnostic replay.
2022-01-31,MISSING_FROM_REPLAY,tatacomm,2013-04-18,4942c0f021abcd6ed9702c343c2696ec44cfa8022c7e37448f8a78c075c4a16d,UNRESOLVED_MANUAL_REVIEW,No authoritative 2012 anchor or complete certified event chain; symbol is in the official checkpoint but absent from diagnostic replay.
2022-01-31,MISSING_FROM_REPLAY,tataconsum,2013-04-18,4942c0f021abcd6ed9702c343c2696ec44cfa8022c7e37448f8a78c075c4a16d,UNRESOLVED_MANUAL_REVIEW,No authoritative 2012 anchor or complete certified event chain; symbol is in the official checkpoint but absent from diagnostic replay.
2022-01-31,MISSING_FROM_REPLAY,upl,2013-04-18,4942c0f021abcd6ed9702c343c2696ec44cfa8022c7e37448f8a78c075c4a16d,UNRESOLVED_MANUAL_REVIEW,No authoritative 2012 anchor or complete certified event chain; symbol is in the official checkpoint but absent from diagnostic replay.
2022-01-31,MISSING_FROM_REPLAY,yesbank,2013-04-18,4942c0f021abcd6ed9702c343c2696ec44cfa8022c7e37448f8a78c075c4a16d,UNRESOLVED_MANUAL_REVIEW,No authoritative 2012 anchor or complete certified event chain; symbol is in the official checkpoint but absent from diagnostic replay.
2022-01-31,UNEXPECTED_IN_REPLAY,abbotindia,2013-04-18,4942c0f021abcd6ed9702c343c2696ec44cfa8022c7e37448f8a78c075c4a16d,UNRESOLVED_MANUAL_REVIEW,Diagnostic reverse replay retains a symbol not present in the official checkpoint.
2022-01-31,UNEXPECTED_IN_REPLAY,adanigas,2013-04-18,4942c0f021abcd6ed9702c343c2696ec44cfa8022c7e37448f8a78c075c4a16d,UNRESOLVED_MANUAL_REVIEW,Diagnostic reverse replay retains a symbol not present in the official checkpoint.
2022-01-31,UNEXPECTED_IN_REPLAY,adanipower,2013-04-18,4942c0f021abcd6ed9702c343c2696ec44cfa8022c7e37448f8a78c075c4a16d,UNRESOLVED_MANUAL_REVIEW,Diagnostic reverse replay retains a symbol not present in the official checkpoint.
2022-01-31,UNEXPECTED_IN_REPLAY,bbtc,2013-04-18,4942c0f021abcd6ed9702c343c2696ec44cfa8022c7e37448f8a78c075c4a16d,UNRESOLVED_MANUAL_REVIEW,Diagnostic reverse replay retains a symbol not present in the official checkpoint.
2022-01-31,UNEXPECTED_IN_REPLAY,cesc,2013-04-18,4942c0f021abcd6ed9702c343c2696ec44cfa8022c7e37448f8a78c075c4a16d,UNRESOLVED_MANUAL_REVIEW,Diagnostic reverse replay retains a symbol not present in the official checkpoint.
2022-01-31,UNEXPECTED_IN_REPLAY,godrejagro,2013-04-18,4942c0f021abcd6ed9702c343c2696ec44cfa8022c7e37448f8a78c075c4a16d,UNRESOLVED_MANUAL_REVIEW,Diagnostic reverse replay retains a symbol not present in the official checkpoint.
2022-01-31,UNEXPECTED_IN_REPLAY,hexaware,2013-04-18,4942c0f021abcd6ed9702c343c2696ec44cfa8022c7e37448f8a78c075c4a16d,UNRESOLVED_MANUAL_REVIEW,Diagnostic reverse replay retains a symbol not present in the official checkpoint.
2022-01-31,UNEXPECTED_IN_REPLAY,ibulhsgfin,2013-04-18,4942c0f021abcd6ed9702c343c2696ec44cfa8022c7e37448f8a78c075c4a16d,UNRESOLVED_MANUAL_REVIEW,Diagnostic reverse replay retains a symbol not present in the official checkpoint.
2022-01-31,UNEXPECTED_IN_REPLAY,ibventures,2013-04-18,4942c0f021abcd6ed9702c343c2696ec44cfa8022c7e37448f8a78c075c4a16d,UNRESOLVED_MANUAL_REVIEW,Diagnostic reverse replay retains a symbol not present in the official checkpoint.
2022-01-31,UNEXPECTED_IN_REPLAY,idbi,2013-04-18,4942c0f021abcd6ed9702c343c2696ec44cfa8022c7e37448f8a78c075c4a16d,UNRESOLVED_MANUAL_REVIEW,Diagnostic reverse replay retains a symbol not present in the official checkpoint.
2022-01-31,UNEXPECTED_IN_REPLAY,idfcbank,2013-04-18,4942c0f021abcd6ed9702c343c2696ec44cfa8022c7e37448f8a78c075c4a16d,UNRESOLVED_MANUAL_REVIEW,Diagnostic reverse replay retains a symbol not present in the official checkpoint.
2022-01-31,UNEXPECTED_IN_REPLAY,infotecent,2013-04-18,4942c0f021abcd6ed9702c343c2696ec44cfa8022c7e37448f8a78c075c4a16d,UNRESOLVED_MANUAL_REVIEW,Diagnostic reverse replay retains a symbol not present in the official checkpoint.
2022-01-31,UNEXPECTED_IN_REPLAY,infratel,2013-04-18,4942c0f021abcd6ed9702c343c2696ec44cfa8022c7e37448f8a78c075c4a16d,UNRESOLVED_MANUAL_REVIEW,Diagnostic reverse replay retains a symbol not present in the official checkpoint.
2022-01-31,UNEXPECTED_IN_REPLAY,jubilant,2013-04-18,4942c0f021abcd6ed9702c343c2696ec44cfa8022c7e37448f8a78c075c4a16d,UNRESOLVED_MANUAL_REVIEW,Diagnostic reverse replay retains a symbol not present in the official checkpoint.
2022-01-31,UNEXPECTED_IN_REPLAY,madrascem,2013-04-18,4942c0f021abcd6ed9702c343c2696ec44cfa8022c7e37448f8a78c075c4a16d,UNRESOLVED_MANUAL_REVIEW,Diagnostic reverse replay retains a symbol not present in the official checkpoint.
2022-01-31,UNEXPECTED_IN_REPLAY,mrpl,2013-04-18,4942c0f021abcd6ed9702c343c2696ec44cfa8022c7e37448f8a78c075c4a16d,UNRESOLVED_MANUAL_REVIEW,Diagnostic reverse replay retains a symbol not present in the official checkpoint.
2022-01-31,UNEXPECTED_IN_REPLAY,nhpc,2013-04-18,4942c0f021abcd6ed9702c343c2696ec44cfa8022c7e37448f8a78c075c4a16d,UNRESOLVED_MANUAL_REVIEW,Diagnostic reverse replay retains a symbol not present in the official checkpoint.
2022-01-31,UNEXPECTED_IN_REPLAY,niittech,2013-04-18,4942c0f021abcd6ed9702c343c2696ec44cfa8022c7e37448f8a78c075c4a16d,UNRESOLVED_MANUAL_REVIEW,Diagnostic reverse replay retains a symbol not present in the official checkpoint.
2022-01-31,UNEXPECTED_IN_REPLAY,pnbhousing,2013-04-18,4942c0f021abcd6ed9702c343c2696ec44cfa8022c7e37448f8a78c075c4a16d,UNRESOLVED_MANUAL_REVIEW,Diagnostic reverse replay retains a symbol not present in the official checkpoint.
2022-01-31,UNEXPECTED_IN_REPLAY,quess,2013-04-18,4942c0f021abcd6ed9702c343c2696ec44cfa8022c7e37448f8a78c075c4a16d,UNRESOLVED_MANUAL_REVIEW,Diagnostic reverse replay retains a symbol not present in the official checkpoint.
2022-01-31,UNEXPECTED_IN_REPLAY,rnam,2013-04-18,4942c0f021abcd6ed9702c343c2696ec44cfa8022c7e37448f8a78c075c4a16d,UNRESOLVED_MANUAL_REVIEW,Diagnostic reverse replay retains a symbol not present in the official checkpoint.
2022-01-31,UNEXPECTED_IN_REPLAY,sesagoa,2013-04-18,4942c0f021abcd6ed9702c343c2696ec44cfa8022c7e37448f8a78c075c4a16d,UNRESOLVED_MANUAL_REVIEW,Diagnostic reverse replay retains a symbol not present in the official checkpoint.
2022-01-31,UNEXPECTED_IN_REPLAY,sksmicro,2013-04-18,4942c0f021abcd6ed9702c343c2696ec44cfa8022c7e37448f8a78c075c4a16d,UNRESOLVED_MANUAL_REVIEW,Diagnostic reverse replay retains a symbol not present in the official checkpoint.
2022-01-31,UNEXPECTED_IN_REPLAY,tataglobal,2013-04-18,4942c0f021abcd6ed9702c343c2696ec44cfa8022c7e37448f8a78c075c4a16d,UNRESOLVED_MANUAL_REVIEW,Diagnostic reverse replay retains a symbol not present in the official checkpoint.
2022-01-31,UNEXPECTED_IN_REPLAY,uniphos,2013-04-18,4942c0f021abcd6ed9702c343c2696ec44cfa8022c7e37448f8a78c075c4a16d,UNRESOLVED_MANUAL_REVIEW,Diagnostic reverse replay retains a symbol not present in the official checkpoint.
2022-01-31,UNEXPECTED_IN_REPLAY,vguard,2013-04-18,4942c0f021abcd6ed9702c343c2696ec44cfa8022c7e37448f8a78c075c4a16d,UNRESOLVED_MANUAL_REVIEW,Diagnostic reverse replay retains a symbol not present in the official checkpoint.
2022-02-28,MISSING_FROM_REPLAY,adanient,2013-04-18,4942c0f021abcd6ed9702c343c2696ec44cfa8022c7e37448f8a78c075c4a16d,UNRESOLVED_MANUAL_REVIEW,No authoritative 2012 anchor or complete certified event chain; symbol is in the official checkpoint but absent from diagnostic replay.
2022-02-28,MISSING_FROM_REPLAY,adanigreen,2013-04-18,4942c0f021abcd6ed9702c343c2696ec44cfa8022c7e37448f8a78c075c4a16d,UNRESOLVED_MANUAL_REVIEW,No authoritative 2012 anchor or complete certified event chain; symbol is in the official checkpoint but absent from diagnostic replay.
2022-02-28,MISSING_FROM_REPLAY,aplltd,2013-04-18,4942c0f021abcd6ed9702c343c2696ec44cfa8022c7e37448f8a78c075c4a16d,UNRESOLVED_MANUAL_REVIEW,No authoritative 2012 anchor or complete certified event chain; symbol is in the official checkpoint but absent from diagnostic replay.
2022-02-28,MISSING_FROM_REPLAY,astral,2013-04-18,4942c0f021abcd6ed9702c343c2696ec44cfa8022c7e37448f8a78c075c4a16d,UNRESOLVED_MANUAL_REVIEW,No authoritative 2012 anchor or complete certified event chain; symbol is in the official checkpoint but absent from diagnostic replay.
2022-02-28,MISSING_FROM_REPLAY,atgl,2013-04-18,4942c0f021abcd6ed9702c343c2696ec44cfa8022c7e37448f8a78c075c4a16d,UNRESOLVED_MANUAL_REVIEW,No authoritative 2012 anchor or complete certified event chain; symbol is in the official checkpoint but absent from diagnostic replay.
2022-02-28,MISSING_FROM_REPLAY,coforge,2013-04-18,4942c0f021abcd6ed9702c343c2696ec44cfa8022c7e37448f8a78c075c4a16d,UNRESOLVED_MANUAL_REVIEW,No authoritative 2012 anchor or complete certified event chain; symbol is in the official checkpoint but absent from diagnostic replay.
2022-02-28,MISSING_FROM_REPLAY,dhani,2013-04-18,4942c0f021abcd6ed9702c343c2696ec44cfa8022c7e37448f8a78c075c4a16d,UNRESOLVED_MANUAL_REVIEW,No authoritative 2012 anchor or complete certified event chain; symbol is in the official checkpoint but absent from diagnostic replay.
2022-02-28,MISSING_FROM_REPLAY,hindcopper,2013-04-18,4942c0f021abcd6ed9702c343c2696ec44cfa8022c7e37448f8a78c075c4a16d,UNRESOLVED_MANUAL_REVIEW,No authoritative 2012 anchor or complete certified event chain; symbol is in the official checkpoint but absent from diagnostic replay.
2022-02-28,MISSING_FROM_REPLAY,idfcfirstb,2013-04-18,4942c0f021abcd6ed9702c343c2696ec44cfa8022c7e37448f8a78c075c4a16d,UNRESOLVED_MANUAL_REVIEW,No authoritative 2012 anchor or complete certified event chain; symbol is in the official checkpoint but absent from diagnostic replay.
2022-02-28,MISSING_FROM_REPLAY,indianb,2013-04-18,4942c0f021abcd6ed9702c343c2696ec44cfa8022c7e37448f8a78c075c4a16d,UNRESOLVED_MANUAL_REVIEW,No authoritative 2012 anchor or complete certified event chain; symbol is in the official checkpoint but absent from diagnostic replay.
2022-02-28,MISSING_FROM_REPLAY,industower,2013-04-18,4942c0f021abcd6ed9702c343c2696ec44cfa8022c7e37448f8a78c075c4a16d,UNRESOLVED_MANUAL_REVIEW,No authoritative 2012 anchor or complete certified event chain; symbol is in the official checkpoint but absent from diagnostic replay.
2022-02-28,MISSING_FROM_REPLAY,irfc,2013-04-18,4942c0f021abcd6ed9702c343c2696ec44cfa8022c7e37448f8a78c075c4a16d,UNRESOLVED_MANUAL_REVIEW,No authoritative 2012 anchor or complete certified event chain; symbol is in the official checkpoint but absent from diagnostic replay.
2022-02-28,MISSING_FROM_REPLAY,isec,2013-04-18,4942c0f021abcd6ed9702c343c2696ec44cfa8022c7e37448f8a78c075c4a16d,UNRESOLVED_MANUAL_REVIEW,No authoritative 2012 anchor or complete certified event chain; symbol is in the official checkpoint but absent from diagnostic replay.
2022-02-28,MISSING_FROM_REPLAY,nam-india,2013-04-18,4942c0f021abcd6ed9702c343c2696ec44cfa8022c7e37448f8a78c075c4a16d,UNRESOLVED_MANUAL_REVIEW,No authoritative 2012 anchor or complete certified event chain; symbol is in the official checkpoint but absent from diagnostic replay.
2022-02-28,MISSING_FROM_REPLAY,nationalum,2013-04-18,4942c0f021abcd6ed9702c343c2696ec44cfa8022c7e37448f8a78c075c4a16d,UNRESOLVED_MANUAL_REVIEW,No authoritative 2012 anchor or complete certified event chain; symbol is in the official checkpoint but absent from diagnostic replay.
2022-02-28,MISSING_FROM_REPLAY,navinfluor,2013-04-18,4942c0f021abcd6ed9702c343c2696ec44cfa8022c7e37448f8a78c075c4a16d,UNRESOLVED_MANUAL_REVIEW,No authoritative 2012 anchor or complete certified event chain; symbol is in the official checkpoint but absent from diagnostic replay.
2022-02-28,MISSING_FROM_REPLAY,sanofi,2013-04-18,4942c0f021abcd6ed9702c343c2696ec44cfa8022c7e37448f8a78c075c4a16d,UNRESOLVED_MANUAL_REVIEW,No authoritative 2012 anchor or complete certified event chain; symbol is in the official checkpoint but absent from diagnostic replay.
2022-02-28,MISSING_FROM_REPLAY,tatachem,2013-04-18,4942c0f021abcd6ed9702c343c2696ec44cfa8022c7e37448f8a78c075c4a16d,UNRESOLVED_MANUAL_REVIEW,No authoritative 2012 anchor or complete certified event chain; symbol is in the official checkpoint but absent from diagnostic replay.
2022-02-28,MISSING_FROM_REPLAY,tatacomm,2013-04-18,4942c0f021abcd6ed9702c343c2696ec44cfa8022c7e37448f8a78c075c4a16d,UNRESOLVED_MANUAL_REVIEW,No authoritative 2012 anchor or complete certified event chain; symbol is in the official checkpoint but absent from diagnostic replay.
2022-02-28,MISSING_FROM_REPLAY,tataconsum,2013-04-18,4942c0f021abcd6ed9702c343c2696ec44cfa8022c7e37448f8a78c075c4a16d,UNRESOLVED_MANUAL_REVIEW,No authoritative 2012 anchor or complete certified event chain; symbol is in the official checkpoint but absent from diagnostic replay.
2022-02-28,MISSING_FROM_REPLAY,upl,2013-04-18,4942c0f021abcd6ed9702c343c2696ec44cfa8022c7e37448f8a78c075c4a16d,UNRESOLVED_MANUAL_REVIEW,No authoritative 2012 anchor or complete certified event chain; symbol is in the official checkpoint but absent from diagnostic replay.
2022-02-28,MISSING_FROM_REPLAY,yesbank,2013-04-18,4942c0f021abcd6ed9702c343c2696ec44cfa8022c7e37448f8a78c075c4a16d,UNRESOLVED_MANUAL_REVIEW,No authoritative 2012 anchor or complete certified event chain; symbol is in the official checkpoint but absent from diagnostic replay.
2022-02-28,UNEXPECTED_IN_REPLAY,abbotindia,2013-04-18,4942c0f021abcd6ed9702c343c2696ec44cfa8022c7e37448f8a78c075c4a16d,UNRESOLVED_MANUAL_REVIEW,Diagnostic reverse replay retains a symbol not present in the official checkpoint.
2022-02-28,UNEXPECTED_IN_REPLAY,adanigas,2013-04-18,4942c0f021abcd6ed9702c343c2696ec44cfa8022c7e37448f8a78c075c4a16d,UNRESOLVED_MANUAL_REVIEW,Diagnostic reverse replay retains a symbol not present in the official checkpoint.
2022-02-28,UNEXPECTED_IN_REPLAY,adanipower,2013-04-18,4942c0f021abcd6ed9702c343c2696ec44cfa8022c7e37448f8a78c075c4a16d,UNRESOLVED_MANUAL_REVIEW,Diagnostic reverse replay retains a symbol not present in the official checkpoint.
2022-02-28,UNEXPECTED_IN_REPLAY,bbtc,2013-04-18,4942c0f021abcd6ed9702c343c2696ec44cfa8022c7e37448f8a78c075c4a16d,UNRESOLVED_MANUAL_REVIEW,Diagnostic reverse replay retains a symbol not present in the official checkpoint.
2022-02-28,UNEXPECTED_IN_REPLAY,cesc,2013-04-18,4942c0f021abcd6ed9702c343c2696ec44cfa8022c7e37448f8a78c075c4a16d,UNRESOLVED_MANUAL_REVIEW,Diagnostic reverse replay retains a symbol not present in the official checkpoint.
2022-02-28,UNEXPECTED_IN_REPLAY,godrejagro,2013-04-18,4942c0f021abcd6ed9702c343c2696ec44cfa8022c7e37448f8a78c075c4a16d,UNRESOLVED_MANUAL_REVIEW,Diagnostic reverse replay retains a symbol not present in the official checkpoint.
2022-02-28,UNEXPECTED_IN_REPLAY,hexaware,2013-04-18,4942c0f021abcd6ed9702c343c2696ec44cfa8022c7e37448f8a78c075c4a16d,UNRESOLVED_MANUAL_REVIEW,Diagnostic reverse replay retains a symbol not present in the official checkpoint.
2022-02-28,UNEXPECTED_IN_REPLAY,ibulhsgfin,2013-04-18,4942c0f021abcd6ed9702c343c2696ec44cfa8022c7e37448f8a78c075c4a16d,UNRESOLVED_MANUAL_REVIEW,Diagnostic reverse replay retains a symbol not present in the official checkpoint.
2022-02-28,UNEXPECTED_IN_REPLAY,ibventures,2013-04-18,4942c0f021abcd6ed9702c343c2696ec44cfa8022c7e37448f8a78c075c4a16d,UNRESOLVED_MANUAL_REVIEW,Diagnostic reverse replay retains a symbol not present in the official checkpoint.
2022-02-28,UNEXPECTED_IN_REPLAY,idbi,2013-04-18,4942c0f021abcd6ed9702c343c2696ec44cfa8022c7e37448f8a78c075c4a16d,UNRESOLVED_MANUAL_REVIEW,Diagnostic reverse replay retains a symbol not present in the official checkpoint.
2022-02-28,UNEXPECTED_IN_REPLAY,idfcbank,2013-04-18,4942c0f021abcd6ed9702c343c2696ec44cfa8022c7e37448f8a78c075c4a16d,UNRESOLVED_MANUAL_REVIEW,Diagnostic reverse replay retains a symbol not present in the official checkpoint.
2022-02-28,UNEXPECTED_IN_REPLAY,infotecent,2013-04-18,4942c0f021abcd6ed9702c343c2696ec44cfa8022c7e37448f8a78c075c4a16d,UNRESOLVED_MANUAL_REVIEW,Diagnostic reverse replay retains a symbol not present in the official checkpoint.
2022-02-28,UNEXPECTED_IN_REPLAY,infratel,2013-04-18,4942c0f021abcd6ed9702c343c2696ec44cfa8022c7e37448f8a78c075c4a16d,UNRESOLVED_MANUAL_REVIEW,Diagnostic reverse replay retains a symbol not present in the official checkpoint.
2022-02-28,UNEXPECTED_IN_REPLAY,jubilant,2013-04-18,4942c0f021abcd6ed9702c343c2696ec44cfa8022c7e37448f8a78c075c4a16d,UNRESOLVED_MANUAL_REVIEW,Diagnostic reverse replay retains a symbol not present in the official checkpoint.
2022-02-28,UNEXPECTED_IN_REPLAY,madrascem,2013-04-18,4942c0f021abcd6ed9702c343c2696ec44cfa8022c7e37448f8a78c075c4a16d,UNRESOLVED_MANUAL_REVIEW,Diagnostic reverse replay retains a symbol not present in the official checkpoint.
2022-02-28,UNEXPECTED_IN_REPLAY,mrpl,2013-04-18,4942c0f021abcd6ed9702c343c2696ec44cfa8022c7e37448f8a78c075c4a16d,UNRESOLVED_MANUAL_REVIEW,Diagnostic reverse replay retains a symbol not present in the official checkpoint.
2022-02-28,UNEXPECTED_IN_REPLAY,nhpc,2013-04-18,4942c0f021abcd6ed9702c343c2696ec44cfa8022c7e37448f8a78c075c4a16d,UNRESOLVED_MANUAL_REVIEW,Diagnostic reverse replay retains a symbol not present in the official checkpoint.
2022-02-28,UNEXPECTED_IN_REPLAY,niittech,2013-04-18,4942c0f021abcd6ed9702c343c2696ec44cfa8022c7e37448f8a78c075c4a16d,UNRESOLVED_MANUAL_REVIEW,Diagnostic reverse replay retains a symbol not present in the official checkpoint.
2022-02-28,UNEXPECTED_IN_REPLAY,pnbhousing,2013-04-18,4942c0f021abcd6ed9702c343c2696ec44cfa8022c7e37448f8a78c075c4a16d,UNRESOLVED_MANUAL_REVIEW,Diagnostic reverse replay retains a symbol not present in the official checkpoint.
2022-02-28,UNEXPECTED_IN_REPLAY,quess,2013-04-18,4942c0f021abcd6ed9702c343c2696ec44cfa8022c7e37448f8a78c075c4a16d,UNRESOLVED_MANUAL_REVIEW,Diagnostic reverse replay retains a symbol not present in the official checkpoint.
2022-02-28,UNEXPECTED_IN_REPLAY,rnam,2013-04-18,4942c0f021abcd6ed9702c343c2696ec44cfa8022c7e37448f8a78c075c4a16d,UNRESOLVED_MANUAL_REVIEW,Diagnostic reverse replay retains a symbol not present in the official checkpoint.
2022-02-28,UNEXPECTED_IN_REPLAY,sesagoa,2013-04-18,4942c0f021abcd6ed9702c343c2696ec44cfa8022c7e37448f8a78c075c4a16d,UNRESOLVED_MANUAL_REVIEW,Diagnostic reverse replay retains a symbol not present in the official checkpoint.
2022-02-28,UNEXPECTED_IN_REPLAY,sksmicro,2013-04-18,4942c0f021abcd6ed9702c343c2696ec44cfa8022c7e37448f8a78c075c4a16d,UNRESOLVED_MANUAL_REVIEW,Diagnostic reverse replay retains a symbol not present in the official checkpoint.
2022-02-28,UNEXPECTED_IN_REPLAY,tataglobal,2013-04-18,4942c0f021abcd6ed9702c343c2696ec44cfa8022c7e37448f8a78c075c4a16d,UNRESOLVED_MANUAL_REVIEW,Diagnostic reverse replay retains a symbol not present in the official checkpoint.
2022-02-28,UNEXPECTED_IN_REPLAY,uniphos,2013-04-18,4942c0f021abcd6ed9702c343c2696ec44cfa8022c7e37448f8a78c075c4a16d,UNRESOLVED_MANUAL_REVIEW,Diagnostic reverse replay retains a symbol not present in the official checkpoint.
2022-02-28,UNEXPECTED_IN_REPLAY,vguard,2013-04-18,4942c0f021abcd6ed9702c343c2696ec44cfa8022c7e37448f8a78c075c4a16d,UNRESOLVED_MANUAL_REVIEW,Diagnostic reverse replay retains a symbol not present in the official checkpoint.
2022-03-31,MISSING_FROM_REPLAY,adanient,2013-04-18,4942c0f021abcd6ed9702c343c2696ec44cfa8022c7e37448f8a78c075c4a16d,UNRESOLVED_MANUAL_REVIEW,No authoritative 2012 anchor or complete certified event chain; symbol is in the official checkpoint but absent from diagnostic replay.
2022-03-31,MISSING_FROM_REPLAY,adanigreen,2013-04-18,4942c0f021abcd6ed9702c343c2696ec44cfa8022c7e37448f8a78c075c4a16d,UNRESOLVED_MANUAL_REVIEW,No authoritative 2012 anchor or complete certified event chain; symbol is in the official checkpoint but absent from diagnostic replay.
2022-03-31,MISSING_FROM_REPLAY,aplltd,2013-04-18,4942c0f021abcd6ed9702c343c2696ec44cfa8022c7e37448f8a78c075c4a16d,UNRESOLVED_MANUAL_REVIEW,No authoritative 2012 anchor or complete certified event chain; symbol is in the official checkpoint but absent from diagnostic replay.
2022-03-31,MISSING_FROM_REPLAY,astral,2013-04-18,4942c0f021abcd6ed9702c343c2696ec44cfa8022c7e37448f8a78c075c4a16d,UNRESOLVED_MANUAL_REVIEW,No authoritative 2012 anchor or complete certified event chain; symbol is in the official checkpoint but absent from diagnostic replay.
2022-03-31,MISSING_FROM_REPLAY,atgl,2013-04-18,4942c0f021abcd6ed9702c343c2696ec44cfa8022c7e37448f8a78c075c4a16d,UNRESOLVED_MANUAL_REVIEW,No authoritative 2012 anchor or complete certified event chain; symbol is in the official checkpoint but absent from diagnostic replay.
2022-03-31,MISSING_FROM_REPLAY,coforge,2013-04-18,4942c0f021abcd6ed9702c343c2696ec44cfa8022c7e37448f8a78c075c4a16d,UNRESOLVED_MANUAL_REVIEW,No authoritative 2012 anchor or complete certified event chain; symbol is in the official checkpoint but absent from diagnostic replay.
2022-03-31,MISSING_FROM_REPLAY,idfcfirstb,2013-04-18,4942c0f021abcd6ed9702c343c2696ec44cfa8022c7e37448f8a78c075c4a16d,UNRESOLVED_MANUAL_REVIEW,No authoritative 2012 anchor or complete certified event chain; symbol is in the official checkpoint but absent from diagnostic replay.
2022-03-31,MISSING_FROM_REPLAY,indianb,2013-04-18,4942c0f021abcd6ed9702c343c2696ec44cfa8022c7e37448f8a78c075c4a16d,UNRESOLVED_MANUAL_REVIEW,No authoritative 2012 anchor or complete certified event chain; symbol is in the official checkpoint but absent from diagnostic replay.
2022-03-31,MISSING_FROM_REPLAY,industower,2013-04-18,4942c0f021abcd6ed9702c343c2696ec44cfa8022c7e37448f8a78c075c4a16d,UNRESOLVED_MANUAL_REVIEW,No authoritative 2012 anchor or complete certified event chain; symbol is in the official checkpoint but absent from diagnostic replay.
2022-03-31,MISSING_FROM_REPLAY,isec,2013-04-18,4942c0f021abcd6ed9702c343c2696ec44cfa8022c7e37448f8a78c075c4a16d,UNRESOLVED_MANUAL_REVIEW,No authoritative 2012 anchor or complete certified event chain; symbol is in the official checkpoint but absent from diagnostic replay.
2022-03-31,MISSING_FROM_REPLAY,nam-india,2013-04-18,4942c0f021abcd6ed9702c343c2696ec44cfa8022c7e37448f8a78c075c4a16d,UNRESOLVED_MANUAL_REVIEW,No authoritative 2012 anchor or complete certified event chain; symbol is in the official checkpoint but absent from diagnostic replay.
2022-03-31,MISSING_FROM_REPLAY,nationalum,2013-04-18,4942c0f021abcd6ed9702c343c2696ec44cfa8022c7e37448f8a78c075c4a16d,UNRESOLVED_MANUAL_REVIEW,No authoritative 2012 anchor or complete certified event chain; symbol is in the official checkpoint but absent from diagnostic replay.
2022-03-31,MISSING_FROM_REPLAY,navinfluor,2013-04-18,4942c0f021abcd6ed9702c343c2696ec44cfa8022c7e37448f8a78c075c4a16d,UNRESOLVED_MANUAL_REVIEW,No authoritative 2012 anchor or complete certified event chain; symbol is in the official checkpoint but absent from diagnostic replay.
2022-03-31,MISSING_FROM_REPLAY,tatachem,2013-04-18,4942c0f021abcd6ed9702c343c2696ec44cfa8022c7e37448f8a78c075c4a16d,UNRESOLVED_MANUAL_REVIEW,No authoritative 2012 anchor or complete certified event chain; symbol is in the official checkpoint but absent from diagnostic replay.
2022-03-31,MISSING_FROM_REPLAY,tatacomm,2013-04-18,4942c0f021abcd6ed9702c343c2696ec44cfa8022c7e37448f8a78c075c4a16d,UNRESOLVED_MANUAL_REVIEW,No authoritative 2012 anchor or complete certified event chain; symbol is in the official checkpoint but absent from diagnostic replay.
2022-03-31,MISSING_FROM_REPLAY,tataconsum,2013-04-18,4942c0f021abcd6ed9702c343c2696ec44cfa8022c7e37448f8a78c075c4a16d,UNRESOLVED_MANUAL_REVIEW,No authoritative 2012 anchor or complete certified event chain; symbol is in the official checkpoint but absent from diagnostic replay.
2022-03-31,MISSING_FROM_REPLAY,upl,2013-04-18,4942c0f021abcd6ed9702c343c2696ec44cfa8022c7e37448f8a78c075c4a16d,UNRESOLVED_MANUAL_REVIEW,No authoritative 2012 anchor or complete certified event chain; symbol is in the official checkpoint but absent from diagnostic replay.
2022-03-31,MISSING_FROM_REPLAY,yesbank,2013-04-18,4942c0f021abcd6ed9702c343c2696ec44cfa8022c7e37448f8a78c075c4a16d,UNRESOLVED_MANUAL_REVIEW,No authoritative 2012 anchor or complete certified event chain; symbol is in the official checkpoint but absent from diagnostic replay.
2022-03-31,MISSING_FROM_REPLAY,zyduslife,2013-04-18,4942c0f021abcd6ed9702c343c2696ec44cfa8022c7e37448f8a78c075c4a16d,UNRESOLVED_MANUAL_REVIEW,No authoritative 2012 anchor or complete certified event chain; symbol is in the official checkpoint but absent from diagnostic replay.
2022-03-31,UNEXPECTED_IN_REPLAY,adanigas,2013-04-18,4942c0f021abcd6ed9702c343c2696ec44cfa8022c7e37448f8a78c075c4a16d,UNRESOLVED_MANUAL_REVIEW,Diagnostic reverse replay retains a symbol not present in the official checkpoint.
2022-03-31,UNEXPECTED_IN_REPLAY,adanipower,2013-04-18,4942c0f021abcd6ed9702c343c2696ec44cfa8022c7e37448f8a78c075c4a16d,UNRESOLVED_MANUAL_REVIEW,Diagnostic reverse replay retains a symbol not present in the official checkpoint.
2022-03-31,UNEXPECTED_IN_REPLAY,bbtc,2013-04-18,4942c0f021abcd6ed9702c343c2696ec44cfa8022c7e37448f8a78c075c4a16d,UNRESOLVED_MANUAL_REVIEW,Diagnostic reverse replay retains a symbol not present in the official checkpoint.
2022-03-31,UNEXPECTED_IN_REPLAY,cadilahc,2013-04-18,4942c0f021abcd6ed9702c343c2696ec44cfa8022c7e37448f8a78c075c4a16d,UNRESOLVED_MANUAL_REVIEW,Diagnostic reverse replay retains a symbol not present in the official checkpoint.
2022-03-31,UNEXPECTED_IN_REPLAY,cesc,2013-04-18,4942c0f021abcd6ed9702c343c2696ec44cfa8022c7e37448f8a78c075c4a16d,UNRESOLVED_MANUAL_REVIEW,Diagnostic reverse replay retains a symbol not present in the official checkpoint.
2022-03-31,UNEXPECTED_IN_REPLAY,godrejagro,2013-04-18,4942c0f021abcd6ed9702c343c2696ec44cfa8022c7e37448f8a78c075c4a16d,UNRESOLVED_MANUAL_REVIEW,Diagnostic reverse replay retains a symbol not present in the official checkpoint.
2022-03-31,UNEXPECTED_IN_REPLAY,hexaware,2013-04-18,4942c0f021abcd6ed9702c343c2696ec44cfa8022c7e37448f8a78c075c4a16d,UNRESOLVED_MANUAL_REVIEW,Diagnostic reverse replay retains a symbol not present in the official checkpoint.
2022-03-31,UNEXPECTED_IN_REPLAY,ibulhsgfin,2013-04-18,4942c0f021abcd6ed9702c343c2696ec44cfa8022c7e37448f8a78c075c4a16d,UNRESOLVED_MANUAL_REVIEW,Diagnostic reverse replay retains a symbol not present in the official checkpoint.
2022-03-31,UNEXPECTED_IN_REPLAY,ibventures,2013-04-18,4942c0f021abcd6ed9702c343c2696ec44cfa8022c7e37448f8a78c075c4a16d,UNRESOLVED_MANUAL_REVIEW,Diagnostic reverse replay retains a symbol not present in the official checkpoint.
2022-03-31,UNEXPECTED_IN_REPLAY,idfcbank,2013-04-18,4942c0f021abcd6ed9702c343c2696ec44cfa8022c7e37448f8a78c075c4a16d,UNRESOLVED_MANUAL_REVIEW,Diagnostic reverse replay retains a symbol not present in the official checkpoint.
2022-03-31,UNEXPECTED_IN_REPLAY,infotecent,2013-04-18,4942c0f021abcd6ed9702c343c2696ec44cfa8022c7e37448f8a78c075c4a16d,UNRESOLVED_MANUAL_REVIEW,Diagnostic reverse replay retains a symbol not present in the official checkpoint.
2022-03-31,UNEXPECTED_IN_REPLAY,infratel,2013-04-18,4942c0f021abcd6ed9702c343c2696ec44cfa8022c7e37448f8a78c075c4a16d,UNRESOLVED_MANUAL_REVIEW,Diagnostic reverse replay retains a symbol not present in the official checkpoint.
2022-03-31,UNEXPECTED_IN_REPLAY,jubilant,2013-04-18,4942c0f021abcd6ed9702c343c2696ec44cfa8022c7e37448f8a78c075c4a16d,UNRESOLVED_MANUAL_REVIEW,Diagnostic reverse replay retains a symbol not present in the official checkpoint.
2022-03-31,UNEXPECTED_IN_REPLAY,madrascem,2013-04-18,4942c0f021abcd6ed9702c343c2696ec44cfa8022c7e37448f8a78c075c4a16d,UNRESOLVED_MANUAL_REVIEW,Diagnostic reverse replay retains a symbol not present in the official checkpoint.
2022-03-31,UNEXPECTED_IN_REPLAY,mrpl,2013-04-18,4942c0f021abcd6ed9702c343c2696ec44cfa8022c7e37448f8a78c075c4a16d,UNRESOLVED_MANUAL_REVIEW,Diagnostic reverse replay retains a symbol not present in the official checkpoint.
2022-03-31,UNEXPECTED_IN_REPLAY,nhpc,2013-04-18,4942c0f021abcd6ed9702c343c2696ec44cfa8022c7e37448f8a78c075c4a16d,UNRESOLVED_MANUAL_REVIEW,Diagnostic reverse replay retains a symbol not present in the official checkpoint.
2022-03-31,UNEXPECTED_IN_REPLAY,niittech,2013-04-18,4942c0f021abcd6ed9702c343c2696ec44cfa8022c7e37448f8a78c075c4a16d,UNRESOLVED_MANUAL_REVIEW,Diagnostic reverse replay retains a symbol not present in the official checkpoint.
2022-03-31,UNEXPECTED_IN_REPLAY,pnbhousing,2013-04-18,4942c0f021abcd6ed9702c343c2696ec44cfa8022c7e37448f8a78c075c4a16d,UNRESOLVED_MANUAL_REVIEW,Diagnostic reverse replay retains a symbol not present in the official checkpoint.
2022-03-31,UNEXPECTED_IN_REPLAY,quess,2013-04-18,4942c0f021abcd6ed9702c343c2696ec44cfa8022c7e37448f8a78c075c4a16d,UNRESOLVED_MANUAL_REVIEW,Diagnostic reverse replay retains a symbol not present in the official checkpoint.
2022-03-31,UNEXPECTED_IN_REPLAY,rnam,2013-04-18,4942c0f021abcd6ed9702c343c2696ec44cfa8022c7e37448f8a78c075c4a16d,UNRESOLVED_MANUAL_REVIEW,Diagnostic reverse replay retains a symbol not present in the official checkpoint.
2022-03-31,UNEXPECTED_IN_REPLAY,sesagoa,2013-04-18,4942c0f021abcd6ed9702c343c2696ec44cfa8022c7e37448f8a78c075c4a16d,UNRESOLVED_MANUAL_REVIEW,Diagnostic reverse replay retains a symbol not present in the official checkpoint.
2022-03-31,UNEXPECTED_IN_REPLAY,sksmicro,2013-04-18,4942c0f021abcd6ed9702c343c2696ec44cfa8022c7e37448f8a78c075c4a16d,UNRESOLVED_MANUAL_REVIEW,Diagnostic reverse replay retains a symbol not present in the official checkpoint.
2022-03-31,UNEXPECTED_IN_REPLAY,tataglobal,2013-04-18,4942c0f021abcd6ed9702c343c2696ec44cfa8022c7e37448f8a78c075c4a16d,UNRESOLVED_MANUAL_REVIEW,Diagnostic reverse replay retains a symbol not present in the official checkpoint.
2022-03-31,UNEXPECTED_IN_REPLAY,uniphos,2013-04-18,4942c0f021abcd6ed9702c343c2696ec44cfa8022c7e37448f8a78c075c4a16d,UNRESOLVED_MANUAL_REVIEW,Diagnostic reverse replay retains a symbol not present in the official checkpoint.
2022-03-31,UNEXPECTED_IN_REPLAY,vguard,2013-04-18,4942c0f021abcd6ed9702c343c2696ec44cfa8022c7e37448f8a78c075c4a16d,UNRESOLVED_MANUAL_REVIEW,Diagnostic reverse replay retains a symbol not present in the official checkpoint.
