checkpoint_date,difference_type,symbol,source_checkpoint_date,source_checkpoint_sha256,resolution_status,notes
2013-09-30,MISSING_FROM_REPLAY,bergepaint,2013-04-18,4942c0f021abcd6ed9702c343c2696ec44cfa8022c7e37448f8a78c075c4a16d,UNRESOLVED_MANUAL_REVIEW,No authoritative 2012 anchor or complete certified event chain; symbol is in the official checkpoint but absent from diagnostic replay.
2013-09-30,MISSING_FROM_REPLAY,cmc,2013-04-18,4942c0f021abcd6ed9702c343c2696ec44cfa8022c7e37448f8a78c075c4a16d,UNRESOLVED_MANUAL_REVIEW,No authoritative 2012 anchor or complete certified event chain; symbol is in the official checkpoint but absent from diagnostic replay.
2013-09-30,MISSING_FROM_REPLAY,coromandel,2013-04-18,4942c0f021abcd6ed9702c343c2696ec44cfa8022c7e37448f8a78c075c4a16d,UNRESOLVED_MANUAL_REVIEW,No authoritative 2012 anchor or complete certified event chain; symbol is in the official checkpoint but absent from diagnostic replay.
2013-09-30,MISSING_FROM_REPLAY,crisil,2013-04-18,4942c0f021abcd6ed9702c343c2696ec44cfa8022c7e37448f8a78c075c4a16d,UNRESOLVED_MANUAL_REVIEW,No authoritative 2012 anchor or complete certified event chain; symbol is in the official checkpoint but absent from diagnostic replay.
2013-09-30,MISSING_FROM_REPLAY,infratel,2013-04-18,4942c0f021abcd6ed9702c343c2696ec44cfa8022c7e37448f8a78c075c4a16d,UNRESOLVED_MANUAL_REVIEW,No authoritative 2012 anchor or complete certified event chain; symbol is in the official checkpoint but absent from diagnostic replay.
2013-09-30,MISSING_FROM_REPLAY,mmtc,2013-04-18,4942c0f021abcd6ed9702c343c2696ec44cfa8022c7e37448f8a78c075c4a16d,UNRESOLVED_MANUAL_REVIEW,No authoritative 2012 anchor or complete certified event chain; symbol is in the official checkpoint but absent from diagnostic replay.
2013-09-30,MISSING_FROM_REPLAY,oberoirlty,2013-04-18,4942c0f021abcd6ed9702c343c2696ec44cfa8022c7e37448f8a78c075c4a16d,UNRESOLVED_MANUAL_REVIEW,No authoritative 2012 anchor or complete certified event chain; symbol is in the official checkpoint but absent from diagnostic replay.
2013-09-30,MISSING_FROM_REPLAY,pageind,2013-04-18,4942c0f021abcd6ed9702c343c2696ec44cfa8022c7e37448f8a78c075c4a16d,UNRESOLVED_MANUAL_REVIEW,No authoritative 2012 anchor or complete certified event chain; symbol is in the official checkpoint but absent from diagnostic replay.
2013-09-30,MISSING_FROM_REPLAY,ramcocem,2013-04-18,4942c0f021abcd6ed9702c343c2696ec44cfa8022c7e37448f8a78c075c4a16d,UNRESOLVED_MANUAL_REVIEW,No authoritative 2012 anchor or complete certified event chain; symbol is in the official checkpoint but absent from diagnostic replay.
2013-09-30,MISSING_FROM_REPLAY,thermax,2013-04-18,4942c0f021abcd6ed9702c343c2696ec44cfa8022c7e37448f8a78c075c4a16d,UNRESOLVED_MANUAL_REVIEW,No authoritative 2012 anchor or complete certified event chain; symbol is in the official checkpoint but absent from diagnostic replay.
2013-09-30,MISSING_FROM_REPLAY,torntpharm,2013-04-18,4942c0f021abcd6ed9702c343c2696ec44cfa8022c7e37448f8a78c075c4a16d,UNRESOLVED_MANUAL_REVIEW,No authoritative 2012 anchor or complete certified event chain; symbol is in the official checkpoint but absent from diagnostic replay.
2013-09-30,MISSING_FROM_REPLAY,wipro,2013-04-18,4942c0f021abcd6ed9702c343c2696ec44cfa8022c7e37448f8a78c075c4a16d,UNRESOLVED_MANUAL_REVIEW,No authoritative 2012 anchor or complete certified event chain; symbol is in the official checkpoint but absent from diagnostic replay.
2013-09-30,UNEXPECTED_IN_REPLAY,amtekauto,2013-04-18,4942c0f021abcd6ed9702c343c2696ec44cfa8022c7e37448f8a78c075c4a16d,UNRESOLVED_MANUAL_REVIEW,Diagnostic reverse replay retains a symbol not present in the official checkpoint.
2013-09-30,UNEXPECTED_IN_REPLAY,coreedutec,2013-04-18,4942c0f021abcd6ed9702c343c2696ec44cfa8022c7e37448f8a78c075c4a16d,UNRESOLVED_MANUAL_REVIEW,Diagnostic reverse replay retains a symbol not present in the official checkpoint.
2013-09-30,UNEXPECTED_IN_REPLAY,cub,2013-04-18,4942c0f021abcd6ed9702c343c2696ec44cfa8022c7e37448f8a78c075c4a16d,UNRESOLVED_MANUAL_REVIEW,Diagnostic reverse replay retains a symbol not present in the official checkpoint.
2013-09-30,UNEXPECTED_IN_REPLAY,dhfl,2013-04-18,4942c0f021abcd6ed9702c343c2696ec44cfa8022c7e37448f8a78c075c4a16d,UNRESOLVED_MANUAL_REVIEW,Diagnostic reverse replay retains a symbol not present in the official checkpoint.
2013-09-30,UNEXPECTED_IN_REPLAY,gujratgas,2013-04-18,4942c0f021abcd6ed9702c343c2696ec44cfa8022c7e37448f8a78c075c4a16d,UNRESOLVED_MANUAL_REVIEW,Diagnostic reverse replay retains a symbol not present in the official checkpoint.
2013-09-30,UNEXPECTED_IN_REPLAY,gvkpil,2013-04-18,4942c0f021abcd6ed9702c343c2696ec44cfa8022c7e37448f8a78c075c4a16d,UNRESOLVED_MANUAL_REVIEW,Diagnostic reverse replay retains a symbol not present in the official checkpoint.
2013-09-30,UNEXPECTED_IN_REPLAY,indiainfo,2013-04-18,4942c0f021abcd6ed9702c343c2696ec44cfa8022c7e37448f8a78c075c4a16d,UNRESOLVED_MANUAL_REVIEW,Diagnostic reverse replay retains a symbol not present in the official checkpoint.
2013-09-30,UNEXPECTED_IN_REPLAY,ivrclinfra,2013-04-18,4942c0f021abcd6ed9702c343c2696ec44cfa8022c7e37448f8a78c075c4a16d,UNRESOLVED_MANUAL_REVIEW,Diagnostic reverse replay retains a symbol not present in the official checkpoint.
2013-09-30,UNEXPECTED_IN_REPLAY,jindalsaw,2013-04-18,4942c0f021abcd6ed9702c343c2696ec44cfa8022c7e37448f8a78c075c4a16d,UNRESOLVED_MANUAL_REVIEW,Diagnostic reverse replay retains a symbol not present in the official checkpoint.
2013-09-30,UNEXPECTED_IN_REPLAY,litl,2013-04-18,4942c0f021abcd6ed9702c343c2696ec44cfa8022c7e37448f8a78c075c4a16d,UNRESOLVED_MANUAL_REVIEW,Diagnostic reverse replay retains a symbol not present in the official checkpoint.
2013-09-30,UNEXPECTED_IN_REPLAY,madrascem,2013-04-18,4942c0f021abcd6ed9702c343c2696ec44cfa8022c7e37448f8a78c075c4a16d,UNRESOLVED_MANUAL_REVIEW,Diagnostic reverse replay retains a symbol not present in the official checkpoint.
2013-09-30,UNEXPECTED_IN_REPLAY,torntpower,2013-04-18,4942c0f021abcd6ed9702c343c2696ec44cfa8022c7e37448f8a78c075c4a16d,UNRESOLVED_MANUAL_REVIEW,Diagnostic reverse replay retains a symbol not present in the official checkpoint.
2013-10-31,MISSING_FROM_REPLAY,bergepaint,2013-04-18,4942c0f021abcd6ed9702c343c2696ec44cfa8022c7e37448f8a78c075c4a16d,UNRESOLVED_MANUAL_REVIEW,No authoritative 2012 anchor or complete certified event chain; symbol is in the official checkpoint but absent from diagnostic replay.
2013-10-31,MISSING_FROM_REPLAY,cmc,2013-04-18,4942c0f021abcd6ed9702c343c2696ec44cfa8022c7e37448f8a78c075c4a16d,UNRESOLVED_MANUAL_REVIEW,No authoritative 2012 anchor or complete certified event chain; symbol is in the official checkpoint but absent from diagnostic replay.
2013-10-31,MISSING_FROM_REPLAY,coromandel,2013-04-18,4942c0f021abcd6ed9702c343c2696ec44cfa8022c7e37448f8a78c075c4a16d,UNRESOLVED_MANUAL_REVIEW,No authoritative 2012 anchor or complete certified event chain; symbol is in the official checkpoint but absent from diagnostic replay.
2013-10-31,MISSING_FROM_REPLAY,crisil,2013-04-18,4942c0f021abcd6ed9702c343c2696ec44cfa8022c7e37448f8a78c075c4a16d,UNRESOLVED_MANUAL_REVIEW,No authoritative 2012 anchor or complete certified event chain; symbol is in the official checkpoint but absent from diagnostic replay.
2013-10-31,MISSING_FROM_REPLAY,infratel,2013-04-18,4942c0f021abcd6ed9702c343c2696ec44cfa8022c7e37448f8a78c075c4a16d,UNRESOLVED_MANUAL_REVIEW,No authoritative 2012 anchor or complete certified event chain; symbol is in the official checkpoint but absent from diagnostic replay.
2013-10-31,MISSING_FROM_REPLAY,mmtc,2013-04-18,4942c0f021abcd6ed9702c343c2696ec44cfa8022c7e37448f8a78c075c4a16d,UNRESOLVED_MANUAL_REVIEW,No authoritative 2012 anchor or complete certified event chain; symbol is in the official checkpoint but absent from diagnostic replay.
2013-10-31,MISSING_FROM_REPLAY,oberoirlty,2013-04-18,4942c0f021abcd6ed9702c343c2696ec44cfa8022c7e37448f8a78c075c4a16d,UNRESOLVED_MANUAL_REVIEW,No authoritative 2012 anchor or complete certified event chain; symbol is in the official checkpoint but absent from diagnostic replay.
2013-10-31,MISSING_FROM_REPLAY,pageind,2013-04-18,4942c0f021abcd6ed9702c343c2696ec44cfa8022c7e37448f8a78c075c4a16d,UNRESOLVED_MANUAL_REVIEW,No authoritative 2012 anchor or complete certified event chain; symbol is in the official checkpoint but absent from diagnostic replay.
2013-10-31,MISSING_FROM_REPLAY,ramcocem,2013-04-18,4942c0f021abcd6ed9702c343c2696ec44cfa8022c7e37448f8a78c075c4a16d,UNRESOLVED_MANUAL_REVIEW,No authoritative 2012 anchor or complete certified event chain; symbol is in the official checkpoint but absent from diagnostic replay.
2013-10-31,MISSING_FROM_REPLAY,sslt,2013-04-18,4942c0f021abcd6ed9702c343c2696ec44cfa8022c7e37448f8a78c075c4a16d,UNRESOLVED_MANUAL_REVIEW,No authoritative 2012 anchor or complete certified event chain; symbol is in the official checkpoint but absent from diagnostic replay.
2013-10-31,MISSING_FROM_REPLAY,thermax,2013-04-18,4942c0f021abcd6ed9702c343c2696ec44cfa8022c7e37448f8a78c075c4a16d,UNRESOLVED_MANUAL_REVIEW,No authoritative 2012 anchor or complete certified event chain; symbol is in the official checkpoint but absent from diagnostic replay.
2013-10-31,MISSING_FROM_REPLAY,torntpharm,2013-04-18,4942c0f021abcd6ed9702c343c2696ec44cfa8022c7e37448f8a78c075c4a16d,UNRESOLVED_MANUAL_REVIEW,No authoritative 2012 anchor or complete certified event chain; symbol is in the official checkpoint but absent from diagnostic replay.
2013-10-31,MISSING_FROM_REPLAY,upl,2013-04-18,4942c0f021abcd6ed9702c343c2696ec44cfa8022c7e37448f8a78c075c4a16d,UNRESOLVED_MANUAL_REVIEW,No authoritative 2012 anchor or complete certified event chain; symbol is in the official checkpoint but absent from diagnostic replay.
2013-10-31,MISSING_FROM_REPLAY,wipro,2013-04-18,4942c0f021abcd6ed9702c343c2696ec44cfa8022c7e37448f8a78c075c4a16d,UNRESOLVED_MANUAL_REVIEW,No authoritative 2012 anchor or complete certified event chain; symbol is in the official checkpoint but absent from diagnostic replay.
2013-10-31,UNEXPECTED_IN_REPLAY,amtekauto,2013-04-18,4942c0f021abcd6ed9702c343c2696ec44cfa8022c7e37448f8a78c075c4a16d,UNRESOLVED_MANUAL_REVIEW,Diagnostic reverse replay retains a symbol not present in the official checkpoint.
2013-10-31,UNEXPECTED_IN_REPLAY,coreedutec,2013-04-18,4942c0f021abcd6ed9702c343c2696ec44cfa8022c7e37448f8a78c075c4a16d,UNRESOLVED_MANUAL_REVIEW,Diagnostic reverse replay retains a symbol not present in the official checkpoint.
2013-10-31,UNEXPECTED_IN_REPLAY,cub,2013-04-18,4942c0f021abcd6ed9702c343c2696ec44cfa8022c7e37448f8a78c075c4a16d,UNRESOLVED_MANUAL_REVIEW,Diagnostic reverse replay retains a symbol not present in the official checkpoint.
2013-10-31,UNEXPECTED_IN_REPLAY,dhfl,2013-04-18,4942c0f021abcd6ed9702c343c2696ec44cfa8022c7e37448f8a78c075c4a16d,UNRESOLVED_MANUAL_REVIEW,Diagnostic reverse replay retains a symbol not present in the official checkpoint.
2013-10-31,UNEXPECTED_IN_REPLAY,gujratgas,2013-04-18,4942c0f021abcd6ed9702c343c2696ec44cfa8022c7e37448f8a78c075c4a16d,UNRESOLVED_MANUAL_REVIEW,Diagnostic reverse replay retains a symbol not present in the official checkpoint.
2013-10-31,UNEXPECTED_IN_REPLAY,gvkpil,2013-04-18,4942c0f021abcd6ed9702c343c2696ec44cfa8022c7e37448f8a78c075c4a16d,UNRESOLVED_MANUAL_REVIEW,Diagnostic reverse replay retains a symbol not present in the official checkpoint.
2013-10-31,UNEXPECTED_IN_REPLAY,indiainfo,2013-04-18,4942c0f021abcd6ed9702c343c2696ec44cfa8022c7e37448f8a78c075c4a16d,UNRESOLVED_MANUAL_REVIEW,Diagnostic reverse replay retains a symbol not present in the official checkpoint.
2013-10-31,UNEXPECTED_IN_REPLAY,ivrclinfra,2013-04-18,4942c0f021abcd6ed9702c343c2696ec44cfa8022c7e37448f8a78c075c4a16d,UNRESOLVED_MANUAL_REVIEW,Diagnostic reverse replay retains a symbol not present in the official checkpoint.
2013-10-31,UNEXPECTED_IN_REPLAY,jindalsaw,2013-04-18,4942c0f021abcd6ed9702c343c2696ec44cfa8022c7e37448f8a78c075c4a16d,UNRESOLVED_MANUAL_REVIEW,Diagnostic reverse replay retains a symbol not present in the official checkpoint.
2013-10-31,UNEXPECTED_IN_REPLAY,litl,2013-04-18,4942c0f021abcd6ed9702c343c2696ec44cfa8022c7e37448f8a78c075c4a16d,UNRESOLVED_MANUAL_REVIEW,Diagnostic reverse replay retains a symbol not present in the official checkpoint.
2013-10-31,UNEXPECTED_IN_REPLAY,madrascem,2013-04-18,4942c0f021abcd6ed9702c343c2696ec44cfa8022c7e37448f8a78c075c4a16d,UNRESOLVED_MANUAL_REVIEW,Diagnostic reverse replay retains a symbol not present in the official checkpoint.
2013-10-31,UNEXPECTED_IN_REPLAY,sesagoa,2013-04-18,4942c0f021abcd6ed9702c343c2696ec44cfa8022c7e37448f8a78c075c4a16d,UNRESOLVED_MANUAL_REVIEW,Diagnostic reverse replay retains a symbol not present in the official checkpoint.
2013-10-31,UNEXPECTED_IN_REPLAY,torntpower,2013-04-18,4942c0f021abcd6ed9702c343c2696ec44cfa8022c7e37448f8a78c075c4a16d,UNRESOLVED_MANUAL_REVIEW,Diagnostic reverse replay retains a symbol not present in the official checkpoint.
2013-10-31,UNEXPECTED_IN_REPLAY,uniphos,2013-04-18,4942c0f021abcd6ed9702c343c2696ec44cfa8022c7e37448f8a78c075c4a16d,UNRESOLVED_MANUAL_REVIEW,Diagnostic reverse replay retains a symbol not present in the official checkpoint.
2013-11-29,MISSING_FROM_REPLAY,bergepaint,2013-04-18,4942c0f021abcd6ed9702c343c2696ec44cfa8022c7e37448f8a78c075c4a16d,UNRESOLVED_MANUAL_REVIEW,No authoritative 2012 anchor or complete certified event chain; symbol is in the official checkpoint but absent from diagnostic replay.
2013-11-29,MISSING_FROM_REPLAY,cmc,2013-04-18,4942c0f021abcd6ed9702c343c2696ec44cfa8022c7e37448f8a78c075c4a16d,UNRESOLVED_MANUAL_REVIEW,No authoritative 2012 anchor or complete certified event chain; symbol is in the official checkpoint but absent from diagnostic replay.
2013-11-29,MISSING_FROM_REPLAY,coromandel,2013-04-18,4942c0f021abcd6ed9702c343c2696ec44cfa8022c7e37448f8a78c075c4a16d,UNRESOLVED_MANUAL_REVIEW,No authoritative 2012 anchor or complete certified event chain; symbol is in the official checkpoint but absent from diagnostic replay.
2013-11-29,MISSING_FROM_REPLAY,crisil,2013-04-18,4942c0f021abcd6ed9702c343c2696ec44cfa8022c7e37448f8a78c075c4a16d,UNRESOLVED_MANUAL_REVIEW,No authoritative 2012 anchor or complete certified event chain; symbol is in the official checkpoint but absent from diagnostic replay.
2013-11-29,MISSING_FROM_REPLAY,ibulhsgfin,2013-04-18,4942c0f021abcd6ed9702c343c2696ec44cfa8022c7e37448f8a78c075c4a16d,UNRESOLVED_MANUAL_REVIEW,No authoritative 2012 anchor or complete certified event chain; symbol is in the official checkpoint but absent from diagnostic replay.
2013-11-29,MISSING_FROM_REPLAY,infratel,2013-04-18,4942c0f021abcd6ed9702c343c2696ec44cfa8022c7e37448f8a78c075c4a16d,UNRESOLVED_MANUAL_REVIEW,No authoritative 2012 anchor or complete certified event chain; symbol is in the official checkpoint but absent from diagnostic replay.
2013-11-29,MISSING_FROM_REPLAY,mmtc,2013-04-18,4942c0f021abcd6ed9702c343c2696ec44cfa8022c7e37448f8a78c075c4a16d,UNRESOLVED_MANUAL_REVIEW,No authoritative 2012 anchor or complete certified event chain; symbol is in the official checkpoint but absent from diagnostic replay.
2013-11-29,MISSING_FROM_REPLAY,oberoirlty,2013-04-18,4942c0f021abcd6ed9702c343c2696ec44cfa8022c7e37448f8a78c075c4a16d,UNRESOLVED_MANUAL_REVIEW,No authoritative 2012 anchor or complete certified event chain; symbol is in the official checkpoint but absent from diagnostic replay.
2013-11-29,MISSING_FROM_REPLAY,pageind,2013-04-18,4942c0f021abcd6ed9702c343c2696ec44cfa8022c7e37448f8a78c075c4a16d,UNRESOLVED_MANUAL_REVIEW,No authoritative 2012 anchor or complete certified event chain; symbol is in the official checkpoint but absent from diagnostic replay.
2013-11-29,MISSING_FROM_REPLAY,ramcocem,2013-04-18,4942c0f021abcd6ed9702c343c2696ec44cfa8022c7e37448f8a78c075c4a16d,UNRESOLVED_MANUAL_REVIEW,No authoritative 2012 anchor or complete certified event chain; symbol is in the official checkpoint but absent from diagnostic replay.
2013-11-29,MISSING_FROM_REPLAY,sslt,2013-04-18,4942c0f021abcd6ed9702c343c2696ec44cfa8022c7e37448f8a78c075c4a16d,UNRESOLVED_MANUAL_REVIEW,No authoritative 2012 anchor or complete certified event chain; symbol is in the official checkpoint but absent from diagnostic replay.
2013-11-29,MISSING_FROM_REPLAY,thermax,2013-04-18,4942c0f021abcd6ed9702c343c2696ec44cfa8022c7e37448f8a78c075c4a16d,UNRESOLVED_MANUAL_REVIEW,No authoritative 2012 anchor or complete certified event chain; symbol is in the official checkpoint but absent from diagnostic replay.
2013-11-29,MISSING_FROM_REPLAY,torntpharm,2013-04-18,4942c0f021abcd6ed9702c343c2696ec44cfa8022c7e37448f8a78c075c4a16d,UNRESOLVED_MANUAL_REVIEW,No authoritative 2012 anchor or complete certified event chain; symbol is in the official checkpoint but absent from diagnostic replay.
2013-11-29,MISSING_FROM_REPLAY,upl,2013-04-18,4942c0f021abcd6ed9702c343c2696ec44cfa8022c7e37448f8a78c075c4a16d,UNRESOLVED_MANUAL_REVIEW,No authoritative 2012 anchor or complete certified event chain; symbol is in the official checkpoint but absent from diagnostic replay.
2013-11-29,MISSING_FROM_REPLAY,wipro,2013-04-18,4942c0f021abcd6ed9702c343c2696ec44cfa8022c7e37448f8a78c075c4a16d,UNRESOLVED_MANUAL_REVIEW,No authoritative 2012 anchor or complete certified event chain; symbol is in the official checkpoint but absent from diagnostic replay.
2013-11-29,UNEXPECTED_IN_REPLAY,amtekauto,2013-04-18,4942c0f021abcd6ed9702c343c2696ec44cfa8022c7e37448f8a78c075c4a16d,UNRESOLVED_MANUAL_REVIEW,Diagnostic reverse replay retains a symbol not present in the official checkpoint.
2013-11-29,UNEXPECTED_IN_REPLAY,coreedutec,2013-04-18,4942c0f021abcd6ed9702c343c2696ec44cfa8022c7e37448f8a78c075c4a16d,UNRESOLVED_MANUAL_REVIEW,Diagnostic reverse replay retains a symbol not present in the official checkpoint.
2013-11-29,UNEXPECTED_IN_REPLAY,cub,2013-04-18,4942c0f021abcd6ed9702c343c2696ec44cfa8022c7e37448f8a78c075c4a16d,UNRESOLVED_MANUAL_REVIEW,Diagnostic reverse replay retains a symbol not present in the official checkpoint.
2013-11-29,UNEXPECTED_IN_REPLAY,dhfl,2013-04-18,4942c0f021abcd6ed9702c343c2696ec44cfa8022c7e37448f8a78c075c4a16d,UNRESOLVED_MANUAL_REVIEW,Diagnostic reverse replay retains a symbol not present in the official checkpoint.
2013-11-29,UNEXPECTED_IN_REPLAY,gujratgas,2013-04-18,4942c0f021abcd6ed9702c343c2696ec44cfa8022c7e37448f8a78c075c4a16d,UNRESOLVED_MANUAL_REVIEW,Diagnostic reverse replay retains a symbol not present in the official checkpoint.
2013-11-29,UNEXPECTED_IN_REPLAY,gvkpil,2013-04-18,4942c0f021abcd6ed9702c343c2696ec44cfa8022c7e37448f8a78c075c4a16d,UNRESOLVED_MANUAL_REVIEW,Diagnostic reverse replay retains a symbol not present in the official checkpoint.
2013-11-29,UNEXPECTED_IN_REPLAY,indiainfo,2013-04-18,4942c0f021abcd6ed9702c343c2696ec44cfa8022c7e37448f8a78c075c4a16d,UNRESOLVED_MANUAL_REVIEW,Diagnostic reverse replay retains a symbol not present in the official checkpoint.
2013-11-29,UNEXPECTED_IN_REPLAY,ivrclinfra,2013-04-18,4942c0f021abcd6ed9702c343c2696ec44cfa8022c7e37448f8a78c075c4a16d,UNRESOLVED_MANUAL_REVIEW,Diagnostic reverse replay retains a symbol not present in the official checkpoint.
2013-11-29,UNEXPECTED_IN_REPLAY,jindalsaw,2013-04-18,4942c0f021abcd6ed9702c343c2696ec44cfa8022c7e37448f8a78c075c4a16d,UNRESOLVED_MANUAL_REVIEW,Diagnostic reverse replay retains a symbol not present in the official checkpoint.
2013-11-29,UNEXPECTED_IN_REPLAY,litl,2013-04-18,4942c0f021abcd6ed9702c343c2696ec44cfa8022c7e37448f8a78c075c4a16d,UNRESOLVED_MANUAL_REVIEW,Diagnostic reverse replay retains a symbol not present in the official checkpoint.
2013-11-29,UNEXPECTED_IN_REPLAY,madrascem,2013-04-18,4942c0f021abcd6ed9702c343c2696ec44cfa8022c7e37448f8a78c075c4a16d,UNRESOLVED_MANUAL_REVIEW,Diagnostic reverse replay retains a symbol not present in the official checkpoint.
2013-11-29,UNEXPECTED_IN_REPLAY,sesagoa,2013-04-18,4942c0f021abcd6ed9702c343c2696ec44cfa8022c7e37448f8a78c075c4a16d,UNRESOLVED_MANUAL_REVIEW,Diagnostic reverse replay retains a symbol not present in the official checkpoint.
2013-11-29,UNEXPECTED_IN_REPLAY,torntpower,2013-04-18,4942c0f021abcd6ed9702c343c2696ec44cfa8022c7e37448f8a78c075c4a16d,UNRESOLVED_MANUAL_REVIEW,Diagnostic reverse replay retains a symbol not present in the official checkpoint.
2013-11-29,UNEXPECTED_IN_REPLAY,uniphos,2013-04-18,4942c0f021abcd6ed9702c343c2696ec44cfa8022c7e37448f8a78c075c4a16d,UNRESOLVED_MANUAL_REVIEW,Diagnostic reverse replay retains a symbol not present in the official checkpoint.
2013-11-29,UNEXPECTED_IN_REPLAY,welcorp,2013-04-18,4942c0f021abcd6ed9702c343c2696ec44cfa8022c7e37448f8a78c075c4a16d,UNRESOLVED_MANUAL_REVIEW,Diagnostic reverse replay retains a symbol not present in the official checkpoint.
2013-12-31,MISSING_FROM_REPLAY,bergepaint,2013-04-18,4942c0f021abcd6ed9702c343c2696ec44cfa8022c7e37448f8a78c075c4a16d,UNRESOLVED_MANUAL_REVIEW,No authoritative 2012 anchor or complete certified event chain; symbol is in the official checkpoint but absent from diagnostic replay.
2013-12-31,MISSING_FROM_REPLAY,cmc,2013-04-18,4942c0f021abcd6ed9702c343c2696ec44cfa8022c7e37448f8a78c075c4a16d,UNRESOLVED_MANUAL_REVIEW,No authoritative 2012 anchor or complete certified event chain; symbol is in the official checkpoint but absent from diagnostic replay.
2013-12-31,MISSING_FROM_REPLAY,coromandel,2013-04-18,4942c0f021abcd6ed9702c343c2696ec44cfa8022c7e37448f8a78c075c4a16d,UNRESOLVED_MANUAL_REVIEW,No authoritative 2012 anchor or complete certified event chain; symbol is in the official checkpoint but absent from diagnostic replay.
2013-12-31,MISSING_FROM_REPLAY,crisil,2013-04-18,4942c0f021abcd6ed9702c343c2696ec44cfa8022c7e37448f8a78c075c4a16d,UNRESOLVED_MANUAL_REVIEW,No authoritative 2012 anchor or complete certified event chain; symbol is in the official checkpoint but absent from diagnostic replay.
2013-12-31,MISSING_FROM_REPLAY,ibulhsgfin,2013-04-18,4942c0f021abcd6ed9702c343c2696ec44cfa8022c7e37448f8a78c075c4a16d,UNRESOLVED_MANUAL_REVIEW,No authoritative 2012 anchor or complete certified event chain; symbol is in the official checkpoint but absent from diagnostic replay.
2013-12-31,MISSING_FROM_REPLAY,infratel,2013-04-18,4942c0f021abcd6ed9702c343c2696ec44cfa8022c7e37448f8a78c075c4a16d,UNRESOLVED_MANUAL_REVIEW,No authoritative 2012 anchor or complete certified event chain; symbol is in the official checkpoint but absent from diagnostic replay.
2013-12-31,MISSING_FROM_REPLAY,mmtc,2013-04-18,4942c0f021abcd6ed9702c343c2696ec44cfa8022c7e37448f8a78c075c4a16d,UNRESOLVED_MANUAL_REVIEW,No authoritative 2012 anchor or complete certified event chain; symbol is in the official checkpoint but absent from diagnostic replay.
2013-12-31,MISSING_FROM_REPLAY,oberoirlty,2013-04-18,4942c0f021abcd6ed9702c343c2696ec44cfa8022c7e37448f8a78c075c4a16d,UNRESOLVED_MANUAL_REVIEW,No authoritative 2012 anchor or complete certified event chain; symbol is in the official checkpoint but absent from diagnostic replay.
2013-12-31,MISSING_FROM_REPLAY,pageind,2013-04-18,4942c0f021abcd6ed9702c343c2696ec44cfa8022c7e37448f8a78c075c4a16d,UNRESOLVED_MANUAL_REVIEW,No authoritative 2012 anchor or complete certified event chain; symbol is in the official checkpoint but absent from diagnostic replay.
2013-12-31,MISSING_FROM_REPLAY,ramcocem,2013-04-18,4942c0f021abcd6ed9702c343c2696ec44cfa8022c7e37448f8a78c075c4a16d,UNRESOLVED_MANUAL_REVIEW,No authoritative 2012 anchor or complete certified event chain; symbol is in the official checkpoint but absent from diagnostic replay.
2013-12-31,MISSING_FROM_REPLAY,sslt,2013-04-18,4942c0f021abcd6ed9702c343c2696ec44cfa8022c7e37448f8a78c075c4a16d,UNRESOLVED_MANUAL_REVIEW,No authoritative 2012 anchor or complete certified event chain; symbol is in the official checkpoint but absent from diagnostic replay.
2013-12-31,MISSING_FROM_REPLAY,thermax,2013-04-18,4942c0f021abcd6ed9702c343c2696ec44cfa8022c7e37448f8a78c075c4a16d,UNRESOLVED_MANUAL_REVIEW,No authoritative 2012 anchor or complete certified event chain; symbol is in the official checkpoint but absent from diagnostic replay.
2013-12-31,MISSING_FROM_REPLAY,torntpharm,2013-04-18,4942c0f021abcd6ed9702c343c2696ec44cfa8022c7e37448f8a78c075c4a16d,UNRESOLVED_MANUAL_REVIEW,No authoritative 2012 anchor or complete certified event chain; symbol is in the official checkpoint but absent from diagnostic replay.
2013-12-31,MISSING_FROM_REPLAY,upl,2013-04-18,4942c0f021abcd6ed9702c343c2696ec44cfa8022c7e37448f8a78c075c4a16d,UNRESOLVED_MANUAL_REVIEW,No authoritative 2012 anchor or complete certified event chain; symbol is in the official checkpoint but absent from diagnostic replay.
2013-12-31,MISSING_FROM_REPLAY,wipro,2013-04-18,4942c0f021abcd6ed9702c343c2696ec44cfa8022c7e37448f8a78c075c4a16d,UNRESOLVED_MANUAL_REVIEW,No authoritative 2012 anchor or complete certified event chain; symbol is in the official checkpoint but absent from diagnostic replay.
2013-12-31,UNEXPECTED_IN_REPLAY,amtekauto,2013-04-18,4942c0f021abcd6ed9702c343c2696ec44cfa8022c7e37448f8a78c075c4a16d,UNRESOLVED_MANUAL_REVIEW,Diagnostic reverse replay retains a symbol not present in the official checkpoint.
2013-12-31,UNEXPECTED_IN_REPLAY,coreedutec,2013-04-18,4942c0f021abcd6ed9702c343c2696ec44cfa8022c7e37448f8a78c075c4a16d,UNRESOLVED_MANUAL_REVIEW,Diagnostic reverse replay retains a symbol not present in the official checkpoint.
2013-12-31,UNEXPECTED_IN_REPLAY,cub,2013-04-18,4942c0f021abcd6ed9702c343c2696ec44cfa8022c7e37448f8a78c075c4a16d,UNRESOLVED_MANUAL_REVIEW,Diagnostic reverse replay retains a symbol not present in the official checkpoint.
2013-12-31,UNEXPECTED_IN_REPLAY,dhfl,2013-04-18,4942c0f021abcd6ed9702c343c2696ec44cfa8022c7e37448f8a78c075c4a16d,UNRESOLVED_MANUAL_REVIEW,Diagnostic reverse replay retains a symbol not present in the official checkpoint.
2013-12-31,UNEXPECTED_IN_REPLAY,gujratgas,2013-04-18,4942c0f021abcd6ed9702c343c2696ec44cfa8022c7e37448f8a78c075c4a16d,UNRESOLVED_MANUAL_REVIEW,Diagnostic reverse replay retains a symbol not present in the official checkpoint.
2013-12-31,UNEXPECTED_IN_REPLAY,gvkpil,2013-04-18,4942c0f021abcd6ed9702c343c2696ec44cfa8022c7e37448f8a78c075c4a16d,UNRESOLVED_MANUAL_REVIEW,Diagnostic reverse replay retains a symbol not present in the official checkpoint.
2013-12-31,UNEXPECTED_IN_REPLAY,indiainfo,2013-04-18,4942c0f021abcd6ed9702c343c2696ec44cfa8022c7e37448f8a78c075c4a16d,UNRESOLVED_MANUAL_REVIEW,Diagnostic reverse replay retains a symbol not present in the official checkpoint.
2013-12-31,UNEXPECTED_IN_REPLAY,ivrclinfra,2013-04-18,4942c0f021abcd6ed9702c343c2696ec44cfa8022c7e37448f8a78c075c4a16d,UNRESOLVED_MANUAL_REVIEW,Diagnostic reverse replay retains a symbol not present in the official checkpoint.
2013-12-31,UNEXPECTED_IN_REPLAY,jindalsaw,2013-04-18,4942c0f021abcd6ed9702c343c2696ec44cfa8022c7e37448f8a78c075c4a16d,UNRESOLVED_MANUAL_REVIEW,Diagnostic reverse replay retains a symbol not present in the official checkpoint.
2013-12-31,UNEXPECTED_IN_REPLAY,litl,2013-04-18,4942c0f021abcd6ed9702c343c2696ec44cfa8022c7e37448f8a78c075c4a16d,UNRESOLVED_MANUAL_REVIEW,Diagnostic reverse replay retains a symbol not present in the official checkpoint.
2013-12-31,UNEXPECTED_IN_REPLAY,madrascem,2013-04-18,4942c0f021abcd6ed9702c343c2696ec44cfa8022c7e37448f8a78c075c4a16d,UNRESOLVED_MANUAL_REVIEW,Diagnostic reverse replay retains a symbol not present in the official checkpoint.
2013-12-31,UNEXPECTED_IN_REPLAY,sesagoa,2013-04-18,4942c0f021abcd6ed9702c343c2696ec44cfa8022c7e37448f8a78c075c4a16d,UNRESOLVED_MANUAL_REVIEW,Diagnostic reverse replay retains a symbol not present in the official checkpoint.
2013-12-31,UNEXPECTED_IN_REPLAY,torntpower,2013-04-18,4942c0f021abcd6ed9702c343c2696ec44cfa8022c7e37448f8a78c075c4a16d,UNRESOLVED_MANUAL_REVIEW,Diagnostic reverse replay retains a symbol not present in the official checkpoint.
2013-12-31,UNEXPECTED_IN_REPLAY,uniphos,2013-04-18,4942c0f021abcd6ed9702c343c2696ec44cfa8022c7e37448f8a78c075c4a16d,UNRESOLVED_MANUAL_REVIEW,Diagnostic reverse replay retains a symbol not present in the official checkpoint.
2013-12-31,UNEXPECTED_IN_REPLAY,welcorp,2013-04-18,4942c0f021abcd6ed9702c343c2696ec44cfa8022c7e37448f8a78c075c4a16d,UNRESOLVED_MANUAL_REVIEW,Diagnostic reverse replay retains a symbol not present in the official checkpoint.
2014-01-31,MISSING_FROM_REPLAY,bergepaint,2013-04-18,4942c0f021abcd6ed9702c343c2696ec44cfa8022c7e37448f8a78c075c4a16d,UNRESOLVED_MANUAL_REVIEW,No authoritative 2012 anchor or complete certified event chain; symbol is in the official checkpoint but absent from diagnostic replay.
2014-01-31,MISSING_FROM_REPLAY,cmc,2013-04-18,4942c0f021abcd6ed9702c343c2696ec44cfa8022c7e37448f8a78c075c4a16d,UNRESOLVED_MANUAL_REVIEW,No authoritative 2012 anchor or complete certified event chain; symbol is in the official checkpoint but absent from diagnostic replay.
2014-01-31,MISSING_FROM_REPLAY,coromandel,2013-04-18,4942c0f021abcd6ed9702c343c2696ec44cfa8022c7e37448f8a78c075c4a16d,UNRESOLVED_MANUAL_REVIEW,No authoritative 2012 anchor or complete certified event chain; symbol is in the official checkpoint but absent from diagnostic replay.
2014-01-31,MISSING_FROM_REPLAY,crisil,2013-04-18,4942c0f021abcd6ed9702c343c2696ec44cfa8022c7e37448f8a78c075c4a16d,UNRESOLVED_MANUAL_REVIEW,No authoritative 2012 anchor or complete certified event chain; symbol is in the official checkpoint but absent from diagnostic replay.
2014-01-31,MISSING_FROM_REPLAY,ibulhsgfin,2013-04-18,4942c0f021abcd6ed9702c343c2696ec44cfa8022c7e37448f8a78c075c4a16d,UNRESOLVED_MANUAL_REVIEW,No authoritative 2012 anchor or complete certified event chain; symbol is in the official checkpoint but absent from diagnostic replay.
2014-01-31,MISSING_FROM_REPLAY,infratel,2013-04-18,4942c0f021abcd6ed9702c343c2696ec44cfa8022c7e37448f8a78c075c4a16d,UNRESOLVED_MANUAL_REVIEW,No authoritative 2012 anchor or complete certified event chain; symbol is in the official checkpoint but absent from diagnostic replay.
2014-01-31,MISSING_FROM_REPLAY,mmtc,2013-04-18,4942c0f021abcd6ed9702c343c2696ec44cfa8022c7e37448f8a78c075c4a16d,UNRESOLVED_MANUAL_REVIEW,No authoritative 2012 anchor or complete certified event chain; symbol is in the official checkpoint but absent from diagnostic replay.
2014-01-31,MISSING_FROM_REPLAY,oberoirlty,2013-04-18,4942c0f021abcd6ed9702c343c2696ec44cfa8022c7e37448f8a78c075c4a16d,UNRESOLVED_MANUAL_REVIEW,No authoritative 2012 anchor or complete certified event chain; symbol is in the official checkpoint but absent from diagnostic replay.
2014-01-31,MISSING_FROM_REPLAY,pageind,2013-04-18,4942c0f021abcd6ed9702c343c2696ec44cfa8022c7e37448f8a78c075c4a16d,UNRESOLVED_MANUAL_REVIEW,No authoritative 2012 anchor or complete certified event chain; symbol is in the official checkpoint but absent from diagnostic replay.
2014-01-31,MISSING_FROM_REPLAY,ramcocem,2013-04-18,4942c0f021abcd6ed9702c343c2696ec44cfa8022c7e37448f8a78c075c4a16d,UNRESOLVED_MANUAL_REVIEW,No authoritative 2012 anchor or complete certified event chain; symbol is in the official checkpoint but absent from diagnostic replay.
2014-01-31,MISSING_FROM_REPLAY,sslt,2013-04-18,4942c0f021abcd6ed9702c343c2696ec44cfa8022c7e37448f8a78c075c4a16d,UNRESOLVED_MANUAL_REVIEW,No authoritative 2012 anchor or complete certified event chain; symbol is in the official checkpoint but absent from diagnostic replay.
2014-01-31,MISSING_FROM_REPLAY,thermax,2013-04-18,4942c0f021abcd6ed9702c343c2696ec44cfa8022c7e37448f8a78c075c4a16d,UNRESOLVED_MANUAL_REVIEW,No authoritative 2012 anchor or complete certified event chain; symbol is in the official checkpoint but absent from diagnostic replay.
2014-01-31,MISSING_FROM_REPLAY,torntpharm,2013-04-18,4942c0f021abcd6ed9702c343c2696ec44cfa8022c7e37448f8a78c075c4a16d,UNRESOLVED_MANUAL_REVIEW,No authoritative 2012 anchor or complete certified event chain; symbol is in the official checkpoint but absent from diagnostic replay.
2014-01-31,MISSING_FROM_REPLAY,upl,2013-04-18,4942c0f021abcd6ed9702c343c2696ec44cfa8022c7e37448f8a78c075c4a16d,UNRESOLVED_MANUAL_REVIEW,No authoritative 2012 anchor or complete certified event chain; symbol is in the official checkpoint but absent from diagnostic replay.
2014-01-31,MISSING_FROM_REPLAY,wipro,2013-04-18,4942c0f021abcd6ed9702c343c2696ec44cfa8022c7e37448f8a78c075c4a16d,UNRESOLVED_MANUAL_REVIEW,No authoritative 2012 anchor or complete certified event chain; symbol is in the official checkpoint but absent from diagnostic replay.
2014-01-31,UNEXPECTED_IN_REPLAY,amtekauto,2013-04-18,4942c0f021abcd6ed9702c343c2696ec44cfa8022c7e37448f8a78c075c4a16d,UNRESOLVED_MANUAL_REVIEW,Diagnostic reverse replay retains a symbol not present in the official checkpoint.
2014-01-31,UNEXPECTED_IN_REPLAY,coreedutec,2013-04-18,4942c0f021abcd6ed9702c343c2696ec44cfa8022c7e37448f8a78c075c4a16d,UNRESOLVED_MANUAL_REVIEW,Diagnostic reverse replay retains a symbol not present in the official checkpoint.
2014-01-31,UNEXPECTED_IN_REPLAY,cub,2013-04-18,4942c0f021abcd6ed9702c343c2696ec44cfa8022c7e37448f8a78c075c4a16d,UNRESOLVED_MANUAL_REVIEW,Diagnostic reverse replay retains a symbol not present in the official checkpoint.
2014-01-31,UNEXPECTED_IN_REPLAY,dhfl,2013-04-18,4942c0f021abcd6ed9702c343c2696ec44cfa8022c7e37448f8a78c075c4a16d,UNRESOLVED_MANUAL_REVIEW,Diagnostic reverse replay retains a symbol not present in the official checkpoint.
2014-01-31,UNEXPECTED_IN_REPLAY,gujratgas,2013-04-18,4942c0f021abcd6ed9702c343c2696ec44cfa8022c7e37448f8a78c075c4a16d,UNRESOLVED_MANUAL_REVIEW,Diagnostic reverse replay retains a symbol not present in the official checkpoint.
2014-01-31,UNEXPECTED_IN_REPLAY,gvkpil,2013-04-18,4942c0f021abcd6ed9702c343c2696ec44cfa8022c7e37448f8a78c075c4a16d,UNRESOLVED_MANUAL_REVIEW,Diagnostic reverse replay retains a symbol not present in the official checkpoint.
2014-01-31,UNEXPECTED_IN_REPLAY,indiainfo,2013-04-18,4942c0f021abcd6ed9702c343c2696ec44cfa8022c7e37448f8a78c075c4a16d,UNRESOLVED_MANUAL_REVIEW,Diagnostic reverse replay retains a symbol not present in the official checkpoint.
2014-01-31,UNEXPECTED_IN_REPLAY,ivrclinfra,2013-04-18,4942c0f021abcd6ed9702c343c2696ec44cfa8022c7e37448f8a78c075c4a16d,UNRESOLVED_MANUAL_REVIEW,Diagnostic reverse replay retains a symbol not present in the official checkpoint.
2014-01-31,UNEXPECTED_IN_REPLAY,jindalsaw,2013-04-18,4942c0f021abcd6ed9702c343c2696ec44cfa8022c7e37448f8a78c075c4a16d,UNRESOLVED_MANUAL_REVIEW,Diagnostic reverse replay retains a symbol not present in the official checkpoint.
2014-01-31,UNEXPECTED_IN_REPLAY,litl,2013-04-18,4942c0f021abcd6ed9702c343c2696ec44cfa8022c7e37448f8a78c075c4a16d,UNRESOLVED_MANUAL_REVIEW,Diagnostic reverse replay retains a symbol not present in the official checkpoint.
2014-01-31,UNEXPECTED_IN_REPLAY,madrascem,2013-04-18,4942c0f021abcd6ed9702c343c2696ec44cfa8022c7e37448f8a78c075c4a16d,UNRESOLVED_MANUAL_REVIEW,Diagnostic reverse replay retains a symbol not present in the official checkpoint.
2014-01-31,UNEXPECTED_IN_REPLAY,sesagoa,2013-04-18,4942c0f021abcd6ed9702c343c2696ec44cfa8022c7e37448f8a78c075c4a16d,UNRESOLVED_MANUAL_REVIEW,Diagnostic reverse replay retains a symbol not present in the official checkpoint.
2014-01-31,UNEXPECTED_IN_REPLAY,torntpower,2013-04-18,4942c0f021abcd6ed9702c343c2696ec44cfa8022c7e37448f8a78c075c4a16d,UNRESOLVED_MANUAL_REVIEW,Diagnostic reverse replay retains a symbol not present in the official checkpoint.
2014-01-31,UNEXPECTED_IN_REPLAY,uniphos,2013-04-18,4942c0f021abcd6ed9702c343c2696ec44cfa8022c7e37448f8a78c075c4a16d,UNRESOLVED_MANUAL_REVIEW,Diagnostic reverse replay retains a symbol not present in the official checkpoint.
2014-01-31,UNEXPECTED_IN_REPLAY,welcorp,2013-04-18,4942c0f021abcd6ed9702c343c2696ec44cfa8022c7e37448f8a78c075c4a16d,UNRESOLVED_MANUAL_REVIEW,Diagnostic reverse replay retains a symbol not present in the official checkpoint.
2014-02-28,MISSING_FROM_REPLAY,bergepaint,2013-04-18,4942c0f021abcd6ed9702c343c2696ec44cfa8022c7e37448f8a78c075c4a16d,UNRESOLVED_MANUAL_REVIEW,No authoritative 2012 anchor or complete certified event chain; symbol is in the official checkpoint but absent from diagnostic replay.
2014-02-28,MISSING_FROM_REPLAY,cmc,2013-04-18,4942c0f021abcd6ed9702c343c2696ec44cfa8022c7e37448f8a78c075c4a16d,UNRESOLVED_MANUAL_REVIEW,No authoritative 2012 anchor or complete certified event chain; symbol is in the official checkpoint but absent from diagnostic replay.
2014-02-28,MISSING_FROM_REPLAY,coromandel,2013-04-18,4942c0f021abcd6ed9702c343c2696ec44cfa8022c7e37448f8a78c075c4a16d,UNRESOLVED_MANUAL_REVIEW,No authoritative 2012 anchor or complete certified event chain; symbol is in the official checkpoint but absent from diagnostic replay.
2014-02-28,MISSING_FROM_REPLAY,crisil,2013-04-18,4942c0f021abcd6ed9702c343c2696ec44cfa8022c7e37448f8a78c075c4a16d,UNRESOLVED_MANUAL_REVIEW,No authoritative 2012 anchor or complete certified event chain; symbol is in the official checkpoint but absent from diagnostic replay.
2014-02-28,MISSING_FROM_REPLAY,ibulhsgfin,2013-04-18,4942c0f021abcd6ed9702c343c2696ec44cfa8022c7e37448f8a78c075c4a16d,UNRESOLVED_MANUAL_REVIEW,No authoritative 2012 anchor or complete certified event chain; symbol is in the official checkpoint but absent from diagnostic replay.
2014-02-28,MISSING_FROM_REPLAY,infratel,2013-04-18,4942c0f021abcd6ed9702c343c2696ec44cfa8022c7e37448f8a78c075c4a16d,UNRESOLVED_MANUAL_REVIEW,No authoritative 2012 anchor or complete certified event chain; symbol is in the official checkpoint but absent from diagnostic replay.
2014-02-28,MISSING_FROM_REPLAY,mmtc,2013-04-18,4942c0f021abcd6ed9702c343c2696ec44cfa8022c7e37448f8a78c075c4a16d,UNRESOLVED_MANUAL_REVIEW,No authoritative 2012 anchor or complete certified event chain; symbol is in the official checkpoint but absent from diagnostic replay.
2014-02-28,MISSING_FROM_REPLAY,oberoirlty,2013-04-18,4942c0f021abcd6ed9702c343c2696ec44cfa8022c7e37448f8a78c075c4a16d,UNRESOLVED_MANUAL_REVIEW,No authoritative 2012 anchor or complete certified event chain; symbol is in the official checkpoint but absent from diagnostic replay.
2014-02-28,MISSING_FROM_REPLAY,pageind,2013-04-18,4942c0f021abcd6ed9702c343c2696ec44cfa8022c7e37448f8a78c075c4a16d,UNRESOLVED_MANUAL_REVIEW,No authoritative 2012 anchor or complete certified event chain; symbol is in the official checkpoint but absent from diagnostic replay.
2014-02-28,MISSING_FROM_REPLAY,ramcocem,2013-04-18,4942c0f021abcd6ed9702c343c2696ec44cfa8022c7e37448f8a78c075c4a16d,UNRESOLVED_MANUAL_REVIEW,No authoritative 2012 anchor or complete certified event chain; symbol is in the official checkpoint but absent from diagnostic replay.
2014-02-28,MISSING_FROM_REPLAY,sslt,2013-04-18,4942c0f021abcd6ed9702c343c2696ec44cfa8022c7e37448f8a78c075c4a16d,UNRESOLVED_MANUAL_REVIEW,No authoritative 2012 anchor or complete certified event chain; symbol is in the official checkpoint but absent from diagnostic replay.
2014-02-28,MISSING_FROM_REPLAY,thermax,2013-04-18,4942c0f021abcd6ed9702c343c2696ec44cfa8022c7e37448f8a78c075c4a16d,UNRESOLVED_MANUAL_REVIEW,No authoritative 2012 anchor or complete certified event chain; symbol is in the official checkpoint but absent from diagnostic replay.
2014-02-28,MISSING_FROM_REPLAY,torntpharm,2013-04-18,4942c0f021abcd6ed9702c343c2696ec44cfa8022c7e37448f8a78c075c4a16d,UNRESOLVED_MANUAL_REVIEW,No authoritative 2012 anchor or complete certified event chain; symbol is in the official checkpoint but absent from diagnostic replay.
2014-02-28,MISSING_FROM_REPLAY,upl,2013-04-18,4942c0f021abcd6ed9702c343c2696ec44cfa8022c7e37448f8a78c075c4a16d,UNRESOLVED_MANUAL_REVIEW,No authoritative 2012 anchor or complete certified event chain; symbol is in the official checkpoint but absent from diagnostic replay.
2014-02-28,MISSING_FROM_REPLAY,wipro,2013-04-18,4942c0f021abcd6ed9702c343c2696ec44cfa8022c7e37448f8a78c075c4a16d,UNRESOLVED_MANUAL_REVIEW,No authoritative 2012 anchor or complete certified event chain; symbol is in the official checkpoint but absent from diagnostic replay.
2014-02-28,UNEXPECTED_IN_REPLAY,amtekauto,2013-04-18,4942c0f021abcd6ed9702c343c2696ec44cfa8022c7e37448f8a78c075c4a16d,UNRESOLVED_MANUAL_REVIEW,Diagnostic reverse replay retains a symbol not present in the official checkpoint.
2014-02-28,UNEXPECTED_IN_REPLAY,coreedutec,2013-04-18,4942c0f021abcd6ed9702c343c2696ec44cfa8022c7e37448f8a78c075c4a16d,UNRESOLVED_MANUAL_REVIEW,Diagnostic reverse replay retains a symbol not present in the official checkpoint.
2014-02-28,UNEXPECTED_IN_REPLAY,cub,2013-04-18,4942c0f021abcd6ed9702c343c2696ec44cfa8022c7e37448f8a78c075c4a16d,UNRESOLVED_MANUAL_REVIEW,Diagnostic reverse replay retains a symbol not present in the official checkpoint.
2014-02-28,UNEXPECTED_IN_REPLAY,dhfl,2013-04-18,4942c0f021abcd6ed9702c343c2696ec44cfa8022c7e37448f8a78c075c4a16d,UNRESOLVED_MANUAL_REVIEW,Diagnostic reverse replay retains a symbol not present in the official checkpoint.
2014-02-28,UNEXPECTED_IN_REPLAY,gujratgas,2013-04-18,4942c0f021abcd6ed9702c343c2696ec44cfa8022c7e37448f8a78c075c4a16d,UNRESOLVED_MANUAL_REVIEW,Diagnostic reverse replay retains a symbol not present in the official checkpoint.
2014-02-28,UNEXPECTED_IN_REPLAY,gvkpil,2013-04-18,4942c0f021abcd6ed9702c343c2696ec44cfa8022c7e37448f8a78c075c4a16d,UNRESOLVED_MANUAL_REVIEW,Diagnostic reverse replay retains a symbol not present in the official checkpoint.
2014-02-28,UNEXPECTED_IN_REPLAY,indiainfo,2013-04-18,4942c0f021abcd6ed9702c343c2696ec44cfa8022c7e37448f8a78c075c4a16d,UNRESOLVED_MANUAL_REVIEW,Diagnostic reverse replay retains a symbol not present in the official checkpoint.
2014-02-28,UNEXPECTED_IN_REPLAY,ivrclinfra,2013-04-18,4942c0f021abcd6ed9702c343c2696ec44cfa8022c7e37448f8a78c075c4a16d,UNRESOLVED_MANUAL_REVIEW,Diagnostic reverse replay retains a symbol not present in the official checkpoint.
2014-02-28,UNEXPECTED_IN_REPLAY,jindalsaw,2013-04-18,4942c0f021abcd6ed9702c343c2696ec44cfa8022c7e37448f8a78c075c4a16d,UNRESOLVED_MANUAL_REVIEW,Diagnostic reverse replay retains a symbol not present in the official checkpoint.
2014-02-28,UNEXPECTED_IN_REPLAY,litl,2013-04-18,4942c0f021abcd6ed9702c343c2696ec44cfa8022c7e37448f8a78c075c4a16d,UNRESOLVED_MANUAL_REVIEW,Diagnostic reverse replay retains a symbol not present in the official checkpoint.
2014-02-28,UNEXPECTED_IN_REPLAY,madrascem,2013-04-18,4942c0f021abcd6ed9702c343c2696ec44cfa8022c7e37448f8a78c075c4a16d,UNRESOLVED_MANUAL_REVIEW,Diagnostic reverse replay retains a symbol not present in the official checkpoint.
2014-02-28,UNEXPECTED_IN_REPLAY,sesagoa,2013-04-18,4942c0f021abcd6ed9702c343c2696ec44cfa8022c7e37448f8a78c075c4a16d,UNRESOLVED_MANUAL_REVIEW,Diagnostic reverse replay retains a symbol not present in the official checkpoint.
2014-02-28,UNEXPECTED_IN_REPLAY,torntpower,2013-04-18,4942c0f021abcd6ed9702c343c2696ec44cfa8022c7e37448f8a78c075c4a16d,UNRESOLVED_MANUAL_REVIEW,Diagnostic reverse replay retains a symbol not present in the official checkpoint.
2014-02-28,UNEXPECTED_IN_REPLAY,uniphos,2013-04-18,4942c0f021abcd6ed9702c343c2696ec44cfa8022c7e37448f8a78c075c4a16d,UNRESOLVED_MANUAL_REVIEW,Diagnostic reverse replay retains a symbol not present in the official checkpoint.
2014-02-28,UNEXPECTED_IN_REPLAY,welcorp,2013-04-18,4942c0f021abcd6ed9702c343c2696ec44cfa8022c7e37448f8a78c075c4a16d,UNRESOLVED_MANUAL_REVIEW,Diagnostic reverse replay retains a symbol not present in the official checkpoint.
2014-03-31,MISSING_FROM_REPLAY,aiaeng,2013-04-18,4942c0f021abcd6ed9702c343c2696ec44cfa8022c7e37448f8a78c075c4a16d,UNRESOLVED_MANUAL_REVIEW,No authoritative 2012 anchor or complete certified event chain; symbol is in the official checkpoint but absent from diagnostic replay.
2014-03-31,MISSING_FROM_REPLAY,arvind,2013-04-18,4942c0f021abcd6ed9702c343c2696ec44cfa8022c7e37448f8a78c075c4a16d,UNRESOLVED_MANUAL_REVIEW,No authoritative 2012 anchor or complete certified event chain; symbol is in the official checkpoint but absent from diagnostic replay.
2014-03-31,MISSING_FROM_REPLAY,bergepaint,2013-04-18,4942c0f021abcd6ed9702c343c2696ec44cfa8022c7e37448f8a78c075c4a16d,UNRESOLVED_MANUAL_REVIEW,No authoritative 2012 anchor or complete certified event chain; symbol is in the official checkpoint but absent from diagnostic replay.
2014-03-31,MISSING_FROM_REPLAY,cmc,2013-04-18,4942c0f021abcd6ed9702c343c2696ec44cfa8022c7e37448f8a78c075c4a16d,UNRESOLVED_MANUAL_REVIEW,No authoritative 2012 anchor or complete certified event chain; symbol is in the official checkpoint but absent from diagnostic replay.
2014-03-31,MISSING_FROM_REPLAY,coromandel,2013-04-18,4942c0f021abcd6ed9702c343c2696ec44cfa8022c7e37448f8a78c075c4a16d,UNRESOLVED_MANUAL_REVIEW,No authoritative 2012 anchor or complete certified event chain; symbol is in the official checkpoint but absent from diagnostic replay.
2014-03-31,MISSING_FROM_REPLAY,crisil,2013-04-18,4942c0f021abcd6ed9702c343c2696ec44cfa8022c7e37448f8a78c075c4a16d,UNRESOLVED_MANUAL_REVIEW,No authoritative 2012 anchor or complete certified event chain; symbol is in the official checkpoint but absent from diagnostic replay.
2014-03-31,MISSING_FROM_REPLAY,eclerx,2013-04-18,4942c0f021abcd6ed9702c343c2696ec44cfa8022c7e37448f8a78c075c4a16d,UNRESOLVED_MANUAL_REVIEW,No authoritative 2012 anchor or complete certified event chain; symbol is in the official checkpoint but absent from diagnostic replay.
2014-03-31,MISSING_FROM_REPLAY,gillette,2013-04-18,4942c0f021abcd6ed9702c343c2696ec44cfa8022c7e37448f8a78c075c4a16d,UNRESOLVED_MANUAL_REVIEW,No authoritative 2012 anchor or complete certified event chain; symbol is in the official checkpoint but absent from diagnostic replay.
2014-03-31,MISSING_FROM_REPLAY,gppl,2013-04-18,4942c0f021abcd6ed9702c343c2696ec44cfa8022c7e37448f8a78c075c4a16d,UNRESOLVED_MANUAL_REVIEW,No authoritative 2012 anchor or complete certified event chain; symbol is in the official checkpoint but absent from diagnostic replay.
2014-03-31,MISSING_FROM_REPLAY,ibulhsgfin,2013-04-18,4942c0f021abcd6ed9702c343c2696ec44cfa8022c7e37448f8a78c075c4a16d,UNRESOLVED_MANUAL_REVIEW,No authoritative 2012 anchor or complete certified event chain; symbol is in the official checkpoint but absent from diagnostic replay.
2014-03-31,MISSING_FROM_REPLAY,infotecent,2013-04-18,4942c0f021abcd6ed9702c343c2696ec44cfa8022c7e37448f8a78c075c4a16d,UNRESOLVED_MANUAL_REVIEW,No authoritative 2012 anchor or complete certified event chain; symbol is in the official checkpoint but absent from diagnostic replay.
2014-03-31,MISSING_FROM_REPLAY,infratel,2013-04-18,4942c0f021abcd6ed9702c343c2696ec44cfa8022c7e37448f8a78c075c4a16d,UNRESOLVED_MANUAL_REVIEW,No authoritative 2012 anchor or complete certified event chain; symbol is in the official checkpoint but absent from diagnostic replay.
2014-03-31,MISSING_FROM_REPLAY,justdial,2013-04-18,4942c0f021abcd6ed9702c343c2696ec44cfa8022c7e37448f8a78c075c4a16d,UNRESOLVED_MANUAL_REVIEW,No authoritative 2012 anchor or complete certified event chain; symbol is in the official checkpoint but absent from diagnostic replay.
2014-03-31,MISSING_FROM_REPLAY,kpit,2013-04-18,4942c0f021abcd6ed9702c343c2696ec44cfa8022c7e37448f8a78c075c4a16d,UNRESOLVED_MANUAL_REVIEW,No authoritative 2012 anchor or complete certified event chain; symbol is in the official checkpoint but absent from diagnostic replay.
2014-03-31,MISSING_FROM_REPLAY,naukri,2013-04-18,4942c0f021abcd6ed9702c343c2696ec44cfa8022c7e37448f8a78c075c4a16d,UNRESOLVED_MANUAL_REVIEW,No authoritative 2012 anchor or complete certified event chain; symbol is in the official checkpoint but absent from diagnostic replay.
2014-03-31,MISSING_FROM_REPLAY,niittech,2013-04-18,4942c0f021abcd6ed9702c343c2696ec44cfa8022c7e37448f8a78c075c4a16d,UNRESOLVED_MANUAL_REVIEW,No authoritative 2012 anchor or complete certified event chain; symbol is in the official checkpoint but absent from diagnostic replay.
2014-03-31,MISSING_FROM_REPLAY,oberoirlty,2013-04-18,4942c0f021abcd6ed9702c343c2696ec44cfa8022c7e37448f8a78c075c4a16d,UNRESOLVED_MANUAL_REVIEW,No authoritative 2012 anchor or complete certified event chain; symbol is in the official checkpoint but absent from diagnostic replay.
2014-03-31,MISSING_FROM_REPLAY,pageind,2013-04-18,4942c0f021abcd6ed9702c343c2696ec44cfa8022c7e37448f8a78c075c4a16d,UNRESOLVED_MANUAL_REVIEW,No authoritative 2012 anchor or complete certified event chain; symbol is in the official checkpoint but absent from diagnostic replay.
2014-03-31,MISSING_FROM_REPLAY,persistent,2013-04-18,4942c0f021abcd6ed9702c343c2696ec44cfa8022c7e37448f8a78c075c4a16d,UNRESOLVED_MANUAL_REVIEW,No authoritative 2012 anchor or complete certified event chain; symbol is in the official checkpoint but absent from diagnostic replay.
2014-03-31,MISSING_FROM_REPLAY,ramcocem,2013-04-18,4942c0f021abcd6ed9702c343c2696ec44cfa8022c7e37448f8a78c075c4a16d,UNRESOLVED_MANUAL_REVIEW,No authoritative 2012 anchor or complete certified event chain; symbol is in the official checkpoint but absent from diagnostic replay.
2014-03-31,MISSING_FROM_REPLAY,religare,2013-04-18,4942c0f021abcd6ed9702c343c2696ec44cfa8022c7e37448f8a78c075c4a16d,UNRESOLVED_MANUAL_REVIEW,No authoritative 2012 anchor or complete certified event chain; symbol is in the official checkpoint but absent from diagnostic replay.
2014-03-31,MISSING_FROM_REPLAY,sslt,2013-04-18,4942c0f021abcd6ed9702c343c2696ec44cfa8022c7e37448f8a78c075c4a16d,UNRESOLVED_MANUAL_REVIEW,No authoritative 2012 anchor or complete certified event chain; symbol is in the official checkpoint but absent from diagnostic replay.
2014-03-31,MISSING_FROM_REPLAY,thermax,2013-04-18,4942c0f021abcd6ed9702c343c2696ec44cfa8022c7e37448f8a78c075c4a16d,UNRESOLVED_MANUAL_REVIEW,No authoritative 2012 anchor or complete certified event chain; symbol is in the official checkpoint but absent from diagnostic replay.
2014-03-31,MISSING_FROM_REPLAY,torntpharm,2013-04-18,4942c0f021abcd6ed9702c343c2696ec44cfa8022c7e37448f8a78c075c4a16d,UNRESOLVED_MANUAL_REVIEW,No authoritative 2012 anchor or complete certified event chain; symbol is in the official checkpoint but absent from diagnostic replay.
2014-03-31,MISSING_FROM_REPLAY,trent,2013-04-18,4942c0f021abcd6ed9702c343c2696ec44cfa8022c7e37448f8a78c075c4a16d,UNRESOLVED_MANUAL_REVIEW,No authoritative 2012 anchor or complete certified event chain; symbol is in the official checkpoint but absent from diagnostic replay.
2014-03-31,MISSING_FROM_REPLAY,upl,2013-04-18,4942c0f021abcd6ed9702c343c2696ec44cfa8022c7e37448f8a78c075c4a16d,UNRESOLVED_MANUAL_REVIEW,No authoritative 2012 anchor or complete certified event chain; symbol is in the official checkpoint but absent from diagnostic replay.
2014-03-31,MISSING_FROM_REPLAY,vakrangee,2013-04-18,4942c0f021abcd6ed9702c343c2696ec44cfa8022c7e37448f8a78c075c4a16d,UNRESOLVED_MANUAL_REVIEW,No authoritative 2012 anchor or complete certified event chain; symbol is in the official checkpoint but absent from diagnostic replay.
2014-03-31,MISSING_FROM_REPLAY,wipro,2013-04-18,4942c0f021abcd6ed9702c343c2696ec44cfa8022c7e37448f8a78c075c4a16d,UNRESOLVED_MANUAL_REVIEW,No authoritative 2012 anchor or complete certified event chain; symbol is in the official checkpoint but absent from diagnostic replay.
2014-03-31,UNEXPECTED_IN_REPLAY,amtekauto,2013-04-18,4942c0f021abcd6ed9702c343c2696ec44cfa8022c7e37448f8a78c075c4a16d,UNRESOLVED_MANUAL_REVIEW,Diagnostic reverse replay retains a symbol not present in the official checkpoint.
2014-03-31,UNEXPECTED_IN_REPLAY,centralbk,2013-04-18,4942c0f021abcd6ed9702c343c2696ec44cfa8022c7e37448f8a78c075c4a16d,UNRESOLVED_MANUAL_REVIEW,Diagnostic reverse replay retains a symbol not present in the official checkpoint.
2014-03-31,UNEXPECTED_IN_REPLAY,chamblfert,2013-04-18,4942c0f021abcd6ed9702c343c2696ec44cfa8022c7e37448f8a78c075c4a16d,UNRESOLVED_MANUAL_REVIEW,Diagnostic reverse replay retains a symbol not present in the official checkpoint.
2014-03-31,UNEXPECTED_IN_REPLAY,coreedutec,2013-04-18,4942c0f021abcd6ed9702c343c2696ec44cfa8022c7e37448f8a78c075c4a16d,UNRESOLVED_MANUAL_REVIEW,Diagnostic reverse replay retains a symbol not present in the official checkpoint.
2014-03-31,UNEXPECTED_IN_REPLAY,cub,2013-04-18,4942c0f021abcd6ed9702c343c2696ec44cfa8022c7e37448f8a78c075c4a16d,UNRESOLVED_MANUAL_REVIEW,Diagnostic reverse replay retains a symbol not present in the official checkpoint.
2014-03-31,UNEXPECTED_IN_REPLAY,denabank,2013-04-18,4942c0f021abcd6ed9702c343c2696ec44cfa8022c7e37448f8a78c075c4a16d,UNRESOLVED_MANUAL_REVIEW,Diagnostic reverse replay retains a symbol not present in the official checkpoint.
2014-03-31,UNEXPECTED_IN_REPLAY,dhfl,2013-04-18,4942c0f021abcd6ed9702c343c2696ec44cfa8022c7e37448f8a78c075c4a16d,UNRESOLVED_MANUAL_REVIEW,Diagnostic reverse replay retains a symbol not present in the official checkpoint.
2014-03-31,UNEXPECTED_IN_REPLAY,finantech,2013-04-18,4942c0f021abcd6ed9702c343c2696ec44cfa8022c7e37448f8a78c075c4a16d,UNRESOLVED_MANUAL_REVIEW,Diagnostic reverse replay retains a symbol not present in the official checkpoint.
2014-03-31,UNEXPECTED_IN_REPLAY,gitanjali,2013-04-18,4942c0f021abcd6ed9702c343c2696ec44cfa8022c7e37448f8a78c075c4a16d,UNRESOLVED_MANUAL_REVIEW,Diagnostic reverse replay retains a symbol not present in the official checkpoint.
2014-03-31,UNEXPECTED_IN_REPLAY,gmdcltd,2013-04-18,4942c0f021abcd6ed9702c343c2696ec44cfa8022c7e37448f8a78c075c4a16d,UNRESOLVED_MANUAL_REVIEW,Diagnostic reverse replay retains a symbol not present in the official checkpoint.
2014-03-31,UNEXPECTED_IN_REPLAY,gujfluoro,2013-04-18,4942c0f021abcd6ed9702c343c2696ec44cfa8022c7e37448f8a78c075c4a16d,UNRESOLVED_MANUAL_REVIEW,Diagnostic reverse replay retains a symbol not present in the official checkpoint.
2014-03-31,UNEXPECTED_IN_REPLAY,gujratgas,2013-04-18,4942c0f021abcd6ed9702c343c2696ec44cfa8022c7e37448f8a78c075c4a16d,UNRESOLVED_MANUAL_REVIEW,Diagnostic reverse replay retains a symbol not present in the official checkpoint.
2014-03-31,UNEXPECTED_IN_REPLAY,gvkpil,2013-04-18,4942c0f021abcd6ed9702c343c2696ec44cfa8022c7e37448f8a78c075c4a16d,UNRESOLVED_MANUAL_REVIEW,Diagnostic reverse replay retains a symbol not present in the official checkpoint.
2014-03-31,UNEXPECTED_IN_REPLAY,hathway,2013-04-18,4942c0f021abcd6ed9702c343c2696ec44cfa8022c7e37448f8a78c075c4a16d,UNRESOLVED_MANUAL_REVIEW,Diagnostic reverse replay retains a symbol not present in the official checkpoint.
2014-03-31,UNEXPECTED_IN_REPLAY,indiainfo,2013-04-18,4942c0f021abcd6ed9702c343c2696ec44cfa8022c7e37448f8a78c075c4a16d,UNRESOLVED_MANUAL_REVIEW,Diagnostic reverse replay retains a symbol not present in the official checkpoint.
2014-03-31,UNEXPECTED_IN_REPLAY,ivrclinfra,2013-04-18,4942c0f021abcd6ed9702c343c2696ec44cfa8022c7e37448f8a78c075c4a16d,UNRESOLVED_MANUAL_REVIEW,Diagnostic reverse replay retains a symbol not present in the official checkpoint.
2014-03-31,UNEXPECTED_IN_REPLAY,jindalsaw,2013-04-18,4942c0f021abcd6ed9702c343c2696ec44cfa8022c7e37448f8a78c075c4a16d,UNRESOLVED_MANUAL_REVIEW,Diagnostic reverse replay retains a symbol not present in the official checkpoint.
2014-03-31,UNEXPECTED_IN_REPLAY,litl,2013-04-18,4942c0f021abcd6ed9702c343c2696ec44cfa8022c7e37448f8a78c075c4a16d,UNRESOLVED_MANUAL_REVIEW,Diagnostic reverse replay retains a symbol not present in the official checkpoint.
2014-03-31,UNEXPECTED_IN_REPLAY,madrascem,2013-04-18,4942c0f021abcd6ed9702c343c2696ec44cfa8022c7e37448f8a78c075c4a16d,UNRESOLVED_MANUAL_REVIEW,Diagnostic reverse replay retains a symbol not present in the official checkpoint.
2014-03-31,UNEXPECTED_IN_REPLAY,optocircui,2013-04-18,4942c0f021abcd6ed9702c343c2696ec44cfa8022c7e37448f8a78c075c4a16d,UNRESOLVED_MANUAL_REVIEW,Diagnostic reverse replay retains a symbol not present in the official checkpoint.
2014-03-31,UNEXPECTED_IN_REPLAY,orissamine,2013-04-18,4942c0f021abcd6ed9702c343c2696ec44cfa8022c7e37448f8a78c075c4a16d,UNRESOLVED_MANUAL_REVIEW,Diagnostic reverse replay retains a symbol not present in the official checkpoint.
2014-03-31,UNEXPECTED_IN_REPLAY,punjlloyd,2013-04-18,4942c0f021abcd6ed9702c343c2696ec44cfa8022c7e37448f8a78c075c4a16d,UNRESOLVED_MANUAL_REVIEW,Diagnostic reverse replay retains a symbol not present in the official checkpoint.
2014-03-31,UNEXPECTED_IN_REPLAY,sesagoa,2013-04-18,4942c0f021abcd6ed9702c343c2696ec44cfa8022c7e37448f8a78c075c4a16d,UNRESOLVED_MANUAL_REVIEW,Diagnostic reverse replay retains a symbol not present in the official checkpoint.
2014-03-31,UNEXPECTED_IN_REPLAY,shriramcit,2013-04-18,4942c0f021abcd6ed9702c343c2696ec44cfa8022c7e37448f8a78c075c4a16d,UNRESOLVED_MANUAL_REVIEW,Diagnostic reverse replay retains a symbol not present in the official checkpoint.
2014-03-31,UNEXPECTED_IN_REPLAY,sintex,2013-04-18,4942c0f021abcd6ed9702c343c2696ec44cfa8022c7e37448f8a78c075c4a16d,UNRESOLVED_MANUAL_REVIEW,Diagnostic reverse replay retains a symbol not present in the official checkpoint.
2014-03-31,UNEXPECTED_IN_REPLAY,uniphos,2013-04-18,4942c0f021abcd6ed9702c343c2696ec44cfa8022c7e37448f8a78c075c4a16d,UNRESOLVED_MANUAL_REVIEW,Diagnostic reverse replay retains a symbol not present in the official checkpoint.
2014-03-31,UNEXPECTED_IN_REPLAY,videoind,2013-04-18,4942c0f021abcd6ed9702c343c2696ec44cfa8022c7e37448f8a78c075c4a16d,UNRESOLVED_MANUAL_REVIEW,Diagnostic reverse replay retains a symbol not present in the official checkpoint.
2014-03-31,UNEXPECTED_IN_REPLAY,welcorp,2013-04-18,4942c0f021abcd6ed9702c343c2696ec44cfa8022c7e37448f8a78c075c4a16d,UNRESOLVED_MANUAL_REVIEW,Diagnostic reverse replay retains a symbol not present in the official checkpoint.
2014-04-30,MISSING_FROM_REPLAY,aiaeng,2013-04-18,4942c0f021abcd6ed9702c343c2696ec44cfa8022c7e37448f8a78c075c4a16d,UNRESOLVED_MANUAL_REVIEW,No authoritative 2012 anchor or complete certified event chain; symbol is in the official checkpoint but absent from diagnostic replay.
2014-04-30,MISSING_FROM_REPLAY,arvind,2013-04-18,4942c0f021abcd6ed9702c343c2696ec44cfa8022c7e37448f8a78c075c4a16d,UNRESOLVED_MANUAL_REVIEW,No authoritative 2012 anchor or complete certified event chain; symbol is in the official checkpoint but absent from diagnostic replay.
2014-04-30,MISSING_FROM_REPLAY,bergepaint,2013-04-18,4942c0f021abcd6ed9702c343c2696ec44cfa8022c7e37448f8a78c075c4a16d,UNRESOLVED_MANUAL_REVIEW,No authoritative 2012 anchor or complete certified event chain; symbol is in the official checkpoint but absent from diagnostic replay.
2014-04-30,MISSING_FROM_REPLAY,cmc,2013-04-18,4942c0f021abcd6ed9702c343c2696ec44cfa8022c7e37448f8a78c075c4a16d,UNRESOLVED_MANUAL_REVIEW,No authoritative 2012 anchor or complete certified event chain; symbol is in the official checkpoint but absent from diagnostic replay.
2014-04-30,MISSING_FROM_REPLAY,coromandel,2013-04-18,4942c0f021abcd6ed9702c343c2696ec44cfa8022c7e37448f8a78c075c4a16d,UNRESOLVED_MANUAL_REVIEW,No authoritative 2012 anchor or complete certified event chain; symbol is in the official checkpoint but absent from diagnostic replay.
2014-04-30,MISSING_FROM_REPLAY,crisil,2013-04-18,4942c0f021abcd6ed9702c343c2696ec44cfa8022c7e37448f8a78c075c4a16d,UNRESOLVED_MANUAL_REVIEW,No authoritative 2012 anchor or complete certified event chain; symbol is in the official checkpoint but absent from diagnostic replay.
2014-04-30,MISSING_FROM_REPLAY,eclerx,2013-04-18,4942c0f021abcd6ed9702c343c2696ec44cfa8022c7e37448f8a78c075c4a16d,UNRESOLVED_MANUAL_REVIEW,No authoritative 2012 anchor or complete certified event chain; symbol is in the official checkpoint but absent from diagnostic replay.
2014-04-30,MISSING_FROM_REPLAY,gillette,2013-04-18,4942c0f021abcd6ed9702c343c2696ec44cfa8022c7e37448f8a78c075c4a16d,UNRESOLVED_MANUAL_REVIEW,No authoritative 2012 anchor or complete certified event chain; symbol is in the official checkpoint but absent from diagnostic replay.
2014-04-30,MISSING_FROM_REPLAY,gppl,2013-04-18,4942c0f021abcd6ed9702c343c2696ec44cfa8022c7e37448f8a78c075c4a16d,UNRESOLVED_MANUAL_REVIEW,No authoritative 2012 anchor or complete certified event chain; symbol is in the official checkpoint but absent from diagnostic replay.
2014-04-30,MISSING_FROM_REPLAY,ibulhsgfin,2013-04-18,4942c0f021abcd6ed9702c343c2696ec44cfa8022c7e37448f8a78c075c4a16d,UNRESOLVED_MANUAL_REVIEW,No authoritative 2012 anchor or complete certified event chain; symbol is in the official checkpoint but absent from diagnostic replay.
2014-04-30,MISSING_FROM_REPLAY,infotecent,2013-04-18,4942c0f021abcd6ed9702c343c2696ec44cfa8022c7e37448f8a78c075c4a16d,UNRESOLVED_MANUAL_REVIEW,No authoritative 2012 anchor or complete certified event chain; symbol is in the official checkpoint but absent from diagnostic replay.
2014-04-30,MISSING_FROM_REPLAY,infratel,2013-04-18,4942c0f021abcd6ed9702c343c2696ec44cfa8022c7e37448f8a78c075c4a16d,UNRESOLVED_MANUAL_REVIEW,No authoritative 2012 anchor or complete certified event chain; symbol is in the official checkpoint but absent from diagnostic replay.
2014-04-30,MISSING_FROM_REPLAY,justdial,2013-04-18,4942c0f021abcd6ed9702c343c2696ec44cfa8022c7e37448f8a78c075c4a16d,UNRESOLVED_MANUAL_REVIEW,No authoritative 2012 anchor or complete certified event chain; symbol is in the official checkpoint but absent from diagnostic replay.
2014-04-30,MISSING_FROM_REPLAY,kpit,2013-04-18,4942c0f021abcd6ed9702c343c2696ec44cfa8022c7e37448f8a78c075c4a16d,UNRESOLVED_MANUAL_REVIEW,No authoritative 2012 anchor or complete certified event chain; symbol is in the official checkpoint but absent from diagnostic replay.
2014-04-30,MISSING_FROM_REPLAY,naukri,2013-04-18,4942c0f021abcd6ed9702c343c2696ec44cfa8022c7e37448f8a78c075c4a16d,UNRESOLVED_MANUAL_REVIEW,No authoritative 2012 anchor or complete certified event chain; symbol is in the official checkpoint but absent from diagnostic replay.
2014-04-30,MISSING_FROM_REPLAY,niittech,2013-04-18,4942c0f021abcd6ed9702c343c2696ec44cfa8022c7e37448f8a78c075c4a16d,UNRESOLVED_MANUAL_REVIEW,No authoritative 2012 anchor or complete certified event chain; symbol is in the official checkpoint but absent from diagnostic replay.
2014-04-30,MISSING_FROM_REPLAY,oberoirlty,2013-04-18,4942c0f021abcd6ed9702c343c2696ec44cfa8022c7e37448f8a78c075c4a16d,UNRESOLVED_MANUAL_REVIEW,No authoritative 2012 anchor or complete certified event chain; symbol is in the official checkpoint but absent from diagnostic replay.
2014-04-30,MISSING_FROM_REPLAY,pageind,2013-04-18,4942c0f021abcd6ed9702c343c2696ec44cfa8022c7e37448f8a78c075c4a16d,UNRESOLVED_MANUAL_REVIEW,No authoritative 2012 anchor or complete certified event chain; symbol is in the official checkpoint but absent from diagnostic replay.
2014-04-30,MISSING_FROM_REPLAY,persistent,2013-04-18,4942c0f021abcd6ed9702c343c2696ec44cfa8022c7e37448f8a78c075c4a16d,UNRESOLVED_MANUAL_REVIEW,No authoritative 2012 anchor or complete certified event chain; symbol is in the official checkpoint but absent from diagnostic replay.
2014-04-30,MISSING_FROM_REPLAY,ramcocem,2013-04-18,4942c0f021abcd6ed9702c343c2696ec44cfa8022c7e37448f8a78c075c4a16d,UNRESOLVED_MANUAL_REVIEW,No authoritative 2012 anchor or complete certified event chain; symbol is in the official checkpoint but absent from diagnostic replay.
2014-04-30,MISSING_FROM_REPLAY,religare,2013-04-18,4942c0f021abcd6ed9702c343c2696ec44cfa8022c7e37448f8a78c075c4a16d,UNRESOLVED_MANUAL_REVIEW,No authoritative 2012 anchor or complete certified event chain; symbol is in the official checkpoint but absent from diagnostic replay.
2014-04-30,MISSING_FROM_REPLAY,sslt,2013-04-18,4942c0f021abcd6ed9702c343c2696ec44cfa8022c7e37448f8a78c075c4a16d,UNRESOLVED_MANUAL_REVIEW,No authoritative 2012 anchor or complete certified event chain; symbol is in the official checkpoint but absent from diagnostic replay.
2014-04-30,MISSING_FROM_REPLAY,thermax,2013-04-18,4942c0f021abcd6ed9702c343c2696ec44cfa8022c7e37448f8a78c075c4a16d,UNRESOLVED_MANUAL_REVIEW,No authoritative 2012 anchor or complete certified event chain; symbol is in the official checkpoint but absent from diagnostic replay.
2014-04-30,MISSING_FROM_REPLAY,torntpharm,2013-04-18,4942c0f021abcd6ed9702c343c2696ec44cfa8022c7e37448f8a78c075c4a16d,UNRESOLVED_MANUAL_REVIEW,No authoritative 2012 anchor or complete certified event chain; symbol is in the official checkpoint but absent from diagnostic replay.
2014-04-30,MISSING_FROM_REPLAY,trent,2013-04-18,4942c0f021abcd6ed9702c343c2696ec44cfa8022c7e37448f8a78c075c4a16d,UNRESOLVED_MANUAL_REVIEW,No authoritative 2012 anchor or complete certified event chain; symbol is in the official checkpoint but absent from diagnostic replay.
2014-04-30,MISSING_FROM_REPLAY,upl,2013-04-18,4942c0f021abcd6ed9702c343c2696ec44cfa8022c7e37448f8a78c075c4a16d,UNRESOLVED_MANUAL_REVIEW,No authoritative 2012 anchor or complete certified event chain; symbol is in the official checkpoint but absent from diagnostic replay.
2014-04-30,MISSING_FROM_REPLAY,vakrangee,2013-04-18,4942c0f021abcd6ed9702c343c2696ec44cfa8022c7e37448f8a78c075c4a16d,UNRESOLVED_MANUAL_REVIEW,No authoritative 2012 anchor or complete certified event chain; symbol is in the official checkpoint but absent from diagnostic replay.
2014-04-30,MISSING_FROM_REPLAY,wipro,2013-04-18,4942c0f021abcd6ed9702c343c2696ec44cfa8022c7e37448f8a78c075c4a16d,UNRESOLVED_MANUAL_REVIEW,No authoritative 2012 anchor or complete certified event chain; symbol is in the official checkpoint but absent from diagnostic replay.
2014-04-30,UNEXPECTED_IN_REPLAY,amtekauto,2013-04-18,4942c0f021abcd6ed9702c343c2696ec44cfa8022c7e37448f8a78c075c4a16d,UNRESOLVED_MANUAL_REVIEW,Diagnostic reverse replay retains a symbol not present in the official checkpoint.
2014-04-30,UNEXPECTED_IN_REPLAY,centralbk,2013-04-18,4942c0f021abcd6ed9702c343c2696ec44cfa8022c7e37448f8a78c075c4a16d,UNRESOLVED_MANUAL_REVIEW,Diagnostic reverse replay retains a symbol not present in the official checkpoint.
2014-04-30,UNEXPECTED_IN_REPLAY,chamblfert,2013-04-18,4942c0f021abcd6ed9702c343c2696ec44cfa8022c7e37448f8a78c075c4a16d,UNRESOLVED_MANUAL_REVIEW,Diagnostic reverse replay retains a symbol not present in the official checkpoint.
2014-04-30,UNEXPECTED_IN_REPLAY,coreedutec,2013-04-18,4942c0f021abcd6ed9702c343c2696ec44cfa8022c7e37448f8a78c075c4a16d,UNRESOLVED_MANUAL_REVIEW,Diagnostic reverse replay retains a symbol not present in the official checkpoint.
2014-04-30,UNEXPECTED_IN_REPLAY,cub,2013-04-18,4942c0f021abcd6ed9702c343c2696ec44cfa8022c7e37448f8a78c075c4a16d,UNRESOLVED_MANUAL_REVIEW,Diagnostic reverse replay retains a symbol not present in the official checkpoint.
2014-04-30,UNEXPECTED_IN_REPLAY,denabank,2013-04-18,4942c0f021abcd6ed9702c343c2696ec44cfa8022c7e37448f8a78c075c4a16d,UNRESOLVED_MANUAL_REVIEW,Diagnostic reverse replay retains a symbol not present in the official checkpoint.
2014-04-30,UNEXPECTED_IN_REPLAY,dhfl,2013-04-18,4942c0f021abcd6ed9702c343c2696ec44cfa8022c7e37448f8a78c075c4a16d,UNRESOLVED_MANUAL_REVIEW,Diagnostic reverse replay retains a symbol not present in the official checkpoint.
2014-04-30,UNEXPECTED_IN_REPLAY,finantech,2013-04-18,4942c0f021abcd6ed9702c343c2696ec44cfa8022c7e37448f8a78c075c4a16d,UNRESOLVED_MANUAL_REVIEW,Diagnostic reverse replay retains a symbol not present in the official checkpoint.
2014-04-30,UNEXPECTED_IN_REPLAY,gitanjali,2013-04-18,4942c0f021abcd6ed9702c343c2696ec44cfa8022c7e37448f8a78c075c4a16d,UNRESOLVED_MANUAL_REVIEW,Diagnostic reverse replay retains a symbol not present in the official checkpoint.
2014-04-30,UNEXPECTED_IN_REPLAY,gmdcltd,2013-04-18,4942c0f021abcd6ed9702c343c2696ec44cfa8022c7e37448f8a78c075c4a16d,UNRESOLVED_MANUAL_REVIEW,Diagnostic reverse replay retains a symbol not present in the official checkpoint.
2014-04-30,UNEXPECTED_IN_REPLAY,gujfluoro,2013-04-18,4942c0f021abcd6ed9702c343c2696ec44cfa8022c7e37448f8a78c075c4a16d,UNRESOLVED_MANUAL_REVIEW,Diagnostic reverse replay retains a symbol not present in the official checkpoint.
2014-04-30,UNEXPECTED_IN_REPLAY,gujratgas,2013-04-18,4942c0f021abcd6ed9702c343c2696ec44cfa8022c7e37448f8a78c075c4a16d,UNRESOLVED_MANUAL_REVIEW,Diagnostic reverse replay retains a symbol not present in the official checkpoint.
2014-04-30,UNEXPECTED_IN_REPLAY,gvkpil,2013-04-18,4942c0f021abcd6ed9702c343c2696ec44cfa8022c7e37448f8a78c075c4a16d,UNRESOLVED_MANUAL_REVIEW,Diagnostic reverse replay retains a symbol not present in the official checkpoint.
2014-04-30,UNEXPECTED_IN_REPLAY,hathway,2013-04-18,4942c0f021abcd6ed9702c343c2696ec44cfa8022c7e37448f8a78c075c4a16d,UNRESOLVED_MANUAL_REVIEW,Diagnostic reverse replay retains a symbol not present in the official checkpoint.
2014-04-30,UNEXPECTED_IN_REPLAY,indiainfo,2013-04-18,4942c0f021abcd6ed9702c343c2696ec44cfa8022c7e37448f8a78c075c4a16d,UNRESOLVED_MANUAL_REVIEW,Diagnostic reverse replay retains a symbol not present in the official checkpoint.
2014-04-30,UNEXPECTED_IN_REPLAY,ivrclinfra,2013-04-18,4942c0f021abcd6ed9702c343c2696ec44cfa8022c7e37448f8a78c075c4a16d,UNRESOLVED_MANUAL_REVIEW,Diagnostic reverse replay retains a symbol not present in the official checkpoint.
2014-04-30,UNEXPECTED_IN_REPLAY,jindalsaw,2013-04-18,4942c0f021abcd6ed9702c343c2696ec44cfa8022c7e37448f8a78c075c4a16d,UNRESOLVED_MANUAL_REVIEW,Diagnostic reverse replay retains a symbol not present in the official checkpoint.
2014-04-30,UNEXPECTED_IN_REPLAY,litl,2013-04-18,4942c0f021abcd6ed9702c343c2696ec44cfa8022c7e37448f8a78c075c4a16d,UNRESOLVED_MANUAL_REVIEW,Diagnostic reverse replay retains a symbol not present in the official checkpoint.
2014-04-30,UNEXPECTED_IN_REPLAY,madrascem,2013-04-18,4942c0f021abcd6ed9702c343c2696ec44cfa8022c7e37448f8a78c075c4a16d,UNRESOLVED_MANUAL_REVIEW,Diagnostic reverse replay retains a symbol not present in the official checkpoint.
2014-04-30,UNEXPECTED_IN_REPLAY,optocircui,2013-04-18,4942c0f021abcd6ed9702c343c2696ec44cfa8022c7e37448f8a78c075c4a16d,UNRESOLVED_MANUAL_REVIEW,Diagnostic reverse replay retains a symbol not present in the official checkpoint.
2014-04-30,UNEXPECTED_IN_REPLAY,orissamine,2013-04-18,4942c0f021abcd6ed9702c343c2696ec44cfa8022c7e37448f8a78c075c4a16d,UNRESOLVED_MANUAL_REVIEW,Diagnostic reverse replay retains a symbol not present in the official checkpoint.
2014-04-30,UNEXPECTED_IN_REPLAY,punjlloyd,2013-04-18,4942c0f021abcd6ed9702c343c2696ec44cfa8022c7e37448f8a78c075c4a16d,UNRESOLVED_MANUAL_REVIEW,Diagnostic reverse replay retains a symbol not present in the official checkpoint.
2014-04-30,UNEXPECTED_IN_REPLAY,sesagoa,2013-04-18,4942c0f021abcd6ed9702c343c2696ec44cfa8022c7e37448f8a78c075c4a16d,UNRESOLVED_MANUAL_REVIEW,Diagnostic reverse replay retains a symbol not present in the official checkpoint.
2014-04-30,UNEXPECTED_IN_REPLAY,shriramcit,2013-04-18,4942c0f021abcd6ed9702c343c2696ec44cfa8022c7e37448f8a78c075c4a16d,UNRESOLVED_MANUAL_REVIEW,Diagnostic reverse replay retains a symbol not present in the official checkpoint.
2014-04-30,UNEXPECTED_IN_REPLAY,sintex,2013-04-18,4942c0f021abcd6ed9702c343c2696ec44cfa8022c7e37448f8a78c075c4a16d,UNRESOLVED_MANUAL_REVIEW,Diagnostic reverse replay retains a symbol not present in the official checkpoint.
2014-04-30,UNEXPECTED_IN_REPLAY,uniphos,2013-04-18,4942c0f021abcd6ed9702c343c2696ec44cfa8022c7e37448f8a78c075c4a16d,UNRESOLVED_MANUAL_REVIEW,Diagnostic reverse replay retains a symbol not present in the official checkpoint.
2014-04-30,UNEXPECTED_IN_REPLAY,videoind,2013-04-18,4942c0f021abcd6ed9702c343c2696ec44cfa8022c7e37448f8a78c075c4a16d,UNRESOLVED_MANUAL_REVIEW,Diagnostic reverse replay retains a symbol not present in the official checkpoint.
2014-04-30,UNEXPECTED_IN_REPLAY,welcorp,2013-04-18,4942c0f021abcd6ed9702c343c2696ec44cfa8022c7e37448f8a78c075c4a16d,UNRESOLVED_MANUAL_REVIEW,Diagnostic reverse replay retains a symbol not present in the official checkpoint.
2014-05-30,MISSING_FROM_REPLAY,aiaeng,2013-04-18,4942c0f021abcd6ed9702c343c2696ec44cfa8022c7e37448f8a78c075c4a16d,UNRESOLVED_MANUAL_REVIEW,No authoritative 2012 anchor or complete certified event chain; symbol is in the official checkpoint but absent from diagnostic replay.
2014-05-30,MISSING_FROM_REPLAY,arvind,2013-04-18,4942c0f021abcd6ed9702c343c2696ec44cfa8022c7e37448f8a78c075c4a16d,UNRESOLVED_MANUAL_REVIEW,No authoritative 2012 anchor or complete certified event chain; symbol is in the official checkpoint but absent from diagnostic replay.
2014-05-30,MISSING_FROM_REPLAY,bergepaint,2013-04-18,4942c0f021abcd6ed9702c343c2696ec44cfa8022c7e37448f8a78c075c4a16d,UNRESOLVED_MANUAL_REVIEW,No authoritative 2012 anchor or complete certified event chain; symbol is in the official checkpoint but absent from diagnostic replay.
2014-05-30,MISSING_FROM_REPLAY,cmc,2013-04-18,4942c0f021abcd6ed9702c343c2696ec44cfa8022c7e37448f8a78c075c4a16d,UNRESOLVED_MANUAL_REVIEW,No authoritative 2012 anchor or complete certified event chain; symbol is in the official checkpoint but absent from diagnostic replay.
2014-05-30,MISSING_FROM_REPLAY,coromandel,2013-04-18,4942c0f021abcd6ed9702c343c2696ec44cfa8022c7e37448f8a78c075c4a16d,UNRESOLVED_MANUAL_REVIEW,No authoritative 2012 anchor or complete certified event chain; symbol is in the official checkpoint but absent from diagnostic replay.
2014-05-30,MISSING_FROM_REPLAY,crisil,2013-04-18,4942c0f021abcd6ed9702c343c2696ec44cfa8022c7e37448f8a78c075c4a16d,UNRESOLVED_MANUAL_REVIEW,No authoritative 2012 anchor or complete certified event chain; symbol is in the official checkpoint but absent from diagnostic replay.
2014-05-30,MISSING_FROM_REPLAY,cyient,2013-04-18,4942c0f021abcd6ed9702c343c2696ec44cfa8022c7e37448f8a78c075c4a16d,UNRESOLVED_MANUAL_REVIEW,No authoritative 2012 anchor or complete certified event chain; symbol is in the official checkpoint but absent from diagnostic replay.
2014-05-30,MISSING_FROM_REPLAY,eclerx,2013-04-18,4942c0f021abcd6ed9702c343c2696ec44cfa8022c7e37448f8a78c075c4a16d,UNRESOLVED_MANUAL_REVIEW,No authoritative 2012 anchor or complete certified event chain; symbol is in the official checkpoint but absent from diagnostic replay.
2014-05-30,MISSING_FROM_REPLAY,gillette,2013-04-18,4942c0f021abcd6ed9702c343c2696ec44cfa8022c7e37448f8a78c075c4a16d,UNRESOLVED_MANUAL_REVIEW,No authoritative 2012 anchor or complete certified event chain; symbol is in the official checkpoint but absent from diagnostic replay.
2014-05-30,MISSING_FROM_REPLAY,gppl,2013-04-18,4942c0f021abcd6ed9702c343c2696ec44cfa8022c7e37448f8a78c075c4a16d,UNRESOLVED_MANUAL_REVIEW,No authoritative 2012 anchor or complete certified event chain; symbol is in the official checkpoint but absent from diagnostic replay.
2014-05-30,MISSING_FROM_REPLAY,ibulhsgfin,2013-04-18,4942c0f021abcd6ed9702c343c2696ec44cfa8022c7e37448f8a78c075c4a16d,UNRESOLVED_MANUAL_REVIEW,No authoritative 2012 anchor or complete certified event chain; symbol is in the official checkpoint but absent from diagnostic replay.
2014-05-30,MISSING_FROM_REPLAY,infratel,2013-04-18,4942c0f021abcd6ed9702c343c2696ec44cfa8022c7e37448f8a78c075c4a16d,UNRESOLVED_MANUAL_REVIEW,No authoritative 2012 anchor or complete certified event chain; symbol is in the official checkpoint but absent from diagnostic replay.
2014-05-30,MISSING_FROM_REPLAY,justdial,2013-04-18,4942c0f021abcd6ed9702c343c2696ec44cfa8022c7e37448f8a78c075c4a16d,UNRESOLVED_MANUAL_REVIEW,No authoritative 2012 anchor or complete certified event chain; symbol is in the official checkpoint but absent from diagnostic replay.
2014-05-30,MISSING_FROM_REPLAY,kpit,2013-04-18,4942c0f021abcd6ed9702c343c2696ec44cfa8022c7e37448f8a78c075c4a16d,UNRESOLVED_MANUAL_REVIEW,No authoritative 2012 anchor or complete certified event chain; symbol is in the official checkpoint but absent from diagnostic replay.
2014-05-30,MISSING_FROM_REPLAY,naukri,2013-04-18,4942c0f021abcd6ed9702c343c2696ec44cfa8022c7e37448f8a78c075c4a16d,UNRESOLVED_MANUAL_REVIEW,No authoritative 2012 anchor or complete certified event chain; symbol is in the official checkpoint but absent from diagnostic replay.
2014-05-30,MISSING_FROM_REPLAY,niittech,2013-04-18,4942c0f021abcd6ed9702c343c2696ec44cfa8022c7e37448f8a78c075c4a16d,UNRESOLVED_MANUAL_REVIEW,No authoritative 2012 anchor or complete certified event chain; symbol is in the official checkpoint but absent from diagnostic replay.
2014-05-30,MISSING_FROM_REPLAY,oberoirlty,2013-04-18,4942c0f021abcd6ed9702c343c2696ec44cfa8022c7e37448f8a78c075c4a16d,UNRESOLVED_MANUAL_REVIEW,No authoritative 2012 anchor or complete certified event chain; symbol is in the official checkpoint but absent from diagnostic replay.
2014-05-30,MISSING_FROM_REPLAY,pageind,2013-04-18,4942c0f021abcd6ed9702c343c2696ec44cfa8022c7e37448f8a78c075c4a16d,UNRESOLVED_MANUAL_REVIEW,No authoritative 2012 anchor or complete certified event chain; symbol is in the official checkpoint but absent from diagnostic replay.
2014-05-30,MISSING_FROM_REPLAY,persistent,2013-04-18,4942c0f021abcd6ed9702c343c2696ec44cfa8022c7e37448f8a78c075c4a16d,UNRESOLVED_MANUAL_REVIEW,No authoritative 2012 anchor or complete certified event chain; symbol is in the official checkpoint but absent from diagnostic replay.
2014-05-30,MISSING_FROM_REPLAY,ramcocem,2013-04-18,4942c0f021abcd6ed9702c343c2696ec44cfa8022c7e37448f8a78c075c4a16d,UNRESOLVED_MANUAL_REVIEW,No authoritative 2012 anchor or complete certified event chain; symbol is in the official checkpoint but absent from diagnostic replay.
2014-05-30,MISSING_FROM_REPLAY,religare,2013-04-18,4942c0f021abcd6ed9702c343c2696ec44cfa8022c7e37448f8a78c075c4a16d,UNRESOLVED_MANUAL_REVIEW,No authoritative 2012 anchor or complete certified event chain; symbol is in the official checkpoint but absent from diagnostic replay.
2014-05-30,MISSING_FROM_REPLAY,sslt,2013-04-18,4942c0f021abcd6ed9702c343c2696ec44cfa8022c7e37448f8a78c075c4a16d,UNRESOLVED_MANUAL_REVIEW,No authoritative 2012 anchor or complete certified event chain; symbol is in the official checkpoint but absent from diagnostic replay.
2014-05-30,MISSING_FROM_REPLAY,thermax,2013-04-18,4942c0f021abcd6ed9702c343c2696ec44cfa8022c7e37448f8a78c075c4a16d,UNRESOLVED_MANUAL_REVIEW,No authoritative 2012 anchor or complete certified event chain; symbol is in the official checkpoint but absent from diagnostic replay.
2014-05-30,MISSING_FROM_REPLAY,torntpharm,2013-04-18,4942c0f021abcd6ed9702c343c2696ec44cfa8022c7e37448f8a78c075c4a16d,UNRESOLVED_MANUAL_REVIEW,No authoritative 2012 anchor or complete certified event chain; symbol is in the official checkpoint but absent from diagnostic replay.
2014-05-30,MISSING_FROM_REPLAY,trent,2013-04-18,4942c0f021abcd6ed9702c343c2696ec44cfa8022c7e37448f8a78c075c4a16d,UNRESOLVED_MANUAL_REVIEW,No authoritative 2012 anchor or complete certified event chain; symbol is in the official checkpoint but absent from diagnostic replay.
2014-05-30,MISSING_FROM_REPLAY,upl,2013-04-18,4942c0f021abcd6ed9702c343c2696ec44cfa8022c7e37448f8a78c075c4a16d,UNRESOLVED_MANUAL_REVIEW,No authoritative 2012 anchor or complete certified event chain; symbol is in the official checkpoint but absent from diagnostic replay.
2014-05-30,MISSING_FROM_REPLAY,vakrangee,2013-04-18,4942c0f021abcd6ed9702c343c2696ec44cfa8022c7e37448f8a78c075c4a16d,UNRESOLVED_MANUAL_REVIEW,No authoritative 2012 anchor or complete certified event chain; symbol is in the official checkpoint but absent from diagnostic replay.
2014-05-30,MISSING_FROM_REPLAY,wipro,2013-04-18,4942c0f021abcd6ed9702c343c2696ec44cfa8022c7e37448f8a78c075c4a16d,UNRESOLVED_MANUAL_REVIEW,No authoritative 2012 anchor or complete certified event chain; symbol is in the official checkpoint but absent from diagnostic replay.
2014-05-30,UNEXPECTED_IN_REPLAY,amtekauto,2013-04-18,4942c0f021abcd6ed9702c343c2696ec44cfa8022c7e37448f8a78c075c4a16d,UNRESOLVED_MANUAL_REVIEW,Diagnostic reverse replay retains a symbol not present in the official checkpoint.
2014-05-30,UNEXPECTED_IN_REPLAY,centralbk,2013-04-18,4942c0f021abcd6ed9702c343c2696ec44cfa8022c7e37448f8a78c075c4a16d,UNRESOLVED_MANUAL_REVIEW,Diagnostic reverse replay retains a symbol not present in the official checkpoint.
2014-05-30,UNEXPECTED_IN_REPLAY,chamblfert,2013-04-18,4942c0f021abcd6ed9702c343c2696ec44cfa8022c7e37448f8a78c075c4a16d,UNRESOLVED_MANUAL_REVIEW,Diagnostic reverse replay retains a symbol not present in the official checkpoint.
2014-05-30,UNEXPECTED_IN_REPLAY,coreedutec,2013-04-18,4942c0f021abcd6ed9702c343c2696ec44cfa8022c7e37448f8a78c075c4a16d,UNRESOLVED_MANUAL_REVIEW,Diagnostic reverse replay retains a symbol not present in the official checkpoint.
2014-05-30,UNEXPECTED_IN_REPLAY,cub,2013-04-18,4942c0f021abcd6ed9702c343c2696ec44cfa8022c7e37448f8a78c075c4a16d,UNRESOLVED_MANUAL_REVIEW,Diagnostic reverse replay retains a symbol not present in the official checkpoint.
2014-05-30,UNEXPECTED_IN_REPLAY,denabank,2013-04-18,4942c0f021abcd6ed9702c343c2696ec44cfa8022c7e37448f8a78c075c4a16d,UNRESOLVED_MANUAL_REVIEW,Diagnostic reverse replay retains a symbol not present in the official checkpoint.
2014-05-30,UNEXPECTED_IN_REPLAY,dhfl,2013-04-18,4942c0f021abcd6ed9702c343c2696ec44cfa8022c7e37448f8a78c075c4a16d,UNRESOLVED_MANUAL_REVIEW,Diagnostic reverse replay retains a symbol not present in the official checkpoint.
2014-05-30,UNEXPECTED_IN_REPLAY,finantech,2013-04-18,4942c0f021abcd6ed9702c343c2696ec44cfa8022c7e37448f8a78c075c4a16d,UNRESOLVED_MANUAL_REVIEW,Diagnostic reverse replay retains a symbol not present in the official checkpoint.
2014-05-30,UNEXPECTED_IN_REPLAY,gitanjali,2013-04-18,4942c0f021abcd6ed9702c343c2696ec44cfa8022c7e37448f8a78c075c4a16d,UNRESOLVED_MANUAL_REVIEW,Diagnostic reverse replay retains a symbol not present in the official checkpoint.
2014-05-30,UNEXPECTED_IN_REPLAY,gmdcltd,2013-04-18,4942c0f021abcd6ed9702c343c2696ec44cfa8022c7e37448f8a78c075c4a16d,UNRESOLVED_MANUAL_REVIEW,Diagnostic reverse replay retains a symbol not present in the official checkpoint.
2014-05-30,UNEXPECTED_IN_REPLAY,gujfluoro,2013-04-18,4942c0f021abcd6ed9702c343c2696ec44cfa8022c7e37448f8a78c075c4a16d,UNRESOLVED_MANUAL_REVIEW,Diagnostic reverse replay retains a symbol not present in the official checkpoint.
2014-05-30,UNEXPECTED_IN_REPLAY,gujratgas,2013-04-18,4942c0f021abcd6ed9702c343c2696ec44cfa8022c7e37448f8a78c075c4a16d,UNRESOLVED_MANUAL_REVIEW,Diagnostic reverse replay retains a symbol not present in the official checkpoint.
2014-05-30,UNEXPECTED_IN_REPLAY,gvkpil,2013-04-18,4942c0f021abcd6ed9702c343c2696ec44cfa8022c7e37448f8a78c075c4a16d,UNRESOLVED_MANUAL_REVIEW,Diagnostic reverse replay retains a symbol not present in the official checkpoint.
2014-05-30,UNEXPECTED_IN_REPLAY,hathway,2013-04-18,4942c0f021abcd6ed9702c343c2696ec44cfa8022c7e37448f8a78c075c4a16d,UNRESOLVED_MANUAL_REVIEW,Diagnostic reverse replay retains a symbol not present in the official checkpoint.
2014-05-30,UNEXPECTED_IN_REPLAY,indiainfo,2013-04-18,4942c0f021abcd6ed9702c343c2696ec44cfa8022c7e37448f8a78c075c4a16d,UNRESOLVED_MANUAL_REVIEW,Diagnostic reverse replay retains a symbol not present in the official checkpoint.
2014-05-30,UNEXPECTED_IN_REPLAY,ivrclinfra,2013-04-18,4942c0f021abcd6ed9702c343c2696ec44cfa8022c7e37448f8a78c075c4a16d,UNRESOLVED_MANUAL_REVIEW,Diagnostic reverse replay retains a symbol not present in the official checkpoint.
2014-05-30,UNEXPECTED_IN_REPLAY,jindalsaw,2013-04-18,4942c0f021abcd6ed9702c343c2696ec44cfa8022c7e37448f8a78c075c4a16d,UNRESOLVED_MANUAL_REVIEW,Diagnostic reverse replay retains a symbol not present in the official checkpoint.
2014-05-30,UNEXPECTED_IN_REPLAY,litl,2013-04-18,4942c0f021abcd6ed9702c343c2696ec44cfa8022c7e37448f8a78c075c4a16d,UNRESOLVED_MANUAL_REVIEW,Diagnostic reverse replay retains a symbol not present in the official checkpoint.
2014-05-30,UNEXPECTED_IN_REPLAY,madrascem,2013-04-18,4942c0f021abcd6ed9702c343c2696ec44cfa8022c7e37448f8a78c075c4a16d,UNRESOLVED_MANUAL_REVIEW,Diagnostic reverse replay retains a symbol not present in the official checkpoint.
2014-05-30,UNEXPECTED_IN_REPLAY,optocircui,2013-04-18,4942c0f021abcd6ed9702c343c2696ec44cfa8022c7e37448f8a78c075c4a16d,UNRESOLVED_MANUAL_REVIEW,Diagnostic reverse replay retains a symbol not present in the official checkpoint.
2014-05-30,UNEXPECTED_IN_REPLAY,orissamine,2013-04-18,4942c0f021abcd6ed9702c343c2696ec44cfa8022c7e37448f8a78c075c4a16d,UNRESOLVED_MANUAL_REVIEW,Diagnostic reverse replay retains a symbol not present in the official checkpoint.
2014-05-30,UNEXPECTED_IN_REPLAY,punjlloyd,2013-04-18,4942c0f021abcd6ed9702c343c2696ec44cfa8022c7e37448f8a78c075c4a16d,UNRESOLVED_MANUAL_REVIEW,Diagnostic reverse replay retains a symbol not present in the official checkpoint.
2014-05-30,UNEXPECTED_IN_REPLAY,sesagoa,2013-04-18,4942c0f021abcd6ed9702c343c2696ec44cfa8022c7e37448f8a78c075c4a16d,UNRESOLVED_MANUAL_REVIEW,Diagnostic reverse replay retains a symbol not present in the official checkpoint.
2014-05-30,UNEXPECTED_IN_REPLAY,shriramcit,2013-04-18,4942c0f021abcd6ed9702c343c2696ec44cfa8022c7e37448f8a78c075c4a16d,UNRESOLVED_MANUAL_REVIEW,Diagnostic reverse replay retains a symbol not present in the official checkpoint.
2014-05-30,UNEXPECTED_IN_REPLAY,sintex,2013-04-18,4942c0f021abcd6ed9702c343c2696ec44cfa8022c7e37448f8a78c075c4a16d,UNRESOLVED_MANUAL_REVIEW,Diagnostic reverse replay retains a symbol not present in the official checkpoint.
2014-05-30,UNEXPECTED_IN_REPLAY,uniphos,2013-04-18,4942c0f021abcd6ed9702c343c2696ec44cfa8022c7e37448f8a78c075c4a16d,UNRESOLVED_MANUAL_REVIEW,Diagnostic reverse replay retains a symbol not present in the official checkpoint.
2014-05-30,UNEXPECTED_IN_REPLAY,videoind,2013-04-18,4942c0f021abcd6ed9702c343c2696ec44cfa8022c7e37448f8a78c075c4a16d,UNRESOLVED_MANUAL_REVIEW,Diagnostic reverse replay retains a symbol not present in the official checkpoint.
2014-05-30,UNEXPECTED_IN_REPLAY,welcorp,2013-04-18,4942c0f021abcd6ed9702c343c2696ec44cfa8022c7e37448f8a78c075c4a16d,UNRESOLVED_MANUAL_REVIEW,Diagnostic reverse replay retains a symbol not present in the official checkpoint.
2014-06-30,MISSING_FROM_REPLAY,aiaeng,2013-04-18,4942c0f021abcd6ed9702c343c2696ec44cfa8022c7e37448f8a78c075c4a16d,UNRESOLVED_MANUAL_REVIEW,No authoritative 2012 anchor or complete certified event chain; symbol is in the official checkpoint but absent from diagnostic replay.
2014-06-30,MISSING_FROM_REPLAY,arvind,2013-04-18,4942c0f021abcd6ed9702c343c2696ec44cfa8022c7e37448f8a78c075c4a16d,UNRESOLVED_MANUAL_REVIEW,No authoritative 2012 anchor or complete certified event chain; symbol is in the official checkpoint but absent from diagnostic replay.
2014-06-30,MISSING_FROM_REPLAY,bergepaint,2013-04-18,4942c0f021abcd6ed9702c343c2696ec44cfa8022c7e37448f8a78c075c4a16d,UNRESOLVED_MANUAL_REVIEW,No authoritative 2012 anchor or complete certified event chain; symbol is in the official checkpoint but absent from diagnostic replay.
2014-06-30,MISSING_FROM_REPLAY,cmc,2013-04-18,4942c0f021abcd6ed9702c343c2696ec44cfa8022c7e37448f8a78c075c4a16d,UNRESOLVED_MANUAL_REVIEW,No authoritative 2012 anchor or complete certified event chain; symbol is in the official checkpoint but absent from diagnostic replay.
2014-06-30,MISSING_FROM_REPLAY,coromandel,2013-04-18,4942c0f021abcd6ed9702c343c2696ec44cfa8022c7e37448f8a78c075c4a16d,UNRESOLVED_MANUAL_REVIEW,No authoritative 2012 anchor or complete certified event chain; symbol is in the official checkpoint but absent from diagnostic replay.
2014-06-30,MISSING_FROM_REPLAY,crisil,2013-04-18,4942c0f021abcd6ed9702c343c2696ec44cfa8022c7e37448f8a78c075c4a16d,UNRESOLVED_MANUAL_REVIEW,No authoritative 2012 anchor or complete certified event chain; symbol is in the official checkpoint but absent from diagnostic replay.
2014-06-30,MISSING_FROM_REPLAY,cyient,2013-04-18,4942c0f021abcd6ed9702c343c2696ec44cfa8022c7e37448f8a78c075c4a16d,UNRESOLVED_MANUAL_REVIEW,No authoritative 2012 anchor or complete certified event chain; symbol is in the official checkpoint but absent from diagnostic replay.
2014-06-30,MISSING_FROM_REPLAY,eclerx,2013-04-18,4942c0f021abcd6ed9702c343c2696ec44cfa8022c7e37448f8a78c075c4a16d,UNRESOLVED_MANUAL_REVIEW,No authoritative 2012 anchor or complete certified event chain; symbol is in the official checkpoint but absent from diagnostic replay.
2014-06-30,MISSING_FROM_REPLAY,gillette,2013-04-18,4942c0f021abcd6ed9702c343c2696ec44cfa8022c7e37448f8a78c075c4a16d,UNRESOLVED_MANUAL_REVIEW,No authoritative 2012 anchor or complete certified event chain; symbol is in the official checkpoint but absent from diagnostic replay.
2014-06-30,MISSING_FROM_REPLAY,gppl,2013-04-18,4942c0f021abcd6ed9702c343c2696ec44cfa8022c7e37448f8a78c075c4a16d,UNRESOLVED_MANUAL_REVIEW,No authoritative 2012 anchor or complete certified event chain; symbol is in the official checkpoint but absent from diagnostic replay.
2014-06-30,MISSING_FROM_REPLAY,ibulhsgfin,2013-04-18,4942c0f021abcd6ed9702c343c2696ec44cfa8022c7e37448f8a78c075c4a16d,UNRESOLVED_MANUAL_REVIEW,No authoritative 2012 anchor or complete certified event chain; symbol is in the official checkpoint but absent from diagnostic replay.
2014-06-30,MISSING_FROM_REPLAY,infratel,2013-04-18,4942c0f021abcd6ed9702c343c2696ec44cfa8022c7e37448f8a78c075c4a16d,UNRESOLVED_MANUAL_REVIEW,No authoritative 2012 anchor or complete certified event chain; symbol is in the official checkpoint but absent from diagnostic replay.
2014-06-30,MISSING_FROM_REPLAY,justdial,2013-04-18,4942c0f021abcd6ed9702c343c2696ec44cfa8022c7e37448f8a78c075c4a16d,UNRESOLVED_MANUAL_REVIEW,No authoritative 2012 anchor or complete certified event chain; symbol is in the official checkpoint but absent from diagnostic replay.
2014-06-30,MISSING_FROM_REPLAY,kpit,2013-04-18,4942c0f021abcd6ed9702c343c2696ec44cfa8022c7e37448f8a78c075c4a16d,UNRESOLVED_MANUAL_REVIEW,No authoritative 2012 anchor or complete certified event chain; symbol is in the official checkpoint but absent from diagnostic replay.
2014-06-30,MISSING_FROM_REPLAY,naukri,2013-04-18,4942c0f021abcd6ed9702c343c2696ec44cfa8022c7e37448f8a78c075c4a16d,UNRESOLVED_MANUAL_REVIEW,No authoritative 2012 anchor or complete certified event chain; symbol is in the official checkpoint but absent from diagnostic replay.
2014-06-30,MISSING_FROM_REPLAY,niittech,2013-04-18,4942c0f021abcd6ed9702c343c2696ec44cfa8022c7e37448f8a78c075c4a16d,UNRESOLVED_MANUAL_REVIEW,No authoritative 2012 anchor or complete certified event chain; symbol is in the official checkpoint but absent from diagnostic replay.
2014-06-30,MISSING_FROM_REPLAY,oberoirlty,2013-04-18,4942c0f021abcd6ed9702c343c2696ec44cfa8022c7e37448f8a78c075c4a16d,UNRESOLVED_MANUAL_REVIEW,No authoritative 2012 anchor or complete certified event chain; symbol is in the official checkpoint but absent from diagnostic replay.
2014-06-30,MISSING_FROM_REPLAY,pageind,2013-04-18,4942c0f021abcd6ed9702c343c2696ec44cfa8022c7e37448f8a78c075c4a16d,UNRESOLVED_MANUAL_REVIEW,No authoritative 2012 anchor or complete certified event chain; symbol is in the official checkpoint but absent from diagnostic replay.
2014-06-30,MISSING_FROM_REPLAY,persistent,2013-04-18,4942c0f021abcd6ed9702c343c2696ec44cfa8022c7e37448f8a78c075c4a16d,UNRESOLVED_MANUAL_REVIEW,No authoritative 2012 anchor or complete certified event chain; symbol is in the official checkpoint but absent from diagnostic replay.
2014-06-30,MISSING_FROM_REPLAY,ramcocem,2013-04-18,4942c0f021abcd6ed9702c343c2696ec44cfa8022c7e37448f8a78c075c4a16d,UNRESOLVED_MANUAL_REVIEW,No authoritative 2012 anchor or complete certified event chain; symbol is in the official checkpoint but absent from diagnostic replay.
2014-06-30,MISSING_FROM_REPLAY,religare,2013-04-18,4942c0f021abcd6ed9702c343c2696ec44cfa8022c7e37448f8a78c075c4a16d,UNRESOLVED_MANUAL_REVIEW,No authoritative 2012 anchor or complete certified event chain; symbol is in the official checkpoint but absent from diagnostic replay.
2014-06-30,MISSING_FROM_REPLAY,sslt,2013-04-18,4942c0f021abcd6ed9702c343c2696ec44cfa8022c7e37448f8a78c075c4a16d,UNRESOLVED_MANUAL_REVIEW,No authoritative 2012 anchor or complete certified event chain; symbol is in the official checkpoint but absent from diagnostic replay.
2014-06-30,MISSING_FROM_REPLAY,thermax,2013-04-18,4942c0f021abcd6ed9702c343c2696ec44cfa8022c7e37448f8a78c075c4a16d,UNRESOLVED_MANUAL_REVIEW,No authoritative 2012 anchor or complete certified event chain; symbol is in the official checkpoint but absent from diagnostic replay.
2014-06-30,MISSING_FROM_REPLAY,torntpharm,2013-04-18,4942c0f021abcd6ed9702c343c2696ec44cfa8022c7e37448f8a78c075c4a16d,UNRESOLVED_MANUAL_REVIEW,No authoritative 2012 anchor or complete certified event chain; symbol is in the official checkpoint but absent from diagnostic replay.
2014-06-30,MISSING_FROM_REPLAY,trent,2013-04-18,4942c0f021abcd6ed9702c343c2696ec44cfa8022c7e37448f8a78c075c4a16d,UNRESOLVED_MANUAL_REVIEW,No authoritative 2012 anchor or complete certified event chain; symbol is in the official checkpoint but absent from diagnostic replay.
2014-06-30,MISSING_FROM_REPLAY,upl,2013-04-18,4942c0f021abcd6ed9702c343c2696ec44cfa8022c7e37448f8a78c075c4a16d,UNRESOLVED_MANUAL_REVIEW,No authoritative 2012 anchor or complete certified event chain; symbol is in the official checkpoint but absent from diagnostic replay.
2014-06-30,MISSING_FROM_REPLAY,vakrangee,2013-04-18,4942c0f021abcd6ed9702c343c2696ec44cfa8022c7e37448f8a78c075c4a16d,UNRESOLVED_MANUAL_REVIEW,No authoritative 2012 anchor or complete certified event chain; symbol is in the official checkpoint but absent from diagnostic replay.
2014-06-30,MISSING_FROM_REPLAY,wipro,2013-04-18,4942c0f021abcd6ed9702c343c2696ec44cfa8022c7e37448f8a78c075c4a16d,UNRESOLVED_MANUAL_REVIEW,No authoritative 2012 anchor or complete certified event chain; symbol is in the official checkpoint but absent from diagnostic replay.
2014-06-30,UNEXPECTED_IN_REPLAY,amtekauto,2013-04-18,4942c0f021abcd6ed9702c343c2696ec44cfa8022c7e37448f8a78c075c4a16d,UNRESOLVED_MANUAL_REVIEW,Diagnostic reverse replay retains a symbol not present in the official checkpoint.
2014-06-30,UNEXPECTED_IN_REPLAY,centralbk,2013-04-18,4942c0f021abcd6ed9702c343c2696ec44cfa8022c7e37448f8a78c075c4a16d,UNRESOLVED_MANUAL_REVIEW,Diagnostic reverse replay retains a symbol not present in the official checkpoint.
2014-06-30,UNEXPECTED_IN_REPLAY,chamblfert,2013-04-18,4942c0f021abcd6ed9702c343c2696ec44cfa8022c7e37448f8a78c075c4a16d,UNRESOLVED_MANUAL_REVIEW,Diagnostic reverse replay retains a symbol not present in the official checkpoint.
2014-06-30,UNEXPECTED_IN_REPLAY,coreedutec,2013-04-18,4942c0f021abcd6ed9702c343c2696ec44cfa8022c7e37448f8a78c075c4a16d,UNRESOLVED_MANUAL_REVIEW,Diagnostic reverse replay retains a symbol not present in the official checkpoint.
2014-06-30,UNEXPECTED_IN_REPLAY,cub,2013-04-18,4942c0f021abcd6ed9702c343c2696ec44cfa8022c7e37448f8a78c075c4a16d,UNRESOLVED_MANUAL_REVIEW,Diagnostic reverse replay retains a symbol not present in the official checkpoint.
2014-06-30,UNEXPECTED_IN_REPLAY,denabank,2013-04-18,4942c0f021abcd6ed9702c343c2696ec44cfa8022c7e37448f8a78c075c4a16d,UNRESOLVED_MANUAL_REVIEW,Diagnostic reverse replay retains a symbol not present in the official checkpoint.
2014-06-30,UNEXPECTED_IN_REPLAY,dhfl,2013-04-18,4942c0f021abcd6ed9702c343c2696ec44cfa8022c7e37448f8a78c075c4a16d,UNRESOLVED_MANUAL_REVIEW,Diagnostic reverse replay retains a symbol not present in the official checkpoint.
2014-06-30,UNEXPECTED_IN_REPLAY,finantech,2013-04-18,4942c0f021abcd6ed9702c343c2696ec44cfa8022c7e37448f8a78c075c4a16d,UNRESOLVED_MANUAL_REVIEW,Diagnostic reverse replay retains a symbol not present in the official checkpoint.
2014-06-30,UNEXPECTED_IN_REPLAY,gitanjali,2013-04-18,4942c0f021abcd6ed9702c343c2696ec44cfa8022c7e37448f8a78c075c4a16d,UNRESOLVED_MANUAL_REVIEW,Diagnostic reverse replay retains a symbol not present in the official checkpoint.
2014-06-30,UNEXPECTED_IN_REPLAY,gmdcltd,2013-04-18,4942c0f021abcd6ed9702c343c2696ec44cfa8022c7e37448f8a78c075c4a16d,UNRESOLVED_MANUAL_REVIEW,Diagnostic reverse replay retains a symbol not present in the official checkpoint.
2014-06-30,UNEXPECTED_IN_REPLAY,gujfluoro,2013-04-18,4942c0f021abcd6ed9702c343c2696ec44cfa8022c7e37448f8a78c075c4a16d,UNRESOLVED_MANUAL_REVIEW,Diagnostic reverse replay retains a symbol not present in the official checkpoint.
2014-06-30,UNEXPECTED_IN_REPLAY,gujratgas,2013-04-18,4942c0f021abcd6ed9702c343c2696ec44cfa8022c7e37448f8a78c075c4a16d,UNRESOLVED_MANUAL_REVIEW,Diagnostic reverse replay retains a symbol not present in the official checkpoint.
2014-06-30,UNEXPECTED_IN_REPLAY,gvkpil,2013-04-18,4942c0f021abcd6ed9702c343c2696ec44cfa8022c7e37448f8a78c075c4a16d,UNRESOLVED_MANUAL_REVIEW,Diagnostic reverse replay retains a symbol not present in the official checkpoint.
2014-06-30,UNEXPECTED_IN_REPLAY,hathway,2013-04-18,4942c0f021abcd6ed9702c343c2696ec44cfa8022c7e37448f8a78c075c4a16d,UNRESOLVED_MANUAL_REVIEW,Diagnostic reverse replay retains a symbol not present in the official checkpoint.
2014-06-30,UNEXPECTED_IN_REPLAY,indiainfo,2013-04-18,4942c0f021abcd6ed9702c343c2696ec44cfa8022c7e37448f8a78c075c4a16d,UNRESOLVED_MANUAL_REVIEW,Diagnostic reverse replay retains a symbol not present in the official checkpoint.
2014-06-30,UNEXPECTED_IN_REPLAY,ivrclinfra,2013-04-18,4942c0f021abcd6ed9702c343c2696ec44cfa8022c7e37448f8a78c075c4a16d,UNRESOLVED_MANUAL_REVIEW,Diagnostic reverse replay retains a symbol not present in the official checkpoint.
2014-06-30,UNEXPECTED_IN_REPLAY,jindalsaw,2013-04-18,4942c0f021abcd6ed9702c343c2696ec44cfa8022c7e37448f8a78c075c4a16d,UNRESOLVED_MANUAL_REVIEW,Diagnostic reverse replay retains a symbol not present in the official checkpoint.
2014-06-30,UNEXPECTED_IN_REPLAY,litl,2013-04-18,4942c0f021abcd6ed9702c343c2696ec44cfa8022c7e37448f8a78c075c4a16d,UNRESOLVED_MANUAL_REVIEW,Diagnostic reverse replay retains a symbol not present in the official checkpoint.
2014-06-30,UNEXPECTED_IN_REPLAY,madrascem,2013-04-18,4942c0f021abcd6ed9702c343c2696ec44cfa8022c7e37448f8a78c075c4a16d,UNRESOLVED_MANUAL_REVIEW,Diagnostic reverse replay retains a symbol not present in the official checkpoint.
2014-06-30,UNEXPECTED_IN_REPLAY,optocircui,2013-04-18,4942c0f021abcd6ed9702c343c2696ec44cfa8022c7e37448f8a78c075c4a16d,UNRESOLVED_MANUAL_REVIEW,Diagnostic reverse replay retains a symbol not present in the official checkpoint.
2014-06-30,UNEXPECTED_IN_REPLAY,orissamine,2013-04-18,4942c0f021abcd6ed9702c343c2696ec44cfa8022c7e37448f8a78c075c4a16d,UNRESOLVED_MANUAL_REVIEW,Diagnostic reverse replay retains a symbol not present in the official checkpoint.
2014-06-30,UNEXPECTED_IN_REPLAY,punjlloyd,2013-04-18,4942c0f021abcd6ed9702c343c2696ec44cfa8022c7e37448f8a78c075c4a16d,UNRESOLVED_MANUAL_REVIEW,Diagnostic reverse replay retains a symbol not present in the official checkpoint.
2014-06-30,UNEXPECTED_IN_REPLAY,sesagoa,2013-04-18,4942c0f021abcd6ed9702c343c2696ec44cfa8022c7e37448f8a78c075c4a16d,UNRESOLVED_MANUAL_REVIEW,Diagnostic reverse replay retains a symbol not present in the official checkpoint.
2014-06-30,UNEXPECTED_IN_REPLAY,shriramcit,2013-04-18,4942c0f021abcd6ed9702c343c2696ec44cfa8022c7e37448f8a78c075c4a16d,UNRESOLVED_MANUAL_REVIEW,Diagnostic reverse replay retains a symbol not present in the official checkpoint.
2014-06-30,UNEXPECTED_IN_REPLAY,sintex,2013-04-18,4942c0f021abcd6ed9702c343c2696ec44cfa8022c7e37448f8a78c075c4a16d,UNRESOLVED_MANUAL_REVIEW,Diagnostic reverse replay retains a symbol not present in the official checkpoint.
2014-06-30,UNEXPECTED_IN_REPLAY,uniphos,2013-04-18,4942c0f021abcd6ed9702c343c2696ec44cfa8022c7e37448f8a78c075c4a16d,UNRESOLVED_MANUAL_REVIEW,Diagnostic reverse replay retains a symbol not present in the official checkpoint.
2014-06-30,UNEXPECTED_IN_REPLAY,videoind,2013-04-18,4942c0f021abcd6ed9702c343c2696ec44cfa8022c7e37448f8a78c075c4a16d,UNRESOLVED_MANUAL_REVIEW,Diagnostic reverse replay retains a symbol not present in the official checkpoint.
2014-06-30,UNEXPECTED_IN_REPLAY,welcorp,2013-04-18,4942c0f021abcd6ed9702c343c2696ec44cfa8022c7e37448f8a78c075c4a16d,UNRESOLVED_MANUAL_REVIEW,Diagnostic reverse replay retains a symbol not present in the official checkpoint.
2014-07-31,MISSING_FROM_REPLAY,aiaeng,2013-04-18,4942c0f021abcd6ed9702c343c2696ec44cfa8022c7e37448f8a78c075c4a16d,UNRESOLVED_MANUAL_REVIEW,No authoritative 2012 anchor or complete certified event chain; symbol is in the official checkpoint but absent from diagnostic replay.
2014-07-31,MISSING_FROM_REPLAY,arvind,2013-04-18,4942c0f021abcd6ed9702c343c2696ec44cfa8022c7e37448f8a78c075c4a16d,UNRESOLVED_MANUAL_REVIEW,No authoritative 2012 anchor or complete certified event chain; symbol is in the official checkpoint but absent from diagnostic replay.
2014-07-31,MISSING_FROM_REPLAY,bergepaint,2013-04-18,4942c0f021abcd6ed9702c343c2696ec44cfa8022c7e37448f8a78c075c4a16d,UNRESOLVED_MANUAL_REVIEW,No authoritative 2012 anchor or complete certified event chain; symbol is in the official checkpoint but absent from diagnostic replay.
2014-07-31,MISSING_FROM_REPLAY,cmc,2013-04-18,4942c0f021abcd6ed9702c343c2696ec44cfa8022c7e37448f8a78c075c4a16d,UNRESOLVED_MANUAL_REVIEW,No authoritative 2012 anchor or complete certified event chain; symbol is in the official checkpoint but absent from diagnostic replay.
2014-07-31,MISSING_FROM_REPLAY,coromandel,2013-04-18,4942c0f021abcd6ed9702c343c2696ec44cfa8022c7e37448f8a78c075c4a16d,UNRESOLVED_MANUAL_REVIEW,No authoritative 2012 anchor or complete certified event chain; symbol is in the official checkpoint but absent from diagnostic replay.
2014-07-31,MISSING_FROM_REPLAY,crisil,2013-04-18,4942c0f021abcd6ed9702c343c2696ec44cfa8022c7e37448f8a78c075c4a16d,UNRESOLVED_MANUAL_REVIEW,No authoritative 2012 anchor or complete certified event chain; symbol is in the official checkpoint but absent from diagnostic replay.
2014-07-31,MISSING_FROM_REPLAY,cyient,2013-04-18,4942c0f021abcd6ed9702c343c2696ec44cfa8022c7e37448f8a78c075c4a16d,UNRESOLVED_MANUAL_REVIEW,No authoritative 2012 anchor or complete certified event chain; symbol is in the official checkpoint but absent from diagnostic replay.
2014-07-31,MISSING_FROM_REPLAY,eclerx,2013-04-18,4942c0f021abcd6ed9702c343c2696ec44cfa8022c7e37448f8a78c075c4a16d,UNRESOLVED_MANUAL_REVIEW,No authoritative 2012 anchor or complete certified event chain; symbol is in the official checkpoint but absent from diagnostic replay.
2014-07-31,MISSING_FROM_REPLAY,gillette,2013-04-18,4942c0f021abcd6ed9702c343c2696ec44cfa8022c7e37448f8a78c075c4a16d,UNRESOLVED_MANUAL_REVIEW,No authoritative 2012 anchor or complete certified event chain; symbol is in the official checkpoint but absent from diagnostic replay.
2014-07-31,MISSING_FROM_REPLAY,gppl,2013-04-18,4942c0f021abcd6ed9702c343c2696ec44cfa8022c7e37448f8a78c075c4a16d,UNRESOLVED_MANUAL_REVIEW,No authoritative 2012 anchor or complete certified event chain; symbol is in the official checkpoint but absent from diagnostic replay.
2014-07-31,MISSING_FROM_REPLAY,ibulhsgfin,2013-04-18,4942c0f021abcd6ed9702c343c2696ec44cfa8022c7e37448f8a78c075c4a16d,UNRESOLVED_MANUAL_REVIEW,No authoritative 2012 anchor or complete certified event chain; symbol is in the official checkpoint but absent from diagnostic replay.
2014-07-31,MISSING_FROM_REPLAY,infratel,2013-04-18,4942c0f021abcd6ed9702c343c2696ec44cfa8022c7e37448f8a78c075c4a16d,UNRESOLVED_MANUAL_REVIEW,No authoritative 2012 anchor or complete certified event chain; symbol is in the official checkpoint but absent from diagnostic replay.
2014-07-31,MISSING_FROM_REPLAY,justdial,2013-04-18,4942c0f021abcd6ed9702c343c2696ec44cfa8022c7e37448f8a78c075c4a16d,UNRESOLVED_MANUAL_REVIEW,No authoritative 2012 anchor or complete certified event chain; symbol is in the official checkpoint but absent from diagnostic replay.
2014-07-31,MISSING_FROM_REPLAY,kpit,2013-04-18,4942c0f021abcd6ed9702c343c2696ec44cfa8022c7e37448f8a78c075c4a16d,UNRESOLVED_MANUAL_REVIEW,No authoritative 2012 anchor or complete certified event chain; symbol is in the official checkpoint but absent from diagnostic replay.
2014-07-31,MISSING_FROM_REPLAY,naukri,2013-04-18,4942c0f021abcd6ed9702c343c2696ec44cfa8022c7e37448f8a78c075c4a16d,UNRESOLVED_MANUAL_REVIEW,No authoritative 2012 anchor or complete certified event chain; symbol is in the official checkpoint but absent from diagnostic replay.
2014-07-31,MISSING_FROM_REPLAY,niittech,2013-04-18,4942c0f021abcd6ed9702c343c2696ec44cfa8022c7e37448f8a78c075c4a16d,UNRESOLVED_MANUAL_REVIEW,No authoritative 2012 anchor or complete certified event chain; symbol is in the official checkpoint but absent from diagnostic replay.
2014-07-31,MISSING_FROM_REPLAY,oberoirlty,2013-04-18,4942c0f021abcd6ed9702c343c2696ec44cfa8022c7e37448f8a78c075c4a16d,UNRESOLVED_MANUAL_REVIEW,No authoritative 2012 anchor or complete certified event chain; symbol is in the official checkpoint but absent from diagnostic replay.
2014-07-31,MISSING_FROM_REPLAY,pageind,2013-04-18,4942c0f021abcd6ed9702c343c2696ec44cfa8022c7e37448f8a78c075c4a16d,UNRESOLVED_MANUAL_REVIEW,No authoritative 2012 anchor or complete certified event chain; symbol is in the official checkpoint but absent from diagnostic replay.
2014-07-31,MISSING_FROM_REPLAY,persistent,2013-04-18,4942c0f021abcd6ed9702c343c2696ec44cfa8022c7e37448f8a78c075c4a16d,UNRESOLVED_MANUAL_REVIEW,No authoritative 2012 anchor or complete certified event chain; symbol is in the official checkpoint but absent from diagnostic replay.
2014-07-31,MISSING_FROM_REPLAY,ramcocem,2013-04-18,4942c0f021abcd6ed9702c343c2696ec44cfa8022c7e37448f8a78c075c4a16d,UNRESOLVED_MANUAL_REVIEW,No authoritative 2012 anchor or complete certified event chain; symbol is in the official checkpoint but absent from diagnostic replay.
2014-07-31,MISSING_FROM_REPLAY,religare,2013-04-18,4942c0f021abcd6ed9702c343c2696ec44cfa8022c7e37448f8a78c075c4a16d,UNRESOLVED_MANUAL_REVIEW,No authoritative 2012 anchor or complete certified event chain; symbol is in the official checkpoint but absent from diagnostic replay.
2014-07-31,MISSING_FROM_REPLAY,sslt,2013-04-18,4942c0f021abcd6ed9702c343c2696ec44cfa8022c7e37448f8a78c075c4a16d,UNRESOLVED_MANUAL_REVIEW,No authoritative 2012 anchor or complete certified event chain; symbol is in the official checkpoint but absent from diagnostic replay.
2014-07-31,MISSING_FROM_REPLAY,thermax,2013-04-18,4942c0f021abcd6ed9702c343c2696ec44cfa8022c7e37448f8a78c075c4a16d,UNRESOLVED_MANUAL_REVIEW,No authoritative 2012 anchor or complete certified event chain; symbol is in the official checkpoint but absent from diagnostic replay.
2014-07-31,MISSING_FROM_REPLAY,torntpharm,2013-04-18,4942c0f021abcd6ed9702c343c2696ec44cfa8022c7e37448f8a78c075c4a16d,UNRESOLVED_MANUAL_REVIEW,No authoritative 2012 anchor or complete certified event chain; symbol is in the official checkpoint but absent from diagnostic replay.
2014-07-31,MISSING_FROM_REPLAY,trent,2013-04-18,4942c0f021abcd6ed9702c343c2696ec44cfa8022c7e37448f8a78c075c4a16d,UNRESOLVED_MANUAL_REVIEW,No authoritative 2012 anchor or complete certified event chain; symbol is in the official checkpoint but absent from diagnostic replay.
2014-07-31,MISSING_FROM_REPLAY,upl,2013-04-18,4942c0f021abcd6ed9702c343c2696ec44cfa8022c7e37448f8a78c075c4a16d,UNRESOLVED_MANUAL_REVIEW,No authoritative 2012 anchor or complete certified event chain; symbol is in the official checkpoint but absent from diagnostic replay.
2014-07-31,MISSING_FROM_REPLAY,vakrangee,2013-04-18,4942c0f021abcd6ed9702c343c2696ec44cfa8022c7e37448f8a78c075c4a16d,UNRESOLVED_MANUAL_REVIEW,No authoritative 2012 anchor or complete certified event chain; symbol is in the official checkpoint but absent from diagnostic replay.
2014-07-31,MISSING_FROM_REPLAY,wipro,2013-04-18,4942c0f021abcd6ed9702c343c2696ec44cfa8022c7e37448f8a78c075c4a16d,UNRESOLVED_MANUAL_REVIEW,No authoritative 2012 anchor or complete certified event chain; symbol is in the official checkpoint but absent from diagnostic replay.
2014-07-31,UNEXPECTED_IN_REPLAY,amtekauto,2013-04-18,4942c0f021abcd6ed9702c343c2696ec44cfa8022c7e37448f8a78c075c4a16d,UNRESOLVED_MANUAL_REVIEW,Diagnostic reverse replay retains a symbol not present in the official checkpoint.
2014-07-31,UNEXPECTED_IN_REPLAY,centralbk,2013-04-18,4942c0f021abcd6ed9702c343c2696ec44cfa8022c7e37448f8a78c075c4a16d,UNRESOLVED_MANUAL_REVIEW,Diagnostic reverse replay retains a symbol not present in the official checkpoint.
2014-07-31,UNEXPECTED_IN_REPLAY,chamblfert,2013-04-18,4942c0f021abcd6ed9702c343c2696ec44cfa8022c7e37448f8a78c075c4a16d,UNRESOLVED_MANUAL_REVIEW,Diagnostic reverse replay retains a symbol not present in the official checkpoint.
2014-07-31,UNEXPECTED_IN_REPLAY,coreedutec,2013-04-18,4942c0f021abcd6ed9702c343c2696ec44cfa8022c7e37448f8a78c075c4a16d,UNRESOLVED_MANUAL_REVIEW,Diagnostic reverse replay retains a symbol not present in the official checkpoint.
2014-07-31,UNEXPECTED_IN_REPLAY,cub,2013-04-18,4942c0f021abcd6ed9702c343c2696ec44cfa8022c7e37448f8a78c075c4a16d,UNRESOLVED_MANUAL_REVIEW,Diagnostic reverse replay retains a symbol not present in the official checkpoint.
2014-07-31,UNEXPECTED_IN_REPLAY,denabank,2013-04-18,4942c0f021abcd6ed9702c343c2696ec44cfa8022c7e37448f8a78c075c4a16d,UNRESOLVED_MANUAL_REVIEW,Diagnostic reverse replay retains a symbol not present in the official checkpoint.
2014-07-31,UNEXPECTED_IN_REPLAY,dhfl,2013-04-18,4942c0f021abcd6ed9702c343c2696ec44cfa8022c7e37448f8a78c075c4a16d,UNRESOLVED_MANUAL_REVIEW,Diagnostic reverse replay retains a symbol not present in the official checkpoint.
2014-07-31,UNEXPECTED_IN_REPLAY,finantech,2013-04-18,4942c0f021abcd6ed9702c343c2696ec44cfa8022c7e37448f8a78c075c4a16d,UNRESOLVED_MANUAL_REVIEW,Diagnostic reverse replay retains a symbol not present in the official checkpoint.
2014-07-31,UNEXPECTED_IN_REPLAY,gitanjali,2013-04-18,4942c0f021abcd6ed9702c343c2696ec44cfa8022c7e37448f8a78c075c4a16d,UNRESOLVED_MANUAL_REVIEW,Diagnostic reverse replay retains a symbol not present in the official checkpoint.
2014-07-31,UNEXPECTED_IN_REPLAY,gmdcltd,2013-04-18,4942c0f021abcd6ed9702c343c2696ec44cfa8022c7e37448f8a78c075c4a16d,UNRESOLVED_MANUAL_REVIEW,Diagnostic reverse replay retains a symbol not present in the official checkpoint.
2014-07-31,UNEXPECTED_IN_REPLAY,gujfluoro,2013-04-18,4942c0f021abcd6ed9702c343c2696ec44cfa8022c7e37448f8a78c075c4a16d,UNRESOLVED_MANUAL_REVIEW,Diagnostic reverse replay retains a symbol not present in the official checkpoint.
2014-07-31,UNEXPECTED_IN_REPLAY,gujratgas,2013-04-18,4942c0f021abcd6ed9702c343c2696ec44cfa8022c7e37448f8a78c075c4a16d,UNRESOLVED_MANUAL_REVIEW,Diagnostic reverse replay retains a symbol not present in the official checkpoint.
2014-07-31,UNEXPECTED_IN_REPLAY,gvkpil,2013-04-18,4942c0f021abcd6ed9702c343c2696ec44cfa8022c7e37448f8a78c075c4a16d,UNRESOLVED_MANUAL_REVIEW,Diagnostic reverse replay retains a symbol not present in the official checkpoint.
2014-07-31,UNEXPECTED_IN_REPLAY,hathway,2013-04-18,4942c0f021abcd6ed9702c343c2696ec44cfa8022c7e37448f8a78c075c4a16d,UNRESOLVED_MANUAL_REVIEW,Diagnostic reverse replay retains a symbol not present in the official checkpoint.
2014-07-31,UNEXPECTED_IN_REPLAY,indiainfo,2013-04-18,4942c0f021abcd6ed9702c343c2696ec44cfa8022c7e37448f8a78c075c4a16d,UNRESOLVED_MANUAL_REVIEW,Diagnostic reverse replay retains a symbol not present in the official checkpoint.
2014-07-31,UNEXPECTED_IN_REPLAY,ivrclinfra,2013-04-18,4942c0f021abcd6ed9702c343c2696ec44cfa8022c7e37448f8a78c075c4a16d,UNRESOLVED_MANUAL_REVIEW,Diagnostic reverse replay retains a symbol not present in the official checkpoint.
2014-07-31,UNEXPECTED_IN_REPLAY,jindalsaw,2013-04-18,4942c0f021abcd6ed9702c343c2696ec44cfa8022c7e37448f8a78c075c4a16d,UNRESOLVED_MANUAL_REVIEW,Diagnostic reverse replay retains a symbol not present in the official checkpoint.
2014-07-31,UNEXPECTED_IN_REPLAY,litl,2013-04-18,4942c0f021abcd6ed9702c343c2696ec44cfa8022c7e37448f8a78c075c4a16d,UNRESOLVED_MANUAL_REVIEW,Diagnostic reverse replay retains a symbol not present in the official checkpoint.
2014-07-31,UNEXPECTED_IN_REPLAY,madrascem,2013-04-18,4942c0f021abcd6ed9702c343c2696ec44cfa8022c7e37448f8a78c075c4a16d,UNRESOLVED_MANUAL_REVIEW,Diagnostic reverse replay retains a symbol not present in the official checkpoint.
2014-07-31,UNEXPECTED_IN_REPLAY,optocircui,2013-04-18,4942c0f021abcd6ed9702c343c2696ec44cfa8022c7e37448f8a78c075c4a16d,UNRESOLVED_MANUAL_REVIEW,Diagnostic reverse replay retains a symbol not present in the official checkpoint.
2014-07-31,UNEXPECTED_IN_REPLAY,orissamine,2013-04-18,4942c0f021abcd6ed9702c343c2696ec44cfa8022c7e37448f8a78c075c4a16d,UNRESOLVED_MANUAL_REVIEW,Diagnostic reverse replay retains a symbol not present in the official checkpoint.
2014-07-31,UNEXPECTED_IN_REPLAY,punjlloyd,2013-04-18,4942c0f021abcd6ed9702c343c2696ec44cfa8022c7e37448f8a78c075c4a16d,UNRESOLVED_MANUAL_REVIEW,Diagnostic reverse replay retains a symbol not present in the official checkpoint.
2014-07-31,UNEXPECTED_IN_REPLAY,sesagoa,2013-04-18,4942c0f021abcd6ed9702c343c2696ec44cfa8022c7e37448f8a78c075c4a16d,UNRESOLVED_MANUAL_REVIEW,Diagnostic reverse replay retains a symbol not present in the official checkpoint.
2014-07-31,UNEXPECTED_IN_REPLAY,shriramcit,2013-04-18,4942c0f021abcd6ed9702c343c2696ec44cfa8022c7e37448f8a78c075c4a16d,UNRESOLVED_MANUAL_REVIEW,Diagnostic reverse replay retains a symbol not present in the official checkpoint.
2014-07-31,UNEXPECTED_IN_REPLAY,sintex,2013-04-18,4942c0f021abcd6ed9702c343c2696ec44cfa8022c7e37448f8a78c075c4a16d,UNRESOLVED_MANUAL_REVIEW,Diagnostic reverse replay retains a symbol not present in the official checkpoint.
2014-07-31,UNEXPECTED_IN_REPLAY,uniphos,2013-04-18,4942c0f021abcd6ed9702c343c2696ec44cfa8022c7e37448f8a78c075c4a16d,UNRESOLVED_MANUAL_REVIEW,Diagnostic reverse replay retains a symbol not present in the official checkpoint.
2014-07-31,UNEXPECTED_IN_REPLAY,videoind,2013-04-18,4942c0f021abcd6ed9702c343c2696ec44cfa8022c7e37448f8a78c075c4a16d,UNRESOLVED_MANUAL_REVIEW,Diagnostic reverse replay retains a symbol not present in the official checkpoint.
2014-07-31,UNEXPECTED_IN_REPLAY,welcorp,2013-04-18,4942c0f021abcd6ed9702c343c2696ec44cfa8022c7e37448f8a78c075c4a16d,UNRESOLVED_MANUAL_REVIEW,Diagnostic reverse replay retains a symbol not present in the official checkpoint.
2014-08-28,MISSING_FROM_REPLAY,aiaeng,2013-04-18,4942c0f021abcd6ed9702c343c2696ec44cfa8022c7e37448f8a78c075c4a16d,UNRESOLVED_MANUAL_REVIEW,No authoritative 2012 anchor or complete certified event chain; symbol is in the official checkpoint but absent from diagnostic replay.
2014-08-28,MISSING_FROM_REPLAY,arvind,2013-04-18,4942c0f021abcd6ed9702c343c2696ec44cfa8022c7e37448f8a78c075c4a16d,UNRESOLVED_MANUAL_REVIEW,No authoritative 2012 anchor or complete certified event chain; symbol is in the official checkpoint but absent from diagnostic replay.
2014-08-28,MISSING_FROM_REPLAY,bergepaint,2013-04-18,4942c0f021abcd6ed9702c343c2696ec44cfa8022c7e37448f8a78c075c4a16d,UNRESOLVED_MANUAL_REVIEW,No authoritative 2012 anchor or complete certified event chain; symbol is in the official checkpoint but absent from diagnostic replay.
2014-08-28,MISSING_FROM_REPLAY,cmc,2013-04-18,4942c0f021abcd6ed9702c343c2696ec44cfa8022c7e37448f8a78c075c4a16d,UNRESOLVED_MANUAL_REVIEW,No authoritative 2012 anchor or complete certified event chain; symbol is in the official checkpoint but absent from diagnostic replay.
2014-08-28,MISSING_FROM_REPLAY,coromandel,2013-04-18,4942c0f021abcd6ed9702c343c2696ec44cfa8022c7e37448f8a78c075c4a16d,UNRESOLVED_MANUAL_REVIEW,No authoritative 2012 anchor or complete certified event chain; symbol is in the official checkpoint but absent from diagnostic replay.
2014-08-28,MISSING_FROM_REPLAY,crisil,2013-04-18,4942c0f021abcd6ed9702c343c2696ec44cfa8022c7e37448f8a78c075c4a16d,UNRESOLVED_MANUAL_REVIEW,No authoritative 2012 anchor or complete certified event chain; symbol is in the official checkpoint but absent from diagnostic replay.
2014-08-28,MISSING_FROM_REPLAY,cyient,2013-04-18,4942c0f021abcd6ed9702c343c2696ec44cfa8022c7e37448f8a78c075c4a16d,UNRESOLVED_MANUAL_REVIEW,No authoritative 2012 anchor or complete certified event chain; symbol is in the official checkpoint but absent from diagnostic replay.
2014-08-28,MISSING_FROM_REPLAY,eclerx,2013-04-18,4942c0f021abcd6ed9702c343c2696ec44cfa8022c7e37448f8a78c075c4a16d,UNRESOLVED_MANUAL_REVIEW,No authoritative 2012 anchor or complete certified event chain; symbol is in the official checkpoint but absent from diagnostic replay.
2014-08-28,MISSING_FROM_REPLAY,gillette,2013-04-18,4942c0f021abcd6ed9702c343c2696ec44cfa8022c7e37448f8a78c075c4a16d,UNRESOLVED_MANUAL_REVIEW,No authoritative 2012 anchor or complete certified event chain; symbol is in the official checkpoint but absent from diagnostic replay.
2014-08-28,MISSING_FROM_REPLAY,gppl,2013-04-18,4942c0f021abcd6ed9702c343c2696ec44cfa8022c7e37448f8a78c075c4a16d,UNRESOLVED_MANUAL_REVIEW,No authoritative 2012 anchor or complete certified event chain; symbol is in the official checkpoint but absent from diagnostic replay.
2014-08-28,MISSING_FROM_REPLAY,ibulhsgfin,2013-04-18,4942c0f021abcd6ed9702c343c2696ec44cfa8022c7e37448f8a78c075c4a16d,UNRESOLVED_MANUAL_REVIEW,No authoritative 2012 anchor or complete certified event chain; symbol is in the official checkpoint but absent from diagnostic replay.
2014-08-28,MISSING_FROM_REPLAY,infratel,2013-04-18,4942c0f021abcd6ed9702c343c2696ec44cfa8022c7e37448f8a78c075c4a16d,UNRESOLVED_MANUAL_REVIEW,No authoritative 2012 anchor or complete certified event chain; symbol is in the official checkpoint but absent from diagnostic replay.
2014-08-28,MISSING_FROM_REPLAY,justdial,2013-04-18,4942c0f021abcd6ed9702c343c2696ec44cfa8022c7e37448f8a78c075c4a16d,UNRESOLVED_MANUAL_REVIEW,No authoritative 2012 anchor or complete certified event chain; symbol is in the official checkpoint but absent from diagnostic replay.
2014-08-28,MISSING_FROM_REPLAY,kpit,2013-04-18,4942c0f021abcd6ed9702c343c2696ec44cfa8022c7e37448f8a78c075c4a16d,UNRESOLVED_MANUAL_REVIEW,No authoritative 2012 anchor or complete certified event chain; symbol is in the official checkpoint but absent from diagnostic replay.
2014-08-28,MISSING_FROM_REPLAY,naukri,2013-04-18,4942c0f021abcd6ed9702c343c2696ec44cfa8022c7e37448f8a78c075c4a16d,UNRESOLVED_MANUAL_REVIEW,No authoritative 2012 anchor or complete certified event chain; symbol is in the official checkpoint but absent from diagnostic replay.
2014-08-28,MISSING_FROM_REPLAY,niittech,2013-04-18,4942c0f021abcd6ed9702c343c2696ec44cfa8022c7e37448f8a78c075c4a16d,UNRESOLVED_MANUAL_REVIEW,No authoritative 2012 anchor or complete certified event chain; symbol is in the official checkpoint but absent from diagnostic replay.
2014-08-28,MISSING_FROM_REPLAY,oberoirlty,2013-04-18,4942c0f021abcd6ed9702c343c2696ec44cfa8022c7e37448f8a78c075c4a16d,UNRESOLVED_MANUAL_REVIEW,No authoritative 2012 anchor or complete certified event chain; symbol is in the official checkpoint but absent from diagnostic replay.
2014-08-28,MISSING_FROM_REPLAY,pageind,2013-04-18,4942c0f021abcd6ed9702c343c2696ec44cfa8022c7e37448f8a78c075c4a16d,UNRESOLVED_MANUAL_REVIEW,No authoritative 2012 anchor or complete certified event chain; symbol is in the official checkpoint but absent from diagnostic replay.
2014-08-28,MISSING_FROM_REPLAY,persistent,2013-04-18,4942c0f021abcd6ed9702c343c2696ec44cfa8022c7e37448f8a78c075c4a16d,UNRESOLVED_MANUAL_REVIEW,No authoritative 2012 anchor or complete certified event chain; symbol is in the official checkpoint but absent from diagnostic replay.
2014-08-28,MISSING_FROM_REPLAY,ramcocem,2013-04-18,4942c0f021abcd6ed9702c343c2696ec44cfa8022c7e37448f8a78c075c4a16d,UNRESOLVED_MANUAL_REVIEW,No authoritative 2012 anchor or complete certified event chain; symbol is in the official checkpoint but absent from diagnostic replay.
2014-08-28,MISSING_FROM_REPLAY,religare,2013-04-18,4942c0f021abcd6ed9702c343c2696ec44cfa8022c7e37448f8a78c075c4a16d,UNRESOLVED_MANUAL_REVIEW,No authoritative 2012 anchor or complete certified event chain; symbol is in the official checkpoint but absent from diagnostic replay.
2014-08-28,MISSING_FROM_REPLAY,sslt,2013-04-18,4942c0f021abcd6ed9702c343c2696ec44cfa8022c7e37448f8a78c075c4a16d,UNRESOLVED_MANUAL_REVIEW,No authoritative 2012 anchor or complete certified event chain; symbol is in the official checkpoint but absent from diagnostic replay.
2014-08-28,MISSING_FROM_REPLAY,thermax,2013-04-18,4942c0f021abcd6ed9702c343c2696ec44cfa8022c7e37448f8a78c075c4a16d,UNRESOLVED_MANUAL_REVIEW,No authoritative 2012 anchor or complete certified event chain; symbol is in the official checkpoint but absent from diagnostic replay.
2014-08-28,MISSING_FROM_REPLAY,torntpharm,2013-04-18,4942c0f021abcd6ed9702c343c2696ec44cfa8022c7e37448f8a78c075c4a16d,UNRESOLVED_MANUAL_REVIEW,No authoritative 2012 anchor or complete certified event chain; symbol is in the official checkpoint but absent from diagnostic replay.
2014-08-28,MISSING_FROM_REPLAY,trent,2013-04-18,4942c0f021abcd6ed9702c343c2696ec44cfa8022c7e37448f8a78c075c4a16d,UNRESOLVED_MANUAL_REVIEW,No authoritative 2012 anchor or complete certified event chain; symbol is in the official checkpoint but absent from diagnostic replay.
2014-08-28,MISSING_FROM_REPLAY,upl,2013-04-18,4942c0f021abcd6ed9702c343c2696ec44cfa8022c7e37448f8a78c075c4a16d,UNRESOLVED_MANUAL_REVIEW,No authoritative 2012 anchor or complete certified event chain; symbol is in the official checkpoint but absent from diagnostic replay.
2014-08-28,MISSING_FROM_REPLAY,vakrangee,2013-04-18,4942c0f021abcd6ed9702c343c2696ec44cfa8022c7e37448f8a78c075c4a16d,UNRESOLVED_MANUAL_REVIEW,No authoritative 2012 anchor or complete certified event chain; symbol is in the official checkpoint but absent from diagnostic replay.
2014-08-28,MISSING_FROM_REPLAY,wipro,2013-04-18,4942c0f021abcd6ed9702c343c2696ec44cfa8022c7e37448f8a78c075c4a16d,UNRESOLVED_MANUAL_REVIEW,No authoritative 2012 anchor or complete certified event chain; symbol is in the official checkpoint but absent from diagnostic replay.
2014-08-28,UNEXPECTED_IN_REPLAY,amtekauto,2013-04-18,4942c0f021abcd6ed9702c343c2696ec44cfa8022c7e37448f8a78c075c4a16d,UNRESOLVED_MANUAL_REVIEW,Diagnostic reverse replay retains a symbol not present in the official checkpoint.
2014-08-28,UNEXPECTED_IN_REPLAY,centralbk,2013-04-18,4942c0f021abcd6ed9702c343c2696ec44cfa8022c7e37448f8a78c075c4a16d,UNRESOLVED_MANUAL_REVIEW,Diagnostic reverse replay retains a symbol not present in the official checkpoint.
2014-08-28,UNEXPECTED_IN_REPLAY,chamblfert,2013-04-18,4942c0f021abcd6ed9702c343c2696ec44cfa8022c7e37448f8a78c075c4a16d,UNRESOLVED_MANUAL_REVIEW,Diagnostic reverse replay retains a symbol not present in the official checkpoint.
2014-08-28,UNEXPECTED_IN_REPLAY,coreedutec,2013-04-18,4942c0f021abcd6ed9702c343c2696ec44cfa8022c7e37448f8a78c075c4a16d,UNRESOLVED_MANUAL_REVIEW,Diagnostic reverse replay retains a symbol not present in the official checkpoint.
2014-08-28,UNEXPECTED_IN_REPLAY,cub,2013-04-18,4942c0f021abcd6ed9702c343c2696ec44cfa8022c7e37448f8a78c075c4a16d,UNRESOLVED_MANUAL_REVIEW,Diagnostic reverse replay retains a symbol not present in the official checkpoint.
2014-08-28,UNEXPECTED_IN_REPLAY,denabank,2013-04-18,4942c0f021abcd6ed9702c343c2696ec44cfa8022c7e37448f8a78c075c4a16d,UNRESOLVED_MANUAL_REVIEW,Diagnostic reverse replay retains a symbol not present in the official checkpoint.
2014-08-28,UNEXPECTED_IN_REPLAY,dhfl,2013-04-18,4942c0f021abcd6ed9702c343c2696ec44cfa8022c7e37448f8a78c075c4a16d,UNRESOLVED_MANUAL_REVIEW,Diagnostic reverse replay retains a symbol not present in the official checkpoint.
2014-08-28,UNEXPECTED_IN_REPLAY,finantech,2013-04-18,4942c0f021abcd6ed9702c343c2696ec44cfa8022c7e37448f8a78c075c4a16d,UNRESOLVED_MANUAL_REVIEW,Diagnostic reverse replay retains a symbol not present in the official checkpoint.
2014-08-28,UNEXPECTED_IN_REPLAY,gitanjali,2013-04-18,4942c0f021abcd6ed9702c343c2696ec44cfa8022c7e37448f8a78c075c4a16d,UNRESOLVED_MANUAL_REVIEW,Diagnostic reverse replay retains a symbol not present in the official checkpoint.
2014-08-28,UNEXPECTED_IN_REPLAY,gmdcltd,2013-04-18,4942c0f021abcd6ed9702c343c2696ec44cfa8022c7e37448f8a78c075c4a16d,UNRESOLVED_MANUAL_REVIEW,Diagnostic reverse replay retains a symbol not present in the official checkpoint.
2014-08-28,UNEXPECTED_IN_REPLAY,gujfluoro,2013-04-18,4942c0f021abcd6ed9702c343c2696ec44cfa8022c7e37448f8a78c075c4a16d,UNRESOLVED_MANUAL_REVIEW,Diagnostic reverse replay retains a symbol not present in the official checkpoint.
2014-08-28,UNEXPECTED_IN_REPLAY,gujratgas,2013-04-18,4942c0f021abcd6ed9702c343c2696ec44cfa8022c7e37448f8a78c075c4a16d,UNRESOLVED_MANUAL_REVIEW,Diagnostic reverse replay retains a symbol not present in the official checkpoint.
2014-08-28,UNEXPECTED_IN_REPLAY,gvkpil,2013-04-18,4942c0f021abcd6ed9702c343c2696ec44cfa8022c7e37448f8a78c075c4a16d,UNRESOLVED_MANUAL_REVIEW,Diagnostic reverse replay retains a symbol not present in the official checkpoint.
2014-08-28,UNEXPECTED_IN_REPLAY,hathway,2013-04-18,4942c0f021abcd6ed9702c343c2696ec44cfa8022c7e37448f8a78c075c4a16d,UNRESOLVED_MANUAL_REVIEW,Diagnostic reverse replay retains a symbol not present in the official checkpoint.
2014-08-28,UNEXPECTED_IN_REPLAY,indiainfo,2013-04-18,4942c0f021abcd6ed9702c343c2696ec44cfa8022c7e37448f8a78c075c4a16d,UNRESOLVED_MANUAL_REVIEW,Diagnostic reverse replay retains a symbol not present in the official checkpoint.
2014-08-28,UNEXPECTED_IN_REPLAY,ivrclinfra,2013-04-18,4942c0f021abcd6ed9702c343c2696ec44cfa8022c7e37448f8a78c075c4a16d,UNRESOLVED_MANUAL_REVIEW,Diagnostic reverse replay retains a symbol not present in the official checkpoint.
2014-08-28,UNEXPECTED_IN_REPLAY,jindalsaw,2013-04-18,4942c0f021abcd6ed9702c343c2696ec44cfa8022c7e37448f8a78c075c4a16d,UNRESOLVED_MANUAL_REVIEW,Diagnostic reverse replay retains a symbol not present in the official checkpoint.
2014-08-28,UNEXPECTED_IN_REPLAY,litl,2013-04-18,4942c0f021abcd6ed9702c343c2696ec44cfa8022c7e37448f8a78c075c4a16d,UNRESOLVED_MANUAL_REVIEW,Diagnostic reverse replay retains a symbol not present in the official checkpoint.
2014-08-28,UNEXPECTED_IN_REPLAY,madrascem,2013-04-18,4942c0f021abcd6ed9702c343c2696ec44cfa8022c7e37448f8a78c075c4a16d,UNRESOLVED_MANUAL_REVIEW,Diagnostic reverse replay retains a symbol not present in the official checkpoint.
2014-08-28,UNEXPECTED_IN_REPLAY,optocircui,2013-04-18,4942c0f021abcd6ed9702c343c2696ec44cfa8022c7e37448f8a78c075c4a16d,UNRESOLVED_MANUAL_REVIEW,Diagnostic reverse replay retains a symbol not present in the official checkpoint.
2014-08-28,UNEXPECTED_IN_REPLAY,orissamine,2013-04-18,4942c0f021abcd6ed9702c343c2696ec44cfa8022c7e37448f8a78c075c4a16d,UNRESOLVED_MANUAL_REVIEW,Diagnostic reverse replay retains a symbol not present in the official checkpoint.
2014-08-28,UNEXPECTED_IN_REPLAY,punjlloyd,2013-04-18,4942c0f021abcd6ed9702c343c2696ec44cfa8022c7e37448f8a78c075c4a16d,UNRESOLVED_MANUAL_REVIEW,Diagnostic reverse replay retains a symbol not present in the official checkpoint.
2014-08-28,UNEXPECTED_IN_REPLAY,sesagoa,2013-04-18,4942c0f021abcd6ed9702c343c2696ec44cfa8022c7e37448f8a78c075c4a16d,UNRESOLVED_MANUAL_REVIEW,Diagnostic reverse replay retains a symbol not present in the official checkpoint.
2014-08-28,UNEXPECTED_IN_REPLAY,shriramcit,2013-04-18,4942c0f021abcd6ed9702c343c2696ec44cfa8022c7e37448f8a78c075c4a16d,UNRESOLVED_MANUAL_REVIEW,Diagnostic reverse replay retains a symbol not present in the official checkpoint.
2014-08-28,UNEXPECTED_IN_REPLAY,sintex,2013-04-18,4942c0f021abcd6ed9702c343c2696ec44cfa8022c7e37448f8a78c075c4a16d,UNRESOLVED_MANUAL_REVIEW,Diagnostic reverse replay retains a symbol not present in the official checkpoint.
2014-08-28,UNEXPECTED_IN_REPLAY,uniphos,2013-04-18,4942c0f021abcd6ed9702c343c2696ec44cfa8022c7e37448f8a78c075c4a16d,UNRESOLVED_MANUAL_REVIEW,Diagnostic reverse replay retains a symbol not present in the official checkpoint.
2014-08-28,UNEXPECTED_IN_REPLAY,videoind,2013-04-18,4942c0f021abcd6ed9702c343c2696ec44cfa8022c7e37448f8a78c075c4a16d,UNRESOLVED_MANUAL_REVIEW,Diagnostic reverse replay retains a symbol not present in the official checkpoint.
2014-08-28,UNEXPECTED_IN_REPLAY,welcorp,2013-04-18,4942c0f021abcd6ed9702c343c2696ec44cfa8022c7e37448f8a78c075c4a16d,UNRESOLVED_MANUAL_REVIEW,Diagnostic reverse replay retains a symbol not present in the official checkpoint.
2014-09-30,MISSING_FROM_REPLAY,aiaeng,2013-04-18,4942c0f021abcd6ed9702c343c2696ec44cfa8022c7e37448f8a78c075c4a16d,UNRESOLVED_MANUAL_REVIEW,No authoritative 2012 anchor or complete certified event chain; symbol is in the official checkpoint but absent from diagnostic replay.
2014-09-30,MISSING_FROM_REPLAY,arvind,2013-04-18,4942c0f021abcd6ed9702c343c2696ec44cfa8022c7e37448f8a78c075c4a16d,UNRESOLVED_MANUAL_REVIEW,No authoritative 2012 anchor or complete certified event chain; symbol is in the official checkpoint but absent from diagnostic replay.
2014-09-30,MISSING_FROM_REPLAY,cmc,2013-04-18,4942c0f021abcd6ed9702c343c2696ec44cfa8022c7e37448f8a78c075c4a16d,UNRESOLVED_MANUAL_REVIEW,No authoritative 2012 anchor or complete certified event chain; symbol is in the official checkpoint but absent from diagnostic replay.
2014-09-30,MISSING_FROM_REPLAY,gppl,2013-04-18,4942c0f021abcd6ed9702c343c2696ec44cfa8022c7e37448f8a78c075c4a16d,UNRESOLVED_MANUAL_REVIEW,No authoritative 2012 anchor or complete certified event chain; symbol is in the official checkpoint but absent from diagnostic replay.
2014-09-30,MISSING_FROM_REPLAY,ibulhsgfin,2013-04-18,4942c0f021abcd6ed9702c343c2696ec44cfa8022c7e37448f8a78c075c4a16d,UNRESOLVED_MANUAL_REVIEW,No authoritative 2012 anchor or complete certified event chain; symbol is in the official checkpoint but absent from diagnostic replay.
2014-09-30,MISSING_FROM_REPLAY,infratel,2013-04-18,4942c0f021abcd6ed9702c343c2696ec44cfa8022c7e37448f8a78c075c4a16d,UNRESOLVED_MANUAL_REVIEW,No authoritative 2012 anchor or complete certified event chain; symbol is in the official checkpoint but absent from diagnostic replay.
2014-09-30,MISSING_FROM_REPLAY,justdial,2013-04-18,4942c0f021abcd6ed9702c343c2696ec44cfa8022c7e37448f8a78c075c4a16d,UNRESOLVED_MANUAL_REVIEW,No authoritative 2012 anchor or complete certified event chain; symbol is in the official checkpoint but absent from diagnostic replay.
2014-09-30,MISSING_FROM_REPLAY,kpit,2013-04-18,4942c0f021abcd6ed9702c343c2696ec44cfa8022c7e37448f8a78c075c4a16d,UNRESOLVED_MANUAL_REVIEW,No authoritative 2012 anchor or complete certified event chain; symbol is in the official checkpoint but absent from diagnostic replay.
2014-09-30,MISSING_FROM_REPLAY,naukri,2013-04-18,4942c0f021abcd6ed9702c343c2696ec44cfa8022c7e37448f8a78c075c4a16d,UNRESOLVED_MANUAL_REVIEW,No authoritative 2012 anchor or complete certified event chain; symbol is in the official checkpoint but absent from diagnostic replay.
2014-09-30,MISSING_FROM_REPLAY,niittech,2013-04-18,4942c0f021abcd6ed9702c343c2696ec44cfa8022c7e37448f8a78c075c4a16d,UNRESOLVED_MANUAL_REVIEW,No authoritative 2012 anchor or complete certified event chain; symbol is in the official checkpoint but absent from diagnostic replay.
2014-09-30,MISSING_FROM_REPLAY,oberoirlty,2013-04-18,4942c0f021abcd6ed9702c343c2696ec44cfa8022c7e37448f8a78c075c4a16d,UNRESOLVED_MANUAL_REVIEW,No authoritative 2012 anchor or complete certified event chain; symbol is in the official checkpoint but absent from diagnostic replay.
2014-09-30,MISSING_FROM_REPLAY,pageind,2013-04-18,4942c0f021abcd6ed9702c343c2696ec44cfa8022c7e37448f8a78c075c4a16d,UNRESOLVED_MANUAL_REVIEW,No authoritative 2012 anchor or complete certified event chain; symbol is in the official checkpoint but absent from diagnostic replay.
2014-09-30,MISSING_FROM_REPLAY,persistent,2013-04-18,4942c0f021abcd6ed9702c343c2696ec44cfa8022c7e37448f8a78c075c4a16d,UNRESOLVED_MANUAL_REVIEW,No authoritative 2012 anchor or complete certified event chain; symbol is in the official checkpoint but absent from diagnostic replay.
2014-09-30,MISSING_FROM_REPLAY,ramcocem,2013-04-18,4942c0f021abcd6ed9702c343c2696ec44cfa8022c7e37448f8a78c075c4a16d,UNRESOLVED_MANUAL_REVIEW,No authoritative 2012 anchor or complete certified event chain; symbol is in the official checkpoint but absent from diagnostic replay.
2014-09-30,MISSING_FROM_REPLAY,sslt,2013-04-18,4942c0f021abcd6ed9702c343c2696ec44cfa8022c7e37448f8a78c075c4a16d,UNRESOLVED_MANUAL_REVIEW,No authoritative 2012 anchor or complete certified event chain; symbol is in the official checkpoint but absent from diagnostic replay.
2014-09-30,MISSING_FROM_REPLAY,thermax,2013-04-18,4942c0f021abcd6ed9702c343c2696ec44cfa8022c7e37448f8a78c075c4a16d,UNRESOLVED_MANUAL_REVIEW,No authoritative 2012 anchor or complete certified event chain; symbol is in the official checkpoint but absent from diagnostic replay.
2014-09-30,MISSING_FROM_REPLAY,torntpharm,2013-04-18,4942c0f021abcd6ed9702c343c2696ec44cfa8022c7e37448f8a78c075c4a16d,UNRESOLVED_MANUAL_REVIEW,No authoritative 2012 anchor or complete certified event chain; symbol is in the official checkpoint but absent from diagnostic replay.
2014-09-30,MISSING_FROM_REPLAY,upl,2013-04-18,4942c0f021abcd6ed9702c343c2696ec44cfa8022c7e37448f8a78c075c4a16d,UNRESOLVED_MANUAL_REVIEW,No authoritative 2012 anchor or complete certified event chain; symbol is in the official checkpoint but absent from diagnostic replay.
2014-09-30,MISSING_FROM_REPLAY,wipro,2013-04-18,4942c0f021abcd6ed9702c343c2696ec44cfa8022c7e37448f8a78c075c4a16d,UNRESOLVED_MANUAL_REVIEW,No authoritative 2012 anchor or complete certified event chain; symbol is in the official checkpoint but absent from diagnostic replay.
2014-09-30,UNEXPECTED_IN_REPLAY,centralbk,2013-04-18,4942c0f021abcd6ed9702c343c2696ec44cfa8022c7e37448f8a78c075c4a16d,UNRESOLVED_MANUAL_REVIEW,Diagnostic reverse replay retains a symbol not present in the official checkpoint.
2014-09-30,UNEXPECTED_IN_REPLAY,chamblfert,2013-04-18,4942c0f021abcd6ed9702c343c2696ec44cfa8022c7e37448f8a78c075c4a16d,UNRESOLVED_MANUAL_REVIEW,Diagnostic reverse replay retains a symbol not present in the official checkpoint.
2014-09-30,UNEXPECTED_IN_REPLAY,coreedutec,2013-04-18,4942c0f021abcd6ed9702c343c2696ec44cfa8022c7e37448f8a78c075c4a16d,UNRESOLVED_MANUAL_REVIEW,Diagnostic reverse replay retains a symbol not present in the official checkpoint.
2014-09-30,UNEXPECTED_IN_REPLAY,cub,2013-04-18,4942c0f021abcd6ed9702c343c2696ec44cfa8022c7e37448f8a78c075c4a16d,UNRESOLVED_MANUAL_REVIEW,Diagnostic reverse replay retains a symbol not present in the official checkpoint.
2014-09-30,UNEXPECTED_IN_REPLAY,denabank,2013-04-18,4942c0f021abcd6ed9702c343c2696ec44cfa8022c7e37448f8a78c075c4a16d,UNRESOLVED_MANUAL_REVIEW,Diagnostic reverse replay retains a symbol not present in the official checkpoint.
2014-09-30,UNEXPECTED_IN_REPLAY,finantech,2013-04-18,4942c0f021abcd6ed9702c343c2696ec44cfa8022c7e37448f8a78c075c4a16d,UNRESOLVED_MANUAL_REVIEW,Diagnostic reverse replay retains a symbol not present in the official checkpoint.
2014-09-30,UNEXPECTED_IN_REPLAY,gitanjali,2013-04-18,4942c0f021abcd6ed9702c343c2696ec44cfa8022c7e37448f8a78c075c4a16d,UNRESOLVED_MANUAL_REVIEW,Diagnostic reverse replay retains a symbol not present in the official checkpoint.
2014-09-30,UNEXPECTED_IN_REPLAY,gmdcltd,2013-04-18,4942c0f021abcd6ed9702c343c2696ec44cfa8022c7e37448f8a78c075c4a16d,UNRESOLVED_MANUAL_REVIEW,Diagnostic reverse replay retains a symbol not present in the official checkpoint.
2014-09-30,UNEXPECTED_IN_REPLAY,gujfluoro,2013-04-18,4942c0f021abcd6ed9702c343c2696ec44cfa8022c7e37448f8a78c075c4a16d,UNRESOLVED_MANUAL_REVIEW,Diagnostic reverse replay retains a symbol not present in the official checkpoint.
2014-09-30,UNEXPECTED_IN_REPLAY,gujratgas,2013-04-18,4942c0f021abcd6ed9702c343c2696ec44cfa8022c7e37448f8a78c075c4a16d,UNRESOLVED_MANUAL_REVIEW,Diagnostic reverse replay retains a symbol not present in the official checkpoint.
2014-09-30,UNEXPECTED_IN_REPLAY,gvkpil,2013-04-18,4942c0f021abcd6ed9702c343c2696ec44cfa8022c7e37448f8a78c075c4a16d,UNRESOLVED_MANUAL_REVIEW,Diagnostic reverse replay retains a symbol not present in the official checkpoint.
2014-09-30,UNEXPECTED_IN_REPLAY,hathway,2013-04-18,4942c0f021abcd6ed9702c343c2696ec44cfa8022c7e37448f8a78c075c4a16d,UNRESOLVED_MANUAL_REVIEW,Diagnostic reverse replay retains a symbol not present in the official checkpoint.
2014-09-30,UNEXPECTED_IN_REPLAY,indiainfo,2013-04-18,4942c0f021abcd6ed9702c343c2696ec44cfa8022c7e37448f8a78c075c4a16d,UNRESOLVED_MANUAL_REVIEW,Diagnostic reverse replay retains a symbol not present in the official checkpoint.
2014-09-30,UNEXPECTED_IN_REPLAY,ivrclinfra,2013-04-18,4942c0f021abcd6ed9702c343c2696ec44cfa8022c7e37448f8a78c075c4a16d,UNRESOLVED_MANUAL_REVIEW,Diagnostic reverse replay retains a symbol not present in the official checkpoint.
2014-09-30,UNEXPECTED_IN_REPLAY,jindalsaw,2013-04-18,4942c0f021abcd6ed9702c343c2696ec44cfa8022c7e37448f8a78c075c4a16d,UNRESOLVED_MANUAL_REVIEW,Diagnostic reverse replay retains a symbol not present in the official checkpoint.
2014-09-30,UNEXPECTED_IN_REPLAY,litl,2013-04-18,4942c0f021abcd6ed9702c343c2696ec44cfa8022c7e37448f8a78c075c4a16d,UNRESOLVED_MANUAL_REVIEW,Diagnostic reverse replay retains a symbol not present in the official checkpoint.
2014-09-30,UNEXPECTED_IN_REPLAY,madrascem,2013-04-18,4942c0f021abcd6ed9702c343c2696ec44cfa8022c7e37448f8a78c075c4a16d,UNRESOLVED_MANUAL_REVIEW,Diagnostic reverse replay retains a symbol not present in the official checkpoint.
2014-09-30,UNEXPECTED_IN_REPLAY,optocircui,2013-04-18,4942c0f021abcd6ed9702c343c2696ec44cfa8022c7e37448f8a78c075c4a16d,UNRESOLVED_MANUAL_REVIEW,Diagnostic reverse replay retains a symbol not present in the official checkpoint.
2014-09-30,UNEXPECTED_IN_REPLAY,orissamine,2013-04-18,4942c0f021abcd6ed9702c343c2696ec44cfa8022c7e37448f8a78c075c4a16d,UNRESOLVED_MANUAL_REVIEW,Diagnostic reverse replay retains a symbol not present in the official checkpoint.
2014-09-30,UNEXPECTED_IN_REPLAY,punjlloyd,2013-04-18,4942c0f021abcd6ed9702c343c2696ec44cfa8022c7e37448f8a78c075c4a16d,UNRESOLVED_MANUAL_REVIEW,Diagnostic reverse replay retains a symbol not present in the official checkpoint.
2014-09-30,UNEXPECTED_IN_REPLAY,sesagoa,2013-04-18,4942c0f021abcd6ed9702c343c2696ec44cfa8022c7e37448f8a78c075c4a16d,UNRESOLVED_MANUAL_REVIEW,Diagnostic reverse replay retains a symbol not present in the official checkpoint.
2014-09-30,UNEXPECTED_IN_REPLAY,shriramcit,2013-04-18,4942c0f021abcd6ed9702c343c2696ec44cfa8022c7e37448f8a78c075c4a16d,UNRESOLVED_MANUAL_REVIEW,Diagnostic reverse replay retains a symbol not present in the official checkpoint.
2014-09-30,UNEXPECTED_IN_REPLAY,sintex,2013-04-18,4942c0f021abcd6ed9702c343c2696ec44cfa8022c7e37448f8a78c075c4a16d,UNRESOLVED_MANUAL_REVIEW,Diagnostic reverse replay retains a symbol not present in the official checkpoint.
2014-09-30,UNEXPECTED_IN_REPLAY,uniphos,2013-04-18,4942c0f021abcd6ed9702c343c2696ec44cfa8022c7e37448f8a78c075c4a16d,UNRESOLVED_MANUAL_REVIEW,Diagnostic reverse replay retains a symbol not present in the official checkpoint.
2014-09-30,UNEXPECTED_IN_REPLAY,videoind,2013-04-18,4942c0f021abcd6ed9702c343c2696ec44cfa8022c7e37448f8a78c075c4a16d,UNRESOLVED_MANUAL_REVIEW,Diagnostic reverse replay retains a symbol not present in the official checkpoint.
2014-09-30,UNEXPECTED_IN_REPLAY,welcorp,2013-04-18,4942c0f021abcd6ed9702c343c2696ec44cfa8022c7e37448f8a78c075c4a16d,UNRESOLVED_MANUAL_REVIEW,Diagnostic reverse replay retains a symbol not present in the official checkpoint.
2014-10-31,MISSING_FROM_REPLAY,aiaeng,2013-04-18,4942c0f021abcd6ed9702c343c2696ec44cfa8022c7e37448f8a78c075c4a16d,UNRESOLVED_MANUAL_REVIEW,No authoritative 2012 anchor or complete certified event chain; symbol is in the official checkpoint but absent from diagnostic replay.
2014-10-31,MISSING_FROM_REPLAY,arvind,2013-04-18,4942c0f021abcd6ed9702c343c2696ec44cfa8022c7e37448f8a78c075c4a16d,UNRESOLVED_MANUAL_REVIEW,No authoritative 2012 anchor or complete certified event chain; symbol is in the official checkpoint but absent from diagnostic replay.
2014-10-31,MISSING_FROM_REPLAY,cmc,2013-04-18,4942c0f021abcd6ed9702c343c2696ec44cfa8022c7e37448f8a78c075c4a16d,UNRESOLVED_MANUAL_REVIEW,No authoritative 2012 anchor or complete certified event chain; symbol is in the official checkpoint but absent from diagnostic replay.
2014-10-31,MISSING_FROM_REPLAY,gppl,2013-04-18,4942c0f021abcd6ed9702c343c2696ec44cfa8022c7e37448f8a78c075c4a16d,UNRESOLVED_MANUAL_REVIEW,No authoritative 2012 anchor or complete certified event chain; symbol is in the official checkpoint but absent from diagnostic replay.
2014-10-31,MISSING_FROM_REPLAY,ibulhsgfin,2013-04-18,4942c0f021abcd6ed9702c343c2696ec44cfa8022c7e37448f8a78c075c4a16d,UNRESOLVED_MANUAL_REVIEW,No authoritative 2012 anchor or complete certified event chain; symbol is in the official checkpoint but absent from diagnostic replay.
2014-10-31,MISSING_FROM_REPLAY,infratel,2013-04-18,4942c0f021abcd6ed9702c343c2696ec44cfa8022c7e37448f8a78c075c4a16d,UNRESOLVED_MANUAL_REVIEW,No authoritative 2012 anchor or complete certified event chain; symbol is in the official checkpoint but absent from diagnostic replay.
2014-10-31,MISSING_FROM_REPLAY,justdial,2013-04-18,4942c0f021abcd6ed9702c343c2696ec44cfa8022c7e37448f8a78c075c4a16d,UNRESOLVED_MANUAL_REVIEW,No authoritative 2012 anchor or complete certified event chain; symbol is in the official checkpoint but absent from diagnostic replay.
2014-10-31,MISSING_FROM_REPLAY,kpit,2013-04-18,4942c0f021abcd6ed9702c343c2696ec44cfa8022c7e37448f8a78c075c4a16d,UNRESOLVED_MANUAL_REVIEW,No authoritative 2012 anchor or complete certified event chain; symbol is in the official checkpoint but absent from diagnostic replay.
2014-10-31,MISSING_FROM_REPLAY,naukri,2013-04-18,4942c0f021abcd6ed9702c343c2696ec44cfa8022c7e37448f8a78c075c4a16d,UNRESOLVED_MANUAL_REVIEW,No authoritative 2012 anchor or complete certified event chain; symbol is in the official checkpoint but absent from diagnostic replay.
2014-10-31,MISSING_FROM_REPLAY,niittech,2013-04-18,4942c0f021abcd6ed9702c343c2696ec44cfa8022c7e37448f8a78c075c4a16d,UNRESOLVED_MANUAL_REVIEW,No authoritative 2012 anchor or complete certified event chain; symbol is in the official checkpoint but absent from diagnostic replay.
2014-10-31,MISSING_FROM_REPLAY,oberoirlty,2013-04-18,4942c0f021abcd6ed9702c343c2696ec44cfa8022c7e37448f8a78c075c4a16d,UNRESOLVED_MANUAL_REVIEW,No authoritative 2012 anchor or complete certified event chain; symbol is in the official checkpoint but absent from diagnostic replay.
2014-10-31,MISSING_FROM_REPLAY,pageind,2013-04-18,4942c0f021abcd6ed9702c343c2696ec44cfa8022c7e37448f8a78c075c4a16d,UNRESOLVED_MANUAL_REVIEW,No authoritative 2012 anchor or complete certified event chain; symbol is in the official checkpoint but absent from diagnostic replay.
2014-10-31,MISSING_FROM_REPLAY,persistent,2013-04-18,4942c0f021abcd6ed9702c343c2696ec44cfa8022c7e37448f8a78c075c4a16d,UNRESOLVED_MANUAL_REVIEW,No authoritative 2012 anchor or complete certified event chain; symbol is in the official checkpoint but absent from diagnostic replay.
2014-10-31,MISSING_FROM_REPLAY,ramcocem,2013-04-18,4942c0f021abcd6ed9702c343c2696ec44cfa8022c7e37448f8a78c075c4a16d,UNRESOLVED_MANUAL_REVIEW,No authoritative 2012 anchor or complete certified event chain; symbol is in the official checkpoint but absent from diagnostic replay.
2014-10-31,MISSING_FROM_REPLAY,sslt,2013-04-18,4942c0f021abcd6ed9702c343c2696ec44cfa8022c7e37448f8a78c075c4a16d,UNRESOLVED_MANUAL_REVIEW,No authoritative 2012 anchor or complete certified event chain; symbol is in the official checkpoint but absent from diagnostic replay.
2014-10-31,MISSING_FROM_REPLAY,thermax,2013-04-18,4942c0f021abcd6ed9702c343c2696ec44cfa8022c7e37448f8a78c075c4a16d,UNRESOLVED_MANUAL_REVIEW,No authoritative 2012 anchor or complete certified event chain; symbol is in the official checkpoint but absent from diagnostic replay.
2014-10-31,MISSING_FROM_REPLAY,torntpharm,2013-04-18,4942c0f021abcd6ed9702c343c2696ec44cfa8022c7e37448f8a78c075c4a16d,UNRESOLVED_MANUAL_REVIEW,No authoritative 2012 anchor or complete certified event chain; symbol is in the official checkpoint but absent from diagnostic replay.
2014-10-31,MISSING_FROM_REPLAY,upl,2013-04-18,4942c0f021abcd6ed9702c343c2696ec44cfa8022c7e37448f8a78c075c4a16d,UNRESOLVED_MANUAL_REVIEW,No authoritative 2012 anchor or complete certified event chain; symbol is in the official checkpoint but absent from diagnostic replay.
2014-10-31,MISSING_FROM_REPLAY,wipro,2013-04-18,4942c0f021abcd6ed9702c343c2696ec44cfa8022c7e37448f8a78c075c4a16d,UNRESOLVED_MANUAL_REVIEW,No authoritative 2012 anchor or complete certified event chain; symbol is in the official checkpoint but absent from diagnostic replay.
2014-10-31,UNEXPECTED_IN_REPLAY,centralbk,2013-04-18,4942c0f021abcd6ed9702c343c2696ec44cfa8022c7e37448f8a78c075c4a16d,UNRESOLVED_MANUAL_REVIEW,Diagnostic reverse replay retains a symbol not present in the official checkpoint.
2014-10-31,UNEXPECTED_IN_REPLAY,chamblfert,2013-04-18,4942c0f021abcd6ed9702c343c2696ec44cfa8022c7e37448f8a78c075c4a16d,UNRESOLVED_MANUAL_REVIEW,Diagnostic reverse replay retains a symbol not present in the official checkpoint.
2014-10-31,UNEXPECTED_IN_REPLAY,coreedutec,2013-04-18,4942c0f021abcd6ed9702c343c2696ec44cfa8022c7e37448f8a78c075c4a16d,UNRESOLVED_MANUAL_REVIEW,Diagnostic reverse replay retains a symbol not present in the official checkpoint.
2014-10-31,UNEXPECTED_IN_REPLAY,cub,2013-04-18,4942c0f021abcd6ed9702c343c2696ec44cfa8022c7e37448f8a78c075c4a16d,UNRESOLVED_MANUAL_REVIEW,Diagnostic reverse replay retains a symbol not present in the official checkpoint.
2014-10-31,UNEXPECTED_IN_REPLAY,denabank,2013-04-18,4942c0f021abcd6ed9702c343c2696ec44cfa8022c7e37448f8a78c075c4a16d,UNRESOLVED_MANUAL_REVIEW,Diagnostic reverse replay retains a symbol not present in the official checkpoint.
2014-10-31,UNEXPECTED_IN_REPLAY,finantech,2013-04-18,4942c0f021abcd6ed9702c343c2696ec44cfa8022c7e37448f8a78c075c4a16d,UNRESOLVED_MANUAL_REVIEW,Diagnostic reverse replay retains a symbol not present in the official checkpoint.
2014-10-31,UNEXPECTED_IN_REPLAY,gitanjali,2013-04-18,4942c0f021abcd6ed9702c343c2696ec44cfa8022c7e37448f8a78c075c4a16d,UNRESOLVED_MANUAL_REVIEW,Diagnostic reverse replay retains a symbol not present in the official checkpoint.
2014-10-31,UNEXPECTED_IN_REPLAY,gmdcltd,2013-04-18,4942c0f021abcd6ed9702c343c2696ec44cfa8022c7e37448f8a78c075c4a16d,UNRESOLVED_MANUAL_REVIEW,Diagnostic reverse replay retains a symbol not present in the official checkpoint.
2014-10-31,UNEXPECTED_IN_REPLAY,gujfluoro,2013-04-18,4942c0f021abcd6ed9702c343c2696ec44cfa8022c7e37448f8a78c075c4a16d,UNRESOLVED_MANUAL_REVIEW,Diagnostic reverse replay retains a symbol not present in the official checkpoint.
2014-10-31,UNEXPECTED_IN_REPLAY,gujratgas,2013-04-18,4942c0f021abcd6ed9702c343c2696ec44cfa8022c7e37448f8a78c075c4a16d,UNRESOLVED_MANUAL_REVIEW,Diagnostic reverse replay retains a symbol not present in the official checkpoint.
2014-10-31,UNEXPECTED_IN_REPLAY,gvkpil,2013-04-18,4942c0f021abcd6ed9702c343c2696ec44cfa8022c7e37448f8a78c075c4a16d,UNRESOLVED_MANUAL_REVIEW,Diagnostic reverse replay retains a symbol not present in the official checkpoint.
2014-10-31,UNEXPECTED_IN_REPLAY,hathway,2013-04-18,4942c0f021abcd6ed9702c343c2696ec44cfa8022c7e37448f8a78c075c4a16d,UNRESOLVED_MANUAL_REVIEW,Diagnostic reverse replay retains a symbol not present in the official checkpoint.
2014-10-31,UNEXPECTED_IN_REPLAY,indiainfo,2013-04-18,4942c0f021abcd6ed9702c343c2696ec44cfa8022c7e37448f8a78c075c4a16d,UNRESOLVED_MANUAL_REVIEW,Diagnostic reverse replay retains a symbol not present in the official checkpoint.
2014-10-31,UNEXPECTED_IN_REPLAY,ivrclinfra,2013-04-18,4942c0f021abcd6ed9702c343c2696ec44cfa8022c7e37448f8a78c075c4a16d,UNRESOLVED_MANUAL_REVIEW,Diagnostic reverse replay retains a symbol not present in the official checkpoint.
2014-10-31,UNEXPECTED_IN_REPLAY,jindalsaw,2013-04-18,4942c0f021abcd6ed9702c343c2696ec44cfa8022c7e37448f8a78c075c4a16d,UNRESOLVED_MANUAL_REVIEW,Diagnostic reverse replay retains a symbol not present in the official checkpoint.
2014-10-31,UNEXPECTED_IN_REPLAY,litl,2013-04-18,4942c0f021abcd6ed9702c343c2696ec44cfa8022c7e37448f8a78c075c4a16d,UNRESOLVED_MANUAL_REVIEW,Diagnostic reverse replay retains a symbol not present in the official checkpoint.
2014-10-31,UNEXPECTED_IN_REPLAY,madrascem,2013-04-18,4942c0f021abcd6ed9702c343c2696ec44cfa8022c7e37448f8a78c075c4a16d,UNRESOLVED_MANUAL_REVIEW,Diagnostic reverse replay retains a symbol not present in the official checkpoint.
2014-10-31,UNEXPECTED_IN_REPLAY,optocircui,2013-04-18,4942c0f021abcd6ed9702c343c2696ec44cfa8022c7e37448f8a78c075c4a16d,UNRESOLVED_MANUAL_REVIEW,Diagnostic reverse replay retains a symbol not present in the official checkpoint.
2014-10-31,UNEXPECTED_IN_REPLAY,orissamine,2013-04-18,4942c0f021abcd6ed9702c343c2696ec44cfa8022c7e37448f8a78c075c4a16d,UNRESOLVED_MANUAL_REVIEW,Diagnostic reverse replay retains a symbol not present in the official checkpoint.
2014-10-31,UNEXPECTED_IN_REPLAY,punjlloyd,2013-04-18,4942c0f021abcd6ed9702c343c2696ec44cfa8022c7e37448f8a78c075c4a16d,UNRESOLVED_MANUAL_REVIEW,Diagnostic reverse replay retains a symbol not present in the official checkpoint.
2014-10-31,UNEXPECTED_IN_REPLAY,sesagoa,2013-04-18,4942c0f021abcd6ed9702c343c2696ec44cfa8022c7e37448f8a78c075c4a16d,UNRESOLVED_MANUAL_REVIEW,Diagnostic reverse replay retains a symbol not present in the official checkpoint.
2014-10-31,UNEXPECTED_IN_REPLAY,shriramcit,2013-04-18,4942c0f021abcd6ed9702c343c2696ec44cfa8022c7e37448f8a78c075c4a16d,UNRESOLVED_MANUAL_REVIEW,Diagnostic reverse replay retains a symbol not present in the official checkpoint.
2014-10-31,UNEXPECTED_IN_REPLAY,sintex,2013-04-18,4942c0f021abcd6ed9702c343c2696ec44cfa8022c7e37448f8a78c075c4a16d,UNRESOLVED_MANUAL_REVIEW,Diagnostic reverse replay retains a symbol not present in the official checkpoint.
2014-10-31,UNEXPECTED_IN_REPLAY,uniphos,2013-04-18,4942c0f021abcd6ed9702c343c2696ec44cfa8022c7e37448f8a78c075c4a16d,UNRESOLVED_MANUAL_REVIEW,Diagnostic reverse replay retains a symbol not present in the official checkpoint.
2014-10-31,UNEXPECTED_IN_REPLAY,videoind,2013-04-18,4942c0f021abcd6ed9702c343c2696ec44cfa8022c7e37448f8a78c075c4a16d,UNRESOLVED_MANUAL_REVIEW,Diagnostic reverse replay retains a symbol not present in the official checkpoint.
2014-10-31,UNEXPECTED_IN_REPLAY,welcorp,2013-04-18,4942c0f021abcd6ed9702c343c2696ec44cfa8022c7e37448f8a78c075c4a16d,UNRESOLVED_MANUAL_REVIEW,Diagnostic reverse replay retains a symbol not present in the official checkpoint.
2014-11-28,MISSING_FROM_REPLAY,aiaeng,2013-04-18,4942c0f021abcd6ed9702c343c2696ec44cfa8022c7e37448f8a78c075c4a16d,UNRESOLVED_MANUAL_REVIEW,No authoritative 2012 anchor or complete certified event chain; symbol is in the official checkpoint but absent from diagnostic replay.
2014-11-28,MISSING_FROM_REPLAY,arvind,2013-04-18,4942c0f021abcd6ed9702c343c2696ec44cfa8022c7e37448f8a78c075c4a16d,UNRESOLVED_MANUAL_REVIEW,No authoritative 2012 anchor or complete certified event chain; symbol is in the official checkpoint but absent from diagnostic replay.
2014-11-28,MISSING_FROM_REPLAY,cmc,2013-04-18,4942c0f021abcd6ed9702c343c2696ec44cfa8022c7e37448f8a78c075c4a16d,UNRESOLVED_MANUAL_REVIEW,No authoritative 2012 anchor or complete certified event chain; symbol is in the official checkpoint but absent from diagnostic replay.
2014-11-28,MISSING_FROM_REPLAY,gppl,2013-04-18,4942c0f021abcd6ed9702c343c2696ec44cfa8022c7e37448f8a78c075c4a16d,UNRESOLVED_MANUAL_REVIEW,No authoritative 2012 anchor or complete certified event chain; symbol is in the official checkpoint but absent from diagnostic replay.
2014-11-28,MISSING_FROM_REPLAY,ibulhsgfin,2013-04-18,4942c0f021abcd6ed9702c343c2696ec44cfa8022c7e37448f8a78c075c4a16d,UNRESOLVED_MANUAL_REVIEW,No authoritative 2012 anchor or complete certified event chain; symbol is in the official checkpoint but absent from diagnostic replay.
2014-11-28,MISSING_FROM_REPLAY,infratel,2013-04-18,4942c0f021abcd6ed9702c343c2696ec44cfa8022c7e37448f8a78c075c4a16d,UNRESOLVED_MANUAL_REVIEW,No authoritative 2012 anchor or complete certified event chain; symbol is in the official checkpoint but absent from diagnostic replay.
2014-11-28,MISSING_FROM_REPLAY,justdial,2013-04-18,4942c0f021abcd6ed9702c343c2696ec44cfa8022c7e37448f8a78c075c4a16d,UNRESOLVED_MANUAL_REVIEW,No authoritative 2012 anchor or complete certified event chain; symbol is in the official checkpoint but absent from diagnostic replay.
2014-11-28,MISSING_FROM_REPLAY,kpit,2013-04-18,4942c0f021abcd6ed9702c343c2696ec44cfa8022c7e37448f8a78c075c4a16d,UNRESOLVED_MANUAL_REVIEW,No authoritative 2012 anchor or complete certified event chain; symbol is in the official checkpoint but absent from diagnostic replay.
2014-11-28,MISSING_FROM_REPLAY,naukri,2013-04-18,4942c0f021abcd6ed9702c343c2696ec44cfa8022c7e37448f8a78c075c4a16d,UNRESOLVED_MANUAL_REVIEW,No authoritative 2012 anchor or complete certified event chain; symbol is in the official checkpoint but absent from diagnostic replay.
2014-11-28,MISSING_FROM_REPLAY,niittech,2013-04-18,4942c0f021abcd6ed9702c343c2696ec44cfa8022c7e37448f8a78c075c4a16d,UNRESOLVED_MANUAL_REVIEW,No authoritative 2012 anchor or complete certified event chain; symbol is in the official checkpoint but absent from diagnostic replay.
2014-11-28,MISSING_FROM_REPLAY,oberoirlty,2013-04-18,4942c0f021abcd6ed9702c343c2696ec44cfa8022c7e37448f8a78c075c4a16d,UNRESOLVED_MANUAL_REVIEW,No authoritative 2012 anchor or complete certified event chain; symbol is in the official checkpoint but absent from diagnostic replay.
2014-11-28,MISSING_FROM_REPLAY,pageind,2013-04-18,4942c0f021abcd6ed9702c343c2696ec44cfa8022c7e37448f8a78c075c4a16d,UNRESOLVED_MANUAL_REVIEW,No authoritative 2012 anchor or complete certified event chain; symbol is in the official checkpoint but absent from diagnostic replay.
2014-11-28,MISSING_FROM_REPLAY,persistent,2013-04-18,4942c0f021abcd6ed9702c343c2696ec44cfa8022c7e37448f8a78c075c4a16d,UNRESOLVED_MANUAL_REVIEW,No authoritative 2012 anchor or complete certified event chain; symbol is in the official checkpoint but absent from diagnostic replay.
2014-11-28,MISSING_FROM_REPLAY,ramcocem,2013-04-18,4942c0f021abcd6ed9702c343c2696ec44cfa8022c7e37448f8a78c075c4a16d,UNRESOLVED_MANUAL_REVIEW,No authoritative 2012 anchor or complete certified event chain; symbol is in the official checkpoint but absent from diagnostic replay.
2014-11-28,MISSING_FROM_REPLAY,sslt,2013-04-18,4942c0f021abcd6ed9702c343c2696ec44cfa8022c7e37448f8a78c075c4a16d,UNRESOLVED_MANUAL_REVIEW,No authoritative 2012 anchor or complete certified event chain; symbol is in the official checkpoint but absent from diagnostic replay.
2014-11-28,MISSING_FROM_REPLAY,thermax,2013-04-18,4942c0f021abcd6ed9702c343c2696ec44cfa8022c7e37448f8a78c075c4a16d,UNRESOLVED_MANUAL_REVIEW,No authoritative 2012 anchor or complete certified event chain; symbol is in the official checkpoint but absent from diagnostic replay.
2014-11-28,MISSING_FROM_REPLAY,torntpharm,2013-04-18,4942c0f021abcd6ed9702c343c2696ec44cfa8022c7e37448f8a78c075c4a16d,UNRESOLVED_MANUAL_REVIEW,No authoritative 2012 anchor or complete certified event chain; symbol is in the official checkpoint but absent from diagnostic replay.
2014-11-28,MISSING_FROM_REPLAY,upl,2013-04-18,4942c0f021abcd6ed9702c343c2696ec44cfa8022c7e37448f8a78c075c4a16d,UNRESOLVED_MANUAL_REVIEW,No authoritative 2012 anchor or complete certified event chain; symbol is in the official checkpoint but absent from diagnostic replay.
2014-11-28,MISSING_FROM_REPLAY,wipro,2013-04-18,4942c0f021abcd6ed9702c343c2696ec44cfa8022c7e37448f8a78c075c4a16d,UNRESOLVED_MANUAL_REVIEW,No authoritative 2012 anchor or complete certified event chain; symbol is in the official checkpoint but absent from diagnostic replay.
2014-11-28,UNEXPECTED_IN_REPLAY,centralbk,2013-04-18,4942c0f021abcd6ed9702c343c2696ec44cfa8022c7e37448f8a78c075c4a16d,UNRESOLVED_MANUAL_REVIEW,Diagnostic reverse replay retains a symbol not present in the official checkpoint.
2014-11-28,UNEXPECTED_IN_REPLAY,chamblfert,2013-04-18,4942c0f021abcd6ed9702c343c2696ec44cfa8022c7e37448f8a78c075c4a16d,UNRESOLVED_MANUAL_REVIEW,Diagnostic reverse replay retains a symbol not present in the official checkpoint.
2014-11-28,UNEXPECTED_IN_REPLAY,coreedutec,2013-04-18,4942c0f021abcd6ed9702c343c2696ec44cfa8022c7e37448f8a78c075c4a16d,UNRESOLVED_MANUAL_REVIEW,Diagnostic reverse replay retains a symbol not present in the official checkpoint.
2014-11-28,UNEXPECTED_IN_REPLAY,cub,2013-04-18,4942c0f021abcd6ed9702c343c2696ec44cfa8022c7e37448f8a78c075c4a16d,UNRESOLVED_MANUAL_REVIEW,Diagnostic reverse replay retains a symbol not present in the official checkpoint.
2014-11-28,UNEXPECTED_IN_REPLAY,denabank,2013-04-18,4942c0f021abcd6ed9702c343c2696ec44cfa8022c7e37448f8a78c075c4a16d,UNRESOLVED_MANUAL_REVIEW,Diagnostic reverse replay retains a symbol not present in the official checkpoint.
2014-11-28,UNEXPECTED_IN_REPLAY,finantech,2013-04-18,4942c0f021abcd6ed9702c343c2696ec44cfa8022c7e37448f8a78c075c4a16d,UNRESOLVED_MANUAL_REVIEW,Diagnostic reverse replay retains a symbol not present in the official checkpoint.
2014-11-28,UNEXPECTED_IN_REPLAY,gitanjali,2013-04-18,4942c0f021abcd6ed9702c343c2696ec44cfa8022c7e37448f8a78c075c4a16d,UNRESOLVED_MANUAL_REVIEW,Diagnostic reverse replay retains a symbol not present in the official checkpoint.
2014-11-28,UNEXPECTED_IN_REPLAY,gmdcltd,2013-04-18,4942c0f021abcd6ed9702c343c2696ec44cfa8022c7e37448f8a78c075c4a16d,UNRESOLVED_MANUAL_REVIEW,Diagnostic reverse replay retains a symbol not present in the official checkpoint.
2014-11-28,UNEXPECTED_IN_REPLAY,gujfluoro,2013-04-18,4942c0f021abcd6ed9702c343c2696ec44cfa8022c7e37448f8a78c075c4a16d,UNRESOLVED_MANUAL_REVIEW,Diagnostic reverse replay retains a symbol not present in the official checkpoint.
2014-11-28,UNEXPECTED_IN_REPLAY,gujratgas,2013-04-18,4942c0f021abcd6ed9702c343c2696ec44cfa8022c7e37448f8a78c075c4a16d,UNRESOLVED_MANUAL_REVIEW,Diagnostic reverse replay retains a symbol not present in the official checkpoint.
2014-11-28,UNEXPECTED_IN_REPLAY,gvkpil,2013-04-18,4942c0f021abcd6ed9702c343c2696ec44cfa8022c7e37448f8a78c075c4a16d,UNRESOLVED_MANUAL_REVIEW,Diagnostic reverse replay retains a symbol not present in the official checkpoint.
2014-11-28,UNEXPECTED_IN_REPLAY,hathway,2013-04-18,4942c0f021abcd6ed9702c343c2696ec44cfa8022c7e37448f8a78c075c4a16d,UNRESOLVED_MANUAL_REVIEW,Diagnostic reverse replay retains a symbol not present in the official checkpoint.
2014-11-28,UNEXPECTED_IN_REPLAY,indiainfo,2013-04-18,4942c0f021abcd6ed9702c343c2696ec44cfa8022c7e37448f8a78c075c4a16d,UNRESOLVED_MANUAL_REVIEW,Diagnostic reverse replay retains a symbol not present in the official checkpoint.
2014-11-28,UNEXPECTED_IN_REPLAY,ivrclinfra,2013-04-18,4942c0f021abcd6ed9702c343c2696ec44cfa8022c7e37448f8a78c075c4a16d,UNRESOLVED_MANUAL_REVIEW,Diagnostic reverse replay retains a symbol not present in the official checkpoint.
2014-11-28,UNEXPECTED_IN_REPLAY,jindalsaw,2013-04-18,4942c0f021abcd6ed9702c343c2696ec44cfa8022c7e37448f8a78c075c4a16d,UNRESOLVED_MANUAL_REVIEW,Diagnostic reverse replay retains a symbol not present in the official checkpoint.
2014-11-28,UNEXPECTED_IN_REPLAY,litl,2013-04-18,4942c0f021abcd6ed9702c343c2696ec44cfa8022c7e37448f8a78c075c4a16d,UNRESOLVED_MANUAL_REVIEW,Diagnostic reverse replay retains a symbol not present in the official checkpoint.
2014-11-28,UNEXPECTED_IN_REPLAY,madrascem,2013-04-18,4942c0f021abcd6ed9702c343c2696ec44cfa8022c7e37448f8a78c075c4a16d,UNRESOLVED_MANUAL_REVIEW,Diagnostic reverse replay retains a symbol not present in the official checkpoint.
2014-11-28,UNEXPECTED_IN_REPLAY,optocircui,2013-04-18,4942c0f021abcd6ed9702c343c2696ec44cfa8022c7e37448f8a78c075c4a16d,UNRESOLVED_MANUAL_REVIEW,Diagnostic reverse replay retains a symbol not present in the official checkpoint.
2014-11-28,UNEXPECTED_IN_REPLAY,orissamine,2013-04-18,4942c0f021abcd6ed9702c343c2696ec44cfa8022c7e37448f8a78c075c4a16d,UNRESOLVED_MANUAL_REVIEW,Diagnostic reverse replay retains a symbol not present in the official checkpoint.
2014-11-28,UNEXPECTED_IN_REPLAY,punjlloyd,2013-04-18,4942c0f021abcd6ed9702c343c2696ec44cfa8022c7e37448f8a78c075c4a16d,UNRESOLVED_MANUAL_REVIEW,Diagnostic reverse replay retains a symbol not present in the official checkpoint.
2014-11-28,UNEXPECTED_IN_REPLAY,sesagoa,2013-04-18,4942c0f021abcd6ed9702c343c2696ec44cfa8022c7e37448f8a78c075c4a16d,UNRESOLVED_MANUAL_REVIEW,Diagnostic reverse replay retains a symbol not present in the official checkpoint.
2014-11-28,UNEXPECTED_IN_REPLAY,shriramcit,2013-04-18,4942c0f021abcd6ed9702c343c2696ec44cfa8022c7e37448f8a78c075c4a16d,UNRESOLVED_MANUAL_REVIEW,Diagnostic reverse replay retains a symbol not present in the official checkpoint.
2014-11-28,UNEXPECTED_IN_REPLAY,sintex,2013-04-18,4942c0f021abcd6ed9702c343c2696ec44cfa8022c7e37448f8a78c075c4a16d,UNRESOLVED_MANUAL_REVIEW,Diagnostic reverse replay retains a symbol not present in the official checkpoint.
2014-11-28,UNEXPECTED_IN_REPLAY,uniphos,2013-04-18,4942c0f021abcd6ed9702c343c2696ec44cfa8022c7e37448f8a78c075c4a16d,UNRESOLVED_MANUAL_REVIEW,Diagnostic reverse replay retains a symbol not present in the official checkpoint.
2014-11-28,UNEXPECTED_IN_REPLAY,videoind,2013-04-18,4942c0f021abcd6ed9702c343c2696ec44cfa8022c7e37448f8a78c075c4a16d,UNRESOLVED_MANUAL_REVIEW,Diagnostic reverse replay retains a symbol not present in the official checkpoint.
2014-11-28,UNEXPECTED_IN_REPLAY,welcorp,2013-04-18,4942c0f021abcd6ed9702c343c2696ec44cfa8022c7e37448f8a78c075c4a16d,UNRESOLVED_MANUAL_REVIEW,Diagnostic reverse replay retains a symbol not present in the official checkpoint.
2014-12-31,MISSING_FROM_REPLAY,aiaeng,2013-04-18,4942c0f021abcd6ed9702c343c2696ec44cfa8022c7e37448f8a78c075c4a16d,UNRESOLVED_MANUAL_REVIEW,No authoritative 2012 anchor or complete certified event chain; symbol is in the official checkpoint but absent from diagnostic replay.
2014-12-31,MISSING_FROM_REPLAY,arvind,2013-04-18,4942c0f021abcd6ed9702c343c2696ec44cfa8022c7e37448f8a78c075c4a16d,UNRESOLVED_MANUAL_REVIEW,No authoritative 2012 anchor or complete certified event chain; symbol is in the official checkpoint but absent from diagnostic replay.
2014-12-31,MISSING_FROM_REPLAY,cmc,2013-04-18,4942c0f021abcd6ed9702c343c2696ec44cfa8022c7e37448f8a78c075c4a16d,UNRESOLVED_MANUAL_REVIEW,No authoritative 2012 anchor or complete certified event chain; symbol is in the official checkpoint but absent from diagnostic replay.
2014-12-31,MISSING_FROM_REPLAY,gppl,2013-04-18,4942c0f021abcd6ed9702c343c2696ec44cfa8022c7e37448f8a78c075c4a16d,UNRESOLVED_MANUAL_REVIEW,No authoritative 2012 anchor or complete certified event chain; symbol is in the official checkpoint but absent from diagnostic replay.
2014-12-31,MISSING_FROM_REPLAY,ibulhsgfin,2013-04-18,4942c0f021abcd6ed9702c343c2696ec44cfa8022c7e37448f8a78c075c4a16d,UNRESOLVED_MANUAL_REVIEW,No authoritative 2012 anchor or complete certified event chain; symbol is in the official checkpoint but absent from diagnostic replay.
2014-12-31,MISSING_FROM_REPLAY,infratel,2013-04-18,4942c0f021abcd6ed9702c343c2696ec44cfa8022c7e37448f8a78c075c4a16d,UNRESOLVED_MANUAL_REVIEW,No authoritative 2012 anchor or complete certified event chain; symbol is in the official checkpoint but absent from diagnostic replay.
2014-12-31,MISSING_FROM_REPLAY,justdial,2013-04-18,4942c0f021abcd6ed9702c343c2696ec44cfa8022c7e37448f8a78c075c4a16d,UNRESOLVED_MANUAL_REVIEW,No authoritative 2012 anchor or complete certified event chain; symbol is in the official checkpoint but absent from diagnostic replay.
2014-12-31,MISSING_FROM_REPLAY,kpit,2013-04-18,4942c0f021abcd6ed9702c343c2696ec44cfa8022c7e37448f8a78c075c4a16d,UNRESOLVED_MANUAL_REVIEW,No authoritative 2012 anchor or complete certified event chain; symbol is in the official checkpoint but absent from diagnostic replay.
2014-12-31,MISSING_FROM_REPLAY,naukri,2013-04-18,4942c0f021abcd6ed9702c343c2696ec44cfa8022c7e37448f8a78c075c4a16d,UNRESOLVED_MANUAL_REVIEW,No authoritative 2012 anchor or complete certified event chain; symbol is in the official checkpoint but absent from diagnostic replay.
2014-12-31,MISSING_FROM_REPLAY,niittech,2013-04-18,4942c0f021abcd6ed9702c343c2696ec44cfa8022c7e37448f8a78c075c4a16d,UNRESOLVED_MANUAL_REVIEW,No authoritative 2012 anchor or complete certified event chain; symbol is in the official checkpoint but absent from diagnostic replay.
2014-12-31,MISSING_FROM_REPLAY,oberoirlty,2013-04-18,4942c0f021abcd6ed9702c343c2696ec44cfa8022c7e37448f8a78c075c4a16d,UNRESOLVED_MANUAL_REVIEW,No authoritative 2012 anchor or complete certified event chain; symbol is in the official checkpoint but absent from diagnostic replay.
2014-12-31,MISSING_FROM_REPLAY,pageind,2013-04-18,4942c0f021abcd6ed9702c343c2696ec44cfa8022c7e37448f8a78c075c4a16d,UNRESOLVED_MANUAL_REVIEW,No authoritative 2012 anchor or complete certified event chain; symbol is in the official checkpoint but absent from diagnostic replay.
2014-12-31,MISSING_FROM_REPLAY,persistent,2013-04-18,4942c0f021abcd6ed9702c343c2696ec44cfa8022c7e37448f8a78c075c4a16d,UNRESOLVED_MANUAL_REVIEW,No authoritative 2012 anchor or complete certified event chain; symbol is in the official checkpoint but absent from diagnostic replay.
2014-12-31,MISSING_FROM_REPLAY,ramcocem,2013-04-18,4942c0f021abcd6ed9702c343c2696ec44cfa8022c7e37448f8a78c075c4a16d,UNRESOLVED_MANUAL_REVIEW,No authoritative 2012 anchor or complete certified event chain; symbol is in the official checkpoint but absent from diagnostic replay.
2014-12-31,MISSING_FROM_REPLAY,sslt,2013-04-18,4942c0f021abcd6ed9702c343c2696ec44cfa8022c7e37448f8a78c075c4a16d,UNRESOLVED_MANUAL_REVIEW,No authoritative 2012 anchor or complete certified event chain; symbol is in the official checkpoint but absent from diagnostic replay.
2014-12-31,MISSING_FROM_REPLAY,thermax,2013-04-18,4942c0f021abcd6ed9702c343c2696ec44cfa8022c7e37448f8a78c075c4a16d,UNRESOLVED_MANUAL_REVIEW,No authoritative 2012 anchor or complete certified event chain; symbol is in the official checkpoint but absent from diagnostic replay.
2014-12-31,MISSING_FROM_REPLAY,torntpharm,2013-04-18,4942c0f021abcd6ed9702c343c2696ec44cfa8022c7e37448f8a78c075c4a16d,UNRESOLVED_MANUAL_REVIEW,No authoritative 2012 anchor or complete certified event chain; symbol is in the official checkpoint but absent from diagnostic replay.
2014-12-31,MISSING_FROM_REPLAY,upl,2013-04-18,4942c0f021abcd6ed9702c343c2696ec44cfa8022c7e37448f8a78c075c4a16d,UNRESOLVED_MANUAL_REVIEW,No authoritative 2012 anchor or complete certified event chain; symbol is in the official checkpoint but absent from diagnostic replay.
2014-12-31,MISSING_FROM_REPLAY,wipro,2013-04-18,4942c0f021abcd6ed9702c343c2696ec44cfa8022c7e37448f8a78c075c4a16d,UNRESOLVED_MANUAL_REVIEW,No authoritative 2012 anchor or complete certified event chain; symbol is in the official checkpoint but absent from diagnostic replay.
2014-12-31,UNEXPECTED_IN_REPLAY,centralbk,2013-04-18,4942c0f021abcd6ed9702c343c2696ec44cfa8022c7e37448f8a78c075c4a16d,UNRESOLVED_MANUAL_REVIEW,Diagnostic reverse replay retains a symbol not present in the official checkpoint.
2014-12-31,UNEXPECTED_IN_REPLAY,chamblfert,2013-04-18,4942c0f021abcd6ed9702c343c2696ec44cfa8022c7e37448f8a78c075c4a16d,UNRESOLVED_MANUAL_REVIEW,Diagnostic reverse replay retains a symbol not present in the official checkpoint.
2014-12-31,UNEXPECTED_IN_REPLAY,coreedutec,2013-04-18,4942c0f021abcd6ed9702c343c2696ec44cfa8022c7e37448f8a78c075c4a16d,UNRESOLVED_MANUAL_REVIEW,Diagnostic reverse replay retains a symbol not present in the official checkpoint.
2014-12-31,UNEXPECTED_IN_REPLAY,cub,2013-04-18,4942c0f021abcd6ed9702c343c2696ec44cfa8022c7e37448f8a78c075c4a16d,UNRESOLVED_MANUAL_REVIEW,Diagnostic reverse replay retains a symbol not present in the official checkpoint.
2014-12-31,UNEXPECTED_IN_REPLAY,denabank,2013-04-18,4942c0f021abcd6ed9702c343c2696ec44cfa8022c7e37448f8a78c075c4a16d,UNRESOLVED_MANUAL_REVIEW,Diagnostic reverse replay retains a symbol not present in the official checkpoint.
2014-12-31,UNEXPECTED_IN_REPLAY,finantech,2013-04-18,4942c0f021abcd6ed9702c343c2696ec44cfa8022c7e37448f8a78c075c4a16d,UNRESOLVED_MANUAL_REVIEW,Diagnostic reverse replay retains a symbol not present in the official checkpoint.
2014-12-31,UNEXPECTED_IN_REPLAY,gitanjali,2013-04-18,4942c0f021abcd6ed9702c343c2696ec44cfa8022c7e37448f8a78c075c4a16d,UNRESOLVED_MANUAL_REVIEW,Diagnostic reverse replay retains a symbol not present in the official checkpoint.
2014-12-31,UNEXPECTED_IN_REPLAY,gmdcltd,2013-04-18,4942c0f021abcd6ed9702c343c2696ec44cfa8022c7e37448f8a78c075c4a16d,UNRESOLVED_MANUAL_REVIEW,Diagnostic reverse replay retains a symbol not present in the official checkpoint.
2014-12-31,UNEXPECTED_IN_REPLAY,gujfluoro,2013-04-18,4942c0f021abcd6ed9702c343c2696ec44cfa8022c7e37448f8a78c075c4a16d,UNRESOLVED_MANUAL_REVIEW,Diagnostic reverse replay retains a symbol not present in the official checkpoint.
2014-12-31,UNEXPECTED_IN_REPLAY,gujratgas,2013-04-18,4942c0f021abcd6ed9702c343c2696ec44cfa8022c7e37448f8a78c075c4a16d,UNRESOLVED_MANUAL_REVIEW,Diagnostic reverse replay retains a symbol not present in the official checkpoint.
2014-12-31,UNEXPECTED_IN_REPLAY,gvkpil,2013-04-18,4942c0f021abcd6ed9702c343c2696ec44cfa8022c7e37448f8a78c075c4a16d,UNRESOLVED_MANUAL_REVIEW,Diagnostic reverse replay retains a symbol not present in the official checkpoint.
2014-12-31,UNEXPECTED_IN_REPLAY,hathway,2013-04-18,4942c0f021abcd6ed9702c343c2696ec44cfa8022c7e37448f8a78c075c4a16d,UNRESOLVED_MANUAL_REVIEW,Diagnostic reverse replay retains a symbol not present in the official checkpoint.
2014-12-31,UNEXPECTED_IN_REPLAY,indiainfo,2013-04-18,4942c0f021abcd6ed9702c343c2696ec44cfa8022c7e37448f8a78c075c4a16d,UNRESOLVED_MANUAL_REVIEW,Diagnostic reverse replay retains a symbol not present in the official checkpoint.
2014-12-31,UNEXPECTED_IN_REPLAY,ivrclinfra,2013-04-18,4942c0f021abcd6ed9702c343c2696ec44cfa8022c7e37448f8a78c075c4a16d,UNRESOLVED_MANUAL_REVIEW,Diagnostic reverse replay retains a symbol not present in the official checkpoint.
2014-12-31,UNEXPECTED_IN_REPLAY,jindalsaw,2013-04-18,4942c0f021abcd6ed9702c343c2696ec44cfa8022c7e37448f8a78c075c4a16d,UNRESOLVED_MANUAL_REVIEW,Diagnostic reverse replay retains a symbol not present in the official checkpoint.
2014-12-31,UNEXPECTED_IN_REPLAY,litl,2013-04-18,4942c0f021abcd6ed9702c343c2696ec44cfa8022c7e37448f8a78c075c4a16d,UNRESOLVED_MANUAL_REVIEW,Diagnostic reverse replay retains a symbol not present in the official checkpoint.
2014-12-31,UNEXPECTED_IN_REPLAY,madrascem,2013-04-18,4942c0f021abcd6ed9702c343c2696ec44cfa8022c7e37448f8a78c075c4a16d,UNRESOLVED_MANUAL_REVIEW,Diagnostic reverse replay retains a symbol not present in the official checkpoint.
2014-12-31,UNEXPECTED_IN_REPLAY,optocircui,2013-04-18,4942c0f021abcd6ed9702c343c2696ec44cfa8022c7e37448f8a78c075c4a16d,UNRESOLVED_MANUAL_REVIEW,Diagnostic reverse replay retains a symbol not present in the official checkpoint.
2014-12-31,UNEXPECTED_IN_REPLAY,orissamine,2013-04-18,4942c0f021abcd6ed9702c343c2696ec44cfa8022c7e37448f8a78c075c4a16d,UNRESOLVED_MANUAL_REVIEW,Diagnostic reverse replay retains a symbol not present in the official checkpoint.
2014-12-31,UNEXPECTED_IN_REPLAY,punjlloyd,2013-04-18,4942c0f021abcd6ed9702c343c2696ec44cfa8022c7e37448f8a78c075c4a16d,UNRESOLVED_MANUAL_REVIEW,Diagnostic reverse replay retains a symbol not present in the official checkpoint.
2014-12-31,UNEXPECTED_IN_REPLAY,sesagoa,2013-04-18,4942c0f021abcd6ed9702c343c2696ec44cfa8022c7e37448f8a78c075c4a16d,UNRESOLVED_MANUAL_REVIEW,Diagnostic reverse replay retains a symbol not present in the official checkpoint.
2014-12-31,UNEXPECTED_IN_REPLAY,shriramcit,2013-04-18,4942c0f021abcd6ed9702c343c2696ec44cfa8022c7e37448f8a78c075c4a16d,UNRESOLVED_MANUAL_REVIEW,Diagnostic reverse replay retains a symbol not present in the official checkpoint.
2014-12-31,UNEXPECTED_IN_REPLAY,sintex,2013-04-18,4942c0f021abcd6ed9702c343c2696ec44cfa8022c7e37448f8a78c075c4a16d,UNRESOLVED_MANUAL_REVIEW,Diagnostic reverse replay retains a symbol not present in the official checkpoint.
2014-12-31,UNEXPECTED_IN_REPLAY,uniphos,2013-04-18,4942c0f021abcd6ed9702c343c2696ec44cfa8022c7e37448f8a78c075c4a16d,UNRESOLVED_MANUAL_REVIEW,Diagnostic reverse replay retains a symbol not present in the official checkpoint.
2014-12-31,UNEXPECTED_IN_REPLAY,videoind,2013-04-18,4942c0f021abcd6ed9702c343c2696ec44cfa8022c7e37448f8a78c075c4a16d,UNRESOLVED_MANUAL_REVIEW,Diagnostic reverse replay retains a symbol not present in the official checkpoint.
2014-12-31,UNEXPECTED_IN_REPLAY,welcorp,2013-04-18,4942c0f021abcd6ed9702c343c2696ec44cfa8022c7e37448f8a78c075c4a16d,UNRESOLVED_MANUAL_REVIEW,Diagnostic reverse replay retains a symbol not present in the official checkpoint.
2015-01-30,MISSING_FROM_REPLAY,aiaeng,2013-04-18,4942c0f021abcd6ed9702c343c2696ec44cfa8022c7e37448f8a78c075c4a16d,UNRESOLVED_MANUAL_REVIEW,No authoritative 2012 anchor or complete certified event chain; symbol is in the official checkpoint but absent from diagnostic replay.
2015-01-30,MISSING_FROM_REPLAY,arvind,2013-04-18,4942c0f021abcd6ed9702c343c2696ec44cfa8022c7e37448f8a78c075c4a16d,UNRESOLVED_MANUAL_REVIEW,No authoritative 2012 anchor or complete certified event chain; symbol is in the official checkpoint but absent from diagnostic replay.
2015-01-30,MISSING_FROM_REPLAY,cmc,2013-04-18,4942c0f021abcd6ed9702c343c2696ec44cfa8022c7e37448f8a78c075c4a16d,UNRESOLVED_MANUAL_REVIEW,No authoritative 2012 anchor or complete certified event chain; symbol is in the official checkpoint but absent from diagnostic replay.
2015-01-30,MISSING_FROM_REPLAY,gppl,2013-04-18,4942c0f021abcd6ed9702c343c2696ec44cfa8022c7e37448f8a78c075c4a16d,UNRESOLVED_MANUAL_REVIEW,No authoritative 2012 anchor or complete certified event chain; symbol is in the official checkpoint but absent from diagnostic replay.
2015-01-30,MISSING_FROM_REPLAY,ibulhsgfin,2013-04-18,4942c0f021abcd6ed9702c343c2696ec44cfa8022c7e37448f8a78c075c4a16d,UNRESOLVED_MANUAL_REVIEW,No authoritative 2012 anchor or complete certified event chain; symbol is in the official checkpoint but absent from diagnostic replay.
2015-01-30,MISSING_FROM_REPLAY,infratel,2013-04-18,4942c0f021abcd6ed9702c343c2696ec44cfa8022c7e37448f8a78c075c4a16d,UNRESOLVED_MANUAL_REVIEW,No authoritative 2012 anchor or complete certified event chain; symbol is in the official checkpoint but absent from diagnostic replay.
2015-01-30,MISSING_FROM_REPLAY,justdial,2013-04-18,4942c0f021abcd6ed9702c343c2696ec44cfa8022c7e37448f8a78c075c4a16d,UNRESOLVED_MANUAL_REVIEW,No authoritative 2012 anchor or complete certified event chain; symbol is in the official checkpoint but absent from diagnostic replay.
2015-01-30,MISSING_FROM_REPLAY,kpit,2013-04-18,4942c0f021abcd6ed9702c343c2696ec44cfa8022c7e37448f8a78c075c4a16d,UNRESOLVED_MANUAL_REVIEW,No authoritative 2012 anchor or complete certified event chain; symbol is in the official checkpoint but absent from diagnostic replay.
2015-01-30,MISSING_FROM_REPLAY,naukri,2013-04-18,4942c0f021abcd6ed9702c343c2696ec44cfa8022c7e37448f8a78c075c4a16d,UNRESOLVED_MANUAL_REVIEW,No authoritative 2012 anchor or complete certified event chain; symbol is in the official checkpoint but absent from diagnostic replay.
2015-01-30,MISSING_FROM_REPLAY,niittech,2013-04-18,4942c0f021abcd6ed9702c343c2696ec44cfa8022c7e37448f8a78c075c4a16d,UNRESOLVED_MANUAL_REVIEW,No authoritative 2012 anchor or complete certified event chain; symbol is in the official checkpoint but absent from diagnostic replay.
2015-01-30,MISSING_FROM_REPLAY,oberoirlty,2013-04-18,4942c0f021abcd6ed9702c343c2696ec44cfa8022c7e37448f8a78c075c4a16d,UNRESOLVED_MANUAL_REVIEW,No authoritative 2012 anchor or complete certified event chain; symbol is in the official checkpoint but absent from diagnostic replay.
2015-01-30,MISSING_FROM_REPLAY,pageind,2013-04-18,4942c0f021abcd6ed9702c343c2696ec44cfa8022c7e37448f8a78c075c4a16d,UNRESOLVED_MANUAL_REVIEW,No authoritative 2012 anchor or complete certified event chain; symbol is in the official checkpoint but absent from diagnostic replay.
2015-01-30,MISSING_FROM_REPLAY,persistent,2013-04-18,4942c0f021abcd6ed9702c343c2696ec44cfa8022c7e37448f8a78c075c4a16d,UNRESOLVED_MANUAL_REVIEW,No authoritative 2012 anchor or complete certified event chain; symbol is in the official checkpoint but absent from diagnostic replay.
2015-01-30,MISSING_FROM_REPLAY,ramcocem,2013-04-18,4942c0f021abcd6ed9702c343c2696ec44cfa8022c7e37448f8a78c075c4a16d,UNRESOLVED_MANUAL_REVIEW,No authoritative 2012 anchor or complete certified event chain; symbol is in the official checkpoint but absent from diagnostic replay.
2015-01-30,MISSING_FROM_REPLAY,sslt,2013-04-18,4942c0f021abcd6ed9702c343c2696ec44cfa8022c7e37448f8a78c075c4a16d,UNRESOLVED_MANUAL_REVIEW,No authoritative 2012 anchor or complete certified event chain; symbol is in the official checkpoint but absent from diagnostic replay.
2015-01-30,MISSING_FROM_REPLAY,thermax,2013-04-18,4942c0f021abcd6ed9702c343c2696ec44cfa8022c7e37448f8a78c075c4a16d,UNRESOLVED_MANUAL_REVIEW,No authoritative 2012 anchor or complete certified event chain; symbol is in the official checkpoint but absent from diagnostic replay.
2015-01-30,MISSING_FROM_REPLAY,torntpharm,2013-04-18,4942c0f021abcd6ed9702c343c2696ec44cfa8022c7e37448f8a78c075c4a16d,UNRESOLVED_MANUAL_REVIEW,No authoritative 2012 anchor or complete certified event chain; symbol is in the official checkpoint but absent from diagnostic replay.
2015-01-30,MISSING_FROM_REPLAY,upl,2013-04-18,4942c0f021abcd6ed9702c343c2696ec44cfa8022c7e37448f8a78c075c4a16d,UNRESOLVED_MANUAL_REVIEW,No authoritative 2012 anchor or complete certified event chain; symbol is in the official checkpoint but absent from diagnostic replay.
2015-01-30,MISSING_FROM_REPLAY,wipro,2013-04-18,4942c0f021abcd6ed9702c343c2696ec44cfa8022c7e37448f8a78c075c4a16d,UNRESOLVED_MANUAL_REVIEW,No authoritative 2012 anchor or complete certified event chain; symbol is in the official checkpoint but absent from diagnostic replay.
2015-01-30,UNEXPECTED_IN_REPLAY,centralbk,2013-04-18,4942c0f021abcd6ed9702c343c2696ec44cfa8022c7e37448f8a78c075c4a16d,UNRESOLVED_MANUAL_REVIEW,Diagnostic reverse replay retains a symbol not present in the official checkpoint.
2015-01-30,UNEXPECTED_IN_REPLAY,chamblfert,2013-04-18,4942c0f021abcd6ed9702c343c2696ec44cfa8022c7e37448f8a78c075c4a16d,UNRESOLVED_MANUAL_REVIEW,Diagnostic reverse replay retains a symbol not present in the official checkpoint.
2015-01-30,UNEXPECTED_IN_REPLAY,coreedutec,2013-04-18,4942c0f021abcd6ed9702c343c2696ec44cfa8022c7e37448f8a78c075c4a16d,UNRESOLVED_MANUAL_REVIEW,Diagnostic reverse replay retains a symbol not present in the official checkpoint.
2015-01-30,UNEXPECTED_IN_REPLAY,cub,2013-04-18,4942c0f021abcd6ed9702c343c2696ec44cfa8022c7e37448f8a78c075c4a16d,UNRESOLVED_MANUAL_REVIEW,Diagnostic reverse replay retains a symbol not present in the official checkpoint.
2015-01-30,UNEXPECTED_IN_REPLAY,denabank,2013-04-18,4942c0f021abcd6ed9702c343c2696ec44cfa8022c7e37448f8a78c075c4a16d,UNRESOLVED_MANUAL_REVIEW,Diagnostic reverse replay retains a symbol not present in the official checkpoint.
2015-01-30,UNEXPECTED_IN_REPLAY,finantech,2013-04-18,4942c0f021abcd6ed9702c343c2696ec44cfa8022c7e37448f8a78c075c4a16d,UNRESOLVED_MANUAL_REVIEW,Diagnostic reverse replay retains a symbol not present in the official checkpoint.
2015-01-30,UNEXPECTED_IN_REPLAY,gitanjali,2013-04-18,4942c0f021abcd6ed9702c343c2696ec44cfa8022c7e37448f8a78c075c4a16d,UNRESOLVED_MANUAL_REVIEW,Diagnostic reverse replay retains a symbol not present in the official checkpoint.
2015-01-30,UNEXPECTED_IN_REPLAY,gmdcltd,2013-04-18,4942c0f021abcd6ed9702c343c2696ec44cfa8022c7e37448f8a78c075c4a16d,UNRESOLVED_MANUAL_REVIEW,Diagnostic reverse replay retains a symbol not present in the official checkpoint.
2015-01-30,UNEXPECTED_IN_REPLAY,gujfluoro,2013-04-18,4942c0f021abcd6ed9702c343c2696ec44cfa8022c7e37448f8a78c075c4a16d,UNRESOLVED_MANUAL_REVIEW,Diagnostic reverse replay retains a symbol not present in the official checkpoint.
2015-01-30,UNEXPECTED_IN_REPLAY,gujratgas,2013-04-18,4942c0f021abcd6ed9702c343c2696ec44cfa8022c7e37448f8a78c075c4a16d,UNRESOLVED_MANUAL_REVIEW,Diagnostic reverse replay retains a symbol not present in the official checkpoint.
2015-01-30,UNEXPECTED_IN_REPLAY,gvkpil,2013-04-18,4942c0f021abcd6ed9702c343c2696ec44cfa8022c7e37448f8a78c075c4a16d,UNRESOLVED_MANUAL_REVIEW,Diagnostic reverse replay retains a symbol not present in the official checkpoint.
2015-01-30,UNEXPECTED_IN_REPLAY,hathway,2013-04-18,4942c0f021abcd6ed9702c343c2696ec44cfa8022c7e37448f8a78c075c4a16d,UNRESOLVED_MANUAL_REVIEW,Diagnostic reverse replay retains a symbol not present in the official checkpoint.
2015-01-30,UNEXPECTED_IN_REPLAY,indiainfo,2013-04-18,4942c0f021abcd6ed9702c343c2696ec44cfa8022c7e37448f8a78c075c4a16d,UNRESOLVED_MANUAL_REVIEW,Diagnostic reverse replay retains a symbol not present in the official checkpoint.
2015-01-30,UNEXPECTED_IN_REPLAY,ivrclinfra,2013-04-18,4942c0f021abcd6ed9702c343c2696ec44cfa8022c7e37448f8a78c075c4a16d,UNRESOLVED_MANUAL_REVIEW,Diagnostic reverse replay retains a symbol not present in the official checkpoint.
2015-01-30,UNEXPECTED_IN_REPLAY,jindalsaw,2013-04-18,4942c0f021abcd6ed9702c343c2696ec44cfa8022c7e37448f8a78c075c4a16d,UNRESOLVED_MANUAL_REVIEW,Diagnostic reverse replay retains a symbol not present in the official checkpoint.
2015-01-30,UNEXPECTED_IN_REPLAY,litl,2013-04-18,4942c0f021abcd6ed9702c343c2696ec44cfa8022c7e37448f8a78c075c4a16d,UNRESOLVED_MANUAL_REVIEW,Diagnostic reverse replay retains a symbol not present in the official checkpoint.
2015-01-30,UNEXPECTED_IN_REPLAY,madrascem,2013-04-18,4942c0f021abcd6ed9702c343c2696ec44cfa8022c7e37448f8a78c075c4a16d,UNRESOLVED_MANUAL_REVIEW,Diagnostic reverse replay retains a symbol not present in the official checkpoint.
2015-01-30,UNEXPECTED_IN_REPLAY,optocircui,2013-04-18,4942c0f021abcd6ed9702c343c2696ec44cfa8022c7e37448f8a78c075c4a16d,UNRESOLVED_MANUAL_REVIEW,Diagnostic reverse replay retains a symbol not present in the official checkpoint.
2015-01-30,UNEXPECTED_IN_REPLAY,orissamine,2013-04-18,4942c0f021abcd6ed9702c343c2696ec44cfa8022c7e37448f8a78c075c4a16d,UNRESOLVED_MANUAL_REVIEW,Diagnostic reverse replay retains a symbol not present in the official checkpoint.
2015-01-30,UNEXPECTED_IN_REPLAY,punjlloyd,2013-04-18,4942c0f021abcd6ed9702c343c2696ec44cfa8022c7e37448f8a78c075c4a16d,UNRESOLVED_MANUAL_REVIEW,Diagnostic reverse replay retains a symbol not present in the official checkpoint.
2015-01-30,UNEXPECTED_IN_REPLAY,sesagoa,2013-04-18,4942c0f021abcd6ed9702c343c2696ec44cfa8022c7e37448f8a78c075c4a16d,UNRESOLVED_MANUAL_REVIEW,Diagnostic reverse replay retains a symbol not present in the official checkpoint.
2015-01-30,UNEXPECTED_IN_REPLAY,shriramcit,2013-04-18,4942c0f021abcd6ed9702c343c2696ec44cfa8022c7e37448f8a78c075c4a16d,UNRESOLVED_MANUAL_REVIEW,Diagnostic reverse replay retains a symbol not present in the official checkpoint.
2015-01-30,UNEXPECTED_IN_REPLAY,sintex,2013-04-18,4942c0f021abcd6ed9702c343c2696ec44cfa8022c7e37448f8a78c075c4a16d,UNRESOLVED_MANUAL_REVIEW,Diagnostic reverse replay retains a symbol not present in the official checkpoint.
2015-01-30,UNEXPECTED_IN_REPLAY,uniphos,2013-04-18,4942c0f021abcd6ed9702c343c2696ec44cfa8022c7e37448f8a78c075c4a16d,UNRESOLVED_MANUAL_REVIEW,Diagnostic reverse replay retains a symbol not present in the official checkpoint.
2015-01-30,UNEXPECTED_IN_REPLAY,videoind,2013-04-18,4942c0f021abcd6ed9702c343c2696ec44cfa8022c7e37448f8a78c075c4a16d,UNRESOLVED_MANUAL_REVIEW,Diagnostic reverse replay retains a symbol not present in the official checkpoint.
2015-01-30,UNEXPECTED_IN_REPLAY,welcorp,2013-04-18,4942c0f021abcd6ed9702c343c2696ec44cfa8022c7e37448f8a78c075c4a16d,UNRESOLVED_MANUAL_REVIEW,Diagnostic reverse replay retains a symbol not present in the official checkpoint.
2015-02-28,MISSING_FROM_REPLAY,aiaeng,2013-04-18,4942c0f021abcd6ed9702c343c2696ec44cfa8022c7e37448f8a78c075c4a16d,UNRESOLVED_MANUAL_REVIEW,No authoritative 2012 anchor or complete certified event chain; symbol is in the official checkpoint but absent from diagnostic replay.
2015-02-28,MISSING_FROM_REPLAY,cmc,2013-04-18,4942c0f021abcd6ed9702c343c2696ec44cfa8022c7e37448f8a78c075c4a16d,UNRESOLVED_MANUAL_REVIEW,No authoritative 2012 anchor or complete certified event chain; symbol is in the official checkpoint but absent from diagnostic replay.
2015-02-28,MISSING_FROM_REPLAY,gppl,2013-04-18,4942c0f021abcd6ed9702c343c2696ec44cfa8022c7e37448f8a78c075c4a16d,UNRESOLVED_MANUAL_REVIEW,No authoritative 2012 anchor or complete certified event chain; symbol is in the official checkpoint but absent from diagnostic replay.
2015-02-28,MISSING_FROM_REPLAY,ibulhsgfin,2013-04-18,4942c0f021abcd6ed9702c343c2696ec44cfa8022c7e37448f8a78c075c4a16d,UNRESOLVED_MANUAL_REVIEW,No authoritative 2012 anchor or complete certified event chain; symbol is in the official checkpoint but absent from diagnostic replay.
2015-02-28,MISSING_FROM_REPLAY,infratel,2013-04-18,4942c0f021abcd6ed9702c343c2696ec44cfa8022c7e37448f8a78c075c4a16d,UNRESOLVED_MANUAL_REVIEW,No authoritative 2012 anchor or complete certified event chain; symbol is in the official checkpoint but absent from diagnostic replay.
2015-02-28,MISSING_FROM_REPLAY,justdial,2013-04-18,4942c0f021abcd6ed9702c343c2696ec44cfa8022c7e37448f8a78c075c4a16d,UNRESOLVED_MANUAL_REVIEW,No authoritative 2012 anchor or complete certified event chain; symbol is in the official checkpoint but absent from diagnostic replay.
2015-02-28,MISSING_FROM_REPLAY,kpit,2013-04-18,4942c0f021abcd6ed9702c343c2696ec44cfa8022c7e37448f8a78c075c4a16d,UNRESOLVED_MANUAL_REVIEW,No authoritative 2012 anchor or complete certified event chain; symbol is in the official checkpoint but absent from diagnostic replay.
2015-02-28,MISSING_FROM_REPLAY,naukri,2013-04-18,4942c0f021abcd6ed9702c343c2696ec44cfa8022c7e37448f8a78c075c4a16d,UNRESOLVED_MANUAL_REVIEW,No authoritative 2012 anchor or complete certified event chain; symbol is in the official checkpoint but absent from diagnostic replay.
2015-02-28,MISSING_FROM_REPLAY,niittech,2013-04-18,4942c0f021abcd6ed9702c343c2696ec44cfa8022c7e37448f8a78c075c4a16d,UNRESOLVED_MANUAL_REVIEW,No authoritative 2012 anchor or complete certified event chain; symbol is in the official checkpoint but absent from diagnostic replay.
2015-02-28,MISSING_FROM_REPLAY,oberoirlty,2013-04-18,4942c0f021abcd6ed9702c343c2696ec44cfa8022c7e37448f8a78c075c4a16d,UNRESOLVED_MANUAL_REVIEW,No authoritative 2012 anchor or complete certified event chain; symbol is in the official checkpoint but absent from diagnostic replay.
2015-02-28,MISSING_FROM_REPLAY,pageind,2013-04-18,4942c0f021abcd6ed9702c343c2696ec44cfa8022c7e37448f8a78c075c4a16d,UNRESOLVED_MANUAL_REVIEW,No authoritative 2012 anchor or complete certified event chain; symbol is in the official checkpoint but absent from diagnostic replay.
2015-02-28,MISSING_FROM_REPLAY,persistent,2013-04-18,4942c0f021abcd6ed9702c343c2696ec44cfa8022c7e37448f8a78c075c4a16d,UNRESOLVED_MANUAL_REVIEW,No authoritative 2012 anchor or complete certified event chain; symbol is in the official checkpoint but absent from diagnostic replay.
2015-02-28,MISSING_FROM_REPLAY,ramcocem,2013-04-18,4942c0f021abcd6ed9702c343c2696ec44cfa8022c7e37448f8a78c075c4a16d,UNRESOLVED_MANUAL_REVIEW,No authoritative 2012 anchor or complete certified event chain; symbol is in the official checkpoint but absent from diagnostic replay.
2015-02-28,MISSING_FROM_REPLAY,sslt,2013-04-18,4942c0f021abcd6ed9702c343c2696ec44cfa8022c7e37448f8a78c075c4a16d,UNRESOLVED_MANUAL_REVIEW,No authoritative 2012 anchor or complete certified event chain; symbol is in the official checkpoint but absent from diagnostic replay.
2015-02-28,MISSING_FROM_REPLAY,thermax,2013-04-18,4942c0f021abcd6ed9702c343c2696ec44cfa8022c7e37448f8a78c075c4a16d,UNRESOLVED_MANUAL_REVIEW,No authoritative 2012 anchor or complete certified event chain; symbol is in the official checkpoint but absent from diagnostic replay.
2015-02-28,MISSING_FROM_REPLAY,torntpharm,2013-04-18,4942c0f021abcd6ed9702c343c2696ec44cfa8022c7e37448f8a78c075c4a16d,UNRESOLVED_MANUAL_REVIEW,No authoritative 2012 anchor or complete certified event chain; symbol is in the official checkpoint but absent from diagnostic replay.
2015-02-28,MISSING_FROM_REPLAY,upl,2013-04-18,4942c0f021abcd6ed9702c343c2696ec44cfa8022c7e37448f8a78c075c4a16d,UNRESOLVED_MANUAL_REVIEW,No authoritative 2012 anchor or complete certified event chain; symbol is in the official checkpoint but absent from diagnostic replay.
2015-02-28,MISSING_FROM_REPLAY,wipro,2013-04-18,4942c0f021abcd6ed9702c343c2696ec44cfa8022c7e37448f8a78c075c4a16d,UNRESOLVED_MANUAL_REVIEW,No authoritative 2012 anchor or complete certified event chain; symbol is in the official checkpoint but absent from diagnostic replay.
2015-02-28,UNEXPECTED_IN_REPLAY,centralbk,2013-04-18,4942c0f021abcd6ed9702c343c2696ec44cfa8022c7e37448f8a78c075c4a16d,UNRESOLVED_MANUAL_REVIEW,Diagnostic reverse replay retains a symbol not present in the official checkpoint.
2015-02-28,UNEXPECTED_IN_REPLAY,chamblfert,2013-04-18,4942c0f021abcd6ed9702c343c2696ec44cfa8022c7e37448f8a78c075c4a16d,UNRESOLVED_MANUAL_REVIEW,Diagnostic reverse replay retains a symbol not present in the official checkpoint.
2015-02-28,UNEXPECTED_IN_REPLAY,coreedutec,2013-04-18,4942c0f021abcd6ed9702c343c2696ec44cfa8022c7e37448f8a78c075c4a16d,UNRESOLVED_MANUAL_REVIEW,Diagnostic reverse replay retains a symbol not present in the official checkpoint.
2015-02-28,UNEXPECTED_IN_REPLAY,cub,2013-04-18,4942c0f021abcd6ed9702c343c2696ec44cfa8022c7e37448f8a78c075c4a16d,UNRESOLVED_MANUAL_REVIEW,Diagnostic reverse replay retains a symbol not present in the official checkpoint.
2015-02-28,UNEXPECTED_IN_REPLAY,denabank,2013-04-18,4942c0f021abcd6ed9702c343c2696ec44cfa8022c7e37448f8a78c075c4a16d,UNRESOLVED_MANUAL_REVIEW,Diagnostic reverse replay retains a symbol not present in the official checkpoint.
2015-02-28,UNEXPECTED_IN_REPLAY,finantech,2013-04-18,4942c0f021abcd6ed9702c343c2696ec44cfa8022c7e37448f8a78c075c4a16d,UNRESOLVED_MANUAL_REVIEW,Diagnostic reverse replay retains a symbol not present in the official checkpoint.
2015-02-28,UNEXPECTED_IN_REPLAY,gitanjali,2013-04-18,4942c0f021abcd6ed9702c343c2696ec44cfa8022c7e37448f8a78c075c4a16d,UNRESOLVED_MANUAL_REVIEW,Diagnostic reverse replay retains a symbol not present in the official checkpoint.
2015-02-28,UNEXPECTED_IN_REPLAY,gmdcltd,2013-04-18,4942c0f021abcd6ed9702c343c2696ec44cfa8022c7e37448f8a78c075c4a16d,UNRESOLVED_MANUAL_REVIEW,Diagnostic reverse replay retains a symbol not present in the official checkpoint.
2015-02-28,UNEXPECTED_IN_REPLAY,gujfluoro,2013-04-18,4942c0f021abcd6ed9702c343c2696ec44cfa8022c7e37448f8a78c075c4a16d,UNRESOLVED_MANUAL_REVIEW,Diagnostic reverse replay retains a symbol not present in the official checkpoint.
2015-02-28,UNEXPECTED_IN_REPLAY,gujratgas,2013-04-18,4942c0f021abcd6ed9702c343c2696ec44cfa8022c7e37448f8a78c075c4a16d,UNRESOLVED_MANUAL_REVIEW,Diagnostic reverse replay retains a symbol not present in the official checkpoint.
2015-02-28,UNEXPECTED_IN_REPLAY,gvkpil,2013-04-18,4942c0f021abcd6ed9702c343c2696ec44cfa8022c7e37448f8a78c075c4a16d,UNRESOLVED_MANUAL_REVIEW,Diagnostic reverse replay retains a symbol not present in the official checkpoint.
2015-02-28,UNEXPECTED_IN_REPLAY,hathway,2013-04-18,4942c0f021abcd6ed9702c343c2696ec44cfa8022c7e37448f8a78c075c4a16d,UNRESOLVED_MANUAL_REVIEW,Diagnostic reverse replay retains a symbol not present in the official checkpoint.
2015-02-28,UNEXPECTED_IN_REPLAY,indiainfo,2013-04-18,4942c0f021abcd6ed9702c343c2696ec44cfa8022c7e37448f8a78c075c4a16d,UNRESOLVED_MANUAL_REVIEW,Diagnostic reverse replay retains a symbol not present in the official checkpoint.
2015-02-28,UNEXPECTED_IN_REPLAY,ivrclinfra,2013-04-18,4942c0f021abcd6ed9702c343c2696ec44cfa8022c7e37448f8a78c075c4a16d,UNRESOLVED_MANUAL_REVIEW,Diagnostic reverse replay retains a symbol not present in the official checkpoint.
2015-02-28,UNEXPECTED_IN_REPLAY,jindalsaw,2013-04-18,4942c0f021abcd6ed9702c343c2696ec44cfa8022c7e37448f8a78c075c4a16d,UNRESOLVED_MANUAL_REVIEW,Diagnostic reverse replay retains a symbol not present in the official checkpoint.
2015-02-28,UNEXPECTED_IN_REPLAY,litl,2013-04-18,4942c0f021abcd6ed9702c343c2696ec44cfa8022c7e37448f8a78c075c4a16d,UNRESOLVED_MANUAL_REVIEW,Diagnostic reverse replay retains a symbol not present in the official checkpoint.
2015-02-28,UNEXPECTED_IN_REPLAY,madrascem,2013-04-18,4942c0f021abcd6ed9702c343c2696ec44cfa8022c7e37448f8a78c075c4a16d,UNRESOLVED_MANUAL_REVIEW,Diagnostic reverse replay retains a symbol not present in the official checkpoint.
2015-02-28,UNEXPECTED_IN_REPLAY,optocircui,2013-04-18,4942c0f021abcd6ed9702c343c2696ec44cfa8022c7e37448f8a78c075c4a16d,UNRESOLVED_MANUAL_REVIEW,Diagnostic reverse replay retains a symbol not present in the official checkpoint.
2015-02-28,UNEXPECTED_IN_REPLAY,orissamine,2013-04-18,4942c0f021abcd6ed9702c343c2696ec44cfa8022c7e37448f8a78c075c4a16d,UNRESOLVED_MANUAL_REVIEW,Diagnostic reverse replay retains a symbol not present in the official checkpoint.
2015-02-28,UNEXPECTED_IN_REPLAY,punjlloyd,2013-04-18,4942c0f021abcd6ed9702c343c2696ec44cfa8022c7e37448f8a78c075c4a16d,UNRESOLVED_MANUAL_REVIEW,Diagnostic reverse replay retains a symbol not present in the official checkpoint.
2015-02-28,UNEXPECTED_IN_REPLAY,sesagoa,2013-04-18,4942c0f021abcd6ed9702c343c2696ec44cfa8022c7e37448f8a78c075c4a16d,UNRESOLVED_MANUAL_REVIEW,Diagnostic reverse replay retains a symbol not present in the official checkpoint.
2015-02-28,UNEXPECTED_IN_REPLAY,shriramcit,2013-04-18,4942c0f021abcd6ed9702c343c2696ec44cfa8022c7e37448f8a78c075c4a16d,UNRESOLVED_MANUAL_REVIEW,Diagnostic reverse replay retains a symbol not present in the official checkpoint.
2015-02-28,UNEXPECTED_IN_REPLAY,sintex,2013-04-18,4942c0f021abcd6ed9702c343c2696ec44cfa8022c7e37448f8a78c075c4a16d,UNRESOLVED_MANUAL_REVIEW,Diagnostic reverse replay retains a symbol not present in the official checkpoint.
2015-02-28,UNEXPECTED_IN_REPLAY,uniphos,2013-04-18,4942c0f021abcd6ed9702c343c2696ec44cfa8022c7e37448f8a78c075c4a16d,UNRESOLVED_MANUAL_REVIEW,Diagnostic reverse replay retains a symbol not present in the official checkpoint.
2015-02-28,UNEXPECTED_IN_REPLAY,videoind,2013-04-18,4942c0f021abcd6ed9702c343c2696ec44cfa8022c7e37448f8a78c075c4a16d,UNRESOLVED_MANUAL_REVIEW,Diagnostic reverse replay retains a symbol not present in the official checkpoint.
2015-02-28,UNEXPECTED_IN_REPLAY,welcorp,2013-04-18,4942c0f021abcd6ed9702c343c2696ec44cfa8022c7e37448f8a78c075c4a16d,UNRESOLVED_MANUAL_REVIEW,Diagnostic reverse replay retains a symbol not present in the official checkpoint.
2015-03-31,MISSING_FROM_REPLAY,aiaeng,2013-04-18,4942c0f021abcd6ed9702c343c2696ec44cfa8022c7e37448f8a78c075c4a16d,UNRESOLVED_MANUAL_REVIEW,No authoritative 2012 anchor or complete certified event chain; symbol is in the official checkpoint but absent from diagnostic replay.
2015-03-31,MISSING_FROM_REPLAY,cox&kings,2013-04-18,4942c0f021abcd6ed9702c343c2696ec44cfa8022c7e37448f8a78c075c4a16d,UNRESOLVED_MANUAL_REVIEW,No authoritative 2012 anchor or complete certified event chain; symbol is in the official checkpoint but absent from diagnostic replay.
2015-03-31,MISSING_FROM_REPLAY,gppl,2013-04-18,4942c0f021abcd6ed9702c343c2696ec44cfa8022c7e37448f8a78c075c4a16d,UNRESOLVED_MANUAL_REVIEW,No authoritative 2012 anchor or complete certified event chain; symbol is in the official checkpoint but absent from diagnostic replay.
2015-03-31,MISSING_FROM_REPLAY,ibulhsgfin,2013-04-18,4942c0f021abcd6ed9702c343c2696ec44cfa8022c7e37448f8a78c075c4a16d,UNRESOLVED_MANUAL_REVIEW,No authoritative 2012 anchor or complete certified event chain; symbol is in the official checkpoint but absent from diagnostic replay.
2015-03-31,MISSING_FROM_REPLAY,infratel,2013-04-18,4942c0f021abcd6ed9702c343c2696ec44cfa8022c7e37448f8a78c075c4a16d,UNRESOLVED_MANUAL_REVIEW,No authoritative 2012 anchor or complete certified event chain; symbol is in the official checkpoint but absent from diagnostic replay.
2015-03-31,MISSING_FROM_REPLAY,justdial,2013-04-18,4942c0f021abcd6ed9702c343c2696ec44cfa8022c7e37448f8a78c075c4a16d,UNRESOLVED_MANUAL_REVIEW,No authoritative 2012 anchor or complete certified event chain; symbol is in the official checkpoint but absent from diagnostic replay.
2015-03-31,MISSING_FROM_REPLAY,kpit,2013-04-18,4942c0f021abcd6ed9702c343c2696ec44cfa8022c7e37448f8a78c075c4a16d,UNRESOLVED_MANUAL_REVIEW,No authoritative 2012 anchor or complete certified event chain; symbol is in the official checkpoint but absent from diagnostic replay.
2015-03-31,MISSING_FROM_REPLAY,naukri,2013-04-18,4942c0f021abcd6ed9702c343c2696ec44cfa8022c7e37448f8a78c075c4a16d,UNRESOLVED_MANUAL_REVIEW,No authoritative 2012 anchor or complete certified event chain; symbol is in the official checkpoint but absent from diagnostic replay.
2015-03-31,MISSING_FROM_REPLAY,oberoirlty,2013-04-18,4942c0f021abcd6ed9702c343c2696ec44cfa8022c7e37448f8a78c075c4a16d,UNRESOLVED_MANUAL_REVIEW,No authoritative 2012 anchor or complete certified event chain; symbol is in the official checkpoint but absent from diagnostic replay.
2015-03-31,MISSING_FROM_REPLAY,pageind,2013-04-18,4942c0f021abcd6ed9702c343c2696ec44cfa8022c7e37448f8a78c075c4a16d,UNRESOLVED_MANUAL_REVIEW,No authoritative 2012 anchor or complete certified event chain; symbol is in the official checkpoint but absent from diagnostic replay.
2015-03-31,MISSING_FROM_REPLAY,persistent,2013-04-18,4942c0f021abcd6ed9702c343c2696ec44cfa8022c7e37448f8a78c075c4a16d,UNRESOLVED_MANUAL_REVIEW,No authoritative 2012 anchor or complete certified event chain; symbol is in the official checkpoint but absent from diagnostic replay.
2015-03-31,MISSING_FROM_REPLAY,sslt,2013-04-18,4942c0f021abcd6ed9702c343c2696ec44cfa8022c7e37448f8a78c075c4a16d,UNRESOLVED_MANUAL_REVIEW,No authoritative 2012 anchor or complete certified event chain; symbol is in the official checkpoint but absent from diagnostic replay.
2015-03-31,MISSING_FROM_REPLAY,torntpharm,2013-04-18,4942c0f021abcd6ed9702c343c2696ec44cfa8022c7e37448f8a78c075c4a16d,UNRESOLVED_MANUAL_REVIEW,No authoritative 2012 anchor or complete certified event chain; symbol is in the official checkpoint but absent from diagnostic replay.
2015-03-31,MISSING_FROM_REPLAY,upl,2013-04-18,4942c0f021abcd6ed9702c343c2696ec44cfa8022c7e37448f8a78c075c4a16d,UNRESOLVED_MANUAL_REVIEW,No authoritative 2012 anchor or complete certified event chain; symbol is in the official checkpoint but absent from diagnostic replay.
2015-03-31,MISSING_FROM_REPLAY,wipro,2013-04-18,4942c0f021abcd6ed9702c343c2696ec44cfa8022c7e37448f8a78c075c4a16d,UNRESOLVED_MANUAL_REVIEW,No authoritative 2012 anchor or complete certified event chain; symbol is in the official checkpoint but absent from diagnostic replay.
2015-03-31,UNEXPECTED_IN_REPLAY,centralbk,2013-04-18,4942c0f021abcd6ed9702c343c2696ec44cfa8022c7e37448f8a78c075c4a16d,UNRESOLVED_MANUAL_REVIEW,Diagnostic reverse replay retains a symbol not present in the official checkpoint.
2015-03-31,UNEXPECTED_IN_REPLAY,chamblfert,2013-04-18,4942c0f021abcd6ed9702c343c2696ec44cfa8022c7e37448f8a78c075c4a16d,UNRESOLVED_MANUAL_REVIEW,Diagnostic reverse replay retains a symbol not present in the official checkpoint.
2015-03-31,UNEXPECTED_IN_REPLAY,coreedutec,2013-04-18,4942c0f021abcd6ed9702c343c2696ec44cfa8022c7e37448f8a78c075c4a16d,UNRESOLVED_MANUAL_REVIEW,Diagnostic reverse replay retains a symbol not present in the official checkpoint.
2015-03-31,UNEXPECTED_IN_REPLAY,cub,2013-04-18,4942c0f021abcd6ed9702c343c2696ec44cfa8022c7e37448f8a78c075c4a16d,UNRESOLVED_MANUAL_REVIEW,Diagnostic reverse replay retains a symbol not present in the official checkpoint.
2015-03-31,UNEXPECTED_IN_REPLAY,denabank,2013-04-18,4942c0f021abcd6ed9702c343c2696ec44cfa8022c7e37448f8a78c075c4a16d,UNRESOLVED_MANUAL_REVIEW,Diagnostic reverse replay retains a symbol not present in the official checkpoint.
2015-03-31,UNEXPECTED_IN_REPLAY,finantech,2013-04-18,4942c0f021abcd6ed9702c343c2696ec44cfa8022c7e37448f8a78c075c4a16d,UNRESOLVED_MANUAL_REVIEW,Diagnostic reverse replay retains a symbol not present in the official checkpoint.
2015-03-31,UNEXPECTED_IN_REPLAY,gitanjali,2013-04-18,4942c0f021abcd6ed9702c343c2696ec44cfa8022c7e37448f8a78c075c4a16d,UNRESOLVED_MANUAL_REVIEW,Diagnostic reverse replay retains a symbol not present in the official checkpoint.
2015-03-31,UNEXPECTED_IN_REPLAY,gmdcltd,2013-04-18,4942c0f021abcd6ed9702c343c2696ec44cfa8022c7e37448f8a78c075c4a16d,UNRESOLVED_MANUAL_REVIEW,Diagnostic reverse replay retains a symbol not present in the official checkpoint.
2015-03-31,UNEXPECTED_IN_REPLAY,gujfluoro,2013-04-18,4942c0f021abcd6ed9702c343c2696ec44cfa8022c7e37448f8a78c075c4a16d,UNRESOLVED_MANUAL_REVIEW,Diagnostic reverse replay retains a symbol not present in the official checkpoint.
2015-03-31,UNEXPECTED_IN_REPLAY,gujratgas,2013-04-18,4942c0f021abcd6ed9702c343c2696ec44cfa8022c7e37448f8a78c075c4a16d,UNRESOLVED_MANUAL_REVIEW,Diagnostic reverse replay retains a symbol not present in the official checkpoint.
2015-03-31,UNEXPECTED_IN_REPLAY,gvkpil,2013-04-18,4942c0f021abcd6ed9702c343c2696ec44cfa8022c7e37448f8a78c075c4a16d,UNRESOLVED_MANUAL_REVIEW,Diagnostic reverse replay retains a symbol not present in the official checkpoint.
2015-03-31,UNEXPECTED_IN_REPLAY,hathway,2013-04-18,4942c0f021abcd6ed9702c343c2696ec44cfa8022c7e37448f8a78c075c4a16d,UNRESOLVED_MANUAL_REVIEW,Diagnostic reverse replay retains a symbol not present in the official checkpoint.
2015-03-31,UNEXPECTED_IN_REPLAY,indiainfo,2013-04-18,4942c0f021abcd6ed9702c343c2696ec44cfa8022c7e37448f8a78c075c4a16d,UNRESOLVED_MANUAL_REVIEW,Diagnostic reverse replay retains a symbol not present in the official checkpoint.
2015-03-31,UNEXPECTED_IN_REPLAY,ivrclinfra,2013-04-18,4942c0f021abcd6ed9702c343c2696ec44cfa8022c7e37448f8a78c075c4a16d,UNRESOLVED_MANUAL_REVIEW,Diagnostic reverse replay retains a symbol not present in the official checkpoint.
2015-03-31,UNEXPECTED_IN_REPLAY,jindalsaw,2013-04-18,4942c0f021abcd6ed9702c343c2696ec44cfa8022c7e37448f8a78c075c4a16d,UNRESOLVED_MANUAL_REVIEW,Diagnostic reverse replay retains a symbol not present in the official checkpoint.
2015-03-31,UNEXPECTED_IN_REPLAY,litl,2013-04-18,4942c0f021abcd6ed9702c343c2696ec44cfa8022c7e37448f8a78c075c4a16d,UNRESOLVED_MANUAL_REVIEW,Diagnostic reverse replay retains a symbol not present in the official checkpoint.
2015-03-31,UNEXPECTED_IN_REPLAY,madrascem,2013-04-18,4942c0f021abcd6ed9702c343c2696ec44cfa8022c7e37448f8a78c075c4a16d,UNRESOLVED_MANUAL_REVIEW,Diagnostic reverse replay retains a symbol not present in the official checkpoint.
2015-03-31,UNEXPECTED_IN_REPLAY,optocircui,2013-04-18,4942c0f021abcd6ed9702c343c2696ec44cfa8022c7e37448f8a78c075c4a16d,UNRESOLVED_MANUAL_REVIEW,Diagnostic reverse replay retains a symbol not present in the official checkpoint.
2015-03-31,UNEXPECTED_IN_REPLAY,orissamine,2013-04-18,4942c0f021abcd6ed9702c343c2696ec44cfa8022c7e37448f8a78c075c4a16d,UNRESOLVED_MANUAL_REVIEW,Diagnostic reverse replay retains a symbol not present in the official checkpoint.
2015-03-31,UNEXPECTED_IN_REPLAY,punjlloyd,2013-04-18,4942c0f021abcd6ed9702c343c2696ec44cfa8022c7e37448f8a78c075c4a16d,UNRESOLVED_MANUAL_REVIEW,Diagnostic reverse replay retains a symbol not present in the official checkpoint.
2015-03-31,UNEXPECTED_IN_REPLAY,sesagoa,2013-04-18,4942c0f021abcd6ed9702c343c2696ec44cfa8022c7e37448f8a78c075c4a16d,UNRESOLVED_MANUAL_REVIEW,Diagnostic reverse replay retains a symbol not present in the official checkpoint.
2015-03-31,UNEXPECTED_IN_REPLAY,shriramcit,2013-04-18,4942c0f021abcd6ed9702c343c2696ec44cfa8022c7e37448f8a78c075c4a16d,UNRESOLVED_MANUAL_REVIEW,Diagnostic reverse replay retains a symbol not present in the official checkpoint.
2015-03-31,UNEXPECTED_IN_REPLAY,sintex,2013-04-18,4942c0f021abcd6ed9702c343c2696ec44cfa8022c7e37448f8a78c075c4a16d,UNRESOLVED_MANUAL_REVIEW,Diagnostic reverse replay retains a symbol not present in the official checkpoint.
2015-03-31,UNEXPECTED_IN_REPLAY,uniphos,2013-04-18,4942c0f021abcd6ed9702c343c2696ec44cfa8022c7e37448f8a78c075c4a16d,UNRESOLVED_MANUAL_REVIEW,Diagnostic reverse replay retains a symbol not present in the official checkpoint.
2015-03-31,UNEXPECTED_IN_REPLAY,videoind,2013-04-18,4942c0f021abcd6ed9702c343c2696ec44cfa8022c7e37448f8a78c075c4a16d,UNRESOLVED_MANUAL_REVIEW,Diagnostic reverse replay retains a symbol not present in the official checkpoint.
2015-03-31,UNEXPECTED_IN_REPLAY,welcorp,2013-04-18,4942c0f021abcd6ed9702c343c2696ec44cfa8022c7e37448f8a78c075c4a16d,UNRESOLVED_MANUAL_REVIEW,Diagnostic reverse replay retains a symbol not present in the official checkpoint.
2015-04-30,MISSING_FROM_REPLAY,aiaeng,2013-04-18,4942c0f021abcd6ed9702c343c2696ec44cfa8022c7e37448f8a78c075c4a16d,UNRESOLVED_MANUAL_REVIEW,No authoritative 2012 anchor or complete certified event chain; symbol is in the official checkpoint but absent from diagnostic replay.
2015-04-30,MISSING_FROM_REPLAY,cox&kings,2013-04-18,4942c0f021abcd6ed9702c343c2696ec44cfa8022c7e37448f8a78c075c4a16d,UNRESOLVED_MANUAL_REVIEW,No authoritative 2012 anchor or complete certified event chain; symbol is in the official checkpoint but absent from diagnostic replay.
2015-04-30,MISSING_FROM_REPLAY,gppl,2013-04-18,4942c0f021abcd6ed9702c343c2696ec44cfa8022c7e37448f8a78c075c4a16d,UNRESOLVED_MANUAL_REVIEW,No authoritative 2012 anchor or complete certified event chain; symbol is in the official checkpoint but absent from diagnostic replay.
2015-04-30,MISSING_FROM_REPLAY,ibulhsgfin,2013-04-18,4942c0f021abcd6ed9702c343c2696ec44cfa8022c7e37448f8a78c075c4a16d,UNRESOLVED_MANUAL_REVIEW,No authoritative 2012 anchor or complete certified event chain; symbol is in the official checkpoint but absent from diagnostic replay.
2015-04-30,MISSING_FROM_REPLAY,infratel,2013-04-18,4942c0f021abcd6ed9702c343c2696ec44cfa8022c7e37448f8a78c075c4a16d,UNRESOLVED_MANUAL_REVIEW,No authoritative 2012 anchor or complete certified event chain; symbol is in the official checkpoint but absent from diagnostic replay.
2015-04-30,MISSING_FROM_REPLAY,justdial,2013-04-18,4942c0f021abcd6ed9702c343c2696ec44cfa8022c7e37448f8a78c075c4a16d,UNRESOLVED_MANUAL_REVIEW,No authoritative 2012 anchor or complete certified event chain; symbol is in the official checkpoint but absent from diagnostic replay.
2015-04-30,MISSING_FROM_REPLAY,kpit,2013-04-18,4942c0f021abcd6ed9702c343c2696ec44cfa8022c7e37448f8a78c075c4a16d,UNRESOLVED_MANUAL_REVIEW,No authoritative 2012 anchor or complete certified event chain; symbol is in the official checkpoint but absent from diagnostic replay.
2015-04-30,MISSING_FROM_REPLAY,naukri,2013-04-18,4942c0f021abcd6ed9702c343c2696ec44cfa8022c7e37448f8a78c075c4a16d,UNRESOLVED_MANUAL_REVIEW,No authoritative 2012 anchor or complete certified event chain; symbol is in the official checkpoint but absent from diagnostic replay.
2015-04-30,MISSING_FROM_REPLAY,oberoirlty,2013-04-18,4942c0f021abcd6ed9702c343c2696ec44cfa8022c7e37448f8a78c075c4a16d,UNRESOLVED_MANUAL_REVIEW,No authoritative 2012 anchor or complete certified event chain; symbol is in the official checkpoint but absent from diagnostic replay.
2015-04-30,MISSING_FROM_REPLAY,pageind,2013-04-18,4942c0f021abcd6ed9702c343c2696ec44cfa8022c7e37448f8a78c075c4a16d,UNRESOLVED_MANUAL_REVIEW,No authoritative 2012 anchor or complete certified event chain; symbol is in the official checkpoint but absent from diagnostic replay.
2015-04-30,MISSING_FROM_REPLAY,persistent,2013-04-18,4942c0f021abcd6ed9702c343c2696ec44cfa8022c7e37448f8a78c075c4a16d,UNRESOLVED_MANUAL_REVIEW,No authoritative 2012 anchor or complete certified event chain; symbol is in the official checkpoint but absent from diagnostic replay.
2015-04-30,MISSING_FROM_REPLAY,sslt,2013-04-18,4942c0f021abcd6ed9702c343c2696ec44cfa8022c7e37448f8a78c075c4a16d,UNRESOLVED_MANUAL_REVIEW,No authoritative 2012 anchor or complete certified event chain; symbol is in the official checkpoint but absent from diagnostic replay.
2015-04-30,MISSING_FROM_REPLAY,torntpharm,2013-04-18,4942c0f021abcd6ed9702c343c2696ec44cfa8022c7e37448f8a78c075c4a16d,UNRESOLVED_MANUAL_REVIEW,No authoritative 2012 anchor or complete certified event chain; symbol is in the official checkpoint but absent from diagnostic replay.
2015-04-30,MISSING_FROM_REPLAY,upl,2013-04-18,4942c0f021abcd6ed9702c343c2696ec44cfa8022c7e37448f8a78c075c4a16d,UNRESOLVED_MANUAL_REVIEW,No authoritative 2012 anchor or complete certified event chain; symbol is in the official checkpoint but absent from diagnostic replay.
2015-04-30,MISSING_FROM_REPLAY,wipro,2013-04-18,4942c0f021abcd6ed9702c343c2696ec44cfa8022c7e37448f8a78c075c4a16d,UNRESOLVED_MANUAL_REVIEW,No authoritative 2012 anchor or complete certified event chain; symbol is in the official checkpoint but absent from diagnostic replay.
2015-04-30,UNEXPECTED_IN_REPLAY,centralbk,2013-04-18,4942c0f021abcd6ed9702c343c2696ec44cfa8022c7e37448f8a78c075c4a16d,UNRESOLVED_MANUAL_REVIEW,Diagnostic reverse replay retains a symbol not present in the official checkpoint.
2015-04-30,UNEXPECTED_IN_REPLAY,chamblfert,2013-04-18,4942c0f021abcd6ed9702c343c2696ec44cfa8022c7e37448f8a78c075c4a16d,UNRESOLVED_MANUAL_REVIEW,Diagnostic reverse replay retains a symbol not present in the official checkpoint.
2015-04-30,UNEXPECTED_IN_REPLAY,coreedutec,2013-04-18,4942c0f021abcd6ed9702c343c2696ec44cfa8022c7e37448f8a78c075c4a16d,UNRESOLVED_MANUAL_REVIEW,Diagnostic reverse replay retains a symbol not present in the official checkpoint.
2015-04-30,UNEXPECTED_IN_REPLAY,cub,2013-04-18,4942c0f021abcd6ed9702c343c2696ec44cfa8022c7e37448f8a78c075c4a16d,UNRESOLVED_MANUAL_REVIEW,Diagnostic reverse replay retains a symbol not present in the official checkpoint.
2015-04-30,UNEXPECTED_IN_REPLAY,denabank,2013-04-18,4942c0f021abcd6ed9702c343c2696ec44cfa8022c7e37448f8a78c075c4a16d,UNRESOLVED_MANUAL_REVIEW,Diagnostic reverse replay retains a symbol not present in the official checkpoint.
2015-04-30,UNEXPECTED_IN_REPLAY,finantech,2013-04-18,4942c0f021abcd6ed9702c343c2696ec44cfa8022c7e37448f8a78c075c4a16d,UNRESOLVED_MANUAL_REVIEW,Diagnostic reverse replay retains a symbol not present in the official checkpoint.
2015-04-30,UNEXPECTED_IN_REPLAY,gitanjali,2013-04-18,4942c0f021abcd6ed9702c343c2696ec44cfa8022c7e37448f8a78c075c4a16d,UNRESOLVED_MANUAL_REVIEW,Diagnostic reverse replay retains a symbol not present in the official checkpoint.
2015-04-30,UNEXPECTED_IN_REPLAY,gmdcltd,2013-04-18,4942c0f021abcd6ed9702c343c2696ec44cfa8022c7e37448f8a78c075c4a16d,UNRESOLVED_MANUAL_REVIEW,Diagnostic reverse replay retains a symbol not present in the official checkpoint.
2015-04-30,UNEXPECTED_IN_REPLAY,gujfluoro,2013-04-18,4942c0f021abcd6ed9702c343c2696ec44cfa8022c7e37448f8a78c075c4a16d,UNRESOLVED_MANUAL_REVIEW,Diagnostic reverse replay retains a symbol not present in the official checkpoint.
2015-04-30,UNEXPECTED_IN_REPLAY,gujratgas,2013-04-18,4942c0f021abcd6ed9702c343c2696ec44cfa8022c7e37448f8a78c075c4a16d,UNRESOLVED_MANUAL_REVIEW,Diagnostic reverse replay retains a symbol not present in the official checkpoint.
2015-04-30,UNEXPECTED_IN_REPLAY,gvkpil,2013-04-18,4942c0f021abcd6ed9702c343c2696ec44cfa8022c7e37448f8a78c075c4a16d,UNRESOLVED_MANUAL_REVIEW,Diagnostic reverse replay retains a symbol not present in the official checkpoint.
2015-04-30,UNEXPECTED_IN_REPLAY,hathway,2013-04-18,4942c0f021abcd6ed9702c343c2696ec44cfa8022c7e37448f8a78c075c4a16d,UNRESOLVED_MANUAL_REVIEW,Diagnostic reverse replay retains a symbol not present in the official checkpoint.
2015-04-30,UNEXPECTED_IN_REPLAY,indiainfo,2013-04-18,4942c0f021abcd6ed9702c343c2696ec44cfa8022c7e37448f8a78c075c4a16d,UNRESOLVED_MANUAL_REVIEW,Diagnostic reverse replay retains a symbol not present in the official checkpoint.
2015-04-30,UNEXPECTED_IN_REPLAY,ivrclinfra,2013-04-18,4942c0f021abcd6ed9702c343c2696ec44cfa8022c7e37448f8a78c075c4a16d,UNRESOLVED_MANUAL_REVIEW,Diagnostic reverse replay retains a symbol not present in the official checkpoint.
2015-04-30,UNEXPECTED_IN_REPLAY,jindalsaw,2013-04-18,4942c0f021abcd6ed9702c343c2696ec44cfa8022c7e37448f8a78c075c4a16d,UNRESOLVED_MANUAL_REVIEW,Diagnostic reverse replay retains a symbol not present in the official checkpoint.
2015-04-30,UNEXPECTED_IN_REPLAY,litl,2013-04-18,4942c0f021abcd6ed9702c343c2696ec44cfa8022c7e37448f8a78c075c4a16d,UNRESOLVED_MANUAL_REVIEW,Diagnostic reverse replay retains a symbol not present in the official checkpoint.
2015-04-30,UNEXPECTED_IN_REPLAY,madrascem,2013-04-18,4942c0f021abcd6ed9702c343c2696ec44cfa8022c7e37448f8a78c075c4a16d,UNRESOLVED_MANUAL_REVIEW,Diagnostic reverse replay retains a symbol not present in the official checkpoint.
2015-04-30,UNEXPECTED_IN_REPLAY,optocircui,2013-04-18,4942c0f021abcd6ed9702c343c2696ec44cfa8022c7e37448f8a78c075c4a16d,UNRESOLVED_MANUAL_REVIEW,Diagnostic reverse replay retains a symbol not present in the official checkpoint.
2015-04-30,UNEXPECTED_IN_REPLAY,orissamine,2013-04-18,4942c0f021abcd6ed9702c343c2696ec44cfa8022c7e37448f8a78c075c4a16d,UNRESOLVED_MANUAL_REVIEW,Diagnostic reverse replay retains a symbol not present in the official checkpoint.
2015-04-30,UNEXPECTED_IN_REPLAY,punjlloyd,2013-04-18,4942c0f021abcd6ed9702c343c2696ec44cfa8022c7e37448f8a78c075c4a16d,UNRESOLVED_MANUAL_REVIEW,Diagnostic reverse replay retains a symbol not present in the official checkpoint.
2015-04-30,UNEXPECTED_IN_REPLAY,sesagoa,2013-04-18,4942c0f021abcd6ed9702c343c2696ec44cfa8022c7e37448f8a78c075c4a16d,UNRESOLVED_MANUAL_REVIEW,Diagnostic reverse replay retains a symbol not present in the official checkpoint.
2015-04-30,UNEXPECTED_IN_REPLAY,shriramcit,2013-04-18,4942c0f021abcd6ed9702c343c2696ec44cfa8022c7e37448f8a78c075c4a16d,UNRESOLVED_MANUAL_REVIEW,Diagnostic reverse replay retains a symbol not present in the official checkpoint.
2015-04-30,UNEXPECTED_IN_REPLAY,sintex,2013-04-18,4942c0f021abcd6ed9702c343c2696ec44cfa8022c7e37448f8a78c075c4a16d,UNRESOLVED_MANUAL_REVIEW,Diagnostic reverse replay retains a symbol not present in the official checkpoint.
2015-04-30,UNEXPECTED_IN_REPLAY,uniphos,2013-04-18,4942c0f021abcd6ed9702c343c2696ec44cfa8022c7e37448f8a78c075c4a16d,UNRESOLVED_MANUAL_REVIEW,Diagnostic reverse replay retains a symbol not present in the official checkpoint.
2015-04-30,UNEXPECTED_IN_REPLAY,videoind,2013-04-18,4942c0f021abcd6ed9702c343c2696ec44cfa8022c7e37448f8a78c075c4a16d,UNRESOLVED_MANUAL_REVIEW,Diagnostic reverse replay retains a symbol not present in the official checkpoint.
2015-04-30,UNEXPECTED_IN_REPLAY,welcorp,2013-04-18,4942c0f021abcd6ed9702c343c2696ec44cfa8022c7e37448f8a78c075c4a16d,UNRESOLVED_MANUAL_REVIEW,Diagnostic reverse replay retains a symbol not present in the official checkpoint.
2015-05-29,MISSING_FROM_REPLAY,aiaeng,2013-04-18,4942c0f021abcd6ed9702c343c2696ec44cfa8022c7e37448f8a78c075c4a16d,UNRESOLVED_MANUAL_REVIEW,No authoritative 2012 anchor or complete certified event chain; symbol is in the official checkpoint but absent from diagnostic replay.
2015-05-29,MISSING_FROM_REPLAY,cox&kings,2013-04-18,4942c0f021abcd6ed9702c343c2696ec44cfa8022c7e37448f8a78c075c4a16d,UNRESOLVED_MANUAL_REVIEW,No authoritative 2012 anchor or complete certified event chain; symbol is in the official checkpoint but absent from diagnostic replay.
2015-05-29,MISSING_FROM_REPLAY,gppl,2013-04-18,4942c0f021abcd6ed9702c343c2696ec44cfa8022c7e37448f8a78c075c4a16d,UNRESOLVED_MANUAL_REVIEW,No authoritative 2012 anchor or complete certified event chain; symbol is in the official checkpoint but absent from diagnostic replay.
2015-05-29,MISSING_FROM_REPLAY,ibulhsgfin,2013-04-18,4942c0f021abcd6ed9702c343c2696ec44cfa8022c7e37448f8a78c075c4a16d,UNRESOLVED_MANUAL_REVIEW,No authoritative 2012 anchor or complete certified event chain; symbol is in the official checkpoint but absent from diagnostic replay.
2015-05-29,MISSING_FROM_REPLAY,infratel,2013-04-18,4942c0f021abcd6ed9702c343c2696ec44cfa8022c7e37448f8a78c075c4a16d,UNRESOLVED_MANUAL_REVIEW,No authoritative 2012 anchor or complete certified event chain; symbol is in the official checkpoint but absent from diagnostic replay.
2015-05-29,MISSING_FROM_REPLAY,justdial,2013-04-18,4942c0f021abcd6ed9702c343c2696ec44cfa8022c7e37448f8a78c075c4a16d,UNRESOLVED_MANUAL_REVIEW,No authoritative 2012 anchor or complete certified event chain; symbol is in the official checkpoint but absent from diagnostic replay.
2015-05-29,MISSING_FROM_REPLAY,kpit,2013-04-18,4942c0f021abcd6ed9702c343c2696ec44cfa8022c7e37448f8a78c075c4a16d,UNRESOLVED_MANUAL_REVIEW,No authoritative 2012 anchor or complete certified event chain; symbol is in the official checkpoint but absent from diagnostic replay.
2015-05-29,MISSING_FROM_REPLAY,naukri,2013-04-18,4942c0f021abcd6ed9702c343c2696ec44cfa8022c7e37448f8a78c075c4a16d,UNRESOLVED_MANUAL_REVIEW,No authoritative 2012 anchor or complete certified event chain; symbol is in the official checkpoint but absent from diagnostic replay.
2015-05-29,MISSING_FROM_REPLAY,oberoirlty,2013-04-18,4942c0f021abcd6ed9702c343c2696ec44cfa8022c7e37448f8a78c075c4a16d,UNRESOLVED_MANUAL_REVIEW,No authoritative 2012 anchor or complete certified event chain; symbol is in the official checkpoint but absent from diagnostic replay.
2015-05-29,MISSING_FROM_REPLAY,pageind,2013-04-18,4942c0f021abcd6ed9702c343c2696ec44cfa8022c7e37448f8a78c075c4a16d,UNRESOLVED_MANUAL_REVIEW,No authoritative 2012 anchor or complete certified event chain; symbol is in the official checkpoint but absent from diagnostic replay.
2015-05-29,MISSING_FROM_REPLAY,persistent,2013-04-18,4942c0f021abcd6ed9702c343c2696ec44cfa8022c7e37448f8a78c075c4a16d,UNRESOLVED_MANUAL_REVIEW,No authoritative 2012 anchor or complete certified event chain; symbol is in the official checkpoint but absent from diagnostic replay.
2015-05-29,MISSING_FROM_REPLAY,torntpharm,2013-04-18,4942c0f021abcd6ed9702c343c2696ec44cfa8022c7e37448f8a78c075c4a16d,UNRESOLVED_MANUAL_REVIEW,No authoritative 2012 anchor or complete certified event chain; symbol is in the official checkpoint but absent from diagnostic replay.
2015-05-29,MISSING_FROM_REPLAY,upl,2013-04-18,4942c0f021abcd6ed9702c343c2696ec44cfa8022c7e37448f8a78c075c4a16d,UNRESOLVED_MANUAL_REVIEW,No authoritative 2012 anchor or complete certified event chain; symbol is in the official checkpoint but absent from diagnostic replay.
2015-05-29,MISSING_FROM_REPLAY,vedl,2013-04-18,4942c0f021abcd6ed9702c343c2696ec44cfa8022c7e37448f8a78c075c4a16d,UNRESOLVED_MANUAL_REVIEW,No authoritative 2012 anchor or complete certified event chain; symbol is in the official checkpoint but absent from diagnostic replay.
2015-05-29,MISSING_FROM_REPLAY,wipro,2013-04-18,4942c0f021abcd6ed9702c343c2696ec44cfa8022c7e37448f8a78c075c4a16d,UNRESOLVED_MANUAL_REVIEW,No authoritative 2012 anchor or complete certified event chain; symbol is in the official checkpoint but absent from diagnostic replay.
2015-05-29,UNEXPECTED_IN_REPLAY,centralbk,2013-04-18,4942c0f021abcd6ed9702c343c2696ec44cfa8022c7e37448f8a78c075c4a16d,UNRESOLVED_MANUAL_REVIEW,Diagnostic reverse replay retains a symbol not present in the official checkpoint.
2015-05-29,UNEXPECTED_IN_REPLAY,chamblfert,2013-04-18,4942c0f021abcd6ed9702c343c2696ec44cfa8022c7e37448f8a78c075c4a16d,UNRESOLVED_MANUAL_REVIEW,Diagnostic reverse replay retains a symbol not present in the official checkpoint.
2015-05-29,UNEXPECTED_IN_REPLAY,coreedutec,2013-04-18,4942c0f021abcd6ed9702c343c2696ec44cfa8022c7e37448f8a78c075c4a16d,UNRESOLVED_MANUAL_REVIEW,Diagnostic reverse replay retains a symbol not present in the official checkpoint.
2015-05-29,UNEXPECTED_IN_REPLAY,denabank,2013-04-18,4942c0f021abcd6ed9702c343c2696ec44cfa8022c7e37448f8a78c075c4a16d,UNRESOLVED_MANUAL_REVIEW,Diagnostic reverse replay retains a symbol not present in the official checkpoint.
2015-05-29,UNEXPECTED_IN_REPLAY,finantech,2013-04-18,4942c0f021abcd6ed9702c343c2696ec44cfa8022c7e37448f8a78c075c4a16d,UNRESOLVED_MANUAL_REVIEW,Diagnostic reverse replay retains a symbol not present in the official checkpoint.
2015-05-29,UNEXPECTED_IN_REPLAY,gitanjali,2013-04-18,4942c0f021abcd6ed9702c343c2696ec44cfa8022c7e37448f8a78c075c4a16d,UNRESOLVED_MANUAL_REVIEW,Diagnostic reverse replay retains a symbol not present in the official checkpoint.
2015-05-29,UNEXPECTED_IN_REPLAY,gmdcltd,2013-04-18,4942c0f021abcd6ed9702c343c2696ec44cfa8022c7e37448f8a78c075c4a16d,UNRESOLVED_MANUAL_REVIEW,Diagnostic reverse replay retains a symbol not present in the official checkpoint.
2015-05-29,UNEXPECTED_IN_REPLAY,gujfluoro,2013-04-18,4942c0f021abcd6ed9702c343c2696ec44cfa8022c7e37448f8a78c075c4a16d,UNRESOLVED_MANUAL_REVIEW,Diagnostic reverse replay retains a symbol not present in the official checkpoint.
2015-05-29,UNEXPECTED_IN_REPLAY,gujratgas,2013-04-18,4942c0f021abcd6ed9702c343c2696ec44cfa8022c7e37448f8a78c075c4a16d,UNRESOLVED_MANUAL_REVIEW,Diagnostic reverse replay retains a symbol not present in the official checkpoint.
2015-05-29,UNEXPECTED_IN_REPLAY,gvkpil,2013-04-18,4942c0f021abcd6ed9702c343c2696ec44cfa8022c7e37448f8a78c075c4a16d,UNRESOLVED_MANUAL_REVIEW,Diagnostic reverse replay retains a symbol not present in the official checkpoint.
2015-05-29,UNEXPECTED_IN_REPLAY,hathway,2013-04-18,4942c0f021abcd6ed9702c343c2696ec44cfa8022c7e37448f8a78c075c4a16d,UNRESOLVED_MANUAL_REVIEW,Diagnostic reverse replay retains a symbol not present in the official checkpoint.
2015-05-29,UNEXPECTED_IN_REPLAY,indiainfo,2013-04-18,4942c0f021abcd6ed9702c343c2696ec44cfa8022c7e37448f8a78c075c4a16d,UNRESOLVED_MANUAL_REVIEW,Diagnostic reverse replay retains a symbol not present in the official checkpoint.
2015-05-29,UNEXPECTED_IN_REPLAY,ivrclinfra,2013-04-18,4942c0f021abcd6ed9702c343c2696ec44cfa8022c7e37448f8a78c075c4a16d,UNRESOLVED_MANUAL_REVIEW,Diagnostic reverse replay retains a symbol not present in the official checkpoint.
2015-05-29,UNEXPECTED_IN_REPLAY,jindalsaw,2013-04-18,4942c0f021abcd6ed9702c343c2696ec44cfa8022c7e37448f8a78c075c4a16d,UNRESOLVED_MANUAL_REVIEW,Diagnostic reverse replay retains a symbol not present in the official checkpoint.
2015-05-29,UNEXPECTED_IN_REPLAY,litl,2013-04-18,4942c0f021abcd6ed9702c343c2696ec44cfa8022c7e37448f8a78c075c4a16d,UNRESOLVED_MANUAL_REVIEW,Diagnostic reverse replay retains a symbol not present in the official checkpoint.
2015-05-29,UNEXPECTED_IN_REPLAY,madrascem,2013-04-18,4942c0f021abcd6ed9702c343c2696ec44cfa8022c7e37448f8a78c075c4a16d,UNRESOLVED_MANUAL_REVIEW,Diagnostic reverse replay retains a symbol not present in the official checkpoint.
2015-05-29,UNEXPECTED_IN_REPLAY,optocircui,2013-04-18,4942c0f021abcd6ed9702c343c2696ec44cfa8022c7e37448f8a78c075c4a16d,UNRESOLVED_MANUAL_REVIEW,Diagnostic reverse replay retains a symbol not present in the official checkpoint.
2015-05-29,UNEXPECTED_IN_REPLAY,orissamine,2013-04-18,4942c0f021abcd6ed9702c343c2696ec44cfa8022c7e37448f8a78c075c4a16d,UNRESOLVED_MANUAL_REVIEW,Diagnostic reverse replay retains a symbol not present in the official checkpoint.
2015-05-29,UNEXPECTED_IN_REPLAY,punjlloyd,2013-04-18,4942c0f021abcd6ed9702c343c2696ec44cfa8022c7e37448f8a78c075c4a16d,UNRESOLVED_MANUAL_REVIEW,Diagnostic reverse replay retains a symbol not present in the official checkpoint.
2015-05-29,UNEXPECTED_IN_REPLAY,sesagoa,2013-04-18,4942c0f021abcd6ed9702c343c2696ec44cfa8022c7e37448f8a78c075c4a16d,UNRESOLVED_MANUAL_REVIEW,Diagnostic reverse replay retains a symbol not present in the official checkpoint.
2015-05-29,UNEXPECTED_IN_REPLAY,shriramcit,2013-04-18,4942c0f021abcd6ed9702c343c2696ec44cfa8022c7e37448f8a78c075c4a16d,UNRESOLVED_MANUAL_REVIEW,Diagnostic reverse replay retains a symbol not present in the official checkpoint.
2015-05-29,UNEXPECTED_IN_REPLAY,sintex,2013-04-18,4942c0f021abcd6ed9702c343c2696ec44cfa8022c7e37448f8a78c075c4a16d,UNRESOLVED_MANUAL_REVIEW,Diagnostic reverse replay retains a symbol not present in the official checkpoint.
2015-05-29,UNEXPECTED_IN_REPLAY,uniphos,2013-04-18,4942c0f021abcd6ed9702c343c2696ec44cfa8022c7e37448f8a78c075c4a16d,UNRESOLVED_MANUAL_REVIEW,Diagnostic reverse replay retains a symbol not present in the official checkpoint.
2015-05-29,UNEXPECTED_IN_REPLAY,videoind,2013-04-18,4942c0f021abcd6ed9702c343c2696ec44cfa8022c7e37448f8a78c075c4a16d,UNRESOLVED_MANUAL_REVIEW,Diagnostic reverse replay retains a symbol not present in the official checkpoint.
2015-05-29,UNEXPECTED_IN_REPLAY,welcorp,2013-04-18,4942c0f021abcd6ed9702c343c2696ec44cfa8022c7e37448f8a78c075c4a16d,UNRESOLVED_MANUAL_REVIEW,Diagnostic reverse replay retains a symbol not present in the official checkpoint.
2015-06-30,MISSING_FROM_REPLAY,aiaeng,2013-04-18,4942c0f021abcd6ed9702c343c2696ec44cfa8022c7e37448f8a78c075c4a16d,UNRESOLVED_MANUAL_REVIEW,No authoritative 2012 anchor or complete certified event chain; symbol is in the official checkpoint but absent from diagnostic replay.
2015-06-30,MISSING_FROM_REPLAY,cox&kings,2013-04-18,4942c0f021abcd6ed9702c343c2696ec44cfa8022c7e37448f8a78c075c4a16d,UNRESOLVED_MANUAL_REVIEW,No authoritative 2012 anchor or complete certified event chain; symbol is in the official checkpoint but absent from diagnostic replay.
2015-06-30,MISSING_FROM_REPLAY,gppl,2013-04-18,4942c0f021abcd6ed9702c343c2696ec44cfa8022c7e37448f8a78c075c4a16d,UNRESOLVED_MANUAL_REVIEW,No authoritative 2012 anchor or complete certified event chain; symbol is in the official checkpoint but absent from diagnostic replay.
2015-06-30,MISSING_FROM_REPLAY,ibulhsgfin,2013-04-18,4942c0f021abcd6ed9702c343c2696ec44cfa8022c7e37448f8a78c075c4a16d,UNRESOLVED_MANUAL_REVIEW,No authoritative 2012 anchor or complete certified event chain; symbol is in the official checkpoint but absent from diagnostic replay.
2015-06-30,MISSING_FROM_REPLAY,infratel,2013-04-18,4942c0f021abcd6ed9702c343c2696ec44cfa8022c7e37448f8a78c075c4a16d,UNRESOLVED_MANUAL_REVIEW,No authoritative 2012 anchor or complete certified event chain; symbol is in the official checkpoint but absent from diagnostic replay.
2015-06-30,MISSING_FROM_REPLAY,justdial,2013-04-18,4942c0f021abcd6ed9702c343c2696ec44cfa8022c7e37448f8a78c075c4a16d,UNRESOLVED_MANUAL_REVIEW,No authoritative 2012 anchor or complete certified event chain; symbol is in the official checkpoint but absent from diagnostic replay.
2015-06-30,MISSING_FROM_REPLAY,kpit,2013-04-18,4942c0f021abcd6ed9702c343c2696ec44cfa8022c7e37448f8a78c075c4a16d,UNRESOLVED_MANUAL_REVIEW,No authoritative 2012 anchor or complete certified event chain; symbol is in the official checkpoint but absent from diagnostic replay.
2015-06-30,MISSING_FROM_REPLAY,naukri,2013-04-18,4942c0f021abcd6ed9702c343c2696ec44cfa8022c7e37448f8a78c075c4a16d,UNRESOLVED_MANUAL_REVIEW,No authoritative 2012 anchor or complete certified event chain; symbol is in the official checkpoint but absent from diagnostic replay.
2015-06-30,MISSING_FROM_REPLAY,oberoirlty,2013-04-18,4942c0f021abcd6ed9702c343c2696ec44cfa8022c7e37448f8a78c075c4a16d,UNRESOLVED_MANUAL_REVIEW,No authoritative 2012 anchor or complete certified event chain; symbol is in the official checkpoint but absent from diagnostic replay.
2015-06-30,MISSING_FROM_REPLAY,pageind,2013-04-18,4942c0f021abcd6ed9702c343c2696ec44cfa8022c7e37448f8a78c075c4a16d,UNRESOLVED_MANUAL_REVIEW,No authoritative 2012 anchor or complete certified event chain; symbol is in the official checkpoint but absent from diagnostic replay.
2015-06-30,MISSING_FROM_REPLAY,persistent,2013-04-18,4942c0f021abcd6ed9702c343c2696ec44cfa8022c7e37448f8a78c075c4a16d,UNRESOLVED_MANUAL_REVIEW,No authoritative 2012 anchor or complete certified event chain; symbol is in the official checkpoint but absent from diagnostic replay.
2015-06-30,MISSING_FROM_REPLAY,torntpharm,2013-04-18,4942c0f021abcd6ed9702c343c2696ec44cfa8022c7e37448f8a78c075c4a16d,UNRESOLVED_MANUAL_REVIEW,No authoritative 2012 anchor or complete certified event chain; symbol is in the official checkpoint but absent from diagnostic replay.
2015-06-30,MISSING_FROM_REPLAY,upl,2013-04-18,4942c0f021abcd6ed9702c343c2696ec44cfa8022c7e37448f8a78c075c4a16d,UNRESOLVED_MANUAL_REVIEW,No authoritative 2012 anchor or complete certified event chain; symbol is in the official checkpoint but absent from diagnostic replay.
2015-06-30,MISSING_FROM_REPLAY,vedl,2013-04-18,4942c0f021abcd6ed9702c343c2696ec44cfa8022c7e37448f8a78c075c4a16d,UNRESOLVED_MANUAL_REVIEW,No authoritative 2012 anchor or complete certified event chain; symbol is in the official checkpoint but absent from diagnostic replay.
2015-06-30,MISSING_FROM_REPLAY,wipro,2013-04-18,4942c0f021abcd6ed9702c343c2696ec44cfa8022c7e37448f8a78c075c4a16d,UNRESOLVED_MANUAL_REVIEW,No authoritative 2012 anchor or complete certified event chain; symbol is in the official checkpoint but absent from diagnostic replay.
2015-06-30,UNEXPECTED_IN_REPLAY,centralbk,2013-04-18,4942c0f021abcd6ed9702c343c2696ec44cfa8022c7e37448f8a78c075c4a16d,UNRESOLVED_MANUAL_REVIEW,Diagnostic reverse replay retains a symbol not present in the official checkpoint.
2015-06-30,UNEXPECTED_IN_REPLAY,chamblfert,2013-04-18,4942c0f021abcd6ed9702c343c2696ec44cfa8022c7e37448f8a78c075c4a16d,UNRESOLVED_MANUAL_REVIEW,Diagnostic reverse replay retains a symbol not present in the official checkpoint.
2015-06-30,UNEXPECTED_IN_REPLAY,coreedutec,2013-04-18,4942c0f021abcd6ed9702c343c2696ec44cfa8022c7e37448f8a78c075c4a16d,UNRESOLVED_MANUAL_REVIEW,Diagnostic reverse replay retains a symbol not present in the official checkpoint.
2015-06-30,UNEXPECTED_IN_REPLAY,denabank,2013-04-18,4942c0f021abcd6ed9702c343c2696ec44cfa8022c7e37448f8a78c075c4a16d,UNRESOLVED_MANUAL_REVIEW,Diagnostic reverse replay retains a symbol not present in the official checkpoint.
2015-06-30,UNEXPECTED_IN_REPLAY,finantech,2013-04-18,4942c0f021abcd6ed9702c343c2696ec44cfa8022c7e37448f8a78c075c4a16d,UNRESOLVED_MANUAL_REVIEW,Diagnostic reverse replay retains a symbol not present in the official checkpoint.
2015-06-30,UNEXPECTED_IN_REPLAY,gitanjali,2013-04-18,4942c0f021abcd6ed9702c343c2696ec44cfa8022c7e37448f8a78c075c4a16d,UNRESOLVED_MANUAL_REVIEW,Diagnostic reverse replay retains a symbol not present in the official checkpoint.
2015-06-30,UNEXPECTED_IN_REPLAY,gmdcltd,2013-04-18,4942c0f021abcd6ed9702c343c2696ec44cfa8022c7e37448f8a78c075c4a16d,UNRESOLVED_MANUAL_REVIEW,Diagnostic reverse replay retains a symbol not present in the official checkpoint.
2015-06-30,UNEXPECTED_IN_REPLAY,gujfluoro,2013-04-18,4942c0f021abcd6ed9702c343c2696ec44cfa8022c7e37448f8a78c075c4a16d,UNRESOLVED_MANUAL_REVIEW,Diagnostic reverse replay retains a symbol not present in the official checkpoint.
2015-06-30,UNEXPECTED_IN_REPLAY,gujratgas,2013-04-18,4942c0f021abcd6ed9702c343c2696ec44cfa8022c7e37448f8a78c075c4a16d,UNRESOLVED_MANUAL_REVIEW,Diagnostic reverse replay retains a symbol not present in the official checkpoint.
2015-06-30,UNEXPECTED_IN_REPLAY,gvkpil,2013-04-18,4942c0f021abcd6ed9702c343c2696ec44cfa8022c7e37448f8a78c075c4a16d,UNRESOLVED_MANUAL_REVIEW,Diagnostic reverse replay retains a symbol not present in the official checkpoint.
2015-06-30,UNEXPECTED_IN_REPLAY,hathway,2013-04-18,4942c0f021abcd6ed9702c343c2696ec44cfa8022c7e37448f8a78c075c4a16d,UNRESOLVED_MANUAL_REVIEW,Diagnostic reverse replay retains a symbol not present in the official checkpoint.
2015-06-30,UNEXPECTED_IN_REPLAY,indiainfo,2013-04-18,4942c0f021abcd6ed9702c343c2696ec44cfa8022c7e37448f8a78c075c4a16d,UNRESOLVED_MANUAL_REVIEW,Diagnostic reverse replay retains a symbol not present in the official checkpoint.
2015-06-30,UNEXPECTED_IN_REPLAY,ivrclinfra,2013-04-18,4942c0f021abcd6ed9702c343c2696ec44cfa8022c7e37448f8a78c075c4a16d,UNRESOLVED_MANUAL_REVIEW,Diagnostic reverse replay retains a symbol not present in the official checkpoint.
2015-06-30,UNEXPECTED_IN_REPLAY,jindalsaw,2013-04-18,4942c0f021abcd6ed9702c343c2696ec44cfa8022c7e37448f8a78c075c4a16d,UNRESOLVED_MANUAL_REVIEW,Diagnostic reverse replay retains a symbol not present in the official checkpoint.
2015-06-30,UNEXPECTED_IN_REPLAY,litl,2013-04-18,4942c0f021abcd6ed9702c343c2696ec44cfa8022c7e37448f8a78c075c4a16d,UNRESOLVED_MANUAL_REVIEW,Diagnostic reverse replay retains a symbol not present in the official checkpoint.
2015-06-30,UNEXPECTED_IN_REPLAY,madrascem,2013-04-18,4942c0f021abcd6ed9702c343c2696ec44cfa8022c7e37448f8a78c075c4a16d,UNRESOLVED_MANUAL_REVIEW,Diagnostic reverse replay retains a symbol not present in the official checkpoint.
2015-06-30,UNEXPECTED_IN_REPLAY,optocircui,2013-04-18,4942c0f021abcd6ed9702c343c2696ec44cfa8022c7e37448f8a78c075c4a16d,UNRESOLVED_MANUAL_REVIEW,Diagnostic reverse replay retains a symbol not present in the official checkpoint.
2015-06-30,UNEXPECTED_IN_REPLAY,orissamine,2013-04-18,4942c0f021abcd6ed9702c343c2696ec44cfa8022c7e37448f8a78c075c4a16d,UNRESOLVED_MANUAL_REVIEW,Diagnostic reverse replay retains a symbol not present in the official checkpoint.
2015-06-30,UNEXPECTED_IN_REPLAY,punjlloyd,2013-04-18,4942c0f021abcd6ed9702c343c2696ec44cfa8022c7e37448f8a78c075c4a16d,UNRESOLVED_MANUAL_REVIEW,Diagnostic reverse replay retains a symbol not present in the official checkpoint.
2015-06-30,UNEXPECTED_IN_REPLAY,sesagoa,2013-04-18,4942c0f021abcd6ed9702c343c2696ec44cfa8022c7e37448f8a78c075c4a16d,UNRESOLVED_MANUAL_REVIEW,Diagnostic reverse replay retains a symbol not present in the official checkpoint.
2015-06-30,UNEXPECTED_IN_REPLAY,shriramcit,2013-04-18,4942c0f021abcd6ed9702c343c2696ec44cfa8022c7e37448f8a78c075c4a16d,UNRESOLVED_MANUAL_REVIEW,Diagnostic reverse replay retains a symbol not present in the official checkpoint.
2015-06-30,UNEXPECTED_IN_REPLAY,sintex,2013-04-18,4942c0f021abcd6ed9702c343c2696ec44cfa8022c7e37448f8a78c075c4a16d,UNRESOLVED_MANUAL_REVIEW,Diagnostic reverse replay retains a symbol not present in the official checkpoint.
2015-06-30,UNEXPECTED_IN_REPLAY,uniphos,2013-04-18,4942c0f021abcd6ed9702c343c2696ec44cfa8022c7e37448f8a78c075c4a16d,UNRESOLVED_MANUAL_REVIEW,Diagnostic reverse replay retains a symbol not present in the official checkpoint.
2015-06-30,UNEXPECTED_IN_REPLAY,videoind,2013-04-18,4942c0f021abcd6ed9702c343c2696ec44cfa8022c7e37448f8a78c075c4a16d,UNRESOLVED_MANUAL_REVIEW,Diagnostic reverse replay retains a symbol not present in the official checkpoint.
2015-06-30,UNEXPECTED_IN_REPLAY,welcorp,2013-04-18,4942c0f021abcd6ed9702c343c2696ec44cfa8022c7e37448f8a78c075c4a16d,UNRESOLVED_MANUAL_REVIEW,Diagnostic reverse replay retains a symbol not present in the official checkpoint.
2015-07-31,MISSING_FROM_REPLAY,aiaeng,2013-04-18,4942c0f021abcd6ed9702c343c2696ec44cfa8022c7e37448f8a78c075c4a16d,UNRESOLVED_MANUAL_REVIEW,No authoritative 2012 anchor or complete certified event chain; symbol is in the official checkpoint but absent from diagnostic replay.
2015-07-31,MISSING_FROM_REPLAY,cox&kings,2013-04-18,4942c0f021abcd6ed9702c343c2696ec44cfa8022c7e37448f8a78c075c4a16d,UNRESOLVED_MANUAL_REVIEW,No authoritative 2012 anchor or complete certified event chain; symbol is in the official checkpoint but absent from diagnostic replay.
2015-07-31,MISSING_FROM_REPLAY,gppl,2013-04-18,4942c0f021abcd6ed9702c343c2696ec44cfa8022c7e37448f8a78c075c4a16d,UNRESOLVED_MANUAL_REVIEW,No authoritative 2012 anchor or complete certified event chain; symbol is in the official checkpoint but absent from diagnostic replay.
2015-07-31,MISSING_FROM_REPLAY,ibulhsgfin,2013-04-18,4942c0f021abcd6ed9702c343c2696ec44cfa8022c7e37448f8a78c075c4a16d,UNRESOLVED_MANUAL_REVIEW,No authoritative 2012 anchor or complete certified event chain; symbol is in the official checkpoint but absent from diagnostic replay.
2015-07-31,MISSING_FROM_REPLAY,infratel,2013-04-18,4942c0f021abcd6ed9702c343c2696ec44cfa8022c7e37448f8a78c075c4a16d,UNRESOLVED_MANUAL_REVIEW,No authoritative 2012 anchor or complete certified event chain; symbol is in the official checkpoint but absent from diagnostic replay.
2015-07-31,MISSING_FROM_REPLAY,justdial,2013-04-18,4942c0f021abcd6ed9702c343c2696ec44cfa8022c7e37448f8a78c075c4a16d,UNRESOLVED_MANUAL_REVIEW,No authoritative 2012 anchor or complete certified event chain; symbol is in the official checkpoint but absent from diagnostic replay.
2015-07-31,MISSING_FROM_REPLAY,kpit,2013-04-18,4942c0f021abcd6ed9702c343c2696ec44cfa8022c7e37448f8a78c075c4a16d,UNRESOLVED_MANUAL_REVIEW,No authoritative 2012 anchor or complete certified event chain; symbol is in the official checkpoint but absent from diagnostic replay.
2015-07-31,MISSING_FROM_REPLAY,naukri,2013-04-18,4942c0f021abcd6ed9702c343c2696ec44cfa8022c7e37448f8a78c075c4a16d,UNRESOLVED_MANUAL_REVIEW,No authoritative 2012 anchor or complete certified event chain; symbol is in the official checkpoint but absent from diagnostic replay.
2015-07-31,MISSING_FROM_REPLAY,oberoirlty,2013-04-18,4942c0f021abcd6ed9702c343c2696ec44cfa8022c7e37448f8a78c075c4a16d,UNRESOLVED_MANUAL_REVIEW,No authoritative 2012 anchor or complete certified event chain; symbol is in the official checkpoint but absent from diagnostic replay.
2015-07-31,MISSING_FROM_REPLAY,pageind,2013-04-18,4942c0f021abcd6ed9702c343c2696ec44cfa8022c7e37448f8a78c075c4a16d,UNRESOLVED_MANUAL_REVIEW,No authoritative 2012 anchor or complete certified event chain; symbol is in the official checkpoint but absent from diagnostic replay.
2015-07-31,MISSING_FROM_REPLAY,persistent,2013-04-18,4942c0f021abcd6ed9702c343c2696ec44cfa8022c7e37448f8a78c075c4a16d,UNRESOLVED_MANUAL_REVIEW,No authoritative 2012 anchor or complete certified event chain; symbol is in the official checkpoint but absent from diagnostic replay.
2015-07-31,MISSING_FROM_REPLAY,torntpharm,2013-04-18,4942c0f021abcd6ed9702c343c2696ec44cfa8022c7e37448f8a78c075c4a16d,UNRESOLVED_MANUAL_REVIEW,No authoritative 2012 anchor or complete certified event chain; symbol is in the official checkpoint but absent from diagnostic replay.
2015-07-31,MISSING_FROM_REPLAY,upl,2013-04-18,4942c0f021abcd6ed9702c343c2696ec44cfa8022c7e37448f8a78c075c4a16d,UNRESOLVED_MANUAL_REVIEW,No authoritative 2012 anchor or complete certified event chain; symbol is in the official checkpoint but absent from diagnostic replay.
2015-07-31,MISSING_FROM_REPLAY,vedl,2013-04-18,4942c0f021abcd6ed9702c343c2696ec44cfa8022c7e37448f8a78c075c4a16d,UNRESOLVED_MANUAL_REVIEW,No authoritative 2012 anchor or complete certified event chain; symbol is in the official checkpoint but absent from diagnostic replay.
2015-07-31,MISSING_FROM_REPLAY,wipro,2013-04-18,4942c0f021abcd6ed9702c343c2696ec44cfa8022c7e37448f8a78c075c4a16d,UNRESOLVED_MANUAL_REVIEW,No authoritative 2012 anchor or complete certified event chain; symbol is in the official checkpoint but absent from diagnostic replay.
2015-07-31,UNEXPECTED_IN_REPLAY,centralbk,2013-04-18,4942c0f021abcd6ed9702c343c2696ec44cfa8022c7e37448f8a78c075c4a16d,UNRESOLVED_MANUAL_REVIEW,Diagnostic reverse replay retains a symbol not present in the official checkpoint.
2015-07-31,UNEXPECTED_IN_REPLAY,chamblfert,2013-04-18,4942c0f021abcd6ed9702c343c2696ec44cfa8022c7e37448f8a78c075c4a16d,UNRESOLVED_MANUAL_REVIEW,Diagnostic reverse replay retains a symbol not present in the official checkpoint.
2015-07-31,UNEXPECTED_IN_REPLAY,coreedutec,2013-04-18,4942c0f021abcd6ed9702c343c2696ec44cfa8022c7e37448f8a78c075c4a16d,UNRESOLVED_MANUAL_REVIEW,Diagnostic reverse replay retains a symbol not present in the official checkpoint.
2015-07-31,UNEXPECTED_IN_REPLAY,denabank,2013-04-18,4942c0f021abcd6ed9702c343c2696ec44cfa8022c7e37448f8a78c075c4a16d,UNRESOLVED_MANUAL_REVIEW,Diagnostic reverse replay retains a symbol not present in the official checkpoint.
2015-07-31,UNEXPECTED_IN_REPLAY,finantech,2013-04-18,4942c0f021abcd6ed9702c343c2696ec44cfa8022c7e37448f8a78c075c4a16d,UNRESOLVED_MANUAL_REVIEW,Diagnostic reverse replay retains a symbol not present in the official checkpoint.
2015-07-31,UNEXPECTED_IN_REPLAY,gitanjali,2013-04-18,4942c0f021abcd6ed9702c343c2696ec44cfa8022c7e37448f8a78c075c4a16d,UNRESOLVED_MANUAL_REVIEW,Diagnostic reverse replay retains a symbol not present in the official checkpoint.
2015-07-31,UNEXPECTED_IN_REPLAY,gmdcltd,2013-04-18,4942c0f021abcd6ed9702c343c2696ec44cfa8022c7e37448f8a78c075c4a16d,UNRESOLVED_MANUAL_REVIEW,Diagnostic reverse replay retains a symbol not present in the official checkpoint.
2015-07-31,UNEXPECTED_IN_REPLAY,gujfluoro,2013-04-18,4942c0f021abcd6ed9702c343c2696ec44cfa8022c7e37448f8a78c075c4a16d,UNRESOLVED_MANUAL_REVIEW,Diagnostic reverse replay retains a symbol not present in the official checkpoint.
2015-07-31,UNEXPECTED_IN_REPLAY,gujratgas,2013-04-18,4942c0f021abcd6ed9702c343c2696ec44cfa8022c7e37448f8a78c075c4a16d,UNRESOLVED_MANUAL_REVIEW,Diagnostic reverse replay retains a symbol not present in the official checkpoint.
2015-07-31,UNEXPECTED_IN_REPLAY,gvkpil,2013-04-18,4942c0f021abcd6ed9702c343c2696ec44cfa8022c7e37448f8a78c075c4a16d,UNRESOLVED_MANUAL_REVIEW,Diagnostic reverse replay retains a symbol not present in the official checkpoint.
2015-07-31,UNEXPECTED_IN_REPLAY,hathway,2013-04-18,4942c0f021abcd6ed9702c343c2696ec44cfa8022c7e37448f8a78c075c4a16d,UNRESOLVED_MANUAL_REVIEW,Diagnostic reverse replay retains a symbol not present in the official checkpoint.
2015-07-31,UNEXPECTED_IN_REPLAY,indiainfo,2013-04-18,4942c0f021abcd6ed9702c343c2696ec44cfa8022c7e37448f8a78c075c4a16d,UNRESOLVED_MANUAL_REVIEW,Diagnostic reverse replay retains a symbol not present in the official checkpoint.
2015-07-31,UNEXPECTED_IN_REPLAY,ivrclinfra,2013-04-18,4942c0f021abcd6ed9702c343c2696ec44cfa8022c7e37448f8a78c075c4a16d,UNRESOLVED_MANUAL_REVIEW,Diagnostic reverse replay retains a symbol not present in the official checkpoint.
2015-07-31,UNEXPECTED_IN_REPLAY,jindalsaw,2013-04-18,4942c0f021abcd6ed9702c343c2696ec44cfa8022c7e37448f8a78c075c4a16d,UNRESOLVED_MANUAL_REVIEW,Diagnostic reverse replay retains a symbol not present in the official checkpoint.
2015-07-31,UNEXPECTED_IN_REPLAY,litl,2013-04-18,4942c0f021abcd6ed9702c343c2696ec44cfa8022c7e37448f8a78c075c4a16d,UNRESOLVED_MANUAL_REVIEW,Diagnostic reverse replay retains a symbol not present in the official checkpoint.
2015-07-31,UNEXPECTED_IN_REPLAY,madrascem,2013-04-18,4942c0f021abcd6ed9702c343c2696ec44cfa8022c7e37448f8a78c075c4a16d,UNRESOLVED_MANUAL_REVIEW,Diagnostic reverse replay retains a symbol not present in the official checkpoint.
2015-07-31,UNEXPECTED_IN_REPLAY,optocircui,2013-04-18,4942c0f021abcd6ed9702c343c2696ec44cfa8022c7e37448f8a78c075c4a16d,UNRESOLVED_MANUAL_REVIEW,Diagnostic reverse replay retains a symbol not present in the official checkpoint.
2015-07-31,UNEXPECTED_IN_REPLAY,orissamine,2013-04-18,4942c0f021abcd6ed9702c343c2696ec44cfa8022c7e37448f8a78c075c4a16d,UNRESOLVED_MANUAL_REVIEW,Diagnostic reverse replay retains a symbol not present in the official checkpoint.
2015-07-31,UNEXPECTED_IN_REPLAY,punjlloyd,2013-04-18,4942c0f021abcd6ed9702c343c2696ec44cfa8022c7e37448f8a78c075c4a16d,UNRESOLVED_MANUAL_REVIEW,Diagnostic reverse replay retains a symbol not present in the official checkpoint.
2015-07-31,UNEXPECTED_IN_REPLAY,sesagoa,2013-04-18,4942c0f021abcd6ed9702c343c2696ec44cfa8022c7e37448f8a78c075c4a16d,UNRESOLVED_MANUAL_REVIEW,Diagnostic reverse replay retains a symbol not present in the official checkpoint.
2015-07-31,UNEXPECTED_IN_REPLAY,shriramcit,2013-04-18,4942c0f021abcd6ed9702c343c2696ec44cfa8022c7e37448f8a78c075c4a16d,UNRESOLVED_MANUAL_REVIEW,Diagnostic reverse replay retains a symbol not present in the official checkpoint.
2015-07-31,UNEXPECTED_IN_REPLAY,sintex,2013-04-18,4942c0f021abcd6ed9702c343c2696ec44cfa8022c7e37448f8a78c075c4a16d,UNRESOLVED_MANUAL_REVIEW,Diagnostic reverse replay retains a symbol not present in the official checkpoint.
2015-07-31,UNEXPECTED_IN_REPLAY,uniphos,2013-04-18,4942c0f021abcd6ed9702c343c2696ec44cfa8022c7e37448f8a78c075c4a16d,UNRESOLVED_MANUAL_REVIEW,Diagnostic reverse replay retains a symbol not present in the official checkpoint.
2015-07-31,UNEXPECTED_IN_REPLAY,videoind,2013-04-18,4942c0f021abcd6ed9702c343c2696ec44cfa8022c7e37448f8a78c075c4a16d,UNRESOLVED_MANUAL_REVIEW,Diagnostic reverse replay retains a symbol not present in the official checkpoint.
2015-07-31,UNEXPECTED_IN_REPLAY,welcorp,2013-04-18,4942c0f021abcd6ed9702c343c2696ec44cfa8022c7e37448f8a78c075c4a16d,UNRESOLVED_MANUAL_REVIEW,Diagnostic reverse replay retains a symbol not present in the official checkpoint.
2015-08-31,MISSING_FROM_REPLAY,aiaeng,2013-04-18,4942c0f021abcd6ed9702c343c2696ec44cfa8022c7e37448f8a78c075c4a16d,UNRESOLVED_MANUAL_REVIEW,No authoritative 2012 anchor or complete certified event chain; symbol is in the official checkpoint but absent from diagnostic replay.
2015-08-31,MISSING_FROM_REPLAY,cox&kings,2013-04-18,4942c0f021abcd6ed9702c343c2696ec44cfa8022c7e37448f8a78c075c4a16d,UNRESOLVED_MANUAL_REVIEW,No authoritative 2012 anchor or complete certified event chain; symbol is in the official checkpoint but absent from diagnostic replay.
2015-08-31,MISSING_FROM_REPLAY,gppl,2013-04-18,4942c0f021abcd6ed9702c343c2696ec44cfa8022c7e37448f8a78c075c4a16d,UNRESOLVED_MANUAL_REVIEW,No authoritative 2012 anchor or complete certified event chain; symbol is in the official checkpoint but absent from diagnostic replay.
2015-08-31,MISSING_FROM_REPLAY,ibulhsgfin,2013-04-18,4942c0f021abcd6ed9702c343c2696ec44cfa8022c7e37448f8a78c075c4a16d,UNRESOLVED_MANUAL_REVIEW,No authoritative 2012 anchor or complete certified event chain; symbol is in the official checkpoint but absent from diagnostic replay.
2015-08-31,MISSING_FROM_REPLAY,infratel,2013-04-18,4942c0f021abcd6ed9702c343c2696ec44cfa8022c7e37448f8a78c075c4a16d,UNRESOLVED_MANUAL_REVIEW,No authoritative 2012 anchor or complete certified event chain; symbol is in the official checkpoint but absent from diagnostic replay.
2015-08-31,MISSING_FROM_REPLAY,justdial,2013-04-18,4942c0f021abcd6ed9702c343c2696ec44cfa8022c7e37448f8a78c075c4a16d,UNRESOLVED_MANUAL_REVIEW,No authoritative 2012 anchor or complete certified event chain; symbol is in the official checkpoint but absent from diagnostic replay.
2015-08-31,MISSING_FROM_REPLAY,kpit,2013-04-18,4942c0f021abcd6ed9702c343c2696ec44cfa8022c7e37448f8a78c075c4a16d,UNRESOLVED_MANUAL_REVIEW,No authoritative 2012 anchor or complete certified event chain; symbol is in the official checkpoint but absent from diagnostic replay.
2015-08-31,MISSING_FROM_REPLAY,naukri,2013-04-18,4942c0f021abcd6ed9702c343c2696ec44cfa8022c7e37448f8a78c075c4a16d,UNRESOLVED_MANUAL_REVIEW,No authoritative 2012 anchor or complete certified event chain; symbol is in the official checkpoint but absent from diagnostic replay.
2015-08-31,MISSING_FROM_REPLAY,oberoirlty,2013-04-18,4942c0f021abcd6ed9702c343c2696ec44cfa8022c7e37448f8a78c075c4a16d,UNRESOLVED_MANUAL_REVIEW,No authoritative 2012 anchor or complete certified event chain; symbol is in the official checkpoint but absent from diagnostic replay.
2015-08-31,MISSING_FROM_REPLAY,pageind,2013-04-18,4942c0f021abcd6ed9702c343c2696ec44cfa8022c7e37448f8a78c075c4a16d,UNRESOLVED_MANUAL_REVIEW,No authoritative 2012 anchor or complete certified event chain; symbol is in the official checkpoint but absent from diagnostic replay.
2015-08-31,MISSING_FROM_REPLAY,persistent,2013-04-18,4942c0f021abcd6ed9702c343c2696ec44cfa8022c7e37448f8a78c075c4a16d,UNRESOLVED_MANUAL_REVIEW,No authoritative 2012 anchor or complete certified event chain; symbol is in the official checkpoint but absent from diagnostic replay.
2015-08-31,MISSING_FROM_REPLAY,torntpharm,2013-04-18,4942c0f021abcd6ed9702c343c2696ec44cfa8022c7e37448f8a78c075c4a16d,UNRESOLVED_MANUAL_REVIEW,No authoritative 2012 anchor or complete certified event chain; symbol is in the official checkpoint but absent from diagnostic replay.
2015-08-31,MISSING_FROM_REPLAY,upl,2013-04-18,4942c0f021abcd6ed9702c343c2696ec44cfa8022c7e37448f8a78c075c4a16d,UNRESOLVED_MANUAL_REVIEW,No authoritative 2012 anchor or complete certified event chain; symbol is in the official checkpoint but absent from diagnostic replay.
2015-08-31,MISSING_FROM_REPLAY,vedl,2013-04-18,4942c0f021abcd6ed9702c343c2696ec44cfa8022c7e37448f8a78c075c4a16d,UNRESOLVED_MANUAL_REVIEW,No authoritative 2012 anchor or complete certified event chain; symbol is in the official checkpoint but absent from diagnostic replay.
2015-08-31,MISSING_FROM_REPLAY,wipro,2013-04-18,4942c0f021abcd6ed9702c343c2696ec44cfa8022c7e37448f8a78c075c4a16d,UNRESOLVED_MANUAL_REVIEW,No authoritative 2012 anchor or complete certified event chain; symbol is in the official checkpoint but absent from diagnostic replay.
2015-08-31,UNEXPECTED_IN_REPLAY,centralbk,2013-04-18,4942c0f021abcd6ed9702c343c2696ec44cfa8022c7e37448f8a78c075c4a16d,UNRESOLVED_MANUAL_REVIEW,Diagnostic reverse replay retains a symbol not present in the official checkpoint.
2015-08-31,UNEXPECTED_IN_REPLAY,chamblfert,2013-04-18,4942c0f021abcd6ed9702c343c2696ec44cfa8022c7e37448f8a78c075c4a16d,UNRESOLVED_MANUAL_REVIEW,Diagnostic reverse replay retains a symbol not present in the official checkpoint.
2015-08-31,UNEXPECTED_IN_REPLAY,coreedutec,2013-04-18,4942c0f021abcd6ed9702c343c2696ec44cfa8022c7e37448f8a78c075c4a16d,UNRESOLVED_MANUAL_REVIEW,Diagnostic reverse replay retains a symbol not present in the official checkpoint.
2015-08-31,UNEXPECTED_IN_REPLAY,denabank,2013-04-18,4942c0f021abcd6ed9702c343c2696ec44cfa8022c7e37448f8a78c075c4a16d,UNRESOLVED_MANUAL_REVIEW,Diagnostic reverse replay retains a symbol not present in the official checkpoint.
2015-08-31,UNEXPECTED_IN_REPLAY,finantech,2013-04-18,4942c0f021abcd6ed9702c343c2696ec44cfa8022c7e37448f8a78c075c4a16d,UNRESOLVED_MANUAL_REVIEW,Diagnostic reverse replay retains a symbol not present in the official checkpoint.
2015-08-31,UNEXPECTED_IN_REPLAY,gitanjali,2013-04-18,4942c0f021abcd6ed9702c343c2696ec44cfa8022c7e37448f8a78c075c4a16d,UNRESOLVED_MANUAL_REVIEW,Diagnostic reverse replay retains a symbol not present in the official checkpoint.
2015-08-31,UNEXPECTED_IN_REPLAY,gmdcltd,2013-04-18,4942c0f021abcd6ed9702c343c2696ec44cfa8022c7e37448f8a78c075c4a16d,UNRESOLVED_MANUAL_REVIEW,Diagnostic reverse replay retains a symbol not present in the official checkpoint.
2015-08-31,UNEXPECTED_IN_REPLAY,gujfluoro,2013-04-18,4942c0f021abcd6ed9702c343c2696ec44cfa8022c7e37448f8a78c075c4a16d,UNRESOLVED_MANUAL_REVIEW,Diagnostic reverse replay retains a symbol not present in the official checkpoint.
2015-08-31,UNEXPECTED_IN_REPLAY,gujratgas,2013-04-18,4942c0f021abcd6ed9702c343c2696ec44cfa8022c7e37448f8a78c075c4a16d,UNRESOLVED_MANUAL_REVIEW,Diagnostic reverse replay retains a symbol not present in the official checkpoint.
2015-08-31,UNEXPECTED_IN_REPLAY,gvkpil,2013-04-18,4942c0f021abcd6ed9702c343c2696ec44cfa8022c7e37448f8a78c075c4a16d,UNRESOLVED_MANUAL_REVIEW,Diagnostic reverse replay retains a symbol not present in the official checkpoint.
2015-08-31,UNEXPECTED_IN_REPLAY,hathway,2013-04-18,4942c0f021abcd6ed9702c343c2696ec44cfa8022c7e37448f8a78c075c4a16d,UNRESOLVED_MANUAL_REVIEW,Diagnostic reverse replay retains a symbol not present in the official checkpoint.
2015-08-31,UNEXPECTED_IN_REPLAY,indiainfo,2013-04-18,4942c0f021abcd6ed9702c343c2696ec44cfa8022c7e37448f8a78c075c4a16d,UNRESOLVED_MANUAL_REVIEW,Diagnostic reverse replay retains a symbol not present in the official checkpoint.
2015-08-31,UNEXPECTED_IN_REPLAY,ivrclinfra,2013-04-18,4942c0f021abcd6ed9702c343c2696ec44cfa8022c7e37448f8a78c075c4a16d,UNRESOLVED_MANUAL_REVIEW,Diagnostic reverse replay retains a symbol not present in the official checkpoint.
2015-08-31,UNEXPECTED_IN_REPLAY,jindalsaw,2013-04-18,4942c0f021abcd6ed9702c343c2696ec44cfa8022c7e37448f8a78c075c4a16d,UNRESOLVED_MANUAL_REVIEW,Diagnostic reverse replay retains a symbol not present in the official checkpoint.
2015-08-31,UNEXPECTED_IN_REPLAY,litl,2013-04-18,4942c0f021abcd6ed9702c343c2696ec44cfa8022c7e37448f8a78c075c4a16d,UNRESOLVED_MANUAL_REVIEW,Diagnostic reverse replay retains a symbol not present in the official checkpoint.
2015-08-31,UNEXPECTED_IN_REPLAY,madrascem,2013-04-18,4942c0f021abcd6ed9702c343c2696ec44cfa8022c7e37448f8a78c075c4a16d,UNRESOLVED_MANUAL_REVIEW,Diagnostic reverse replay retains a symbol not present in the official checkpoint.
2015-08-31,UNEXPECTED_IN_REPLAY,optocircui,2013-04-18,4942c0f021abcd6ed9702c343c2696ec44cfa8022c7e37448f8a78c075c4a16d,UNRESOLVED_MANUAL_REVIEW,Diagnostic reverse replay retains a symbol not present in the official checkpoint.
2015-08-31,UNEXPECTED_IN_REPLAY,orissamine,2013-04-18,4942c0f021abcd6ed9702c343c2696ec44cfa8022c7e37448f8a78c075c4a16d,UNRESOLVED_MANUAL_REVIEW,Diagnostic reverse replay retains a symbol not present in the official checkpoint.
2015-08-31,UNEXPECTED_IN_REPLAY,punjlloyd,2013-04-18,4942c0f021abcd6ed9702c343c2696ec44cfa8022c7e37448f8a78c075c4a16d,UNRESOLVED_MANUAL_REVIEW,Diagnostic reverse replay retains a symbol not present in the official checkpoint.
2015-08-31,UNEXPECTED_IN_REPLAY,sesagoa,2013-04-18,4942c0f021abcd6ed9702c343c2696ec44cfa8022c7e37448f8a78c075c4a16d,UNRESOLVED_MANUAL_REVIEW,Diagnostic reverse replay retains a symbol not present in the official checkpoint.
2015-08-31,UNEXPECTED_IN_REPLAY,shriramcit,2013-04-18,4942c0f021abcd6ed9702c343c2696ec44cfa8022c7e37448f8a78c075c4a16d,UNRESOLVED_MANUAL_REVIEW,Diagnostic reverse replay retains a symbol not present in the official checkpoint.
2015-08-31,UNEXPECTED_IN_REPLAY,sintex,2013-04-18,4942c0f021abcd6ed9702c343c2696ec44cfa8022c7e37448f8a78c075c4a16d,UNRESOLVED_MANUAL_REVIEW,Diagnostic reverse replay retains a symbol not present in the official checkpoint.
2015-08-31,UNEXPECTED_IN_REPLAY,uniphos,2013-04-18,4942c0f021abcd6ed9702c343c2696ec44cfa8022c7e37448f8a78c075c4a16d,UNRESOLVED_MANUAL_REVIEW,Diagnostic reverse replay retains a symbol not present in the official checkpoint.
2015-08-31,UNEXPECTED_IN_REPLAY,videoind,2013-04-18,4942c0f021abcd6ed9702c343c2696ec44cfa8022c7e37448f8a78c075c4a16d,UNRESOLVED_MANUAL_REVIEW,Diagnostic reverse replay retains a symbol not present in the official checkpoint.
2015-08-31,UNEXPECTED_IN_REPLAY,welcorp,2013-04-18,4942c0f021abcd6ed9702c343c2696ec44cfa8022c7e37448f8a78c075c4a16d,UNRESOLVED_MANUAL_REVIEW,Diagnostic reverse replay retains a symbol not present in the official checkpoint.
2015-09-30,MISSING_FROM_REPLAY,aiaeng,2013-04-18,4942c0f021abcd6ed9702c343c2696ec44cfa8022c7e37448f8a78c075c4a16d,UNRESOLVED_MANUAL_REVIEW,No authoritative 2012 anchor or complete certified event chain; symbol is in the official checkpoint but absent from diagnostic replay.
2015-09-30,MISSING_FROM_REPLAY,cox&kings,2013-04-18,4942c0f021abcd6ed9702c343c2696ec44cfa8022c7e37448f8a78c075c4a16d,UNRESOLVED_MANUAL_REVIEW,No authoritative 2012 anchor or complete certified event chain; symbol is in the official checkpoint but absent from diagnostic replay.
2015-09-30,MISSING_FROM_REPLAY,gppl,2013-04-18,4942c0f021abcd6ed9702c343c2696ec44cfa8022c7e37448f8a78c075c4a16d,UNRESOLVED_MANUAL_REVIEW,No authoritative 2012 anchor or complete certified event chain; symbol is in the official checkpoint but absent from diagnostic replay.
2015-09-30,MISSING_FROM_REPLAY,ibulhsgfin,2013-04-18,4942c0f021abcd6ed9702c343c2696ec44cfa8022c7e37448f8a78c075c4a16d,UNRESOLVED_MANUAL_REVIEW,No authoritative 2012 anchor or complete certified event chain; symbol is in the official checkpoint but absent from diagnostic replay.
2015-09-30,MISSING_FROM_REPLAY,infratel,2013-04-18,4942c0f021abcd6ed9702c343c2696ec44cfa8022c7e37448f8a78c075c4a16d,UNRESOLVED_MANUAL_REVIEW,No authoritative 2012 anchor or complete certified event chain; symbol is in the official checkpoint but absent from diagnostic replay.
2015-09-30,MISSING_FROM_REPLAY,justdial,2013-04-18,4942c0f021abcd6ed9702c343c2696ec44cfa8022c7e37448f8a78c075c4a16d,UNRESOLVED_MANUAL_REVIEW,No authoritative 2012 anchor or complete certified event chain; symbol is in the official checkpoint but absent from diagnostic replay.
2015-09-30,MISSING_FROM_REPLAY,kpit,2013-04-18,4942c0f021abcd6ed9702c343c2696ec44cfa8022c7e37448f8a78c075c4a16d,UNRESOLVED_MANUAL_REVIEW,No authoritative 2012 anchor or complete certified event chain; symbol is in the official checkpoint but absent from diagnostic replay.
2015-09-30,MISSING_FROM_REPLAY,naukri,2013-04-18,4942c0f021abcd6ed9702c343c2696ec44cfa8022c7e37448f8a78c075c4a16d,UNRESOLVED_MANUAL_REVIEW,No authoritative 2012 anchor or complete certified event chain; symbol is in the official checkpoint but absent from diagnostic replay.
2015-09-30,MISSING_FROM_REPLAY,oberoirlty,2013-04-18,4942c0f021abcd6ed9702c343c2696ec44cfa8022c7e37448f8a78c075c4a16d,UNRESOLVED_MANUAL_REVIEW,No authoritative 2012 anchor or complete certified event chain; symbol is in the official checkpoint but absent from diagnostic replay.
2015-09-30,MISSING_FROM_REPLAY,pageind,2013-04-18,4942c0f021abcd6ed9702c343c2696ec44cfa8022c7e37448f8a78c075c4a16d,UNRESOLVED_MANUAL_REVIEW,No authoritative 2012 anchor or complete certified event chain; symbol is in the official checkpoint but absent from diagnostic replay.
2015-09-30,MISSING_FROM_REPLAY,persistent,2013-04-18,4942c0f021abcd6ed9702c343c2696ec44cfa8022c7e37448f8a78c075c4a16d,UNRESOLVED_MANUAL_REVIEW,No authoritative 2012 anchor or complete certified event chain; symbol is in the official checkpoint but absent from diagnostic replay.
2015-09-30,MISSING_FROM_REPLAY,torntpharm,2013-04-18,4942c0f021abcd6ed9702c343c2696ec44cfa8022c7e37448f8a78c075c4a16d,UNRESOLVED_MANUAL_REVIEW,No authoritative 2012 anchor or complete certified event chain; symbol is in the official checkpoint but absent from diagnostic replay.
2015-09-30,MISSING_FROM_REPLAY,upl,2013-04-18,4942c0f021abcd6ed9702c343c2696ec44cfa8022c7e37448f8a78c075c4a16d,UNRESOLVED_MANUAL_REVIEW,No authoritative 2012 anchor or complete certified event chain; symbol is in the official checkpoint but absent from diagnostic replay.
2015-09-30,MISSING_FROM_REPLAY,vedl,2013-04-18,4942c0f021abcd6ed9702c343c2696ec44cfa8022c7e37448f8a78c075c4a16d,UNRESOLVED_MANUAL_REVIEW,No authoritative 2012 anchor or complete certified event chain; symbol is in the official checkpoint but absent from diagnostic replay.
2015-09-30,MISSING_FROM_REPLAY,wipro,2013-04-18,4942c0f021abcd6ed9702c343c2696ec44cfa8022c7e37448f8a78c075c4a16d,UNRESOLVED_MANUAL_REVIEW,No authoritative 2012 anchor or complete certified event chain; symbol is in the official checkpoint but absent from diagnostic replay.
2015-09-30,UNEXPECTED_IN_REPLAY,centralbk,2013-04-18,4942c0f021abcd6ed9702c343c2696ec44cfa8022c7e37448f8a78c075c4a16d,UNRESOLVED_MANUAL_REVIEW,Diagnostic reverse replay retains a symbol not present in the official checkpoint.
2015-09-30,UNEXPECTED_IN_REPLAY,chamblfert,2013-04-18,4942c0f021abcd6ed9702c343c2696ec44cfa8022c7e37448f8a78c075c4a16d,UNRESOLVED_MANUAL_REVIEW,Diagnostic reverse replay retains a symbol not present in the official checkpoint.
2015-09-30,UNEXPECTED_IN_REPLAY,coreedutec,2013-04-18,4942c0f021abcd6ed9702c343c2696ec44cfa8022c7e37448f8a78c075c4a16d,UNRESOLVED_MANUAL_REVIEW,Diagnostic reverse replay retains a symbol not present in the official checkpoint.
2015-09-30,UNEXPECTED_IN_REPLAY,denabank,2013-04-18,4942c0f021abcd6ed9702c343c2696ec44cfa8022c7e37448f8a78c075c4a16d,UNRESOLVED_MANUAL_REVIEW,Diagnostic reverse replay retains a symbol not present in the official checkpoint.
2015-09-30,UNEXPECTED_IN_REPLAY,finantech,2013-04-18,4942c0f021abcd6ed9702c343c2696ec44cfa8022c7e37448f8a78c075c4a16d,UNRESOLVED_MANUAL_REVIEW,Diagnostic reverse replay retains a symbol not present in the official checkpoint.
2015-09-30,UNEXPECTED_IN_REPLAY,gitanjali,2013-04-18,4942c0f021abcd6ed9702c343c2696ec44cfa8022c7e37448f8a78c075c4a16d,UNRESOLVED_MANUAL_REVIEW,Diagnostic reverse replay retains a symbol not present in the official checkpoint.
2015-09-30,UNEXPECTED_IN_REPLAY,gmdcltd,2013-04-18,4942c0f021abcd6ed9702c343c2696ec44cfa8022c7e37448f8a78c075c4a16d,UNRESOLVED_MANUAL_REVIEW,Diagnostic reverse replay retains a symbol not present in the official checkpoint.
2015-09-30,UNEXPECTED_IN_REPLAY,gujfluoro,2013-04-18,4942c0f021abcd6ed9702c343c2696ec44cfa8022c7e37448f8a78c075c4a16d,UNRESOLVED_MANUAL_REVIEW,Diagnostic reverse replay retains a symbol not present in the official checkpoint.
2015-09-30,UNEXPECTED_IN_REPLAY,gujratgas,2013-04-18,4942c0f021abcd6ed9702c343c2696ec44cfa8022c7e37448f8a78c075c4a16d,UNRESOLVED_MANUAL_REVIEW,Diagnostic reverse replay retains a symbol not present in the official checkpoint.
2015-09-30,UNEXPECTED_IN_REPLAY,gvkpil,2013-04-18,4942c0f021abcd6ed9702c343c2696ec44cfa8022c7e37448f8a78c075c4a16d,UNRESOLVED_MANUAL_REVIEW,Diagnostic reverse replay retains a symbol not present in the official checkpoint.
2015-09-30,UNEXPECTED_IN_REPLAY,hathway,2013-04-18,4942c0f021abcd6ed9702c343c2696ec44cfa8022c7e37448f8a78c075c4a16d,UNRESOLVED_MANUAL_REVIEW,Diagnostic reverse replay retains a symbol not present in the official checkpoint.
2015-09-30,UNEXPECTED_IN_REPLAY,indiainfo,2013-04-18,4942c0f021abcd6ed9702c343c2696ec44cfa8022c7e37448f8a78c075c4a16d,UNRESOLVED_MANUAL_REVIEW,Diagnostic reverse replay retains a symbol not present in the official checkpoint.
2015-09-30,UNEXPECTED_IN_REPLAY,ivrclinfra,2013-04-18,4942c0f021abcd6ed9702c343c2696ec44cfa8022c7e37448f8a78c075c4a16d,UNRESOLVED_MANUAL_REVIEW,Diagnostic reverse replay retains a symbol not present in the official checkpoint.
2015-09-30,UNEXPECTED_IN_REPLAY,jindalsaw,2013-04-18,4942c0f021abcd6ed9702c343c2696ec44cfa8022c7e37448f8a78c075c4a16d,UNRESOLVED_MANUAL_REVIEW,Diagnostic reverse replay retains a symbol not present in the official checkpoint.
2015-09-30,UNEXPECTED_IN_REPLAY,litl,2013-04-18,4942c0f021abcd6ed9702c343c2696ec44cfa8022c7e37448f8a78c075c4a16d,UNRESOLVED_MANUAL_REVIEW,Diagnostic reverse replay retains a symbol not present in the official checkpoint.
2015-09-30,UNEXPECTED_IN_REPLAY,madrascem,2013-04-18,4942c0f021abcd6ed9702c343c2696ec44cfa8022c7e37448f8a78c075c4a16d,UNRESOLVED_MANUAL_REVIEW,Diagnostic reverse replay retains a symbol not present in the official checkpoint.
2015-09-30,UNEXPECTED_IN_REPLAY,optocircui,2013-04-18,4942c0f021abcd6ed9702c343c2696ec44cfa8022c7e37448f8a78c075c4a16d,UNRESOLVED_MANUAL_REVIEW,Diagnostic reverse replay retains a symbol not present in the official checkpoint.
2015-09-30,UNEXPECTED_IN_REPLAY,orissamine,2013-04-18,4942c0f021abcd6ed9702c343c2696ec44cfa8022c7e37448f8a78c075c4a16d,UNRESOLVED_MANUAL_REVIEW,Diagnostic reverse replay retains a symbol not present in the official checkpoint.
2015-09-30,UNEXPECTED_IN_REPLAY,punjlloyd,2013-04-18,4942c0f021abcd6ed9702c343c2696ec44cfa8022c7e37448f8a78c075c4a16d,UNRESOLVED_MANUAL_REVIEW,Diagnostic reverse replay retains a symbol not present in the official checkpoint.
2015-09-30,UNEXPECTED_IN_REPLAY,sesagoa,2013-04-18,4942c0f021abcd6ed9702c343c2696ec44cfa8022c7e37448f8a78c075c4a16d,UNRESOLVED_MANUAL_REVIEW,Diagnostic reverse replay retains a symbol not present in the official checkpoint.
2015-09-30,UNEXPECTED_IN_REPLAY,shriramcit,2013-04-18,4942c0f021abcd6ed9702c343c2696ec44cfa8022c7e37448f8a78c075c4a16d,UNRESOLVED_MANUAL_REVIEW,Diagnostic reverse replay retains a symbol not present in the official checkpoint.
2015-09-30,UNEXPECTED_IN_REPLAY,uniphos,2013-04-18,4942c0f021abcd6ed9702c343c2696ec44cfa8022c7e37448f8a78c075c4a16d,UNRESOLVED_MANUAL_REVIEW,Diagnostic reverse replay retains a symbol not present in the official checkpoint.
2015-09-30,UNEXPECTED_IN_REPLAY,videoind,2013-04-18,4942c0f021abcd6ed9702c343c2696ec44cfa8022c7e37448f8a78c075c4a16d,UNRESOLVED_MANUAL_REVIEW,Diagnostic reverse replay retains a symbol not present in the official checkpoint.
2015-09-30,UNEXPECTED_IN_REPLAY,welcorp,2013-04-18,4942c0f021abcd6ed9702c343c2696ec44cfa8022c7e37448f8a78c075c4a16d,UNRESOLVED_MANUAL_REVIEW,Diagnostic reverse replay retains a symbol not present in the official checkpoint.
2015-10-30,MISSING_FROM_REPLAY,aiaeng,2013-04-18,4942c0f021abcd6ed9702c343c2696ec44cfa8022c7e37448f8a78c075c4a16d,UNRESOLVED_MANUAL_REVIEW,No authoritative 2012 anchor or complete certified event chain; symbol is in the official checkpoint but absent from diagnostic replay.
2015-10-30,MISSING_FROM_REPLAY,cox&kings,2013-04-18,4942c0f021abcd6ed9702c343c2696ec44cfa8022c7e37448f8a78c075c4a16d,UNRESOLVED_MANUAL_REVIEW,No authoritative 2012 anchor or complete certified event chain; symbol is in the official checkpoint but absent from diagnostic replay.
2015-10-30,MISSING_FROM_REPLAY,gppl,2013-04-18,4942c0f021abcd6ed9702c343c2696ec44cfa8022c7e37448f8a78c075c4a16d,UNRESOLVED_MANUAL_REVIEW,No authoritative 2012 anchor or complete certified event chain; symbol is in the official checkpoint but absent from diagnostic replay.
2015-10-30,MISSING_FROM_REPLAY,ibulhsgfin,2013-04-18,4942c0f021abcd6ed9702c343c2696ec44cfa8022c7e37448f8a78c075c4a16d,UNRESOLVED_MANUAL_REVIEW,No authoritative 2012 anchor or complete certified event chain; symbol is in the official checkpoint but absent from diagnostic replay.
2015-10-30,MISSING_FROM_REPLAY,infratel,2013-04-18,4942c0f021abcd6ed9702c343c2696ec44cfa8022c7e37448f8a78c075c4a16d,UNRESOLVED_MANUAL_REVIEW,No authoritative 2012 anchor or complete certified event chain; symbol is in the official checkpoint but absent from diagnostic replay.
2015-10-30,MISSING_FROM_REPLAY,justdial,2013-04-18,4942c0f021abcd6ed9702c343c2696ec44cfa8022c7e37448f8a78c075c4a16d,UNRESOLVED_MANUAL_REVIEW,No authoritative 2012 anchor or complete certified event chain; symbol is in the official checkpoint but absent from diagnostic replay.
2015-10-30,MISSING_FROM_REPLAY,kpit,2013-04-18,4942c0f021abcd6ed9702c343c2696ec44cfa8022c7e37448f8a78c075c4a16d,UNRESOLVED_MANUAL_REVIEW,No authoritative 2012 anchor or complete certified event chain; symbol is in the official checkpoint but absent from diagnostic replay.
2015-10-30,MISSING_FROM_REPLAY,naukri,2013-04-18,4942c0f021abcd6ed9702c343c2696ec44cfa8022c7e37448f8a78c075c4a16d,UNRESOLVED_MANUAL_REVIEW,No authoritative 2012 anchor or complete certified event chain; symbol is in the official checkpoint but absent from diagnostic replay.
2015-10-30,MISSING_FROM_REPLAY,oberoirlty,2013-04-18,4942c0f021abcd6ed9702c343c2696ec44cfa8022c7e37448f8a78c075c4a16d,UNRESOLVED_MANUAL_REVIEW,No authoritative 2012 anchor or complete certified event chain; symbol is in the official checkpoint but absent from diagnostic replay.
2015-10-30,MISSING_FROM_REPLAY,pageind,2013-04-18,4942c0f021abcd6ed9702c343c2696ec44cfa8022c7e37448f8a78c075c4a16d,UNRESOLVED_MANUAL_REVIEW,No authoritative 2012 anchor or complete certified event chain; symbol is in the official checkpoint but absent from diagnostic replay.
2015-10-30,MISSING_FROM_REPLAY,persistent,2013-04-18,4942c0f021abcd6ed9702c343c2696ec44cfa8022c7e37448f8a78c075c4a16d,UNRESOLVED_MANUAL_REVIEW,No authoritative 2012 anchor or complete certified event chain; symbol is in the official checkpoint but absent from diagnostic replay.
2015-10-30,MISSING_FROM_REPLAY,torntpharm,2013-04-18,4942c0f021abcd6ed9702c343c2696ec44cfa8022c7e37448f8a78c075c4a16d,UNRESOLVED_MANUAL_REVIEW,No authoritative 2012 anchor or complete certified event chain; symbol is in the official checkpoint but absent from diagnostic replay.
2015-10-30,MISSING_FROM_REPLAY,upl,2013-04-18,4942c0f021abcd6ed9702c343c2696ec44cfa8022c7e37448f8a78c075c4a16d,UNRESOLVED_MANUAL_REVIEW,No authoritative 2012 anchor or complete certified event chain; symbol is in the official checkpoint but absent from diagnostic replay.
2015-10-30,MISSING_FROM_REPLAY,vedl,2013-04-18,4942c0f021abcd6ed9702c343c2696ec44cfa8022c7e37448f8a78c075c4a16d,UNRESOLVED_MANUAL_REVIEW,No authoritative 2012 anchor or complete certified event chain; symbol is in the official checkpoint but absent from diagnostic replay.
2015-10-30,MISSING_FROM_REPLAY,wipro,2013-04-18,4942c0f021abcd6ed9702c343c2696ec44cfa8022c7e37448f8a78c075c4a16d,UNRESOLVED_MANUAL_REVIEW,No authoritative 2012 anchor or complete certified event chain; symbol is in the official checkpoint but absent from diagnostic replay.
2015-10-30,UNEXPECTED_IN_REPLAY,centralbk,2013-04-18,4942c0f021abcd6ed9702c343c2696ec44cfa8022c7e37448f8a78c075c4a16d,UNRESOLVED_MANUAL_REVIEW,Diagnostic reverse replay retains a symbol not present in the official checkpoint.
2015-10-30,UNEXPECTED_IN_REPLAY,chamblfert,2013-04-18,4942c0f021abcd6ed9702c343c2696ec44cfa8022c7e37448f8a78c075c4a16d,UNRESOLVED_MANUAL_REVIEW,Diagnostic reverse replay retains a symbol not present in the official checkpoint.
2015-10-30,UNEXPECTED_IN_REPLAY,coreedutec,2013-04-18,4942c0f021abcd6ed9702c343c2696ec44cfa8022c7e37448f8a78c075c4a16d,UNRESOLVED_MANUAL_REVIEW,Diagnostic reverse replay retains a symbol not present in the official checkpoint.
2015-10-30,UNEXPECTED_IN_REPLAY,denabank,2013-04-18,4942c0f021abcd6ed9702c343c2696ec44cfa8022c7e37448f8a78c075c4a16d,UNRESOLVED_MANUAL_REVIEW,Diagnostic reverse replay retains a symbol not present in the official checkpoint.
2015-10-30,UNEXPECTED_IN_REPLAY,finantech,2013-04-18,4942c0f021abcd6ed9702c343c2696ec44cfa8022c7e37448f8a78c075c4a16d,UNRESOLVED_MANUAL_REVIEW,Diagnostic reverse replay retains a symbol not present in the official checkpoint.
2015-10-30,UNEXPECTED_IN_REPLAY,gitanjali,2013-04-18,4942c0f021abcd6ed9702c343c2696ec44cfa8022c7e37448f8a78c075c4a16d,UNRESOLVED_MANUAL_REVIEW,Diagnostic reverse replay retains a symbol not present in the official checkpoint.
2015-10-30,UNEXPECTED_IN_REPLAY,gmdcltd,2013-04-18,4942c0f021abcd6ed9702c343c2696ec44cfa8022c7e37448f8a78c075c4a16d,UNRESOLVED_MANUAL_REVIEW,Diagnostic reverse replay retains a symbol not present in the official checkpoint.
2015-10-30,UNEXPECTED_IN_REPLAY,gujfluoro,2013-04-18,4942c0f021abcd6ed9702c343c2696ec44cfa8022c7e37448f8a78c075c4a16d,UNRESOLVED_MANUAL_REVIEW,Diagnostic reverse replay retains a symbol not present in the official checkpoint.
2015-10-30,UNEXPECTED_IN_REPLAY,gujratgas,2013-04-18,4942c0f021abcd6ed9702c343c2696ec44cfa8022c7e37448f8a78c075c4a16d,UNRESOLVED_MANUAL_REVIEW,Diagnostic reverse replay retains a symbol not present in the official checkpoint.
2015-10-30,UNEXPECTED_IN_REPLAY,gvkpil,2013-04-18,4942c0f021abcd6ed9702c343c2696ec44cfa8022c7e37448f8a78c075c4a16d,UNRESOLVED_MANUAL_REVIEW,Diagnostic reverse replay retains a symbol not present in the official checkpoint.
2015-10-30,UNEXPECTED_IN_REPLAY,hathway,2013-04-18,4942c0f021abcd6ed9702c343c2696ec44cfa8022c7e37448f8a78c075c4a16d,UNRESOLVED_MANUAL_REVIEW,Diagnostic reverse replay retains a symbol not present in the official checkpoint.
2015-10-30,UNEXPECTED_IN_REPLAY,indiainfo,2013-04-18,4942c0f021abcd6ed9702c343c2696ec44cfa8022c7e37448f8a78c075c4a16d,UNRESOLVED_MANUAL_REVIEW,Diagnostic reverse replay retains a symbol not present in the official checkpoint.
2015-10-30,UNEXPECTED_IN_REPLAY,ivrclinfra,2013-04-18,4942c0f021abcd6ed9702c343c2696ec44cfa8022c7e37448f8a78c075c4a16d,UNRESOLVED_MANUAL_REVIEW,Diagnostic reverse replay retains a symbol not present in the official checkpoint.
2015-10-30,UNEXPECTED_IN_REPLAY,jindalsaw,2013-04-18,4942c0f021abcd6ed9702c343c2696ec44cfa8022c7e37448f8a78c075c4a16d,UNRESOLVED_MANUAL_REVIEW,Diagnostic reverse replay retains a symbol not present in the official checkpoint.
2015-10-30,UNEXPECTED_IN_REPLAY,litl,2013-04-18,4942c0f021abcd6ed9702c343c2696ec44cfa8022c7e37448f8a78c075c4a16d,UNRESOLVED_MANUAL_REVIEW,Diagnostic reverse replay retains a symbol not present in the official checkpoint.
2015-10-30,UNEXPECTED_IN_REPLAY,madrascem,2013-04-18,4942c0f021abcd6ed9702c343c2696ec44cfa8022c7e37448f8a78c075c4a16d,UNRESOLVED_MANUAL_REVIEW,Diagnostic reverse replay retains a symbol not present in the official checkpoint.
2015-10-30,UNEXPECTED_IN_REPLAY,optocircui,2013-04-18,4942c0f021abcd6ed9702c343c2696ec44cfa8022c7e37448f8a78c075c4a16d,UNRESOLVED_MANUAL_REVIEW,Diagnostic reverse replay retains a symbol not present in the official checkpoint.
2015-10-30,UNEXPECTED_IN_REPLAY,orissamine,2013-04-18,4942c0f021abcd6ed9702c343c2696ec44cfa8022c7e37448f8a78c075c4a16d,UNRESOLVED_MANUAL_REVIEW,Diagnostic reverse replay retains a symbol not present in the official checkpoint.
2015-10-30,UNEXPECTED_IN_REPLAY,punjlloyd,2013-04-18,4942c0f021abcd6ed9702c343c2696ec44cfa8022c7e37448f8a78c075c4a16d,UNRESOLVED_MANUAL_REVIEW,Diagnostic reverse replay retains a symbol not present in the official checkpoint.
2015-10-30,UNEXPECTED_IN_REPLAY,sesagoa,2013-04-18,4942c0f021abcd6ed9702c343c2696ec44cfa8022c7e37448f8a78c075c4a16d,UNRESOLVED_MANUAL_REVIEW,Diagnostic reverse replay retains a symbol not present in the official checkpoint.
2015-10-30,UNEXPECTED_IN_REPLAY,shriramcit,2013-04-18,4942c0f021abcd6ed9702c343c2696ec44cfa8022c7e37448f8a78c075c4a16d,UNRESOLVED_MANUAL_REVIEW,Diagnostic reverse replay retains a symbol not present in the official checkpoint.
2015-10-30,UNEXPECTED_IN_REPLAY,uniphos,2013-04-18,4942c0f021abcd6ed9702c343c2696ec44cfa8022c7e37448f8a78c075c4a16d,UNRESOLVED_MANUAL_REVIEW,Diagnostic reverse replay retains a symbol not present in the official checkpoint.
2015-10-30,UNEXPECTED_IN_REPLAY,videoind,2013-04-18,4942c0f021abcd6ed9702c343c2696ec44cfa8022c7e37448f8a78c075c4a16d,UNRESOLVED_MANUAL_REVIEW,Diagnostic reverse replay retains a symbol not present in the official checkpoint.
2015-10-30,UNEXPECTED_IN_REPLAY,welcorp,2013-04-18,4942c0f021abcd6ed9702c343c2696ec44cfa8022c7e37448f8a78c075c4a16d,UNRESOLVED_MANUAL_REVIEW,Diagnostic reverse replay retains a symbol not present in the official checkpoint.
2015-11-30,MISSING_FROM_REPLAY,aiaeng,2013-04-18,4942c0f021abcd6ed9702c343c2696ec44cfa8022c7e37448f8a78c075c4a16d,UNRESOLVED_MANUAL_REVIEW,No authoritative 2012 anchor or complete certified event chain; symbol is in the official checkpoint but absent from diagnostic replay.
2015-11-30,MISSING_FROM_REPLAY,cox&kings,2013-04-18,4942c0f021abcd6ed9702c343c2696ec44cfa8022c7e37448f8a78c075c4a16d,UNRESOLVED_MANUAL_REVIEW,No authoritative 2012 anchor or complete certified event chain; symbol is in the official checkpoint but absent from diagnostic replay.
2015-11-30,MISSING_FROM_REPLAY,gppl,2013-04-18,4942c0f021abcd6ed9702c343c2696ec44cfa8022c7e37448f8a78c075c4a16d,UNRESOLVED_MANUAL_REVIEW,No authoritative 2012 anchor or complete certified event chain; symbol is in the official checkpoint but absent from diagnostic replay.
2015-11-30,MISSING_FROM_REPLAY,ibulhsgfin,2013-04-18,4942c0f021abcd6ed9702c343c2696ec44cfa8022c7e37448f8a78c075c4a16d,UNRESOLVED_MANUAL_REVIEW,No authoritative 2012 anchor or complete certified event chain; symbol is in the official checkpoint but absent from diagnostic replay.
2015-11-30,MISSING_FROM_REPLAY,infratel,2013-04-18,4942c0f021abcd6ed9702c343c2696ec44cfa8022c7e37448f8a78c075c4a16d,UNRESOLVED_MANUAL_REVIEW,No authoritative 2012 anchor or complete certified event chain; symbol is in the official checkpoint but absent from diagnostic replay.
2015-11-30,MISSING_FROM_REPLAY,justdial,2013-04-18,4942c0f021abcd6ed9702c343c2696ec44cfa8022c7e37448f8a78c075c4a16d,UNRESOLVED_MANUAL_REVIEW,No authoritative 2012 anchor or complete certified event chain; symbol is in the official checkpoint but absent from diagnostic replay.
2015-11-30,MISSING_FROM_REPLAY,kpit,2013-04-18,4942c0f021abcd6ed9702c343c2696ec44cfa8022c7e37448f8a78c075c4a16d,UNRESOLVED_MANUAL_REVIEW,No authoritative 2012 anchor or complete certified event chain; symbol is in the official checkpoint but absent from diagnostic replay.
2015-11-30,MISSING_FROM_REPLAY,naukri,2013-04-18,4942c0f021abcd6ed9702c343c2696ec44cfa8022c7e37448f8a78c075c4a16d,UNRESOLVED_MANUAL_REVIEW,No authoritative 2012 anchor or complete certified event chain; symbol is in the official checkpoint but absent from diagnostic replay.
2015-11-30,MISSING_FROM_REPLAY,oberoirlty,2013-04-18,4942c0f021abcd6ed9702c343c2696ec44cfa8022c7e37448f8a78c075c4a16d,UNRESOLVED_MANUAL_REVIEW,No authoritative 2012 anchor or complete certified event chain; symbol is in the official checkpoint but absent from diagnostic replay.
2015-11-30,MISSING_FROM_REPLAY,pageind,2013-04-18,4942c0f021abcd6ed9702c343c2696ec44cfa8022c7e37448f8a78c075c4a16d,UNRESOLVED_MANUAL_REVIEW,No authoritative 2012 anchor or complete certified event chain; symbol is in the official checkpoint but absent from diagnostic replay.
2015-11-30,MISSING_FROM_REPLAY,persistent,2013-04-18,4942c0f021abcd6ed9702c343c2696ec44cfa8022c7e37448f8a78c075c4a16d,UNRESOLVED_MANUAL_REVIEW,No authoritative 2012 anchor or complete certified event chain; symbol is in the official checkpoint but absent from diagnostic replay.
2015-11-30,MISSING_FROM_REPLAY,torntpharm,2013-04-18,4942c0f021abcd6ed9702c343c2696ec44cfa8022c7e37448f8a78c075c4a16d,UNRESOLVED_MANUAL_REVIEW,No authoritative 2012 anchor or complete certified event chain; symbol is in the official checkpoint but absent from diagnostic replay.
2015-11-30,MISSING_FROM_REPLAY,upl,2013-04-18,4942c0f021abcd6ed9702c343c2696ec44cfa8022c7e37448f8a78c075c4a16d,UNRESOLVED_MANUAL_REVIEW,No authoritative 2012 anchor or complete certified event chain; symbol is in the official checkpoint but absent from diagnostic replay.
2015-11-30,MISSING_FROM_REPLAY,vedl,2013-04-18,4942c0f021abcd6ed9702c343c2696ec44cfa8022c7e37448f8a78c075c4a16d,UNRESOLVED_MANUAL_REVIEW,No authoritative 2012 anchor or complete certified event chain; symbol is in the official checkpoint but absent from diagnostic replay.
2015-11-30,MISSING_FROM_REPLAY,wipro,2013-04-18,4942c0f021abcd6ed9702c343c2696ec44cfa8022c7e37448f8a78c075c4a16d,UNRESOLVED_MANUAL_REVIEW,No authoritative 2012 anchor or complete certified event chain; symbol is in the official checkpoint but absent from diagnostic replay.
2015-11-30,UNEXPECTED_IN_REPLAY,centralbk,2013-04-18,4942c0f021abcd6ed9702c343c2696ec44cfa8022c7e37448f8a78c075c4a16d,UNRESOLVED_MANUAL_REVIEW,Diagnostic reverse replay retains a symbol not present in the official checkpoint.
2015-11-30,UNEXPECTED_IN_REPLAY,chamblfert,2013-04-18,4942c0f021abcd6ed9702c343c2696ec44cfa8022c7e37448f8a78c075c4a16d,UNRESOLVED_MANUAL_REVIEW,Diagnostic reverse replay retains a symbol not present in the official checkpoint.
2015-11-30,UNEXPECTED_IN_REPLAY,coreedutec,2013-04-18,4942c0f021abcd6ed9702c343c2696ec44cfa8022c7e37448f8a78c075c4a16d,UNRESOLVED_MANUAL_REVIEW,Diagnostic reverse replay retains a symbol not present in the official checkpoint.
2015-11-30,UNEXPECTED_IN_REPLAY,denabank,2013-04-18,4942c0f021abcd6ed9702c343c2696ec44cfa8022c7e37448f8a78c075c4a16d,UNRESOLVED_MANUAL_REVIEW,Diagnostic reverse replay retains a symbol not present in the official checkpoint.
2015-11-30,UNEXPECTED_IN_REPLAY,finantech,2013-04-18,4942c0f021abcd6ed9702c343c2696ec44cfa8022c7e37448f8a78c075c4a16d,UNRESOLVED_MANUAL_REVIEW,Diagnostic reverse replay retains a symbol not present in the official checkpoint.
2015-11-30,UNEXPECTED_IN_REPLAY,gitanjali,2013-04-18,4942c0f021abcd6ed9702c343c2696ec44cfa8022c7e37448f8a78c075c4a16d,UNRESOLVED_MANUAL_REVIEW,Diagnostic reverse replay retains a symbol not present in the official checkpoint.
2015-11-30,UNEXPECTED_IN_REPLAY,gmdcltd,2013-04-18,4942c0f021abcd6ed9702c343c2696ec44cfa8022c7e37448f8a78c075c4a16d,UNRESOLVED_MANUAL_REVIEW,Diagnostic reverse replay retains a symbol not present in the official checkpoint.
2015-11-30,UNEXPECTED_IN_REPLAY,gujfluoro,2013-04-18,4942c0f021abcd6ed9702c343c2696ec44cfa8022c7e37448f8a78c075c4a16d,UNRESOLVED_MANUAL_REVIEW,Diagnostic reverse replay retains a symbol not present in the official checkpoint.
2015-11-30,UNEXPECTED_IN_REPLAY,gujratgas,2013-04-18,4942c0f021abcd6ed9702c343c2696ec44cfa8022c7e37448f8a78c075c4a16d,UNRESOLVED_MANUAL_REVIEW,Diagnostic reverse replay retains a symbol not present in the official checkpoint.
2015-11-30,UNEXPECTED_IN_REPLAY,gvkpil,2013-04-18,4942c0f021abcd6ed9702c343c2696ec44cfa8022c7e37448f8a78c075c4a16d,UNRESOLVED_MANUAL_REVIEW,Diagnostic reverse replay retains a symbol not present in the official checkpoint.
2015-11-30,UNEXPECTED_IN_REPLAY,hathway,2013-04-18,4942c0f021abcd6ed9702c343c2696ec44cfa8022c7e37448f8a78c075c4a16d,UNRESOLVED_MANUAL_REVIEW,Diagnostic reverse replay retains a symbol not present in the official checkpoint.
2015-11-30,UNEXPECTED_IN_REPLAY,indiainfo,2013-04-18,4942c0f021abcd6ed9702c343c2696ec44cfa8022c7e37448f8a78c075c4a16d,UNRESOLVED_MANUAL_REVIEW,Diagnostic reverse replay retains a symbol not present in the official checkpoint.
2015-11-30,UNEXPECTED_IN_REPLAY,ivrclinfra,2013-04-18,4942c0f021abcd6ed9702c343c2696ec44cfa8022c7e37448f8a78c075c4a16d,UNRESOLVED_MANUAL_REVIEW,Diagnostic reverse replay retains a symbol not present in the official checkpoint.
2015-11-30,UNEXPECTED_IN_REPLAY,jindalsaw,2013-04-18,4942c0f021abcd6ed9702c343c2696ec44cfa8022c7e37448f8a78c075c4a16d,UNRESOLVED_MANUAL_REVIEW,Diagnostic reverse replay retains a symbol not present in the official checkpoint.
2015-11-30,UNEXPECTED_IN_REPLAY,litl,2013-04-18,4942c0f021abcd6ed9702c343c2696ec44cfa8022c7e37448f8a78c075c4a16d,UNRESOLVED_MANUAL_REVIEW,Diagnostic reverse replay retains a symbol not present in the official checkpoint.
2015-11-30,UNEXPECTED_IN_REPLAY,madrascem,2013-04-18,4942c0f021abcd6ed9702c343c2696ec44cfa8022c7e37448f8a78c075c4a16d,UNRESOLVED_MANUAL_REVIEW,Diagnostic reverse replay retains a symbol not present in the official checkpoint.
2015-11-30,UNEXPECTED_IN_REPLAY,optocircui,2013-04-18,4942c0f021abcd6ed9702c343c2696ec44cfa8022c7e37448f8a78c075c4a16d,UNRESOLVED_MANUAL_REVIEW,Diagnostic reverse replay retains a symbol not present in the official checkpoint.
2015-11-30,UNEXPECTED_IN_REPLAY,orissamine,2013-04-18,4942c0f021abcd6ed9702c343c2696ec44cfa8022c7e37448f8a78c075c4a16d,UNRESOLVED_MANUAL_REVIEW,Diagnostic reverse replay retains a symbol not present in the official checkpoint.
2015-11-30,UNEXPECTED_IN_REPLAY,punjlloyd,2013-04-18,4942c0f021abcd6ed9702c343c2696ec44cfa8022c7e37448f8a78c075c4a16d,UNRESOLVED_MANUAL_REVIEW,Diagnostic reverse replay retains a symbol not present in the official checkpoint.
2015-11-30,UNEXPECTED_IN_REPLAY,sesagoa,2013-04-18,4942c0f021abcd6ed9702c343c2696ec44cfa8022c7e37448f8a78c075c4a16d,UNRESOLVED_MANUAL_REVIEW,Diagnostic reverse replay retains a symbol not present in the official checkpoint.
2015-11-30,UNEXPECTED_IN_REPLAY,shriramcit,2013-04-18,4942c0f021abcd6ed9702c343c2696ec44cfa8022c7e37448f8a78c075c4a16d,UNRESOLVED_MANUAL_REVIEW,Diagnostic reverse replay retains a symbol not present in the official checkpoint.
2015-11-30,UNEXPECTED_IN_REPLAY,uniphos,2013-04-18,4942c0f021abcd6ed9702c343c2696ec44cfa8022c7e37448f8a78c075c4a16d,UNRESOLVED_MANUAL_REVIEW,Diagnostic reverse replay retains a symbol not present in the official checkpoint.
2015-11-30,UNEXPECTED_IN_REPLAY,videoind,2013-04-18,4942c0f021abcd6ed9702c343c2696ec44cfa8022c7e37448f8a78c075c4a16d,UNRESOLVED_MANUAL_REVIEW,Diagnostic reverse replay retains a symbol not present in the official checkpoint.
2015-11-30,UNEXPECTED_IN_REPLAY,welcorp,2013-04-18,4942c0f021abcd6ed9702c343c2696ec44cfa8022c7e37448f8a78c075c4a16d,UNRESOLVED_MANUAL_REVIEW,Diagnostic reverse replay retains a symbol not present in the official checkpoint.
2015-12-31,MISSING_FROM_REPLAY,aiaeng,2013-04-18,4942c0f021abcd6ed9702c343c2696ec44cfa8022c7e37448f8a78c075c4a16d,UNRESOLVED_MANUAL_REVIEW,No authoritative 2012 anchor or complete certified event chain; symbol is in the official checkpoint but absent from diagnostic replay.
2015-12-31,MISSING_FROM_REPLAY,cox&kings,2013-04-18,4942c0f021abcd6ed9702c343c2696ec44cfa8022c7e37448f8a78c075c4a16d,UNRESOLVED_MANUAL_REVIEW,No authoritative 2012 anchor or complete certified event chain; symbol is in the official checkpoint but absent from diagnostic replay.
2015-12-31,MISSING_FROM_REPLAY,gppl,2013-04-18,4942c0f021abcd6ed9702c343c2696ec44cfa8022c7e37448f8a78c075c4a16d,UNRESOLVED_MANUAL_REVIEW,No authoritative 2012 anchor or complete certified event chain; symbol is in the official checkpoint but absent from diagnostic replay.
2015-12-31,MISSING_FROM_REPLAY,ibulhsgfin,2013-04-18,4942c0f021abcd6ed9702c343c2696ec44cfa8022c7e37448f8a78c075c4a16d,UNRESOLVED_MANUAL_REVIEW,No authoritative 2012 anchor or complete certified event chain; symbol is in the official checkpoint but absent from diagnostic replay.
2015-12-31,MISSING_FROM_REPLAY,infratel,2013-04-18,4942c0f021abcd6ed9702c343c2696ec44cfa8022c7e37448f8a78c075c4a16d,UNRESOLVED_MANUAL_REVIEW,No authoritative 2012 anchor or complete certified event chain; symbol is in the official checkpoint but absent from diagnostic replay.
2015-12-31,MISSING_FROM_REPLAY,justdial,2013-04-18,4942c0f021abcd6ed9702c343c2696ec44cfa8022c7e37448f8a78c075c4a16d,UNRESOLVED_MANUAL_REVIEW,No authoritative 2012 anchor or complete certified event chain; symbol is in the official checkpoint but absent from diagnostic replay.
2015-12-31,MISSING_FROM_REPLAY,kpit,2013-04-18,4942c0f021abcd6ed9702c343c2696ec44cfa8022c7e37448f8a78c075c4a16d,UNRESOLVED_MANUAL_REVIEW,No authoritative 2012 anchor or complete certified event chain; symbol is in the official checkpoint but absent from diagnostic replay.
2015-12-31,MISSING_FROM_REPLAY,naukri,2013-04-18,4942c0f021abcd6ed9702c343c2696ec44cfa8022c7e37448f8a78c075c4a16d,UNRESOLVED_MANUAL_REVIEW,No authoritative 2012 anchor or complete certified event chain; symbol is in the official checkpoint but absent from diagnostic replay.
2015-12-31,MISSING_FROM_REPLAY,oberoirlty,2013-04-18,4942c0f021abcd6ed9702c343c2696ec44cfa8022c7e37448f8a78c075c4a16d,UNRESOLVED_MANUAL_REVIEW,No authoritative 2012 anchor or complete certified event chain; symbol is in the official checkpoint but absent from diagnostic replay.
2015-12-31,MISSING_FROM_REPLAY,pageind,2013-04-18,4942c0f021abcd6ed9702c343c2696ec44cfa8022c7e37448f8a78c075c4a16d,UNRESOLVED_MANUAL_REVIEW,No authoritative 2012 anchor or complete certified event chain; symbol is in the official checkpoint but absent from diagnostic replay.
2015-12-31,MISSING_FROM_REPLAY,persistent,2013-04-18,4942c0f021abcd6ed9702c343c2696ec44cfa8022c7e37448f8a78c075c4a16d,UNRESOLVED_MANUAL_REVIEW,No authoritative 2012 anchor or complete certified event chain; symbol is in the official checkpoint but absent from diagnostic replay.
2015-12-31,MISSING_FROM_REPLAY,torntpharm,2013-04-18,4942c0f021abcd6ed9702c343c2696ec44cfa8022c7e37448f8a78c075c4a16d,UNRESOLVED_MANUAL_REVIEW,No authoritative 2012 anchor or complete certified event chain; symbol is in the official checkpoint but absent from diagnostic replay.
2015-12-31,MISSING_FROM_REPLAY,upl,2013-04-18,4942c0f021abcd6ed9702c343c2696ec44cfa8022c7e37448f8a78c075c4a16d,UNRESOLVED_MANUAL_REVIEW,No authoritative 2012 anchor or complete certified event chain; symbol is in the official checkpoint but absent from diagnostic replay.
2015-12-31,MISSING_FROM_REPLAY,vedl,2013-04-18,4942c0f021abcd6ed9702c343c2696ec44cfa8022c7e37448f8a78c075c4a16d,UNRESOLVED_MANUAL_REVIEW,No authoritative 2012 anchor or complete certified event chain; symbol is in the official checkpoint but absent from diagnostic replay.
2015-12-31,MISSING_FROM_REPLAY,wipro,2013-04-18,4942c0f021abcd6ed9702c343c2696ec44cfa8022c7e37448f8a78c075c4a16d,UNRESOLVED_MANUAL_REVIEW,No authoritative 2012 anchor or complete certified event chain; symbol is in the official checkpoint but absent from diagnostic replay.
2015-12-31,UNEXPECTED_IN_REPLAY,centralbk,2013-04-18,4942c0f021abcd6ed9702c343c2696ec44cfa8022c7e37448f8a78c075c4a16d,UNRESOLVED_MANUAL_REVIEW,Diagnostic reverse replay retains a symbol not present in the official checkpoint.
2015-12-31,UNEXPECTED_IN_REPLAY,chamblfert,2013-04-18,4942c0f021abcd6ed9702c343c2696ec44cfa8022c7e37448f8a78c075c4a16d,UNRESOLVED_MANUAL_REVIEW,Diagnostic reverse replay retains a symbol not present in the official checkpoint.
2015-12-31,UNEXPECTED_IN_REPLAY,coreedutec,2013-04-18,4942c0f021abcd6ed9702c343c2696ec44cfa8022c7e37448f8a78c075c4a16d,UNRESOLVED_MANUAL_REVIEW,Diagnostic reverse replay retains a symbol not present in the official checkpoint.
2015-12-31,UNEXPECTED_IN_REPLAY,denabank,2013-04-18,4942c0f021abcd6ed9702c343c2696ec44cfa8022c7e37448f8a78c075c4a16d,UNRESOLVED_MANUAL_REVIEW,Diagnostic reverse replay retains a symbol not present in the official checkpoint.
2015-12-31,UNEXPECTED_IN_REPLAY,finantech,2013-04-18,4942c0f021abcd6ed9702c343c2696ec44cfa8022c7e37448f8a78c075c4a16d,UNRESOLVED_MANUAL_REVIEW,Diagnostic reverse replay retains a symbol not present in the official checkpoint.
2015-12-31,UNEXPECTED_IN_REPLAY,gitanjali,2013-04-18,4942c0f021abcd6ed9702c343c2696ec44cfa8022c7e37448f8a78c075c4a16d,UNRESOLVED_MANUAL_REVIEW,Diagnostic reverse replay retains a symbol not present in the official checkpoint.
2015-12-31,UNEXPECTED_IN_REPLAY,gmdcltd,2013-04-18,4942c0f021abcd6ed9702c343c2696ec44cfa8022c7e37448f8a78c075c4a16d,UNRESOLVED_MANUAL_REVIEW,Diagnostic reverse replay retains a symbol not present in the official checkpoint.
2015-12-31,UNEXPECTED_IN_REPLAY,gujfluoro,2013-04-18,4942c0f021abcd6ed9702c343c2696ec44cfa8022c7e37448f8a78c075c4a16d,UNRESOLVED_MANUAL_REVIEW,Diagnostic reverse replay retains a symbol not present in the official checkpoint.
2015-12-31,UNEXPECTED_IN_REPLAY,gujratgas,2013-04-18,4942c0f021abcd6ed9702c343c2696ec44cfa8022c7e37448f8a78c075c4a16d,UNRESOLVED_MANUAL_REVIEW,Diagnostic reverse replay retains a symbol not present in the official checkpoint.
2015-12-31,UNEXPECTED_IN_REPLAY,gvkpil,2013-04-18,4942c0f021abcd6ed9702c343c2696ec44cfa8022c7e37448f8a78c075c4a16d,UNRESOLVED_MANUAL_REVIEW,Diagnostic reverse replay retains a symbol not present in the official checkpoint.
2015-12-31,UNEXPECTED_IN_REPLAY,hathway,2013-04-18,4942c0f021abcd6ed9702c343c2696ec44cfa8022c7e37448f8a78c075c4a16d,UNRESOLVED_MANUAL_REVIEW,Diagnostic reverse replay retains a symbol not present in the official checkpoint.
2015-12-31,UNEXPECTED_IN_REPLAY,indiainfo,2013-04-18,4942c0f021abcd6ed9702c343c2696ec44cfa8022c7e37448f8a78c075c4a16d,UNRESOLVED_MANUAL_REVIEW,Diagnostic reverse replay retains a symbol not present in the official checkpoint.
2015-12-31,UNEXPECTED_IN_REPLAY,ivrclinfra,2013-04-18,4942c0f021abcd6ed9702c343c2696ec44cfa8022c7e37448f8a78c075c4a16d,UNRESOLVED_MANUAL_REVIEW,Diagnostic reverse replay retains a symbol not present in the official checkpoint.
2015-12-31,UNEXPECTED_IN_REPLAY,jindalsaw,2013-04-18,4942c0f021abcd6ed9702c343c2696ec44cfa8022c7e37448f8a78c075c4a16d,UNRESOLVED_MANUAL_REVIEW,Diagnostic reverse replay retains a symbol not present in the official checkpoint.
2015-12-31,UNEXPECTED_IN_REPLAY,litl,2013-04-18,4942c0f021abcd6ed9702c343c2696ec44cfa8022c7e37448f8a78c075c4a16d,UNRESOLVED_MANUAL_REVIEW,Diagnostic reverse replay retains a symbol not present in the official checkpoint.
2015-12-31,UNEXPECTED_IN_REPLAY,madrascem,2013-04-18,4942c0f021abcd6ed9702c343c2696ec44cfa8022c7e37448f8a78c075c4a16d,UNRESOLVED_MANUAL_REVIEW,Diagnostic reverse replay retains a symbol not present in the official checkpoint.
2015-12-31,UNEXPECTED_IN_REPLAY,optocircui,2013-04-18,4942c0f021abcd6ed9702c343c2696ec44cfa8022c7e37448f8a78c075c4a16d,UNRESOLVED_MANUAL_REVIEW,Diagnostic reverse replay retains a symbol not present in the official checkpoint.
2015-12-31,UNEXPECTED_IN_REPLAY,orissamine,2013-04-18,4942c0f021abcd6ed9702c343c2696ec44cfa8022c7e37448f8a78c075c4a16d,UNRESOLVED_MANUAL_REVIEW,Diagnostic reverse replay retains a symbol not present in the official checkpoint.
2015-12-31,UNEXPECTED_IN_REPLAY,punjlloyd,2013-04-18,4942c0f021abcd6ed9702c343c2696ec44cfa8022c7e37448f8a78c075c4a16d,UNRESOLVED_MANUAL_REVIEW,Diagnostic reverse replay retains a symbol not present in the official checkpoint.
2015-12-31,UNEXPECTED_IN_REPLAY,sesagoa,2013-04-18,4942c0f021abcd6ed9702c343c2696ec44cfa8022c7e37448f8a78c075c4a16d,UNRESOLVED_MANUAL_REVIEW,Diagnostic reverse replay retains a symbol not present in the official checkpoint.
2015-12-31,UNEXPECTED_IN_REPLAY,shriramcit,2013-04-18,4942c0f021abcd6ed9702c343c2696ec44cfa8022c7e37448f8a78c075c4a16d,UNRESOLVED_MANUAL_REVIEW,Diagnostic reverse replay retains a symbol not present in the official checkpoint.
2015-12-31,UNEXPECTED_IN_REPLAY,uniphos,2013-04-18,4942c0f021abcd6ed9702c343c2696ec44cfa8022c7e37448f8a78c075c4a16d,UNRESOLVED_MANUAL_REVIEW,Diagnostic reverse replay retains a symbol not present in the official checkpoint.
2015-12-31,UNEXPECTED_IN_REPLAY,videoind,2013-04-18,4942c0f021abcd6ed9702c343c2696ec44cfa8022c7e37448f8a78c075c4a16d,UNRESOLVED_MANUAL_REVIEW,Diagnostic reverse replay retains a symbol not present in the official checkpoint.
2015-12-31,UNEXPECTED_IN_REPLAY,welcorp,2013-04-18,4942c0f021abcd6ed9702c343c2696ec44cfa8022c7e37448f8a78c075c4a16d,UNRESOLVED_MANUAL_REVIEW,Diagnostic reverse replay retains a symbol not present in the official checkpoint.
2016-01-29,MISSING_FROM_REPLAY,aiaeng,2013-04-18,4942c0f021abcd6ed9702c343c2696ec44cfa8022c7e37448f8a78c075c4a16d,UNRESOLVED_MANUAL_REVIEW,No authoritative 2012 anchor or complete certified event chain; symbol is in the official checkpoint but absent from diagnostic replay.
2016-01-29,MISSING_FROM_REPLAY,cox&kings,2013-04-18,4942c0f021abcd6ed9702c343c2696ec44cfa8022c7e37448f8a78c075c4a16d,UNRESOLVED_MANUAL_REVIEW,No authoritative 2012 anchor or complete certified event chain; symbol is in the official checkpoint but absent from diagnostic replay.
2016-01-29,MISSING_FROM_REPLAY,gppl,2013-04-18,4942c0f021abcd6ed9702c343c2696ec44cfa8022c7e37448f8a78c075c4a16d,UNRESOLVED_MANUAL_REVIEW,No authoritative 2012 anchor or complete certified event chain; symbol is in the official checkpoint but absent from diagnostic replay.
2016-01-29,MISSING_FROM_REPLAY,ibulhsgfin,2013-04-18,4942c0f021abcd6ed9702c343c2696ec44cfa8022c7e37448f8a78c075c4a16d,UNRESOLVED_MANUAL_REVIEW,No authoritative 2012 anchor or complete certified event chain; symbol is in the official checkpoint but absent from diagnostic replay.
2016-01-29,MISSING_FROM_REPLAY,infratel,2013-04-18,4942c0f021abcd6ed9702c343c2696ec44cfa8022c7e37448f8a78c075c4a16d,UNRESOLVED_MANUAL_REVIEW,No authoritative 2012 anchor or complete certified event chain; symbol is in the official checkpoint but absent from diagnostic replay.
2016-01-29,MISSING_FROM_REPLAY,justdial,2013-04-18,4942c0f021abcd6ed9702c343c2696ec44cfa8022c7e37448f8a78c075c4a16d,UNRESOLVED_MANUAL_REVIEW,No authoritative 2012 anchor or complete certified event chain; symbol is in the official checkpoint but absent from diagnostic replay.
2016-01-29,MISSING_FROM_REPLAY,kpit,2013-04-18,4942c0f021abcd6ed9702c343c2696ec44cfa8022c7e37448f8a78c075c4a16d,UNRESOLVED_MANUAL_REVIEW,No authoritative 2012 anchor or complete certified event chain; symbol is in the official checkpoint but absent from diagnostic replay.
2016-01-29,MISSING_FROM_REPLAY,naukri,2013-04-18,4942c0f021abcd6ed9702c343c2696ec44cfa8022c7e37448f8a78c075c4a16d,UNRESOLVED_MANUAL_REVIEW,No authoritative 2012 anchor or complete certified event chain; symbol is in the official checkpoint but absent from diagnostic replay.
2016-01-29,MISSING_FROM_REPLAY,oberoirlty,2013-04-18,4942c0f021abcd6ed9702c343c2696ec44cfa8022c7e37448f8a78c075c4a16d,UNRESOLVED_MANUAL_REVIEW,No authoritative 2012 anchor or complete certified event chain; symbol is in the official checkpoint but absent from diagnostic replay.
2016-01-29,MISSING_FROM_REPLAY,pageind,2013-04-18,4942c0f021abcd6ed9702c343c2696ec44cfa8022c7e37448f8a78c075c4a16d,UNRESOLVED_MANUAL_REVIEW,No authoritative 2012 anchor or complete certified event chain; symbol is in the official checkpoint but absent from diagnostic replay.
2016-01-29,MISSING_FROM_REPLAY,persistent,2013-04-18,4942c0f021abcd6ed9702c343c2696ec44cfa8022c7e37448f8a78c075c4a16d,UNRESOLVED_MANUAL_REVIEW,No authoritative 2012 anchor or complete certified event chain; symbol is in the official checkpoint but absent from diagnostic replay.
2016-01-29,MISSING_FROM_REPLAY,torntpharm,2013-04-18,4942c0f021abcd6ed9702c343c2696ec44cfa8022c7e37448f8a78c075c4a16d,UNRESOLVED_MANUAL_REVIEW,No authoritative 2012 anchor or complete certified event chain; symbol is in the official checkpoint but absent from diagnostic replay.
2016-01-29,MISSING_FROM_REPLAY,upl,2013-04-18,4942c0f021abcd6ed9702c343c2696ec44cfa8022c7e37448f8a78c075c4a16d,UNRESOLVED_MANUAL_REVIEW,No authoritative 2012 anchor or complete certified event chain; symbol is in the official checkpoint but absent from diagnostic replay.
2016-01-29,MISSING_FROM_REPLAY,vedl,2013-04-18,4942c0f021abcd6ed9702c343c2696ec44cfa8022c7e37448f8a78c075c4a16d,UNRESOLVED_MANUAL_REVIEW,No authoritative 2012 anchor or complete certified event chain; symbol is in the official checkpoint but absent from diagnostic replay.
2016-01-29,MISSING_FROM_REPLAY,wipro,2013-04-18,4942c0f021abcd6ed9702c343c2696ec44cfa8022c7e37448f8a78c075c4a16d,UNRESOLVED_MANUAL_REVIEW,No authoritative 2012 anchor or complete certified event chain; symbol is in the official checkpoint but absent from diagnostic replay.
2016-01-29,UNEXPECTED_IN_REPLAY,centralbk,2013-04-18,4942c0f021abcd6ed9702c343c2696ec44cfa8022c7e37448f8a78c075c4a16d,UNRESOLVED_MANUAL_REVIEW,Diagnostic reverse replay retains a symbol not present in the official checkpoint.
2016-01-29,UNEXPECTED_IN_REPLAY,chamblfert,2013-04-18,4942c0f021abcd6ed9702c343c2696ec44cfa8022c7e37448f8a78c075c4a16d,UNRESOLVED_MANUAL_REVIEW,Diagnostic reverse replay retains a symbol not present in the official checkpoint.
2016-01-29,UNEXPECTED_IN_REPLAY,coreedutec,2013-04-18,4942c0f021abcd6ed9702c343c2696ec44cfa8022c7e37448f8a78c075c4a16d,UNRESOLVED_MANUAL_REVIEW,Diagnostic reverse replay retains a symbol not present in the official checkpoint.
2016-01-29,UNEXPECTED_IN_REPLAY,denabank,2013-04-18,4942c0f021abcd6ed9702c343c2696ec44cfa8022c7e37448f8a78c075c4a16d,UNRESOLVED_MANUAL_REVIEW,Diagnostic reverse replay retains a symbol not present in the official checkpoint.
2016-01-29,UNEXPECTED_IN_REPLAY,finantech,2013-04-18,4942c0f021abcd6ed9702c343c2696ec44cfa8022c7e37448f8a78c075c4a16d,UNRESOLVED_MANUAL_REVIEW,Diagnostic reverse replay retains a symbol not present in the official checkpoint.
2016-01-29,UNEXPECTED_IN_REPLAY,gitanjali,2013-04-18,4942c0f021abcd6ed9702c343c2696ec44cfa8022c7e37448f8a78c075c4a16d,UNRESOLVED_MANUAL_REVIEW,Diagnostic reverse replay retains a symbol not present in the official checkpoint.
2016-01-29,UNEXPECTED_IN_REPLAY,gmdcltd,2013-04-18,4942c0f021abcd6ed9702c343c2696ec44cfa8022c7e37448f8a78c075c4a16d,UNRESOLVED_MANUAL_REVIEW,Diagnostic reverse replay retains a symbol not present in the official checkpoint.
2016-01-29,UNEXPECTED_IN_REPLAY,gujfluoro,2013-04-18,4942c0f021abcd6ed9702c343c2696ec44cfa8022c7e37448f8a78c075c4a16d,UNRESOLVED_MANUAL_REVIEW,Diagnostic reverse replay retains a symbol not present in the official checkpoint.
2016-01-29,UNEXPECTED_IN_REPLAY,gujratgas,2013-04-18,4942c0f021abcd6ed9702c343c2696ec44cfa8022c7e37448f8a78c075c4a16d,UNRESOLVED_MANUAL_REVIEW,Diagnostic reverse replay retains a symbol not present in the official checkpoint.
2016-01-29,UNEXPECTED_IN_REPLAY,gvkpil,2013-04-18,4942c0f021abcd6ed9702c343c2696ec44cfa8022c7e37448f8a78c075c4a16d,UNRESOLVED_MANUAL_REVIEW,Diagnostic reverse replay retains a symbol not present in the official checkpoint.
2016-01-29,UNEXPECTED_IN_REPLAY,hathway,2013-04-18,4942c0f021abcd6ed9702c343c2696ec44cfa8022c7e37448f8a78c075c4a16d,UNRESOLVED_MANUAL_REVIEW,Diagnostic reverse replay retains a symbol not present in the official checkpoint.
2016-01-29,UNEXPECTED_IN_REPLAY,indiainfo,2013-04-18,4942c0f021abcd6ed9702c343c2696ec44cfa8022c7e37448f8a78c075c4a16d,UNRESOLVED_MANUAL_REVIEW,Diagnostic reverse replay retains a symbol not present in the official checkpoint.
2016-01-29,UNEXPECTED_IN_REPLAY,ivrclinfra,2013-04-18,4942c0f021abcd6ed9702c343c2696ec44cfa8022c7e37448f8a78c075c4a16d,UNRESOLVED_MANUAL_REVIEW,Diagnostic reverse replay retains a symbol not present in the official checkpoint.
2016-01-29,UNEXPECTED_IN_REPLAY,jindalsaw,2013-04-18,4942c0f021abcd6ed9702c343c2696ec44cfa8022c7e37448f8a78c075c4a16d,UNRESOLVED_MANUAL_REVIEW,Diagnostic reverse replay retains a symbol not present in the official checkpoint.
2016-01-29,UNEXPECTED_IN_REPLAY,litl,2013-04-18,4942c0f021abcd6ed9702c343c2696ec44cfa8022c7e37448f8a78c075c4a16d,UNRESOLVED_MANUAL_REVIEW,Diagnostic reverse replay retains a symbol not present in the official checkpoint.
2016-01-29,UNEXPECTED_IN_REPLAY,madrascem,2013-04-18,4942c0f021abcd6ed9702c343c2696ec44cfa8022c7e37448f8a78c075c4a16d,UNRESOLVED_MANUAL_REVIEW,Diagnostic reverse replay retains a symbol not present in the official checkpoint.
2016-01-29,UNEXPECTED_IN_REPLAY,optocircui,2013-04-18,4942c0f021abcd6ed9702c343c2696ec44cfa8022c7e37448f8a78c075c4a16d,UNRESOLVED_MANUAL_REVIEW,Diagnostic reverse replay retains a symbol not present in the official checkpoint.
2016-01-29,UNEXPECTED_IN_REPLAY,orissamine,2013-04-18,4942c0f021abcd6ed9702c343c2696ec44cfa8022c7e37448f8a78c075c4a16d,UNRESOLVED_MANUAL_REVIEW,Diagnostic reverse replay retains a symbol not present in the official checkpoint.
2016-01-29,UNEXPECTED_IN_REPLAY,punjlloyd,2013-04-18,4942c0f021abcd6ed9702c343c2696ec44cfa8022c7e37448f8a78c075c4a16d,UNRESOLVED_MANUAL_REVIEW,Diagnostic reverse replay retains a symbol not present in the official checkpoint.
2016-01-29,UNEXPECTED_IN_REPLAY,sesagoa,2013-04-18,4942c0f021abcd6ed9702c343c2696ec44cfa8022c7e37448f8a78c075c4a16d,UNRESOLVED_MANUAL_REVIEW,Diagnostic reverse replay retains a symbol not present in the official checkpoint.
2016-01-29,UNEXPECTED_IN_REPLAY,shriramcit,2013-04-18,4942c0f021abcd6ed9702c343c2696ec44cfa8022c7e37448f8a78c075c4a16d,UNRESOLVED_MANUAL_REVIEW,Diagnostic reverse replay retains a symbol not present in the official checkpoint.
2016-01-29,UNEXPECTED_IN_REPLAY,uniphos,2013-04-18,4942c0f021abcd6ed9702c343c2696ec44cfa8022c7e37448f8a78c075c4a16d,UNRESOLVED_MANUAL_REVIEW,Diagnostic reverse replay retains a symbol not present in the official checkpoint.
2016-01-29,UNEXPECTED_IN_REPLAY,videoind,2013-04-18,4942c0f021abcd6ed9702c343c2696ec44cfa8022c7e37448f8a78c075c4a16d,UNRESOLVED_MANUAL_REVIEW,Diagnostic reverse replay retains a symbol not present in the official checkpoint.
2016-01-29,UNEXPECTED_IN_REPLAY,welcorp,2013-04-18,4942c0f021abcd6ed9702c343c2696ec44cfa8022c7e37448f8a78c075c4a16d,UNRESOLVED_MANUAL_REVIEW,Diagnostic reverse replay retains a symbol not present in the official checkpoint.
2016-02-29,MISSING_FROM_REPLAY,aiaeng,2013-04-18,4942c0f021abcd6ed9702c343c2696ec44cfa8022c7e37448f8a78c075c4a16d,UNRESOLVED_MANUAL_REVIEW,No authoritative 2012 anchor or complete certified event chain; symbol is in the official checkpoint but absent from diagnostic replay.
2016-02-29,MISSING_FROM_REPLAY,cox&kings,2013-04-18,4942c0f021abcd6ed9702c343c2696ec44cfa8022c7e37448f8a78c075c4a16d,UNRESOLVED_MANUAL_REVIEW,No authoritative 2012 anchor or complete certified event chain; symbol is in the official checkpoint but absent from diagnostic replay.
2016-02-29,MISSING_FROM_REPLAY,gppl,2013-04-18,4942c0f021abcd6ed9702c343c2696ec44cfa8022c7e37448f8a78c075c4a16d,UNRESOLVED_MANUAL_REVIEW,No authoritative 2012 anchor or complete certified event chain; symbol is in the official checkpoint but absent from diagnostic replay.
2016-02-29,MISSING_FROM_REPLAY,ibulhsgfin,2013-04-18,4942c0f021abcd6ed9702c343c2696ec44cfa8022c7e37448f8a78c075c4a16d,UNRESOLVED_MANUAL_REVIEW,No authoritative 2012 anchor or complete certified event chain; symbol is in the official checkpoint but absent from diagnostic replay.
2016-02-29,MISSING_FROM_REPLAY,infratel,2013-04-18,4942c0f021abcd6ed9702c343c2696ec44cfa8022c7e37448f8a78c075c4a16d,UNRESOLVED_MANUAL_REVIEW,No authoritative 2012 anchor or complete certified event chain; symbol is in the official checkpoint but absent from diagnostic replay.
2016-02-29,MISSING_FROM_REPLAY,justdial,2013-04-18,4942c0f021abcd6ed9702c343c2696ec44cfa8022c7e37448f8a78c075c4a16d,UNRESOLVED_MANUAL_REVIEW,No authoritative 2012 anchor or complete certified event chain; symbol is in the official checkpoint but absent from diagnostic replay.
2016-02-29,MISSING_FROM_REPLAY,kpit,2013-04-18,4942c0f021abcd6ed9702c343c2696ec44cfa8022c7e37448f8a78c075c4a16d,UNRESOLVED_MANUAL_REVIEW,No authoritative 2012 anchor or complete certified event chain; symbol is in the official checkpoint but absent from diagnostic replay.
2016-02-29,MISSING_FROM_REPLAY,naukri,2013-04-18,4942c0f021abcd6ed9702c343c2696ec44cfa8022c7e37448f8a78c075c4a16d,UNRESOLVED_MANUAL_REVIEW,No authoritative 2012 anchor or complete certified event chain; symbol is in the official checkpoint but absent from diagnostic replay.
2016-02-29,MISSING_FROM_REPLAY,oberoirlty,2013-04-18,4942c0f021abcd6ed9702c343c2696ec44cfa8022c7e37448f8a78c075c4a16d,UNRESOLVED_MANUAL_REVIEW,No authoritative 2012 anchor or complete certified event chain; symbol is in the official checkpoint but absent from diagnostic replay.
2016-02-29,MISSING_FROM_REPLAY,pageind,2013-04-18,4942c0f021abcd6ed9702c343c2696ec44cfa8022c7e37448f8a78c075c4a16d,UNRESOLVED_MANUAL_REVIEW,No authoritative 2012 anchor or complete certified event chain; symbol is in the official checkpoint but absent from diagnostic replay.
2016-02-29,MISSING_FROM_REPLAY,persistent,2013-04-18,4942c0f021abcd6ed9702c343c2696ec44cfa8022c7e37448f8a78c075c4a16d,UNRESOLVED_MANUAL_REVIEW,No authoritative 2012 anchor or complete certified event chain; symbol is in the official checkpoint but absent from diagnostic replay.
2016-02-29,MISSING_FROM_REPLAY,torntpharm,2013-04-18,4942c0f021abcd6ed9702c343c2696ec44cfa8022c7e37448f8a78c075c4a16d,UNRESOLVED_MANUAL_REVIEW,No authoritative 2012 anchor or complete certified event chain; symbol is in the official checkpoint but absent from diagnostic replay.
2016-02-29,MISSING_FROM_REPLAY,upl,2013-04-18,4942c0f021abcd6ed9702c343c2696ec44cfa8022c7e37448f8a78c075c4a16d,UNRESOLVED_MANUAL_REVIEW,No authoritative 2012 anchor or complete certified event chain; symbol is in the official checkpoint but absent from diagnostic replay.
2016-02-29,MISSING_FROM_REPLAY,vedl,2013-04-18,4942c0f021abcd6ed9702c343c2696ec44cfa8022c7e37448f8a78c075c4a16d,UNRESOLVED_MANUAL_REVIEW,No authoritative 2012 anchor or complete certified event chain; symbol is in the official checkpoint but absent from diagnostic replay.
2016-02-29,MISSING_FROM_REPLAY,wipro,2013-04-18,4942c0f021abcd6ed9702c343c2696ec44cfa8022c7e37448f8a78c075c4a16d,UNRESOLVED_MANUAL_REVIEW,No authoritative 2012 anchor or complete certified event chain; symbol is in the official checkpoint but absent from diagnostic replay.
2016-02-29,UNEXPECTED_IN_REPLAY,centralbk,2013-04-18,4942c0f021abcd6ed9702c343c2696ec44cfa8022c7e37448f8a78c075c4a16d,UNRESOLVED_MANUAL_REVIEW,Diagnostic reverse replay retains a symbol not present in the official checkpoint.
2016-02-29,UNEXPECTED_IN_REPLAY,chamblfert,2013-04-18,4942c0f021abcd6ed9702c343c2696ec44cfa8022c7e37448f8a78c075c4a16d,UNRESOLVED_MANUAL_REVIEW,Diagnostic reverse replay retains a symbol not present in the official checkpoint.
2016-02-29,UNEXPECTED_IN_REPLAY,coreedutec,2013-04-18,4942c0f021abcd6ed9702c343c2696ec44cfa8022c7e37448f8a78c075c4a16d,UNRESOLVED_MANUAL_REVIEW,Diagnostic reverse replay retains a symbol not present in the official checkpoint.
2016-02-29,UNEXPECTED_IN_REPLAY,denabank,2013-04-18,4942c0f021abcd6ed9702c343c2696ec44cfa8022c7e37448f8a78c075c4a16d,UNRESOLVED_MANUAL_REVIEW,Diagnostic reverse replay retains a symbol not present in the official checkpoint.
2016-02-29,UNEXPECTED_IN_REPLAY,finantech,2013-04-18,4942c0f021abcd6ed9702c343c2696ec44cfa8022c7e37448f8a78c075c4a16d,UNRESOLVED_MANUAL_REVIEW,Diagnostic reverse replay retains a symbol not present in the official checkpoint.
2016-02-29,UNEXPECTED_IN_REPLAY,gitanjali,2013-04-18,4942c0f021abcd6ed9702c343c2696ec44cfa8022c7e37448f8a78c075c4a16d,UNRESOLVED_MANUAL_REVIEW,Diagnostic reverse replay retains a symbol not present in the official checkpoint.
2016-02-29,UNEXPECTED_IN_REPLAY,gmdcltd,2013-04-18,4942c0f021abcd6ed9702c343c2696ec44cfa8022c7e37448f8a78c075c4a16d,UNRESOLVED_MANUAL_REVIEW,Diagnostic reverse replay retains a symbol not present in the official checkpoint.
2016-02-29,UNEXPECTED_IN_REPLAY,gujfluoro,2013-04-18,4942c0f021abcd6ed9702c343c2696ec44cfa8022c7e37448f8a78c075c4a16d,UNRESOLVED_MANUAL_REVIEW,Diagnostic reverse replay retains a symbol not present in the official checkpoint.
2016-02-29,UNEXPECTED_IN_REPLAY,gujratgas,2013-04-18,4942c0f021abcd6ed9702c343c2696ec44cfa8022c7e37448f8a78c075c4a16d,UNRESOLVED_MANUAL_REVIEW,Diagnostic reverse replay retains a symbol not present in the official checkpoint.
2016-02-29,UNEXPECTED_IN_REPLAY,gvkpil,2013-04-18,4942c0f021abcd6ed9702c343c2696ec44cfa8022c7e37448f8a78c075c4a16d,UNRESOLVED_MANUAL_REVIEW,Diagnostic reverse replay retains a symbol not present in the official checkpoint.
2016-02-29,UNEXPECTED_IN_REPLAY,hathway,2013-04-18,4942c0f021abcd6ed9702c343c2696ec44cfa8022c7e37448f8a78c075c4a16d,UNRESOLVED_MANUAL_REVIEW,Diagnostic reverse replay retains a symbol not present in the official checkpoint.
2016-02-29,UNEXPECTED_IN_REPLAY,indiainfo,2013-04-18,4942c0f021abcd6ed9702c343c2696ec44cfa8022c7e37448f8a78c075c4a16d,UNRESOLVED_MANUAL_REVIEW,Diagnostic reverse replay retains a symbol not present in the official checkpoint.
2016-02-29,UNEXPECTED_IN_REPLAY,ivrclinfra,2013-04-18,4942c0f021abcd6ed9702c343c2696ec44cfa8022c7e37448f8a78c075c4a16d,UNRESOLVED_MANUAL_REVIEW,Diagnostic reverse replay retains a symbol not present in the official checkpoint.
2016-02-29,UNEXPECTED_IN_REPLAY,jindalsaw,2013-04-18,4942c0f021abcd6ed9702c343c2696ec44cfa8022c7e37448f8a78c075c4a16d,UNRESOLVED_MANUAL_REVIEW,Diagnostic reverse replay retains a symbol not present in the official checkpoint.
2016-02-29,UNEXPECTED_IN_REPLAY,litl,2013-04-18,4942c0f021abcd6ed9702c343c2696ec44cfa8022c7e37448f8a78c075c4a16d,UNRESOLVED_MANUAL_REVIEW,Diagnostic reverse replay retains a symbol not present in the official checkpoint.
2016-02-29,UNEXPECTED_IN_REPLAY,madrascem,2013-04-18,4942c0f021abcd6ed9702c343c2696ec44cfa8022c7e37448f8a78c075c4a16d,UNRESOLVED_MANUAL_REVIEW,Diagnostic reverse replay retains a symbol not present in the official checkpoint.
2016-02-29,UNEXPECTED_IN_REPLAY,optocircui,2013-04-18,4942c0f021abcd6ed9702c343c2696ec44cfa8022c7e37448f8a78c075c4a16d,UNRESOLVED_MANUAL_REVIEW,Diagnostic reverse replay retains a symbol not present in the official checkpoint.
2016-02-29,UNEXPECTED_IN_REPLAY,orissamine,2013-04-18,4942c0f021abcd6ed9702c343c2696ec44cfa8022c7e37448f8a78c075c4a16d,UNRESOLVED_MANUAL_REVIEW,Diagnostic reverse replay retains a symbol not present in the official checkpoint.
2016-02-29,UNEXPECTED_IN_REPLAY,punjlloyd,2013-04-18,4942c0f021abcd6ed9702c343c2696ec44cfa8022c7e37448f8a78c075c4a16d,UNRESOLVED_MANUAL_REVIEW,Diagnostic reverse replay retains a symbol not present in the official checkpoint.
2016-02-29,UNEXPECTED_IN_REPLAY,sesagoa,2013-04-18,4942c0f021abcd6ed9702c343c2696ec44cfa8022c7e37448f8a78c075c4a16d,UNRESOLVED_MANUAL_REVIEW,Diagnostic reverse replay retains a symbol not present in the official checkpoint.
2016-02-29,UNEXPECTED_IN_REPLAY,shriramcit,2013-04-18,4942c0f021abcd6ed9702c343c2696ec44cfa8022c7e37448f8a78c075c4a16d,UNRESOLVED_MANUAL_REVIEW,Diagnostic reverse replay retains a symbol not present in the official checkpoint.
2016-02-29,UNEXPECTED_IN_REPLAY,uniphos,2013-04-18,4942c0f021abcd6ed9702c343c2696ec44cfa8022c7e37448f8a78c075c4a16d,UNRESOLVED_MANUAL_REVIEW,Diagnostic reverse replay retains a symbol not present in the official checkpoint.
2016-02-29,UNEXPECTED_IN_REPLAY,videoind,2013-04-18,4942c0f021abcd6ed9702c343c2696ec44cfa8022c7e37448f8a78c075c4a16d,UNRESOLVED_MANUAL_REVIEW,Diagnostic reverse replay retains a symbol not present in the official checkpoint.
2016-02-29,UNEXPECTED_IN_REPLAY,welcorp,2013-04-18,4942c0f021abcd6ed9702c343c2696ec44cfa8022c7e37448f8a78c075c4a16d,UNRESOLVED_MANUAL_REVIEW,Diagnostic reverse replay retains a symbol not present in the official checkpoint.
2016-03-31,MISSING_FROM_REPLAY,aiaeng,2013-04-18,4942c0f021abcd6ed9702c343c2696ec44cfa8022c7e37448f8a78c075c4a16d,UNRESOLVED_MANUAL_REVIEW,No authoritative 2012 anchor or complete certified event chain; symbol is in the official checkpoint but absent from diagnostic replay.
2016-03-31,MISSING_FROM_REPLAY,cox&kings,2013-04-18,4942c0f021abcd6ed9702c343c2696ec44cfa8022c7e37448f8a78c075c4a16d,UNRESOLVED_MANUAL_REVIEW,No authoritative 2012 anchor or complete certified event chain; symbol is in the official checkpoint but absent from diagnostic replay.
2016-03-31,MISSING_FROM_REPLAY,gppl,2013-04-18,4942c0f021abcd6ed9702c343c2696ec44cfa8022c7e37448f8a78c075c4a16d,UNRESOLVED_MANUAL_REVIEW,No authoritative 2012 anchor or complete certified event chain; symbol is in the official checkpoint but absent from diagnostic replay.
2016-03-31,MISSING_FROM_REPLAY,ibulhsgfin,2013-04-18,4942c0f021abcd6ed9702c343c2696ec44cfa8022c7e37448f8a78c075c4a16d,UNRESOLVED_MANUAL_REVIEW,No authoritative 2012 anchor or complete certified event chain; symbol is in the official checkpoint but absent from diagnostic replay.
2016-03-31,MISSING_FROM_REPLAY,infratel,2013-04-18,4942c0f021abcd6ed9702c343c2696ec44cfa8022c7e37448f8a78c075c4a16d,UNRESOLVED_MANUAL_REVIEW,No authoritative 2012 anchor or complete certified event chain; symbol is in the official checkpoint but absent from diagnostic replay.
2016-03-31,MISSING_FROM_REPLAY,justdial,2013-04-18,4942c0f021abcd6ed9702c343c2696ec44cfa8022c7e37448f8a78c075c4a16d,UNRESOLVED_MANUAL_REVIEW,No authoritative 2012 anchor or complete certified event chain; symbol is in the official checkpoint but absent from diagnostic replay.
2016-03-31,MISSING_FROM_REPLAY,kpit,2013-04-18,4942c0f021abcd6ed9702c343c2696ec44cfa8022c7e37448f8a78c075c4a16d,UNRESOLVED_MANUAL_REVIEW,No authoritative 2012 anchor or complete certified event chain; symbol is in the official checkpoint but absent from diagnostic replay.
2016-03-31,MISSING_FROM_REPLAY,naukri,2013-04-18,4942c0f021abcd6ed9702c343c2696ec44cfa8022c7e37448f8a78c075c4a16d,UNRESOLVED_MANUAL_REVIEW,No authoritative 2012 anchor or complete certified event chain; symbol is in the official checkpoint but absent from diagnostic replay.
2016-03-31,MISSING_FROM_REPLAY,oberoirlty,2013-04-18,4942c0f021abcd6ed9702c343c2696ec44cfa8022c7e37448f8a78c075c4a16d,UNRESOLVED_MANUAL_REVIEW,No authoritative 2012 anchor or complete certified event chain; symbol is in the official checkpoint but absent from diagnostic replay.
2016-03-31,MISSING_FROM_REPLAY,pageind,2013-04-18,4942c0f021abcd6ed9702c343c2696ec44cfa8022c7e37448f8a78c075c4a16d,UNRESOLVED_MANUAL_REVIEW,No authoritative 2012 anchor or complete certified event chain; symbol is in the official checkpoint but absent from diagnostic replay.
2016-03-31,MISSING_FROM_REPLAY,persistent,2013-04-18,4942c0f021abcd6ed9702c343c2696ec44cfa8022c7e37448f8a78c075c4a16d,UNRESOLVED_MANUAL_REVIEW,No authoritative 2012 anchor or complete certified event chain; symbol is in the official checkpoint but absent from diagnostic replay.
2016-03-31,MISSING_FROM_REPLAY,rdel,2013-04-18,4942c0f021abcd6ed9702c343c2696ec44cfa8022c7e37448f8a78c075c4a16d,UNRESOLVED_MANUAL_REVIEW,No authoritative 2012 anchor or complete certified event chain; symbol is in the official checkpoint but absent from diagnostic replay.
2016-03-31,MISSING_FROM_REPLAY,torntpharm,2013-04-18,4942c0f021abcd6ed9702c343c2696ec44cfa8022c7e37448f8a78c075c4a16d,UNRESOLVED_MANUAL_REVIEW,No authoritative 2012 anchor or complete certified event chain; symbol is in the official checkpoint but absent from diagnostic replay.
2016-03-31,MISSING_FROM_REPLAY,upl,2013-04-18,4942c0f021abcd6ed9702c343c2696ec44cfa8022c7e37448f8a78c075c4a16d,UNRESOLVED_MANUAL_REVIEW,No authoritative 2012 anchor or complete certified event chain; symbol is in the official checkpoint but absent from diagnostic replay.
2016-03-31,MISSING_FROM_REPLAY,vedl,2013-04-18,4942c0f021abcd6ed9702c343c2696ec44cfa8022c7e37448f8a78c075c4a16d,UNRESOLVED_MANUAL_REVIEW,No authoritative 2012 anchor or complete certified event chain; symbol is in the official checkpoint but absent from diagnostic replay.
2016-03-31,MISSING_FROM_REPLAY,wipro,2013-04-18,4942c0f021abcd6ed9702c343c2696ec44cfa8022c7e37448f8a78c075c4a16d,UNRESOLVED_MANUAL_REVIEW,No authoritative 2012 anchor or complete certified event chain; symbol is in the official checkpoint but absent from diagnostic replay.
2016-03-31,UNEXPECTED_IN_REPLAY,centralbk,2013-04-18,4942c0f021abcd6ed9702c343c2696ec44cfa8022c7e37448f8a78c075c4a16d,UNRESOLVED_MANUAL_REVIEW,Diagnostic reverse replay retains a symbol not present in the official checkpoint.
2016-03-31,UNEXPECTED_IN_REPLAY,chamblfert,2013-04-18,4942c0f021abcd6ed9702c343c2696ec44cfa8022c7e37448f8a78c075c4a16d,UNRESOLVED_MANUAL_REVIEW,Diagnostic reverse replay retains a symbol not present in the official checkpoint.
2016-03-31,UNEXPECTED_IN_REPLAY,coreedutec,2013-04-18,4942c0f021abcd6ed9702c343c2696ec44cfa8022c7e37448f8a78c075c4a16d,UNRESOLVED_MANUAL_REVIEW,Diagnostic reverse replay retains a symbol not present in the official checkpoint.
2016-03-31,UNEXPECTED_IN_REPLAY,denabank,2013-04-18,4942c0f021abcd6ed9702c343c2696ec44cfa8022c7e37448f8a78c075c4a16d,UNRESOLVED_MANUAL_REVIEW,Diagnostic reverse replay retains a symbol not present in the official checkpoint.
2016-03-31,UNEXPECTED_IN_REPLAY,finantech,2013-04-18,4942c0f021abcd6ed9702c343c2696ec44cfa8022c7e37448f8a78c075c4a16d,UNRESOLVED_MANUAL_REVIEW,Diagnostic reverse replay retains a symbol not present in the official checkpoint.
2016-03-31,UNEXPECTED_IN_REPLAY,gitanjali,2013-04-18,4942c0f021abcd6ed9702c343c2696ec44cfa8022c7e37448f8a78c075c4a16d,UNRESOLVED_MANUAL_REVIEW,Diagnostic reverse replay retains a symbol not present in the official checkpoint.
2016-03-31,UNEXPECTED_IN_REPLAY,gmdcltd,2013-04-18,4942c0f021abcd6ed9702c343c2696ec44cfa8022c7e37448f8a78c075c4a16d,UNRESOLVED_MANUAL_REVIEW,Diagnostic reverse replay retains a symbol not present in the official checkpoint.
2016-03-31,UNEXPECTED_IN_REPLAY,gujfluoro,2013-04-18,4942c0f021abcd6ed9702c343c2696ec44cfa8022c7e37448f8a78c075c4a16d,UNRESOLVED_MANUAL_REVIEW,Diagnostic reverse replay retains a symbol not present in the official checkpoint.
2016-03-31,UNEXPECTED_IN_REPLAY,gujratgas,2013-04-18,4942c0f021abcd6ed9702c343c2696ec44cfa8022c7e37448f8a78c075c4a16d,UNRESOLVED_MANUAL_REVIEW,Diagnostic reverse replay retains a symbol not present in the official checkpoint.
2016-03-31,UNEXPECTED_IN_REPLAY,gvkpil,2013-04-18,4942c0f021abcd6ed9702c343c2696ec44cfa8022c7e37448f8a78c075c4a16d,UNRESOLVED_MANUAL_REVIEW,Diagnostic reverse replay retains a symbol not present in the official checkpoint.
2016-03-31,UNEXPECTED_IN_REPLAY,hathway,2013-04-18,4942c0f021abcd6ed9702c343c2696ec44cfa8022c7e37448f8a78c075c4a16d,UNRESOLVED_MANUAL_REVIEW,Diagnostic reverse replay retains a symbol not present in the official checkpoint.
2016-03-31,UNEXPECTED_IN_REPLAY,indiainfo,2013-04-18,4942c0f021abcd6ed9702c343c2696ec44cfa8022c7e37448f8a78c075c4a16d,UNRESOLVED_MANUAL_REVIEW,Diagnostic reverse replay retains a symbol not present in the official checkpoint.
2016-03-31,UNEXPECTED_IN_REPLAY,ivrclinfra,2013-04-18,4942c0f021abcd6ed9702c343c2696ec44cfa8022c7e37448f8a78c075c4a16d,UNRESOLVED_MANUAL_REVIEW,Diagnostic reverse replay retains a symbol not present in the official checkpoint.
2016-03-31,UNEXPECTED_IN_REPLAY,jindalsaw,2013-04-18,4942c0f021abcd6ed9702c343c2696ec44cfa8022c7e37448f8a78c075c4a16d,UNRESOLVED_MANUAL_REVIEW,Diagnostic reverse replay retains a symbol not present in the official checkpoint.
2016-03-31,UNEXPECTED_IN_REPLAY,litl,2013-04-18,4942c0f021abcd6ed9702c343c2696ec44cfa8022c7e37448f8a78c075c4a16d,UNRESOLVED_MANUAL_REVIEW,Diagnostic reverse replay retains a symbol not present in the official checkpoint.
2016-03-31,UNEXPECTED_IN_REPLAY,madrascem,2013-04-18,4942c0f021abcd6ed9702c343c2696ec44cfa8022c7e37448f8a78c075c4a16d,UNRESOLVED_MANUAL_REVIEW,Diagnostic reverse replay retains a symbol not present in the official checkpoint.
2016-03-31,UNEXPECTED_IN_REPLAY,optocircui,2013-04-18,4942c0f021abcd6ed9702c343c2696ec44cfa8022c7e37448f8a78c075c4a16d,UNRESOLVED_MANUAL_REVIEW,Diagnostic reverse replay retains a symbol not present in the official checkpoint.
2016-03-31,UNEXPECTED_IN_REPLAY,orissamine,2013-04-18,4942c0f021abcd6ed9702c343c2696ec44cfa8022c7e37448f8a78c075c4a16d,UNRESOLVED_MANUAL_REVIEW,Diagnostic reverse replay retains a symbol not present in the official checkpoint.
2016-03-31,UNEXPECTED_IN_REPLAY,pipavavdoc,2013-04-18,4942c0f021abcd6ed9702c343c2696ec44cfa8022c7e37448f8a78c075c4a16d,UNRESOLVED_MANUAL_REVIEW,Diagnostic reverse replay retains a symbol not present in the official checkpoint.
2016-03-31,UNEXPECTED_IN_REPLAY,punjlloyd,2013-04-18,4942c0f021abcd6ed9702c343c2696ec44cfa8022c7e37448f8a78c075c4a16d,UNRESOLVED_MANUAL_REVIEW,Diagnostic reverse replay retains a symbol not present in the official checkpoint.
2016-03-31,UNEXPECTED_IN_REPLAY,sesagoa,2013-04-18,4942c0f021abcd6ed9702c343c2696ec44cfa8022c7e37448f8a78c075c4a16d,UNRESOLVED_MANUAL_REVIEW,Diagnostic reverse replay retains a symbol not present in the official checkpoint.
2016-03-31,UNEXPECTED_IN_REPLAY,shriramcit,2013-04-18,4942c0f021abcd6ed9702c343c2696ec44cfa8022c7e37448f8a78c075c4a16d,UNRESOLVED_MANUAL_REVIEW,Diagnostic reverse replay retains a symbol not present in the official checkpoint.
2016-03-31,UNEXPECTED_IN_REPLAY,uniphos,2013-04-18,4942c0f021abcd6ed9702c343c2696ec44cfa8022c7e37448f8a78c075c4a16d,UNRESOLVED_MANUAL_REVIEW,Diagnostic reverse replay retains a symbol not present in the official checkpoint.
2016-03-31,UNEXPECTED_IN_REPLAY,videoind,2013-04-18,4942c0f021abcd6ed9702c343c2696ec44cfa8022c7e37448f8a78c075c4a16d,UNRESOLVED_MANUAL_REVIEW,Diagnostic reverse replay retains a symbol not present in the official checkpoint.
2016-03-31,UNEXPECTED_IN_REPLAY,welcorp,2013-04-18,4942c0f021abcd6ed9702c343c2696ec44cfa8022c7e37448f8a78c075c4a16d,UNRESOLVED_MANUAL_REVIEW,Diagnostic reverse replay retains a symbol not present in the official checkpoint.
2020-06-30,MISSING_FROM_REPLAY,ajantpharm,2013-04-18,4942c0f021abcd6ed9702c343c2696ec44cfa8022c7e37448f8a78c075c4a16d,UNRESOLVED_MANUAL_REVIEW,No authoritative 2012 anchor or complete certified event chain; symbol is in the official checkpoint but absent from diagnostic replay.
2020-06-30,MISSING_FROM_REPLAY,idfcfirstb,2013-04-18,4942c0f021abcd6ed9702c343c2696ec44cfa8022c7e37448f8a78c075c4a16d,UNRESOLVED_MANUAL_REVIEW,No authoritative 2012 anchor or complete certified event chain; symbol is in the official checkpoint but absent from diagnostic replay.
2020-06-30,MISSING_FROM_REPLAY,infratel,2013-04-18,4942c0f021abcd6ed9702c343c2696ec44cfa8022c7e37448f8a78c075c4a16d,UNRESOLVED_MANUAL_REVIEW,No authoritative 2012 anchor or complete certified event chain; symbol is in the official checkpoint but absent from diagnostic replay.
2020-06-30,MISSING_FROM_REPLAY,irctc,2013-04-18,4942c0f021abcd6ed9702c343c2696ec44cfa8022c7e37448f8a78c075c4a16d,UNRESOLVED_MANUAL_REVIEW,No authoritative 2012 anchor or complete certified event chain; symbol is in the official checkpoint but absent from diagnostic replay.
2020-06-30,MISSING_FROM_REPLAY,nam-india,2013-04-18,4942c0f021abcd6ed9702c343c2696ec44cfa8022c7e37448f8a78c075c4a16d,UNRESOLVED_MANUAL_REVIEW,No authoritative 2012 anchor or complete certified event chain; symbol is in the official checkpoint but absent from diagnostic replay.
2020-06-30,MISSING_FROM_REPLAY,naukri,2013-04-18,4942c0f021abcd6ed9702c343c2696ec44cfa8022c7e37448f8a78c075c4a16d,UNRESOLVED_MANUAL_REVIEW,No authoritative 2012 anchor or complete certified event chain; symbol is in the official checkpoint but absent from diagnostic replay.
2020-06-30,MISSING_FROM_REPLAY,oberoirlty,2013-04-18,4942c0f021abcd6ed9702c343c2696ec44cfa8022c7e37448f8a78c075c4a16d,UNRESOLVED_MANUAL_REVIEW,No authoritative 2012 anchor or complete certified event chain; symbol is in the official checkpoint but absent from diagnostic replay.
2020-06-30,MISSING_FROM_REPLAY,pageind,2013-04-18,4942c0f021abcd6ed9702c343c2696ec44cfa8022c7e37448f8a78c075c4a16d,UNRESOLVED_MANUAL_REVIEW,No authoritative 2012 anchor or complete certified event chain; symbol is in the official checkpoint but absent from diagnostic replay.
2020-06-30,MISSING_FROM_REPLAY,tataconsum,2013-04-18,4942c0f021abcd6ed9702c343c2696ec44cfa8022c7e37448f8a78c075c4a16d,UNRESOLVED_MANUAL_REVIEW,No authoritative 2012 anchor or complete certified event chain; symbol is in the official checkpoint but absent from diagnostic replay.
2020-06-30,MISSING_FROM_REPLAY,torntpharm,2013-04-18,4942c0f021abcd6ed9702c343c2696ec44cfa8022c7e37448f8a78c075c4a16d,UNRESOLVED_MANUAL_REVIEW,No authoritative 2012 anchor or complete certified event chain; symbol is in the official checkpoint but absent from diagnostic replay.
2020-06-30,MISSING_FROM_REPLAY,upl,2013-04-18,4942c0f021abcd6ed9702c343c2696ec44cfa8022c7e37448f8a78c075c4a16d,UNRESOLVED_MANUAL_REVIEW,No authoritative 2012 anchor or complete certified event chain; symbol is in the official checkpoint but absent from diagnostic replay.
2020-06-30,MISSING_FROM_REPLAY,vedl,2013-04-18,4942c0f021abcd6ed9702c343c2696ec44cfa8022c7e37448f8a78c075c4a16d,UNRESOLVED_MANUAL_REVIEW,No authoritative 2012 anchor or complete certified event chain; symbol is in the official checkpoint but absent from diagnostic replay.
2020-06-30,MISSING_FROM_REPLAY,vguard,2013-04-18,4942c0f021abcd6ed9702c343c2696ec44cfa8022c7e37448f8a78c075c4a16d,UNRESOLVED_MANUAL_REVIEW,No authoritative 2012 anchor or complete certified event chain; symbol is in the official checkpoint but absent from diagnostic replay.
2020-06-30,MISSING_FROM_REPLAY,wipro,2013-04-18,4942c0f021abcd6ed9702c343c2696ec44cfa8022c7e37448f8a78c075c4a16d,UNRESOLVED_MANUAL_REVIEW,No authoritative 2012 anchor or complete certified event chain; symbol is in the official checkpoint but absent from diagnostic replay.
2020-06-30,UNEXPECTED_IN_REPLAY,adanigreen,2013-04-18,4942c0f021abcd6ed9702c343c2696ec44cfa8022c7e37448f8a78c075c4a16d,UNRESOLVED_MANUAL_REVIEW,Diagnostic reverse replay retains a symbol not present in the official checkpoint.
2020-06-30,UNEXPECTED_IN_REPLAY,chamblfert,2013-04-18,4942c0f021abcd6ed9702c343c2696ec44cfa8022c7e37448f8a78c075c4a16d,UNRESOLVED_MANUAL_REVIEW,Diagnostic reverse replay retains a symbol not present in the official checkpoint.
2020-06-30,UNEXPECTED_IN_REPLAY,coreedutec,2013-04-18,4942c0f021abcd6ed9702c343c2696ec44cfa8022c7e37448f8a78c075c4a16d,UNRESOLVED_MANUAL_REVIEW,Diagnostic reverse replay retains a symbol not present in the official checkpoint.
2020-06-30,UNEXPECTED_IN_REPLAY,denabank,2013-04-18,4942c0f021abcd6ed9702c343c2696ec44cfa8022c7e37448f8a78c075c4a16d,UNRESOLVED_MANUAL_REVIEW,Diagnostic reverse replay retains a symbol not present in the official checkpoint.
2020-06-30,UNEXPECTED_IN_REPLAY,finantech,2013-04-18,4942c0f021abcd6ed9702c343c2696ec44cfa8022c7e37448f8a78c075c4a16d,UNRESOLVED_MANUAL_REVIEW,Diagnostic reverse replay retains a symbol not present in the official checkpoint.
2020-06-30,UNEXPECTED_IN_REPLAY,gitanjali,2013-04-18,4942c0f021abcd6ed9702c343c2696ec44cfa8022c7e37448f8a78c075c4a16d,UNRESOLVED_MANUAL_REVIEW,Diagnostic reverse replay retains a symbol not present in the official checkpoint.
2020-06-30,UNEXPECTED_IN_REPLAY,gmdcltd,2013-04-18,4942c0f021abcd6ed9702c343c2696ec44cfa8022c7e37448f8a78c075c4a16d,UNRESOLVED_MANUAL_REVIEW,Diagnostic reverse replay retains a symbol not present in the official checkpoint.
2020-06-30,UNEXPECTED_IN_REPLAY,gujratgas,2013-04-18,4942c0f021abcd6ed9702c343c2696ec44cfa8022c7e37448f8a78c075c4a16d,UNRESOLVED_MANUAL_REVIEW,Diagnostic reverse replay retains a symbol not present in the official checkpoint.
2020-06-30,UNEXPECTED_IN_REPLAY,gvkpil,2013-04-18,4942c0f021abcd6ed9702c343c2696ec44cfa8022c7e37448f8a78c075c4a16d,UNRESOLVED_MANUAL_REVIEW,Diagnostic reverse replay retains a symbol not present in the official checkpoint.
2020-06-30,UNEXPECTED_IN_REPLAY,hathway,2013-04-18,4942c0f021abcd6ed9702c343c2696ec44cfa8022c7e37448f8a78c075c4a16d,UNRESOLVED_MANUAL_REVIEW,Diagnostic reverse replay retains a symbol not present in the official checkpoint.
2020-06-30,UNEXPECTED_IN_REPLAY,idfcbank,2013-04-18,4942c0f021abcd6ed9702c343c2696ec44cfa8022c7e37448f8a78c075c4a16d,UNRESOLVED_MANUAL_REVIEW,Diagnostic reverse replay retains a symbol not present in the official checkpoint.
2020-06-30,UNEXPECTED_IN_REPLAY,indiainfo,2013-04-18,4942c0f021abcd6ed9702c343c2696ec44cfa8022c7e37448f8a78c075c4a16d,UNRESOLVED_MANUAL_REVIEW,Diagnostic reverse replay retains a symbol not present in the official checkpoint.
2020-06-30,UNEXPECTED_IN_REPLAY,ivrclinfra,2013-04-18,4942c0f021abcd6ed9702c343c2696ec44cfa8022c7e37448f8a78c075c4a16d,UNRESOLVED_MANUAL_REVIEW,Diagnostic reverse replay retains a symbol not present in the official checkpoint.
2020-06-30,UNEXPECTED_IN_REPLAY,jindalsaw,2013-04-18,4942c0f021abcd6ed9702c343c2696ec44cfa8022c7e37448f8a78c075c4a16d,UNRESOLVED_MANUAL_REVIEW,Diagnostic reverse replay retains a symbol not present in the official checkpoint.
2020-06-30,UNEXPECTED_IN_REPLAY,litl,2013-04-18,4942c0f021abcd6ed9702c343c2696ec44cfa8022c7e37448f8a78c075c4a16d,UNRESOLVED_MANUAL_REVIEW,Diagnostic reverse replay retains a symbol not present in the official checkpoint.
2020-06-30,UNEXPECTED_IN_REPLAY,madrascem,2013-04-18,4942c0f021abcd6ed9702c343c2696ec44cfa8022c7e37448f8a78c075c4a16d,UNRESOLVED_MANUAL_REVIEW,Diagnostic reverse replay retains a symbol not present in the official checkpoint.
2020-06-30,UNEXPECTED_IN_REPLAY,optocircui,2013-04-18,4942c0f021abcd6ed9702c343c2696ec44cfa8022c7e37448f8a78c075c4a16d,UNRESOLVED_MANUAL_REVIEW,Diagnostic reverse replay retains a symbol not present in the official checkpoint.
2020-06-30,UNEXPECTED_IN_REPLAY,orissamine,2013-04-18,4942c0f021abcd6ed9702c343c2696ec44cfa8022c7e37448f8a78c075c4a16d,UNRESOLVED_MANUAL_REVIEW,Diagnostic reverse replay retains a symbol not present in the official checkpoint.
2020-06-30,UNEXPECTED_IN_REPLAY,punjlloyd,2013-04-18,4942c0f021abcd6ed9702c343c2696ec44cfa8022c7e37448f8a78c075c4a16d,UNRESOLVED_MANUAL_REVIEW,Diagnostic reverse replay retains a symbol not present in the official checkpoint.
2020-06-30,UNEXPECTED_IN_REPLAY,rnam,2013-04-18,4942c0f021abcd6ed9702c343c2696ec44cfa8022c7e37448f8a78c075c4a16d,UNRESOLVED_MANUAL_REVIEW,Diagnostic reverse replay retains a symbol not present in the official checkpoint.
2020-06-30,UNEXPECTED_IN_REPLAY,sesagoa,2013-04-18,4942c0f021abcd6ed9702c343c2696ec44cfa8022c7e37448f8a78c075c4a16d,UNRESOLVED_MANUAL_REVIEW,Diagnostic reverse replay retains a symbol not present in the official checkpoint.
2020-06-30,UNEXPECTED_IN_REPLAY,shriramcit,2013-04-18,4942c0f021abcd6ed9702c343c2696ec44cfa8022c7e37448f8a78c075c4a16d,UNRESOLVED_MANUAL_REVIEW,Diagnostic reverse replay retains a symbol not present in the official checkpoint.
2020-06-30,UNEXPECTED_IN_REPLAY,sksmicro,2013-04-18,4942c0f021abcd6ed9702c343c2696ec44cfa8022c7e37448f8a78c075c4a16d,UNRESOLVED_MANUAL_REVIEW,Diagnostic reverse replay retains a symbol not present in the official checkpoint.
2020-06-30,UNEXPECTED_IN_REPLAY,tatachem,2013-04-18,4942c0f021abcd6ed9702c343c2696ec44cfa8022c7e37448f8a78c075c4a16d,UNRESOLVED_MANUAL_REVIEW,Diagnostic reverse replay retains a symbol not present in the official checkpoint.
2020-06-30,UNEXPECTED_IN_REPLAY,tataglobal,2013-04-18,4942c0f021abcd6ed9702c343c2696ec44cfa8022c7e37448f8a78c075c4a16d,UNRESOLVED_MANUAL_REVIEW,Diagnostic reverse replay retains a symbol not present in the official checkpoint.
2020-06-30,UNEXPECTED_IN_REPLAY,uniphos,2013-04-18,4942c0f021abcd6ed9702c343c2696ec44cfa8022c7e37448f8a78c075c4a16d,UNRESOLVED_MANUAL_REVIEW,Diagnostic reverse replay retains a symbol not present in the official checkpoint.
2020-06-30,UNEXPECTED_IN_REPLAY,welcorp,2013-04-18,4942c0f021abcd6ed9702c343c2696ec44cfa8022c7e37448f8a78c075c4a16d,UNRESOLVED_MANUAL_REVIEW,Diagnostic reverse replay retains a symbol not present in the official checkpoint.
2020-07-31,MISSING_FROM_REPLAY,ajantpharm,2013-04-18,4942c0f021abcd6ed9702c343c2696ec44cfa8022c7e37448f8a78c075c4a16d,UNRESOLVED_MANUAL_REVIEW,No authoritative 2012 anchor or complete certified event chain; symbol is in the official checkpoint but absent from diagnostic replay.
2020-07-31,MISSING_FROM_REPLAY,idfcfirstb,2013-04-18,4942c0f021abcd6ed9702c343c2696ec44cfa8022c7e37448f8a78c075c4a16d,UNRESOLVED_MANUAL_REVIEW,No authoritative 2012 anchor or complete certified event chain; symbol is in the official checkpoint but absent from diagnostic replay.
2020-07-31,MISSING_FROM_REPLAY,infratel,2013-04-18,4942c0f021abcd6ed9702c343c2696ec44cfa8022c7e37448f8a78c075c4a16d,UNRESOLVED_MANUAL_REVIEW,No authoritative 2012 anchor or complete certified event chain; symbol is in the official checkpoint but absent from diagnostic replay.
2020-07-31,MISSING_FROM_REPLAY,irctc,2013-04-18,4942c0f021abcd6ed9702c343c2696ec44cfa8022c7e37448f8a78c075c4a16d,UNRESOLVED_MANUAL_REVIEW,No authoritative 2012 anchor or complete certified event chain; symbol is in the official checkpoint but absent from diagnostic replay.
2020-07-31,MISSING_FROM_REPLAY,nam-india,2013-04-18,4942c0f021abcd6ed9702c343c2696ec44cfa8022c7e37448f8a78c075c4a16d,UNRESOLVED_MANUAL_REVIEW,No authoritative 2012 anchor or complete certified event chain; symbol is in the official checkpoint but absent from diagnostic replay.
2020-07-31,MISSING_FROM_REPLAY,naukri,2013-04-18,4942c0f021abcd6ed9702c343c2696ec44cfa8022c7e37448f8a78c075c4a16d,UNRESOLVED_MANUAL_REVIEW,No authoritative 2012 anchor or complete certified event chain; symbol is in the official checkpoint but absent from diagnostic replay.
2020-07-31,MISSING_FROM_REPLAY,oberoirlty,2013-04-18,4942c0f021abcd6ed9702c343c2696ec44cfa8022c7e37448f8a78c075c4a16d,UNRESOLVED_MANUAL_REVIEW,No authoritative 2012 anchor or complete certified event chain; symbol is in the official checkpoint but absent from diagnostic replay.
2020-07-31,MISSING_FROM_REPLAY,pageind,2013-04-18,4942c0f021abcd6ed9702c343c2696ec44cfa8022c7e37448f8a78c075c4a16d,UNRESOLVED_MANUAL_REVIEW,No authoritative 2012 anchor or complete certified event chain; symbol is in the official checkpoint but absent from diagnostic replay.
2020-07-31,MISSING_FROM_REPLAY,sbicard,2013-04-18,4942c0f021abcd6ed9702c343c2696ec44cfa8022c7e37448f8a78c075c4a16d,UNRESOLVED_MANUAL_REVIEW,No authoritative 2012 anchor or complete certified event chain; symbol is in the official checkpoint but absent from diagnostic replay.
2020-07-31,MISSING_FROM_REPLAY,tataconsum,2013-04-18,4942c0f021abcd6ed9702c343c2696ec44cfa8022c7e37448f8a78c075c4a16d,UNRESOLVED_MANUAL_REVIEW,No authoritative 2012 anchor or complete certified event chain; symbol is in the official checkpoint but absent from diagnostic replay.
2020-07-31,MISSING_FROM_REPLAY,torntpharm,2013-04-18,4942c0f021abcd6ed9702c343c2696ec44cfa8022c7e37448f8a78c075c4a16d,UNRESOLVED_MANUAL_REVIEW,No authoritative 2012 anchor or complete certified event chain; symbol is in the official checkpoint but absent from diagnostic replay.
2020-07-31,MISSING_FROM_REPLAY,upl,2013-04-18,4942c0f021abcd6ed9702c343c2696ec44cfa8022c7e37448f8a78c075c4a16d,UNRESOLVED_MANUAL_REVIEW,No authoritative 2012 anchor or complete certified event chain; symbol is in the official checkpoint but absent from diagnostic replay.
2020-07-31,MISSING_FROM_REPLAY,vguard,2013-04-18,4942c0f021abcd6ed9702c343c2696ec44cfa8022c7e37448f8a78c075c4a16d,UNRESOLVED_MANUAL_REVIEW,No authoritative 2012 anchor or complete certified event chain; symbol is in the official checkpoint but absent from diagnostic replay.
2020-07-31,MISSING_FROM_REPLAY,wipro,2013-04-18,4942c0f021abcd6ed9702c343c2696ec44cfa8022c7e37448f8a78c075c4a16d,UNRESOLVED_MANUAL_REVIEW,No authoritative 2012 anchor or complete certified event chain; symbol is in the official checkpoint but absent from diagnostic replay.
2020-07-31,UNEXPECTED_IN_REPLAY,adanigreen,2013-04-18,4942c0f021abcd6ed9702c343c2696ec44cfa8022c7e37448f8a78c075c4a16d,UNRESOLVED_MANUAL_REVIEW,Diagnostic reverse replay retains a symbol not present in the official checkpoint.
2020-07-31,UNEXPECTED_IN_REPLAY,chamblfert,2013-04-18,4942c0f021abcd6ed9702c343c2696ec44cfa8022c7e37448f8a78c075c4a16d,UNRESOLVED_MANUAL_REVIEW,Diagnostic reverse replay retains a symbol not present in the official checkpoint.
2020-07-31,UNEXPECTED_IN_REPLAY,coreedutec,2013-04-18,4942c0f021abcd6ed9702c343c2696ec44cfa8022c7e37448f8a78c075c4a16d,UNRESOLVED_MANUAL_REVIEW,Diagnostic reverse replay retains a symbol not present in the official checkpoint.
2020-07-31,UNEXPECTED_IN_REPLAY,denabank,2013-04-18,4942c0f021abcd6ed9702c343c2696ec44cfa8022c7e37448f8a78c075c4a16d,UNRESOLVED_MANUAL_REVIEW,Diagnostic reverse replay retains a symbol not present in the official checkpoint.
2020-07-31,UNEXPECTED_IN_REPLAY,finantech,2013-04-18,4942c0f021abcd6ed9702c343c2696ec44cfa8022c7e37448f8a78c075c4a16d,UNRESOLVED_MANUAL_REVIEW,Diagnostic reverse replay retains a symbol not present in the official checkpoint.
2020-07-31,UNEXPECTED_IN_REPLAY,gitanjali,2013-04-18,4942c0f021abcd6ed9702c343c2696ec44cfa8022c7e37448f8a78c075c4a16d,UNRESOLVED_MANUAL_REVIEW,Diagnostic reverse replay retains a symbol not present in the official checkpoint.
2020-07-31,UNEXPECTED_IN_REPLAY,gmdcltd,2013-04-18,4942c0f021abcd6ed9702c343c2696ec44cfa8022c7e37448f8a78c075c4a16d,UNRESOLVED_MANUAL_REVIEW,Diagnostic reverse replay retains a symbol not present in the official checkpoint.
2020-07-31,UNEXPECTED_IN_REPLAY,gujratgas,2013-04-18,4942c0f021abcd6ed9702c343c2696ec44cfa8022c7e37448f8a78c075c4a16d,UNRESOLVED_MANUAL_REVIEW,Diagnostic reverse replay retains a symbol not present in the official checkpoint.
2020-07-31,UNEXPECTED_IN_REPLAY,gvkpil,2013-04-18,4942c0f021abcd6ed9702c343c2696ec44cfa8022c7e37448f8a78c075c4a16d,UNRESOLVED_MANUAL_REVIEW,Diagnostic reverse replay retains a symbol not present in the official checkpoint.
2020-07-31,UNEXPECTED_IN_REPLAY,hathway,2013-04-18,4942c0f021abcd6ed9702c343c2696ec44cfa8022c7e37448f8a78c075c4a16d,UNRESOLVED_MANUAL_REVIEW,Diagnostic reverse replay retains a symbol not present in the official checkpoint.
2020-07-31,UNEXPECTED_IN_REPLAY,idfcbank,2013-04-18,4942c0f021abcd6ed9702c343c2696ec44cfa8022c7e37448f8a78c075c4a16d,UNRESOLVED_MANUAL_REVIEW,Diagnostic reverse replay retains a symbol not present in the official checkpoint.
2020-07-31,UNEXPECTED_IN_REPLAY,indiainfo,2013-04-18,4942c0f021abcd6ed9702c343c2696ec44cfa8022c7e37448f8a78c075c4a16d,UNRESOLVED_MANUAL_REVIEW,Diagnostic reverse replay retains a symbol not present in the official checkpoint.
2020-07-31,UNEXPECTED_IN_REPLAY,ivrclinfra,2013-04-18,4942c0f021abcd6ed9702c343c2696ec44cfa8022c7e37448f8a78c075c4a16d,UNRESOLVED_MANUAL_REVIEW,Diagnostic reverse replay retains a symbol not present in the official checkpoint.
2020-07-31,UNEXPECTED_IN_REPLAY,jindalsaw,2013-04-18,4942c0f021abcd6ed9702c343c2696ec44cfa8022c7e37448f8a78c075c4a16d,UNRESOLVED_MANUAL_REVIEW,Diagnostic reverse replay retains a symbol not present in the official checkpoint.
2020-07-31,UNEXPECTED_IN_REPLAY,litl,2013-04-18,4942c0f021abcd6ed9702c343c2696ec44cfa8022c7e37448f8a78c075c4a16d,UNRESOLVED_MANUAL_REVIEW,Diagnostic reverse replay retains a symbol not present in the official checkpoint.
2020-07-31,UNEXPECTED_IN_REPLAY,madrascem,2013-04-18,4942c0f021abcd6ed9702c343c2696ec44cfa8022c7e37448f8a78c075c4a16d,UNRESOLVED_MANUAL_REVIEW,Diagnostic reverse replay retains a symbol not present in the official checkpoint.
2020-07-31,UNEXPECTED_IN_REPLAY,optocircui,2013-04-18,4942c0f021abcd6ed9702c343c2696ec44cfa8022c7e37448f8a78c075c4a16d,UNRESOLVED_MANUAL_REVIEW,Diagnostic reverse replay retains a symbol not present in the official checkpoint.
2020-07-31,UNEXPECTED_IN_REPLAY,orissamine,2013-04-18,4942c0f021abcd6ed9702c343c2696ec44cfa8022c7e37448f8a78c075c4a16d,UNRESOLVED_MANUAL_REVIEW,Diagnostic reverse replay retains a symbol not present in the official checkpoint.
2020-07-31,UNEXPECTED_IN_REPLAY,punjlloyd,2013-04-18,4942c0f021abcd6ed9702c343c2696ec44cfa8022c7e37448f8a78c075c4a16d,UNRESOLVED_MANUAL_REVIEW,Diagnostic reverse replay retains a symbol not present in the official checkpoint.
2020-07-31,UNEXPECTED_IN_REPLAY,rnam,2013-04-18,4942c0f021abcd6ed9702c343c2696ec44cfa8022c7e37448f8a78c075c4a16d,UNRESOLVED_MANUAL_REVIEW,Diagnostic reverse replay retains a symbol not present in the official checkpoint.
2020-07-31,UNEXPECTED_IN_REPLAY,sesagoa,2013-04-18,4942c0f021abcd6ed9702c343c2696ec44cfa8022c7e37448f8a78c075c4a16d,UNRESOLVED_MANUAL_REVIEW,Diagnostic reverse replay retains a symbol not present in the official checkpoint.
2020-07-31,UNEXPECTED_IN_REPLAY,shriramcit,2013-04-18,4942c0f021abcd6ed9702c343c2696ec44cfa8022c7e37448f8a78c075c4a16d,UNRESOLVED_MANUAL_REVIEW,Diagnostic reverse replay retains a symbol not present in the official checkpoint.
2020-07-31,UNEXPECTED_IN_REPLAY,sksmicro,2013-04-18,4942c0f021abcd6ed9702c343c2696ec44cfa8022c7e37448f8a78c075c4a16d,UNRESOLVED_MANUAL_REVIEW,Diagnostic reverse replay retains a symbol not present in the official checkpoint.
2020-07-31,UNEXPECTED_IN_REPLAY,tatachem,2013-04-18,4942c0f021abcd6ed9702c343c2696ec44cfa8022c7e37448f8a78c075c4a16d,UNRESOLVED_MANUAL_REVIEW,Diagnostic reverse replay retains a symbol not present in the official checkpoint.
2020-07-31,UNEXPECTED_IN_REPLAY,tataglobal,2013-04-18,4942c0f021abcd6ed9702c343c2696ec44cfa8022c7e37448f8a78c075c4a16d,UNRESOLVED_MANUAL_REVIEW,Diagnostic reverse replay retains a symbol not present in the official checkpoint.
2020-07-31,UNEXPECTED_IN_REPLAY,uniphos,2013-04-18,4942c0f021abcd6ed9702c343c2696ec44cfa8022c7e37448f8a78c075c4a16d,UNRESOLVED_MANUAL_REVIEW,Diagnostic reverse replay retains a symbol not present in the official checkpoint.
2020-07-31,UNEXPECTED_IN_REPLAY,welcorp,2013-04-18,4942c0f021abcd6ed9702c343c2696ec44cfa8022c7e37448f8a78c075c4a16d,UNRESOLVED_MANUAL_REVIEW,Diagnostic reverse replay retains a symbol not present in the official checkpoint.
2020-08-31,MISSING_FROM_REPLAY,ajantpharm,2013-04-18,4942c0f021abcd6ed9702c343c2696ec44cfa8022c7e37448f8a78c075c4a16d,UNRESOLVED_MANUAL_REVIEW,No authoritative 2012 anchor or complete certified event chain; symbol is in the official checkpoint but absent from diagnostic replay.
2020-08-31,MISSING_FROM_REPLAY,coforge,2013-04-18,4942c0f021abcd6ed9702c343c2696ec44cfa8022c7e37448f8a78c075c4a16d,UNRESOLVED_MANUAL_REVIEW,No authoritative 2012 anchor or complete certified event chain; symbol is in the official checkpoint but absent from diagnostic replay.
2020-08-31,MISSING_FROM_REPLAY,idfcfirstb,2013-04-18,4942c0f021abcd6ed9702c343c2696ec44cfa8022c7e37448f8a78c075c4a16d,UNRESOLVED_MANUAL_REVIEW,No authoritative 2012 anchor or complete certified event chain; symbol is in the official checkpoint but absent from diagnostic replay.
2020-08-31,MISSING_FROM_REPLAY,infratel,2013-04-18,4942c0f021abcd6ed9702c343c2696ec44cfa8022c7e37448f8a78c075c4a16d,UNRESOLVED_MANUAL_REVIEW,No authoritative 2012 anchor or complete certified event chain; symbol is in the official checkpoint but absent from diagnostic replay.
2020-08-31,MISSING_FROM_REPLAY,irctc,2013-04-18,4942c0f021abcd6ed9702c343c2696ec44cfa8022c7e37448f8a78c075c4a16d,UNRESOLVED_MANUAL_REVIEW,No authoritative 2012 anchor or complete certified event chain; symbol is in the official checkpoint but absent from diagnostic replay.
2020-08-31,MISSING_FROM_REPLAY,nam-india,2013-04-18,4942c0f021abcd6ed9702c343c2696ec44cfa8022c7e37448f8a78c075c4a16d,UNRESOLVED_MANUAL_REVIEW,No authoritative 2012 anchor or complete certified event chain; symbol is in the official checkpoint but absent from diagnostic replay.
2020-08-31,MISSING_FROM_REPLAY,naukri,2013-04-18,4942c0f021abcd6ed9702c343c2696ec44cfa8022c7e37448f8a78c075c4a16d,UNRESOLVED_MANUAL_REVIEW,No authoritative 2012 anchor or complete certified event chain; symbol is in the official checkpoint but absent from diagnostic replay.
2020-08-31,MISSING_FROM_REPLAY,oberoirlty,2013-04-18,4942c0f021abcd6ed9702c343c2696ec44cfa8022c7e37448f8a78c075c4a16d,UNRESOLVED_MANUAL_REVIEW,No authoritative 2012 anchor or complete certified event chain; symbol is in the official checkpoint but absent from diagnostic replay.
2020-08-31,MISSING_FROM_REPLAY,pageind,2013-04-18,4942c0f021abcd6ed9702c343c2696ec44cfa8022c7e37448f8a78c075c4a16d,UNRESOLVED_MANUAL_REVIEW,No authoritative 2012 anchor or complete certified event chain; symbol is in the official checkpoint but absent from diagnostic replay.
2020-08-31,MISSING_FROM_REPLAY,tataconsum,2013-04-18,4942c0f021abcd6ed9702c343c2696ec44cfa8022c7e37448f8a78c075c4a16d,UNRESOLVED_MANUAL_REVIEW,No authoritative 2012 anchor or complete certified event chain; symbol is in the official checkpoint but absent from diagnostic replay.
2020-08-31,MISSING_FROM_REPLAY,torntpharm,2013-04-18,4942c0f021abcd6ed9702c343c2696ec44cfa8022c7e37448f8a78c075c4a16d,UNRESOLVED_MANUAL_REVIEW,No authoritative 2012 anchor or complete certified event chain; symbol is in the official checkpoint but absent from diagnostic replay.
2020-08-31,MISSING_FROM_REPLAY,upl,2013-04-18,4942c0f021abcd6ed9702c343c2696ec44cfa8022c7e37448f8a78c075c4a16d,UNRESOLVED_MANUAL_REVIEW,No authoritative 2012 anchor or complete certified event chain; symbol is in the official checkpoint but absent from diagnostic replay.
2020-08-31,MISSING_FROM_REPLAY,vguard,2013-04-18,4942c0f021abcd6ed9702c343c2696ec44cfa8022c7e37448f8a78c075c4a16d,UNRESOLVED_MANUAL_REVIEW,No authoritative 2012 anchor or complete certified event chain; symbol is in the official checkpoint but absent from diagnostic replay.
2020-08-31,MISSING_FROM_REPLAY,wipro,2013-04-18,4942c0f021abcd6ed9702c343c2696ec44cfa8022c7e37448f8a78c075c4a16d,UNRESOLVED_MANUAL_REVIEW,No authoritative 2012 anchor or complete certified event chain; symbol is in the official checkpoint but absent from diagnostic replay.
2020-08-31,UNEXPECTED_IN_REPLAY,adanigreen,2013-04-18,4942c0f021abcd6ed9702c343c2696ec44cfa8022c7e37448f8a78c075c4a16d,UNRESOLVED_MANUAL_REVIEW,Diagnostic reverse replay retains a symbol not present in the official checkpoint.
2020-08-31,UNEXPECTED_IN_REPLAY,chamblfert,2013-04-18,4942c0f021abcd6ed9702c343c2696ec44cfa8022c7e37448f8a78c075c4a16d,UNRESOLVED_MANUAL_REVIEW,Diagnostic reverse replay retains a symbol not present in the official checkpoint.
2020-08-31,UNEXPECTED_IN_REPLAY,coreedutec,2013-04-18,4942c0f021abcd6ed9702c343c2696ec44cfa8022c7e37448f8a78c075c4a16d,UNRESOLVED_MANUAL_REVIEW,Diagnostic reverse replay retains a symbol not present in the official checkpoint.
2020-08-31,UNEXPECTED_IN_REPLAY,denabank,2013-04-18,4942c0f021abcd6ed9702c343c2696ec44cfa8022c7e37448f8a78c075c4a16d,UNRESOLVED_MANUAL_REVIEW,Diagnostic reverse replay retains a symbol not present in the official checkpoint.
2020-08-31,UNEXPECTED_IN_REPLAY,finantech,2013-04-18,4942c0f021abcd6ed9702c343c2696ec44cfa8022c7e37448f8a78c075c4a16d,UNRESOLVED_MANUAL_REVIEW,Diagnostic reverse replay retains a symbol not present in the official checkpoint.
2020-08-31,UNEXPECTED_IN_REPLAY,gitanjali,2013-04-18,4942c0f021abcd6ed9702c343c2696ec44cfa8022c7e37448f8a78c075c4a16d,UNRESOLVED_MANUAL_REVIEW,Diagnostic reverse replay retains a symbol not present in the official checkpoint.
2020-08-31,UNEXPECTED_IN_REPLAY,gmdcltd,2013-04-18,4942c0f021abcd6ed9702c343c2696ec44cfa8022c7e37448f8a78c075c4a16d,UNRESOLVED_MANUAL_REVIEW,Diagnostic reverse replay retains a symbol not present in the official checkpoint.
2020-08-31,UNEXPECTED_IN_REPLAY,gujratgas,2013-04-18,4942c0f021abcd6ed9702c343c2696ec44cfa8022c7e37448f8a78c075c4a16d,UNRESOLVED_MANUAL_REVIEW,Diagnostic reverse replay retains a symbol not present in the official checkpoint.
2020-08-31,UNEXPECTED_IN_REPLAY,gvkpil,2013-04-18,4942c0f021abcd6ed9702c343c2696ec44cfa8022c7e37448f8a78c075c4a16d,UNRESOLVED_MANUAL_REVIEW,Diagnostic reverse replay retains a symbol not present in the official checkpoint.
2020-08-31,UNEXPECTED_IN_REPLAY,hathway,2013-04-18,4942c0f021abcd6ed9702c343c2696ec44cfa8022c7e37448f8a78c075c4a16d,UNRESOLVED_MANUAL_REVIEW,Diagnostic reverse replay retains a symbol not present in the official checkpoint.
2020-08-31,UNEXPECTED_IN_REPLAY,idfcbank,2013-04-18,4942c0f021abcd6ed9702c343c2696ec44cfa8022c7e37448f8a78c075c4a16d,UNRESOLVED_MANUAL_REVIEW,Diagnostic reverse replay retains a symbol not present in the official checkpoint.
2020-08-31,UNEXPECTED_IN_REPLAY,indiainfo,2013-04-18,4942c0f021abcd6ed9702c343c2696ec44cfa8022c7e37448f8a78c075c4a16d,UNRESOLVED_MANUAL_REVIEW,Diagnostic reverse replay retains a symbol not present in the official checkpoint.
2020-08-31,UNEXPECTED_IN_REPLAY,ivrclinfra,2013-04-18,4942c0f021abcd6ed9702c343c2696ec44cfa8022c7e37448f8a78c075c4a16d,UNRESOLVED_MANUAL_REVIEW,Diagnostic reverse replay retains a symbol not present in the official checkpoint.
2020-08-31,UNEXPECTED_IN_REPLAY,jindalsaw,2013-04-18,4942c0f021abcd6ed9702c343c2696ec44cfa8022c7e37448f8a78c075c4a16d,UNRESOLVED_MANUAL_REVIEW,Diagnostic reverse replay retains a symbol not present in the official checkpoint.
2020-08-31,UNEXPECTED_IN_REPLAY,litl,2013-04-18,4942c0f021abcd6ed9702c343c2696ec44cfa8022c7e37448f8a78c075c4a16d,UNRESOLVED_MANUAL_REVIEW,Diagnostic reverse replay retains a symbol not present in the official checkpoint.
2020-08-31,UNEXPECTED_IN_REPLAY,madrascem,2013-04-18,4942c0f021abcd6ed9702c343c2696ec44cfa8022c7e37448f8a78c075c4a16d,UNRESOLVED_MANUAL_REVIEW,Diagnostic reverse replay retains a symbol not present in the official checkpoint.
2020-08-31,UNEXPECTED_IN_REPLAY,niittech,2013-04-18,4942c0f021abcd6ed9702c343c2696ec44cfa8022c7e37448f8a78c075c4a16d,UNRESOLVED_MANUAL_REVIEW,Diagnostic reverse replay retains a symbol not present in the official checkpoint.
2020-08-31,UNEXPECTED_IN_REPLAY,optocircui,2013-04-18,4942c0f021abcd6ed9702c343c2696ec44cfa8022c7e37448f8a78c075c4a16d,UNRESOLVED_MANUAL_REVIEW,Diagnostic reverse replay retains a symbol not present in the official checkpoint.
2020-08-31,UNEXPECTED_IN_REPLAY,orissamine,2013-04-18,4942c0f021abcd6ed9702c343c2696ec44cfa8022c7e37448f8a78c075c4a16d,UNRESOLVED_MANUAL_REVIEW,Diagnostic reverse replay retains a symbol not present in the official checkpoint.
2020-08-31,UNEXPECTED_IN_REPLAY,punjlloyd,2013-04-18,4942c0f021abcd6ed9702c343c2696ec44cfa8022c7e37448f8a78c075c4a16d,UNRESOLVED_MANUAL_REVIEW,Diagnostic reverse replay retains a symbol not present in the official checkpoint.
2020-08-31,UNEXPECTED_IN_REPLAY,rnam,2013-04-18,4942c0f021abcd6ed9702c343c2696ec44cfa8022c7e37448f8a78c075c4a16d,UNRESOLVED_MANUAL_REVIEW,Diagnostic reverse replay retains a symbol not present in the official checkpoint.
2020-08-31,UNEXPECTED_IN_REPLAY,sesagoa,2013-04-18,4942c0f021abcd6ed9702c343c2696ec44cfa8022c7e37448f8a78c075c4a16d,UNRESOLVED_MANUAL_REVIEW,Diagnostic reverse replay retains a symbol not present in the official checkpoint.
2020-08-31,UNEXPECTED_IN_REPLAY,shriramcit,2013-04-18,4942c0f021abcd6ed9702c343c2696ec44cfa8022c7e37448f8a78c075c4a16d,UNRESOLVED_MANUAL_REVIEW,Diagnostic reverse replay retains a symbol not present in the official checkpoint.
2020-08-31,UNEXPECTED_IN_REPLAY,sksmicro,2013-04-18,4942c0f021abcd6ed9702c343c2696ec44cfa8022c7e37448f8a78c075c4a16d,UNRESOLVED_MANUAL_REVIEW,Diagnostic reverse replay retains a symbol not present in the official checkpoint.
2020-08-31,UNEXPECTED_IN_REPLAY,tatachem,2013-04-18,4942c0f021abcd6ed9702c343c2696ec44cfa8022c7e37448f8a78c075c4a16d,UNRESOLVED_MANUAL_REVIEW,Diagnostic reverse replay retains a symbol not present in the official checkpoint.
2020-08-31,UNEXPECTED_IN_REPLAY,tataglobal,2013-04-18,4942c0f021abcd6ed9702c343c2696ec44cfa8022c7e37448f8a78c075c4a16d,UNRESOLVED_MANUAL_REVIEW,Diagnostic reverse replay retains a symbol not present in the official checkpoint.
2020-08-31,UNEXPECTED_IN_REPLAY,uniphos,2013-04-18,4942c0f021abcd6ed9702c343c2696ec44cfa8022c7e37448f8a78c075c4a16d,UNRESOLVED_MANUAL_REVIEW,Diagnostic reverse replay retains a symbol not present in the official checkpoint.
2020-08-31,UNEXPECTED_IN_REPLAY,welcorp,2013-04-18,4942c0f021abcd6ed9702c343c2696ec44cfa8022c7e37448f8a78c075c4a16d,UNRESOLVED_MANUAL_REVIEW,Diagnostic reverse replay retains a symbol not present in the official checkpoint.
2020-09-30,MISSING_FROM_REPLAY,adanient,2013-04-18,4942c0f021abcd6ed9702c343c2696ec44cfa8022c7e37448f8a78c075c4a16d,UNRESOLVED_MANUAL_REVIEW,No authoritative 2012 anchor or complete certified event chain; symbol is in the official checkpoint but absent from diagnostic replay.
2020-09-30,MISSING_FROM_REPLAY,ajantpharm,2013-04-18,4942c0f021abcd6ed9702c343c2696ec44cfa8022c7e37448f8a78c075c4a16d,UNRESOLVED_MANUAL_REVIEW,No authoritative 2012 anchor or complete certified event chain; symbol is in the official checkpoint but absent from diagnostic replay.
2020-09-30,MISSING_FROM_REPLAY,aplltd,2013-04-18,4942c0f021abcd6ed9702c343c2696ec44cfa8022c7e37448f8a78c075c4a16d,UNRESOLVED_MANUAL_REVIEW,No authoritative 2012 anchor or complete certified event chain; symbol is in the official checkpoint but absent from diagnostic replay.
2020-09-30,MISSING_FROM_REPLAY,coforge,2013-04-18,4942c0f021abcd6ed9702c343c2696ec44cfa8022c7e37448f8a78c075c4a16d,UNRESOLVED_MANUAL_REVIEW,No authoritative 2012 anchor or complete certified event chain; symbol is in the official checkpoint but absent from diagnostic replay.
2020-09-30,MISSING_FROM_REPLAY,idfcfirstb,2013-04-18,4942c0f021abcd6ed9702c343c2696ec44cfa8022c7e37448f8a78c075c4a16d,UNRESOLVED_MANUAL_REVIEW,No authoritative 2012 anchor or complete certified event chain; symbol is in the official checkpoint but absent from diagnostic replay.
2020-09-30,MISSING_FROM_REPLAY,infratel,2013-04-18,4942c0f021abcd6ed9702c343c2696ec44cfa8022c7e37448f8a78c075c4a16d,UNRESOLVED_MANUAL_REVIEW,No authoritative 2012 anchor or complete certified event chain; symbol is in the official checkpoint but absent from diagnostic replay.
2020-09-30,MISSING_FROM_REPLAY,irctc,2013-04-18,4942c0f021abcd6ed9702c343c2696ec44cfa8022c7e37448f8a78c075c4a16d,UNRESOLVED_MANUAL_REVIEW,No authoritative 2012 anchor or complete certified event chain; symbol is in the official checkpoint but absent from diagnostic replay.
2020-09-30,MISSING_FROM_REPLAY,isec,2013-04-18,4942c0f021abcd6ed9702c343c2696ec44cfa8022c7e37448f8a78c075c4a16d,UNRESOLVED_MANUAL_REVIEW,No authoritative 2012 anchor or complete certified event chain; symbol is in the official checkpoint but absent from diagnostic replay.
2020-09-30,MISSING_FROM_REPLAY,nam-india,2013-04-18,4942c0f021abcd6ed9702c343c2696ec44cfa8022c7e37448f8a78c075c4a16d,UNRESOLVED_MANUAL_REVIEW,No authoritative 2012 anchor or complete certified event chain; symbol is in the official checkpoint but absent from diagnostic replay.
2020-09-30,MISSING_FROM_REPLAY,naukri,2013-04-18,4942c0f021abcd6ed9702c343c2696ec44cfa8022c7e37448f8a78c075c4a16d,UNRESOLVED_MANUAL_REVIEW,No authoritative 2012 anchor or complete certified event chain; symbol is in the official checkpoint but absent from diagnostic replay.
2020-09-30,MISSING_FROM_REPLAY,navinfluor,2013-04-18,4942c0f021abcd6ed9702c343c2696ec44cfa8022c7e37448f8a78c075c4a16d,UNRESOLVED_MANUAL_REVIEW,No authoritative 2012 anchor or complete certified event chain; symbol is in the official checkpoint but absent from diagnostic replay.
2020-09-30,MISSING_FROM_REPLAY,oberoirlty,2013-04-18,4942c0f021abcd6ed9702c343c2696ec44cfa8022c7e37448f8a78c075c4a16d,UNRESOLVED_MANUAL_REVIEW,No authoritative 2012 anchor or complete certified event chain; symbol is in the official checkpoint but absent from diagnostic replay.
2020-09-30,MISSING_FROM_REPLAY,pageind,2013-04-18,4942c0f021abcd6ed9702c343c2696ec44cfa8022c7e37448f8a78c075c4a16d,UNRESOLVED_MANUAL_REVIEW,No authoritative 2012 anchor or complete certified event chain; symbol is in the official checkpoint but absent from diagnostic replay.
2020-09-30,MISSING_FROM_REPLAY,sanofi,2013-04-18,4942c0f021abcd6ed9702c343c2696ec44cfa8022c7e37448f8a78c075c4a16d,UNRESOLVED_MANUAL_REVIEW,No authoritative 2012 anchor or complete certified event chain; symbol is in the official checkpoint but absent from diagnostic replay.
2020-09-30,MISSING_FROM_REPLAY,tataconsum,2013-04-18,4942c0f021abcd6ed9702c343c2696ec44cfa8022c7e37448f8a78c075c4a16d,UNRESOLVED_MANUAL_REVIEW,No authoritative 2012 anchor or complete certified event chain; symbol is in the official checkpoint but absent from diagnostic replay.
2020-09-30,MISSING_FROM_REPLAY,torntpharm,2013-04-18,4942c0f021abcd6ed9702c343c2696ec44cfa8022c7e37448f8a78c075c4a16d,UNRESOLVED_MANUAL_REVIEW,No authoritative 2012 anchor or complete certified event chain; symbol is in the official checkpoint but absent from diagnostic replay.
2020-09-30,MISSING_FROM_REPLAY,upl,2013-04-18,4942c0f021abcd6ed9702c343c2696ec44cfa8022c7e37448f8a78c075c4a16d,UNRESOLVED_MANUAL_REVIEW,No authoritative 2012 anchor or complete certified event chain; symbol is in the official checkpoint but absent from diagnostic replay.
2020-09-30,MISSING_FROM_REPLAY,vguard,2013-04-18,4942c0f021abcd6ed9702c343c2696ec44cfa8022c7e37448f8a78c075c4a16d,UNRESOLVED_MANUAL_REVIEW,No authoritative 2012 anchor or complete certified event chain; symbol is in the official checkpoint but absent from diagnostic replay.
2020-09-30,MISSING_FROM_REPLAY,wipro,2013-04-18,4942c0f021abcd6ed9702c343c2696ec44cfa8022c7e37448f8a78c075c4a16d,UNRESOLVED_MANUAL_REVIEW,No authoritative 2012 anchor or complete certified event chain; symbol is in the official checkpoint but absent from diagnostic replay.
2020-09-30,MISSING_FROM_REPLAY,yesbank,2013-04-18,4942c0f021abcd6ed9702c343c2696ec44cfa8022c7e37448f8a78c075c4a16d,UNRESOLVED_MANUAL_REVIEW,No authoritative 2012 anchor or complete certified event chain; symbol is in the official checkpoint but absent from diagnostic replay.
2020-09-30,UNEXPECTED_IN_REPLAY,adanipower,2013-04-18,4942c0f021abcd6ed9702c343c2696ec44cfa8022c7e37448f8a78c075c4a16d,UNRESOLVED_MANUAL_REVIEW,Diagnostic reverse replay retains a symbol not present in the official checkpoint.
2020-09-30,UNEXPECTED_IN_REPLAY,chamblfert,2013-04-18,4942c0f021abcd6ed9702c343c2696ec44cfa8022c7e37448f8a78c075c4a16d,UNRESOLVED_MANUAL_REVIEW,Diagnostic reverse replay retains a symbol not present in the official checkpoint.
2020-09-30,UNEXPECTED_IN_REPLAY,coreedutec,2013-04-18,4942c0f021abcd6ed9702c343c2696ec44cfa8022c7e37448f8a78c075c4a16d,UNRESOLVED_MANUAL_REVIEW,Diagnostic reverse replay retains a symbol not present in the official checkpoint.
2020-09-30,UNEXPECTED_IN_REPLAY,denabank,2013-04-18,4942c0f021abcd6ed9702c343c2696ec44cfa8022c7e37448f8a78c075c4a16d,UNRESOLVED_MANUAL_REVIEW,Diagnostic reverse replay retains a symbol not present in the official checkpoint.
2020-09-30,UNEXPECTED_IN_REPLAY,finantech,2013-04-18,4942c0f021abcd6ed9702c343c2696ec44cfa8022c7e37448f8a78c075c4a16d,UNRESOLVED_MANUAL_REVIEW,Diagnostic reverse replay retains a symbol not present in the official checkpoint.
2020-09-30,UNEXPECTED_IN_REPLAY,gitanjali,2013-04-18,4942c0f021abcd6ed9702c343c2696ec44cfa8022c7e37448f8a78c075c4a16d,UNRESOLVED_MANUAL_REVIEW,Diagnostic reverse replay retains a symbol not present in the official checkpoint.
2020-09-30,UNEXPECTED_IN_REPLAY,gmdcltd,2013-04-18,4942c0f021abcd6ed9702c343c2696ec44cfa8022c7e37448f8a78c075c4a16d,UNRESOLVED_MANUAL_REVIEW,Diagnostic reverse replay retains a symbol not present in the official checkpoint.
2020-09-30,UNEXPECTED_IN_REPLAY,gujratgas,2013-04-18,4942c0f021abcd6ed9702c343c2696ec44cfa8022c7e37448f8a78c075c4a16d,UNRESOLVED_MANUAL_REVIEW,Diagnostic reverse replay retains a symbol not present in the official checkpoint.
2020-09-30,UNEXPECTED_IN_REPLAY,gvkpil,2013-04-18,4942c0f021abcd6ed9702c343c2696ec44cfa8022c7e37448f8a78c075c4a16d,UNRESOLVED_MANUAL_REVIEW,Diagnostic reverse replay retains a symbol not present in the official checkpoint.
2020-09-30,UNEXPECTED_IN_REPLAY,hathway,2013-04-18,4942c0f021abcd6ed9702c343c2696ec44cfa8022c7e37448f8a78c075c4a16d,UNRESOLVED_MANUAL_REVIEW,Diagnostic reverse replay retains a symbol not present in the official checkpoint.
2020-09-30,UNEXPECTED_IN_REPLAY,hexaware,2013-04-18,4942c0f021abcd6ed9702c343c2696ec44cfa8022c7e37448f8a78c075c4a16d,UNRESOLVED_MANUAL_REVIEW,Diagnostic reverse replay retains a symbol not present in the official checkpoint.
2020-09-30,UNEXPECTED_IN_REPLAY,idbi,2013-04-18,4942c0f021abcd6ed9702c343c2696ec44cfa8022c7e37448f8a78c075c4a16d,UNRESOLVED_MANUAL_REVIEW,Diagnostic reverse replay retains a symbol not present in the official checkpoint.
2020-09-30,UNEXPECTED_IN_REPLAY,idfcbank,2013-04-18,4942c0f021abcd6ed9702c343c2696ec44cfa8022c7e37448f8a78c075c4a16d,UNRESOLVED_MANUAL_REVIEW,Diagnostic reverse replay retains a symbol not present in the official checkpoint.
2020-09-30,UNEXPECTED_IN_REPLAY,indiainfo,2013-04-18,4942c0f021abcd6ed9702c343c2696ec44cfa8022c7e37448f8a78c075c4a16d,UNRESOLVED_MANUAL_REVIEW,Diagnostic reverse replay retains a symbol not present in the official checkpoint.
2020-09-30,UNEXPECTED_IN_REPLAY,ivrclinfra,2013-04-18,4942c0f021abcd6ed9702c343c2696ec44cfa8022c7e37448f8a78c075c4a16d,UNRESOLVED_MANUAL_REVIEW,Diagnostic reverse replay retains a symbol not present in the official checkpoint.
2020-09-30,UNEXPECTED_IN_REPLAY,jindalsaw,2013-04-18,4942c0f021abcd6ed9702c343c2696ec44cfa8022c7e37448f8a78c075c4a16d,UNRESOLVED_MANUAL_REVIEW,Diagnostic reverse replay retains a symbol not present in the official checkpoint.
2020-09-30,UNEXPECTED_IN_REPLAY,jubilant,2013-04-18,4942c0f021abcd6ed9702c343c2696ec44cfa8022c7e37448f8a78c075c4a16d,UNRESOLVED_MANUAL_REVIEW,Diagnostic reverse replay retains a symbol not present in the official checkpoint.
2020-09-30,UNEXPECTED_IN_REPLAY,litl,2013-04-18,4942c0f021abcd6ed9702c343c2696ec44cfa8022c7e37448f8a78c075c4a16d,UNRESOLVED_MANUAL_REVIEW,Diagnostic reverse replay retains a symbol not present in the official checkpoint.
2020-09-30,UNEXPECTED_IN_REPLAY,madrascem,2013-04-18,4942c0f021abcd6ed9702c343c2696ec44cfa8022c7e37448f8a78c075c4a16d,UNRESOLVED_MANUAL_REVIEW,Diagnostic reverse replay retains a symbol not present in the official checkpoint.
2020-09-30,UNEXPECTED_IN_REPLAY,mrpl,2013-04-18,4942c0f021abcd6ed9702c343c2696ec44cfa8022c7e37448f8a78c075c4a16d,UNRESOLVED_MANUAL_REVIEW,Diagnostic reverse replay retains a symbol not present in the official checkpoint.
2020-09-30,UNEXPECTED_IN_REPLAY,nhpc,2013-04-18,4942c0f021abcd6ed9702c343c2696ec44cfa8022c7e37448f8a78c075c4a16d,UNRESOLVED_MANUAL_REVIEW,Diagnostic reverse replay retains a symbol not present in the official checkpoint.
2020-09-30,UNEXPECTED_IN_REPLAY,niittech,2013-04-18,4942c0f021abcd6ed9702c343c2696ec44cfa8022c7e37448f8a78c075c4a16d,UNRESOLVED_MANUAL_REVIEW,Diagnostic reverse replay retains a symbol not present in the official checkpoint.
2020-09-30,UNEXPECTED_IN_REPLAY,optocircui,2013-04-18,4942c0f021abcd6ed9702c343c2696ec44cfa8022c7e37448f8a78c075c4a16d,UNRESOLVED_MANUAL_REVIEW,Diagnostic reverse replay retains a symbol not present in the official checkpoint.
2020-09-30,UNEXPECTED_IN_REPLAY,orissamine,2013-04-18,4942c0f021abcd6ed9702c343c2696ec44cfa8022c7e37448f8a78c075c4a16d,UNRESOLVED_MANUAL_REVIEW,Diagnostic reverse replay retains a symbol not present in the official checkpoint.
2020-09-30,UNEXPECTED_IN_REPLAY,pnbhousing,2013-04-18,4942c0f021abcd6ed9702c343c2696ec44cfa8022c7e37448f8a78c075c4a16d,UNRESOLVED_MANUAL_REVIEW,Diagnostic reverse replay retains a symbol not present in the official checkpoint.
2020-09-30,UNEXPECTED_IN_REPLAY,punjlloyd,2013-04-18,4942c0f021abcd6ed9702c343c2696ec44cfa8022c7e37448f8a78c075c4a16d,UNRESOLVED_MANUAL_REVIEW,Diagnostic reverse replay retains a symbol not present in the official checkpoint.
2020-09-30,UNEXPECTED_IN_REPLAY,quess,2013-04-18,4942c0f021abcd6ed9702c343c2696ec44cfa8022c7e37448f8a78c075c4a16d,UNRESOLVED_MANUAL_REVIEW,Diagnostic reverse replay retains a symbol not present in the official checkpoint.
2020-09-30,UNEXPECTED_IN_REPLAY,rnam,2013-04-18,4942c0f021abcd6ed9702c343c2696ec44cfa8022c7e37448f8a78c075c4a16d,UNRESOLVED_MANUAL_REVIEW,Diagnostic reverse replay retains a symbol not present in the official checkpoint.
2020-09-30,UNEXPECTED_IN_REPLAY,sesagoa,2013-04-18,4942c0f021abcd6ed9702c343c2696ec44cfa8022c7e37448f8a78c075c4a16d,UNRESOLVED_MANUAL_REVIEW,Diagnostic reverse replay retains a symbol not present in the official checkpoint.
2020-09-30,UNEXPECTED_IN_REPLAY,shriramcit,2013-04-18,4942c0f021abcd6ed9702c343c2696ec44cfa8022c7e37448f8a78c075c4a16d,UNRESOLVED_MANUAL_REVIEW,Diagnostic reverse replay retains a symbol not present in the official checkpoint.
2020-09-30,UNEXPECTED_IN_REPLAY,sksmicro,2013-04-18,4942c0f021abcd6ed9702c343c2696ec44cfa8022c7e37448f8a78c075c4a16d,UNRESOLVED_MANUAL_REVIEW,Diagnostic reverse replay retains a symbol not present in the official checkpoint.
2020-09-30,UNEXPECTED_IN_REPLAY,tataglobal,2013-04-18,4942c0f021abcd6ed9702c343c2696ec44cfa8022c7e37448f8a78c075c4a16d,UNRESOLVED_MANUAL_REVIEW,Diagnostic reverse replay retains a symbol not present in the official checkpoint.
2020-09-30,UNEXPECTED_IN_REPLAY,uniphos,2013-04-18,4942c0f021abcd6ed9702c343c2696ec44cfa8022c7e37448f8a78c075c4a16d,UNRESOLVED_MANUAL_REVIEW,Diagnostic reverse replay retains a symbol not present in the official checkpoint.
2020-09-30,UNEXPECTED_IN_REPLAY,welcorp,2013-04-18,4942c0f021abcd6ed9702c343c2696ec44cfa8022c7e37448f8a78c075c4a16d,UNRESOLVED_MANUAL_REVIEW,Diagnostic reverse replay retains a symbol not present in the official checkpoint.
2020-10-30,MISSING_FROM_REPLAY,adanient,2013-04-18,4942c0f021abcd6ed9702c343c2696ec44cfa8022c7e37448f8a78c075c4a16d,UNRESOLVED_MANUAL_REVIEW,No authoritative 2012 anchor or complete certified event chain; symbol is in the official checkpoint but absent from diagnostic replay.
2020-10-30,MISSING_FROM_REPLAY,ajantpharm,2013-04-18,4942c0f021abcd6ed9702c343c2696ec44cfa8022c7e37448f8a78c075c4a16d,UNRESOLVED_MANUAL_REVIEW,No authoritative 2012 anchor or complete certified event chain; symbol is in the official checkpoint but absent from diagnostic replay.
2020-10-30,MISSING_FROM_REPLAY,aplltd,2013-04-18,4942c0f021abcd6ed9702c343c2696ec44cfa8022c7e37448f8a78c075c4a16d,UNRESOLVED_MANUAL_REVIEW,No authoritative 2012 anchor or complete certified event chain; symbol is in the official checkpoint but absent from diagnostic replay.
2020-10-30,MISSING_FROM_REPLAY,coforge,2013-04-18,4942c0f021abcd6ed9702c343c2696ec44cfa8022c7e37448f8a78c075c4a16d,UNRESOLVED_MANUAL_REVIEW,No authoritative 2012 anchor or complete certified event chain; symbol is in the official checkpoint but absent from diagnostic replay.
2020-10-30,MISSING_FROM_REPLAY,dhani,2013-04-18,4942c0f021abcd6ed9702c343c2696ec44cfa8022c7e37448f8a78c075c4a16d,UNRESOLVED_MANUAL_REVIEW,No authoritative 2012 anchor or complete certified event chain; symbol is in the official checkpoint but absent from diagnostic replay.
2020-10-30,MISSING_FROM_REPLAY,idfcfirstb,2013-04-18,4942c0f021abcd6ed9702c343c2696ec44cfa8022c7e37448f8a78c075c4a16d,UNRESOLVED_MANUAL_REVIEW,No authoritative 2012 anchor or complete certified event chain; symbol is in the official checkpoint but absent from diagnostic replay.
2020-10-30,MISSING_FROM_REPLAY,infratel,2013-04-18,4942c0f021abcd6ed9702c343c2696ec44cfa8022c7e37448f8a78c075c4a16d,UNRESOLVED_MANUAL_REVIEW,No authoritative 2012 anchor or complete certified event chain; symbol is in the official checkpoint but absent from diagnostic replay.
2020-10-30,MISSING_FROM_REPLAY,irctc,2013-04-18,4942c0f021abcd6ed9702c343c2696ec44cfa8022c7e37448f8a78c075c4a16d,UNRESOLVED_MANUAL_REVIEW,No authoritative 2012 anchor or complete certified event chain; symbol is in the official checkpoint but absent from diagnostic replay.
2020-10-30,MISSING_FROM_REPLAY,isec,2013-04-18,4942c0f021abcd6ed9702c343c2696ec44cfa8022c7e37448f8a78c075c4a16d,UNRESOLVED_MANUAL_REVIEW,No authoritative 2012 anchor or complete certified event chain; symbol is in the official checkpoint but absent from diagnostic replay.
2020-10-30,MISSING_FROM_REPLAY,nam-india,2013-04-18,4942c0f021abcd6ed9702c343c2696ec44cfa8022c7e37448f8a78c075c4a16d,UNRESOLVED_MANUAL_REVIEW,No authoritative 2012 anchor or complete certified event chain; symbol is in the official checkpoint but absent from diagnostic replay.
2020-10-30,MISSING_FROM_REPLAY,naukri,2013-04-18,4942c0f021abcd6ed9702c343c2696ec44cfa8022c7e37448f8a78c075c4a16d,UNRESOLVED_MANUAL_REVIEW,No authoritative 2012 anchor or complete certified event chain; symbol is in the official checkpoint but absent from diagnostic replay.
2020-10-30,MISSING_FROM_REPLAY,navinfluor,2013-04-18,4942c0f021abcd6ed9702c343c2696ec44cfa8022c7e37448f8a78c075c4a16d,UNRESOLVED_MANUAL_REVIEW,No authoritative 2012 anchor or complete certified event chain; symbol is in the official checkpoint but absent from diagnostic replay.
2020-10-30,MISSING_FROM_REPLAY,oberoirlty,2013-04-18,4942c0f021abcd6ed9702c343c2696ec44cfa8022c7e37448f8a78c075c4a16d,UNRESOLVED_MANUAL_REVIEW,No authoritative 2012 anchor or complete certified event chain; symbol is in the official checkpoint but absent from diagnostic replay.
2020-10-30,MISSING_FROM_REPLAY,pageind,2013-04-18,4942c0f021abcd6ed9702c343c2696ec44cfa8022c7e37448f8a78c075c4a16d,UNRESOLVED_MANUAL_REVIEW,No authoritative 2012 anchor or complete certified event chain; symbol is in the official checkpoint but absent from diagnostic replay.
2020-10-30,MISSING_FROM_REPLAY,sanofi,2013-04-18,4942c0f021abcd6ed9702c343c2696ec44cfa8022c7e37448f8a78c075c4a16d,UNRESOLVED_MANUAL_REVIEW,No authoritative 2012 anchor or complete certified event chain; symbol is in the official checkpoint but absent from diagnostic replay.
2020-10-30,MISSING_FROM_REPLAY,tataconsum,2013-04-18,4942c0f021abcd6ed9702c343c2696ec44cfa8022c7e37448f8a78c075c4a16d,UNRESOLVED_MANUAL_REVIEW,No authoritative 2012 anchor or complete certified event chain; symbol is in the official checkpoint but absent from diagnostic replay.
2020-10-30,MISSING_FROM_REPLAY,torntpharm,2013-04-18,4942c0f021abcd6ed9702c343c2696ec44cfa8022c7e37448f8a78c075c4a16d,UNRESOLVED_MANUAL_REVIEW,No authoritative 2012 anchor or complete certified event chain; symbol is in the official checkpoint but absent from diagnostic replay.
2020-10-30,MISSING_FROM_REPLAY,upl,2013-04-18,4942c0f021abcd6ed9702c343c2696ec44cfa8022c7e37448f8a78c075c4a16d,UNRESOLVED_MANUAL_REVIEW,No authoritative 2012 anchor or complete certified event chain; symbol is in the official checkpoint but absent from diagnostic replay.
2020-10-30,MISSING_FROM_REPLAY,vguard,2013-04-18,4942c0f021abcd6ed9702c343c2696ec44cfa8022c7e37448f8a78c075c4a16d,UNRESOLVED_MANUAL_REVIEW,No authoritative 2012 anchor or complete certified event chain; symbol is in the official checkpoint but absent from diagnostic replay.
2020-10-30,MISSING_FROM_REPLAY,wipro,2013-04-18,4942c0f021abcd6ed9702c343c2696ec44cfa8022c7e37448f8a78c075c4a16d,UNRESOLVED_MANUAL_REVIEW,No authoritative 2012 anchor or complete certified event chain; symbol is in the official checkpoint but absent from diagnostic replay.
2020-10-30,MISSING_FROM_REPLAY,yesbank,2013-04-18,4942c0f021abcd6ed9702c343c2696ec44cfa8022c7e37448f8a78c075c4a16d,UNRESOLVED_MANUAL_REVIEW,No authoritative 2012 anchor or complete certified event chain; symbol is in the official checkpoint but absent from diagnostic replay.
2020-10-30,UNEXPECTED_IN_REPLAY,adanipower,2013-04-18,4942c0f021abcd6ed9702c343c2696ec44cfa8022c7e37448f8a78c075c4a16d,UNRESOLVED_MANUAL_REVIEW,Diagnostic reverse replay retains a symbol not present in the official checkpoint.
2020-10-30,UNEXPECTED_IN_REPLAY,chamblfert,2013-04-18,4942c0f021abcd6ed9702c343c2696ec44cfa8022c7e37448f8a78c075c4a16d,UNRESOLVED_MANUAL_REVIEW,Diagnostic reverse replay retains a symbol not present in the official checkpoint.
2020-10-30,UNEXPECTED_IN_REPLAY,coreedutec,2013-04-18,4942c0f021abcd6ed9702c343c2696ec44cfa8022c7e37448f8a78c075c4a16d,UNRESOLVED_MANUAL_REVIEW,Diagnostic reverse replay retains a symbol not present in the official checkpoint.
2020-10-30,UNEXPECTED_IN_REPLAY,denabank,2013-04-18,4942c0f021abcd6ed9702c343c2696ec44cfa8022c7e37448f8a78c075c4a16d,UNRESOLVED_MANUAL_REVIEW,Diagnostic reverse replay retains a symbol not present in the official checkpoint.
2020-10-30,UNEXPECTED_IN_REPLAY,finantech,2013-04-18,4942c0f021abcd6ed9702c343c2696ec44cfa8022c7e37448f8a78c075c4a16d,UNRESOLVED_MANUAL_REVIEW,Diagnostic reverse replay retains a symbol not present in the official checkpoint.
2020-10-30,UNEXPECTED_IN_REPLAY,gitanjali,2013-04-18,4942c0f021abcd6ed9702c343c2696ec44cfa8022c7e37448f8a78c075c4a16d,UNRESOLVED_MANUAL_REVIEW,Diagnostic reverse replay retains a symbol not present in the official checkpoint.
2020-10-30,UNEXPECTED_IN_REPLAY,gmdcltd,2013-04-18,4942c0f021abcd6ed9702c343c2696ec44cfa8022c7e37448f8a78c075c4a16d,UNRESOLVED_MANUAL_REVIEW,Diagnostic reverse replay retains a symbol not present in the official checkpoint.
2020-10-30,UNEXPECTED_IN_REPLAY,gujratgas,2013-04-18,4942c0f021abcd6ed9702c343c2696ec44cfa8022c7e37448f8a78c075c4a16d,UNRESOLVED_MANUAL_REVIEW,Diagnostic reverse replay retains a symbol not present in the official checkpoint.
2020-10-30,UNEXPECTED_IN_REPLAY,gvkpil,2013-04-18,4942c0f021abcd6ed9702c343c2696ec44cfa8022c7e37448f8a78c075c4a16d,UNRESOLVED_MANUAL_REVIEW,Diagnostic reverse replay retains a symbol not present in the official checkpoint.
2020-10-30,UNEXPECTED_IN_REPLAY,hathway,2013-04-18,4942c0f021abcd6ed9702c343c2696ec44cfa8022c7e37448f8a78c075c4a16d,UNRESOLVED_MANUAL_REVIEW,Diagnostic reverse replay retains a symbol not present in the official checkpoint.
2020-10-30,UNEXPECTED_IN_REPLAY,hexaware,2013-04-18,4942c0f021abcd6ed9702c343c2696ec44cfa8022c7e37448f8a78c075c4a16d,UNRESOLVED_MANUAL_REVIEW,Diagnostic reverse replay retains a symbol not present in the official checkpoint.
2020-10-30,UNEXPECTED_IN_REPLAY,ibventures,2013-04-18,4942c0f021abcd6ed9702c343c2696ec44cfa8022c7e37448f8a78c075c4a16d,UNRESOLVED_MANUAL_REVIEW,Diagnostic reverse replay retains a symbol not present in the official checkpoint.
2020-10-30,UNEXPECTED_IN_REPLAY,idbi,2013-04-18,4942c0f021abcd6ed9702c343c2696ec44cfa8022c7e37448f8a78c075c4a16d,UNRESOLVED_MANUAL_REVIEW,Diagnostic reverse replay retains a symbol not present in the official checkpoint.
2020-10-30,UNEXPECTED_IN_REPLAY,idfcbank,2013-04-18,4942c0f021abcd6ed9702c343c2696ec44cfa8022c7e37448f8a78c075c4a16d,UNRESOLVED_MANUAL_REVIEW,Diagnostic reverse replay retains a symbol not present in the official checkpoint.
2020-10-30,UNEXPECTED_IN_REPLAY,indiainfo,2013-04-18,4942c0f021abcd6ed9702c343c2696ec44cfa8022c7e37448f8a78c075c4a16d,UNRESOLVED_MANUAL_REVIEW,Diagnostic reverse replay retains a symbol not present in the official checkpoint.
2020-10-30,UNEXPECTED_IN_REPLAY,ivrclinfra,2013-04-18,4942c0f021abcd6ed9702c343c2696ec44cfa8022c7e37448f8a78c075c4a16d,UNRESOLVED_MANUAL_REVIEW,Diagnostic reverse replay retains a symbol not present in the official checkpoint.
2020-10-30,UNEXPECTED_IN_REPLAY,jindalsaw,2013-04-18,4942c0f021abcd6ed9702c343c2696ec44cfa8022c7e37448f8a78c075c4a16d,UNRESOLVED_MANUAL_REVIEW,Diagnostic reverse replay retains a symbol not present in the official checkpoint.
2020-10-30,UNEXPECTED_IN_REPLAY,jubilant,2013-04-18,4942c0f021abcd6ed9702c343c2696ec44cfa8022c7e37448f8a78c075c4a16d,UNRESOLVED_MANUAL_REVIEW,Diagnostic reverse replay retains a symbol not present in the official checkpoint.
2020-10-30,UNEXPECTED_IN_REPLAY,litl,2013-04-18,4942c0f021abcd6ed9702c343c2696ec44cfa8022c7e37448f8a78c075c4a16d,UNRESOLVED_MANUAL_REVIEW,Diagnostic reverse replay retains a symbol not present in the official checkpoint.
2020-10-30,UNEXPECTED_IN_REPLAY,madrascem,2013-04-18,4942c0f021abcd6ed9702c343c2696ec44cfa8022c7e37448f8a78c075c4a16d,UNRESOLVED_MANUAL_REVIEW,Diagnostic reverse replay retains a symbol not present in the official checkpoint.
2020-10-30,UNEXPECTED_IN_REPLAY,mrpl,2013-04-18,4942c0f021abcd6ed9702c343c2696ec44cfa8022c7e37448f8a78c075c4a16d,UNRESOLVED_MANUAL_REVIEW,Diagnostic reverse replay retains a symbol not present in the official checkpoint.
2020-10-30,UNEXPECTED_IN_REPLAY,nhpc,2013-04-18,4942c0f021abcd6ed9702c343c2696ec44cfa8022c7e37448f8a78c075c4a16d,UNRESOLVED_MANUAL_REVIEW,Diagnostic reverse replay retains a symbol not present in the official checkpoint.
2020-10-30,UNEXPECTED_IN_REPLAY,niittech,2013-04-18,4942c0f021abcd6ed9702c343c2696ec44cfa8022c7e37448f8a78c075c4a16d,UNRESOLVED_MANUAL_REVIEW,Diagnostic reverse replay retains a symbol not present in the official checkpoint.
2020-10-30,UNEXPECTED_IN_REPLAY,optocircui,2013-04-18,4942c0f021abcd6ed9702c343c2696ec44cfa8022c7e37448f8a78c075c4a16d,UNRESOLVED_MANUAL_REVIEW,Diagnostic reverse replay retains a symbol not present in the official checkpoint.
2020-10-30,UNEXPECTED_IN_REPLAY,orissamine,2013-04-18,4942c0f021abcd6ed9702c343c2696ec44cfa8022c7e37448f8a78c075c4a16d,UNRESOLVED_MANUAL_REVIEW,Diagnostic reverse replay retains a symbol not present in the official checkpoint.
2020-10-30,UNEXPECTED_IN_REPLAY,pnbhousing,2013-04-18,4942c0f021abcd6ed9702c343c2696ec44cfa8022c7e37448f8a78c075c4a16d,UNRESOLVED_MANUAL_REVIEW,Diagnostic reverse replay retains a symbol not present in the official checkpoint.
2020-10-30,UNEXPECTED_IN_REPLAY,punjlloyd,2013-04-18,4942c0f021abcd6ed9702c343c2696ec44cfa8022c7e37448f8a78c075c4a16d,UNRESOLVED_MANUAL_REVIEW,Diagnostic reverse replay retains a symbol not present in the official checkpoint.
2020-10-30,UNEXPECTED_IN_REPLAY,quess,2013-04-18,4942c0f021abcd6ed9702c343c2696ec44cfa8022c7e37448f8a78c075c4a16d,UNRESOLVED_MANUAL_REVIEW,Diagnostic reverse replay retains a symbol not present in the official checkpoint.
2020-10-30,UNEXPECTED_IN_REPLAY,rnam,2013-04-18,4942c0f021abcd6ed9702c343c2696ec44cfa8022c7e37448f8a78c075c4a16d,UNRESOLVED_MANUAL_REVIEW,Diagnostic reverse replay retains a symbol not present in the official checkpoint.
2020-10-30,UNEXPECTED_IN_REPLAY,sesagoa,2013-04-18,4942c0f021abcd6ed9702c343c2696ec44cfa8022c7e37448f8a78c075c4a16d,UNRESOLVED_MANUAL_REVIEW,Diagnostic reverse replay retains a symbol not present in the official checkpoint.
2020-10-30,UNEXPECTED_IN_REPLAY,shriramcit,2013-04-18,4942c0f021abcd6ed9702c343c2696ec44cfa8022c7e37448f8a78c075c4a16d,UNRESOLVED_MANUAL_REVIEW,Diagnostic reverse replay retains a symbol not present in the official checkpoint.
2020-10-30,UNEXPECTED_IN_REPLAY,sksmicro,2013-04-18,4942c0f021abcd6ed9702c343c2696ec44cfa8022c7e37448f8a78c075c4a16d,UNRESOLVED_MANUAL_REVIEW,Diagnostic reverse replay retains a symbol not present in the official checkpoint.
2020-10-30,UNEXPECTED_IN_REPLAY,tataglobal,2013-04-18,4942c0f021abcd6ed9702c343c2696ec44cfa8022c7e37448f8a78c075c4a16d,UNRESOLVED_MANUAL_REVIEW,Diagnostic reverse replay retains a symbol not present in the official checkpoint.
2020-10-30,UNEXPECTED_IN_REPLAY,uniphos,2013-04-18,4942c0f021abcd6ed9702c343c2696ec44cfa8022c7e37448f8a78c075c4a16d,UNRESOLVED_MANUAL_REVIEW,Diagnostic reverse replay retains a symbol not present in the official checkpoint.
2020-10-30,UNEXPECTED_IN_REPLAY,welcorp,2013-04-18,4942c0f021abcd6ed9702c343c2696ec44cfa8022c7e37448f8a78c075c4a16d,UNRESOLVED_MANUAL_REVIEW,Diagnostic reverse replay retains a symbol not present in the official checkpoint.
2020-11-27,MISSING_FROM_REPLAY,adanient,2013-04-18,4942c0f021abcd6ed9702c343c2696ec44cfa8022c7e37448f8a78c075c4a16d,UNRESOLVED_MANUAL_REVIEW,No authoritative 2012 anchor or complete certified event chain; symbol is in the official checkpoint but absent from diagnostic replay.
2020-11-27,MISSING_FROM_REPLAY,ajantpharm,2013-04-18,4942c0f021abcd6ed9702c343c2696ec44cfa8022c7e37448f8a78c075c4a16d,UNRESOLVED_MANUAL_REVIEW,No authoritative 2012 anchor or complete certified event chain; symbol is in the official checkpoint but absent from diagnostic replay.
2020-11-27,MISSING_FROM_REPLAY,aplltd,2013-04-18,4942c0f021abcd6ed9702c343c2696ec44cfa8022c7e37448f8a78c075c4a16d,UNRESOLVED_MANUAL_REVIEW,No authoritative 2012 anchor or complete certified event chain; symbol is in the official checkpoint but absent from diagnostic replay.
2020-11-27,MISSING_FROM_REPLAY,coforge,2013-04-18,4942c0f021abcd6ed9702c343c2696ec44cfa8022c7e37448f8a78c075c4a16d,UNRESOLVED_MANUAL_REVIEW,No authoritative 2012 anchor or complete certified event chain; symbol is in the official checkpoint but absent from diagnostic replay.
2020-11-27,MISSING_FROM_REPLAY,dhani,2013-04-18,4942c0f021abcd6ed9702c343c2696ec44cfa8022c7e37448f8a78c075c4a16d,UNRESOLVED_MANUAL_REVIEW,No authoritative 2012 anchor or complete certified event chain; symbol is in the official checkpoint but absent from diagnostic replay.
2020-11-27,MISSING_FROM_REPLAY,idfcfirstb,2013-04-18,4942c0f021abcd6ed9702c343c2696ec44cfa8022c7e37448f8a78c075c4a16d,UNRESOLVED_MANUAL_REVIEW,No authoritative 2012 anchor or complete certified event chain; symbol is in the official checkpoint but absent from diagnostic replay.
2020-11-27,MISSING_FROM_REPLAY,infratel,2013-04-18,4942c0f021abcd6ed9702c343c2696ec44cfa8022c7e37448f8a78c075c4a16d,UNRESOLVED_MANUAL_REVIEW,No authoritative 2012 anchor or complete certified event chain; symbol is in the official checkpoint but absent from diagnostic replay.
2020-11-27,MISSING_FROM_REPLAY,irctc,2013-04-18,4942c0f021abcd6ed9702c343c2696ec44cfa8022c7e37448f8a78c075c4a16d,UNRESOLVED_MANUAL_REVIEW,No authoritative 2012 anchor or complete certified event chain; symbol is in the official checkpoint but absent from diagnostic replay.
2020-11-27,MISSING_FROM_REPLAY,isec,2013-04-18,4942c0f021abcd6ed9702c343c2696ec44cfa8022c7e37448f8a78c075c4a16d,UNRESOLVED_MANUAL_REVIEW,No authoritative 2012 anchor or complete certified event chain; symbol is in the official checkpoint but absent from diagnostic replay.
2020-11-27,MISSING_FROM_REPLAY,nam-india,2013-04-18,4942c0f021abcd6ed9702c343c2696ec44cfa8022c7e37448f8a78c075c4a16d,UNRESOLVED_MANUAL_REVIEW,No authoritative 2012 anchor or complete certified event chain; symbol is in the official checkpoint but absent from diagnostic replay.
2020-11-27,MISSING_FROM_REPLAY,naukri,2013-04-18,4942c0f021abcd6ed9702c343c2696ec44cfa8022c7e37448f8a78c075c4a16d,UNRESOLVED_MANUAL_REVIEW,No authoritative 2012 anchor or complete certified event chain; symbol is in the official checkpoint but absent from diagnostic replay.
2020-11-27,MISSING_FROM_REPLAY,navinfluor,2013-04-18,4942c0f021abcd6ed9702c343c2696ec44cfa8022c7e37448f8a78c075c4a16d,UNRESOLVED_MANUAL_REVIEW,No authoritative 2012 anchor or complete certified event chain; symbol is in the official checkpoint but absent from diagnostic replay.
2020-11-27,MISSING_FROM_REPLAY,oberoirlty,2013-04-18,4942c0f021abcd6ed9702c343c2696ec44cfa8022c7e37448f8a78c075c4a16d,UNRESOLVED_MANUAL_REVIEW,No authoritative 2012 anchor or complete certified event chain; symbol is in the official checkpoint but absent from diagnostic replay.
2020-11-27,MISSING_FROM_REPLAY,pageind,2013-04-18,4942c0f021abcd6ed9702c343c2696ec44cfa8022c7e37448f8a78c075c4a16d,UNRESOLVED_MANUAL_REVIEW,No authoritative 2012 anchor or complete certified event chain; symbol is in the official checkpoint but absent from diagnostic replay.
2020-11-27,MISSING_FROM_REPLAY,sanofi,2013-04-18,4942c0f021abcd6ed9702c343c2696ec44cfa8022c7e37448f8a78c075c4a16d,UNRESOLVED_MANUAL_REVIEW,No authoritative 2012 anchor or complete certified event chain; symbol is in the official checkpoint but absent from diagnostic replay.
2020-11-27,MISSING_FROM_REPLAY,tataconsum,2013-04-18,4942c0f021abcd6ed9702c343c2696ec44cfa8022c7e37448f8a78c075c4a16d,UNRESOLVED_MANUAL_REVIEW,No authoritative 2012 anchor or complete certified event chain; symbol is in the official checkpoint but absent from diagnostic replay.
2020-11-27,MISSING_FROM_REPLAY,torntpharm,2013-04-18,4942c0f021abcd6ed9702c343c2696ec44cfa8022c7e37448f8a78c075c4a16d,UNRESOLVED_MANUAL_REVIEW,No authoritative 2012 anchor or complete certified event chain; symbol is in the official checkpoint but absent from diagnostic replay.
2020-11-27,MISSING_FROM_REPLAY,upl,2013-04-18,4942c0f021abcd6ed9702c343c2696ec44cfa8022c7e37448f8a78c075c4a16d,UNRESOLVED_MANUAL_REVIEW,No authoritative 2012 anchor or complete certified event chain; symbol is in the official checkpoint but absent from diagnostic replay.
2020-11-27,MISSING_FROM_REPLAY,vguard,2013-04-18,4942c0f021abcd6ed9702c343c2696ec44cfa8022c7e37448f8a78c075c4a16d,UNRESOLVED_MANUAL_REVIEW,No authoritative 2012 anchor or complete certified event chain; symbol is in the official checkpoint but absent from diagnostic replay.
2020-11-27,MISSING_FROM_REPLAY,wipro,2013-04-18,4942c0f021abcd6ed9702c343c2696ec44cfa8022c7e37448f8a78c075c4a16d,UNRESOLVED_MANUAL_REVIEW,No authoritative 2012 anchor or complete certified event chain; symbol is in the official checkpoint but absent from diagnostic replay.
2020-11-27,MISSING_FROM_REPLAY,yesbank,2013-04-18,4942c0f021abcd6ed9702c343c2696ec44cfa8022c7e37448f8a78c075c4a16d,UNRESOLVED_MANUAL_REVIEW,No authoritative 2012 anchor or complete certified event chain; symbol is in the official checkpoint but absent from diagnostic replay.
2020-11-27,UNEXPECTED_IN_REPLAY,adanipower,2013-04-18,4942c0f021abcd6ed9702c343c2696ec44cfa8022c7e37448f8a78c075c4a16d,UNRESOLVED_MANUAL_REVIEW,Diagnostic reverse replay retains a symbol not present in the official checkpoint.
2020-11-27,UNEXPECTED_IN_REPLAY,chamblfert,2013-04-18,4942c0f021abcd6ed9702c343c2696ec44cfa8022c7e37448f8a78c075c4a16d,UNRESOLVED_MANUAL_REVIEW,Diagnostic reverse replay retains a symbol not present in the official checkpoint.
2020-11-27,UNEXPECTED_IN_REPLAY,coreedutec,2013-04-18,4942c0f021abcd6ed9702c343c2696ec44cfa8022c7e37448f8a78c075c4a16d,UNRESOLVED_MANUAL_REVIEW,Diagnostic reverse replay retains a symbol not present in the official checkpoint.
2020-11-27,UNEXPECTED_IN_REPLAY,denabank,2013-04-18,4942c0f021abcd6ed9702c343c2696ec44cfa8022c7e37448f8a78c075c4a16d,UNRESOLVED_MANUAL_REVIEW,Diagnostic reverse replay retains a symbol not present in the official checkpoint.
2020-11-27,UNEXPECTED_IN_REPLAY,finantech,2013-04-18,4942c0f021abcd6ed9702c343c2696ec44cfa8022c7e37448f8a78c075c4a16d,UNRESOLVED_MANUAL_REVIEW,Diagnostic reverse replay retains a symbol not present in the official checkpoint.
2020-11-27,UNEXPECTED_IN_REPLAY,gitanjali,2013-04-18,4942c0f021abcd6ed9702c343c2696ec44cfa8022c7e37448f8a78c075c4a16d,UNRESOLVED_MANUAL_REVIEW,Diagnostic reverse replay retains a symbol not present in the official checkpoint.
2020-11-27,UNEXPECTED_IN_REPLAY,gmdcltd,2013-04-18,4942c0f021abcd6ed9702c343c2696ec44cfa8022c7e37448f8a78c075c4a16d,UNRESOLVED_MANUAL_REVIEW,Diagnostic reverse replay retains a symbol not present in the official checkpoint.
2020-11-27,UNEXPECTED_IN_REPLAY,gujratgas,2013-04-18,4942c0f021abcd6ed9702c343c2696ec44cfa8022c7e37448f8a78c075c4a16d,UNRESOLVED_MANUAL_REVIEW,Diagnostic reverse replay retains a symbol not present in the official checkpoint.
2020-11-27,UNEXPECTED_IN_REPLAY,gvkpil,2013-04-18,4942c0f021abcd6ed9702c343c2696ec44cfa8022c7e37448f8a78c075c4a16d,UNRESOLVED_MANUAL_REVIEW,Diagnostic reverse replay retains a symbol not present in the official checkpoint.
2020-11-27,UNEXPECTED_IN_REPLAY,hathway,2013-04-18,4942c0f021abcd6ed9702c343c2696ec44cfa8022c7e37448f8a78c075c4a16d,UNRESOLVED_MANUAL_REVIEW,Diagnostic reverse replay retains a symbol not present in the official checkpoint.
2020-11-27,UNEXPECTED_IN_REPLAY,hexaware,2013-04-18,4942c0f021abcd6ed9702c343c2696ec44cfa8022c7e37448f8a78c075c4a16d,UNRESOLVED_MANUAL_REVIEW,Diagnostic reverse replay retains a symbol not present in the official checkpoint.
2020-11-27,UNEXPECTED_IN_REPLAY,ibventures,2013-04-18,4942c0f021abcd6ed9702c343c2696ec44cfa8022c7e37448f8a78c075c4a16d,UNRESOLVED_MANUAL_REVIEW,Diagnostic reverse replay retains a symbol not present in the official checkpoint.
2020-11-27,UNEXPECTED_IN_REPLAY,idbi,2013-04-18,4942c0f021abcd6ed9702c343c2696ec44cfa8022c7e37448f8a78c075c4a16d,UNRESOLVED_MANUAL_REVIEW,Diagnostic reverse replay retains a symbol not present in the official checkpoint.
2020-11-27,UNEXPECTED_IN_REPLAY,idfcbank,2013-04-18,4942c0f021abcd6ed9702c343c2696ec44cfa8022c7e37448f8a78c075c4a16d,UNRESOLVED_MANUAL_REVIEW,Diagnostic reverse replay retains a symbol not present in the official checkpoint.
2020-11-27,UNEXPECTED_IN_REPLAY,indiainfo,2013-04-18,4942c0f021abcd6ed9702c343c2696ec44cfa8022c7e37448f8a78c075c4a16d,UNRESOLVED_MANUAL_REVIEW,Diagnostic reverse replay retains a symbol not present in the official checkpoint.
2020-11-27,UNEXPECTED_IN_REPLAY,ivrclinfra,2013-04-18,4942c0f021abcd6ed9702c343c2696ec44cfa8022c7e37448f8a78c075c4a16d,UNRESOLVED_MANUAL_REVIEW,Diagnostic reverse replay retains a symbol not present in the official checkpoint.
2020-11-27,UNEXPECTED_IN_REPLAY,jindalsaw,2013-04-18,4942c0f021abcd6ed9702c343c2696ec44cfa8022c7e37448f8a78c075c4a16d,UNRESOLVED_MANUAL_REVIEW,Diagnostic reverse replay retains a symbol not present in the official checkpoint.
2020-11-27,UNEXPECTED_IN_REPLAY,jubilant,2013-04-18,4942c0f021abcd6ed9702c343c2696ec44cfa8022c7e37448f8a78c075c4a16d,UNRESOLVED_MANUAL_REVIEW,Diagnostic reverse replay retains a symbol not present in the official checkpoint.
2020-11-27,UNEXPECTED_IN_REPLAY,litl,2013-04-18,4942c0f021abcd6ed9702c343c2696ec44cfa8022c7e37448f8a78c075c4a16d,UNRESOLVED_MANUAL_REVIEW,Diagnostic reverse replay retains a symbol not present in the official checkpoint.
2020-11-27,UNEXPECTED_IN_REPLAY,madrascem,2013-04-18,4942c0f021abcd6ed9702c343c2696ec44cfa8022c7e37448f8a78c075c4a16d,UNRESOLVED_MANUAL_REVIEW,Diagnostic reverse replay retains a symbol not present in the official checkpoint.
2020-11-27,UNEXPECTED_IN_REPLAY,mrpl,2013-04-18,4942c0f021abcd6ed9702c343c2696ec44cfa8022c7e37448f8a78c075c4a16d,UNRESOLVED_MANUAL_REVIEW,Diagnostic reverse replay retains a symbol not present in the official checkpoint.
2020-11-27,UNEXPECTED_IN_REPLAY,nhpc,2013-04-18,4942c0f021abcd6ed9702c343c2696ec44cfa8022c7e37448f8a78c075c4a16d,UNRESOLVED_MANUAL_REVIEW,Diagnostic reverse replay retains a symbol not present in the official checkpoint.
2020-11-27,UNEXPECTED_IN_REPLAY,niittech,2013-04-18,4942c0f021abcd6ed9702c343c2696ec44cfa8022c7e37448f8a78c075c4a16d,UNRESOLVED_MANUAL_REVIEW,Diagnostic reverse replay retains a symbol not present in the official checkpoint.
2020-11-27,UNEXPECTED_IN_REPLAY,optocircui,2013-04-18,4942c0f021abcd6ed9702c343c2696ec44cfa8022c7e37448f8a78c075c4a16d,UNRESOLVED_MANUAL_REVIEW,Diagnostic reverse replay retains a symbol not present in the official checkpoint.
2020-11-27,UNEXPECTED_IN_REPLAY,orissamine,2013-04-18,4942c0f021abcd6ed9702c343c2696ec44cfa8022c7e37448f8a78c075c4a16d,UNRESOLVED_MANUAL_REVIEW,Diagnostic reverse replay retains a symbol not present in the official checkpoint.
2020-11-27,UNEXPECTED_IN_REPLAY,pnbhousing,2013-04-18,4942c0f021abcd6ed9702c343c2696ec44cfa8022c7e37448f8a78c075c4a16d,UNRESOLVED_MANUAL_REVIEW,Diagnostic reverse replay retains a symbol not present in the official checkpoint.
2020-11-27,UNEXPECTED_IN_REPLAY,punjlloyd,2013-04-18,4942c0f021abcd6ed9702c343c2696ec44cfa8022c7e37448f8a78c075c4a16d,UNRESOLVED_MANUAL_REVIEW,Diagnostic reverse replay retains a symbol not present in the official checkpoint.
2020-11-27,UNEXPECTED_IN_REPLAY,quess,2013-04-18,4942c0f021abcd6ed9702c343c2696ec44cfa8022c7e37448f8a78c075c4a16d,UNRESOLVED_MANUAL_REVIEW,Diagnostic reverse replay retains a symbol not present in the official checkpoint.
2020-11-27,UNEXPECTED_IN_REPLAY,rnam,2013-04-18,4942c0f021abcd6ed9702c343c2696ec44cfa8022c7e37448f8a78c075c4a16d,UNRESOLVED_MANUAL_REVIEW,Diagnostic reverse replay retains a symbol not present in the official checkpoint.
2020-11-27,UNEXPECTED_IN_REPLAY,sesagoa,2013-04-18,4942c0f021abcd6ed9702c343c2696ec44cfa8022c7e37448f8a78c075c4a16d,UNRESOLVED_MANUAL_REVIEW,Diagnostic reverse replay retains a symbol not present in the official checkpoint.
2020-11-27,UNEXPECTED_IN_REPLAY,shriramcit,2013-04-18,4942c0f021abcd6ed9702c343c2696ec44cfa8022c7e37448f8a78c075c4a16d,UNRESOLVED_MANUAL_REVIEW,Diagnostic reverse replay retains a symbol not present in the official checkpoint.
2020-11-27,UNEXPECTED_IN_REPLAY,sksmicro,2013-04-18,4942c0f021abcd6ed9702c343c2696ec44cfa8022c7e37448f8a78c075c4a16d,UNRESOLVED_MANUAL_REVIEW,Diagnostic reverse replay retains a symbol not present in the official checkpoint.
2020-11-27,UNEXPECTED_IN_REPLAY,tataglobal,2013-04-18,4942c0f021abcd6ed9702c343c2696ec44cfa8022c7e37448f8a78c075c4a16d,UNRESOLVED_MANUAL_REVIEW,Diagnostic reverse replay retains a symbol not present in the official checkpoint.
2020-11-27,UNEXPECTED_IN_REPLAY,uniphos,2013-04-18,4942c0f021abcd6ed9702c343c2696ec44cfa8022c7e37448f8a78c075c4a16d,UNRESOLVED_MANUAL_REVIEW,Diagnostic reverse replay retains a symbol not present in the official checkpoint.
2020-11-27,UNEXPECTED_IN_REPLAY,welcorp,2013-04-18,4942c0f021abcd6ed9702c343c2696ec44cfa8022c7e37448f8a78c075c4a16d,UNRESOLVED_MANUAL_REVIEW,Diagnostic reverse replay retains a symbol not present in the official checkpoint.
2020-12-31,MISSING_FROM_REPLAY,adanient,2013-04-18,4942c0f021abcd6ed9702c343c2696ec44cfa8022c7e37448f8a78c075c4a16d,UNRESOLVED_MANUAL_REVIEW,No authoritative 2012 anchor or complete certified event chain; symbol is in the official checkpoint but absent from diagnostic replay.
2020-12-31,MISSING_FROM_REPLAY,ajantpharm,2013-04-18,4942c0f021abcd6ed9702c343c2696ec44cfa8022c7e37448f8a78c075c4a16d,UNRESOLVED_MANUAL_REVIEW,No authoritative 2012 anchor or complete certified event chain; symbol is in the official checkpoint but absent from diagnostic replay.
2020-12-31,MISSING_FROM_REPLAY,aplltd,2013-04-18,4942c0f021abcd6ed9702c343c2696ec44cfa8022c7e37448f8a78c075c4a16d,UNRESOLVED_MANUAL_REVIEW,No authoritative 2012 anchor or complete certified event chain; symbol is in the official checkpoint but absent from diagnostic replay.
2020-12-31,MISSING_FROM_REPLAY,coforge,2013-04-18,4942c0f021abcd6ed9702c343c2696ec44cfa8022c7e37448f8a78c075c4a16d,UNRESOLVED_MANUAL_REVIEW,No authoritative 2012 anchor or complete certified event chain; symbol is in the official checkpoint but absent from diagnostic replay.
2020-12-31,MISSING_FROM_REPLAY,dhani,2013-04-18,4942c0f021abcd6ed9702c343c2696ec44cfa8022c7e37448f8a78c075c4a16d,UNRESOLVED_MANUAL_REVIEW,No authoritative 2012 anchor or complete certified event chain; symbol is in the official checkpoint but absent from diagnostic replay.
2020-12-31,MISSING_FROM_REPLAY,idfcfirstb,2013-04-18,4942c0f021abcd6ed9702c343c2696ec44cfa8022c7e37448f8a78c075c4a16d,UNRESOLVED_MANUAL_REVIEW,No authoritative 2012 anchor or complete certified event chain; symbol is in the official checkpoint but absent from diagnostic replay.
2020-12-31,MISSING_FROM_REPLAY,industower,2013-04-18,4942c0f021abcd6ed9702c343c2696ec44cfa8022c7e37448f8a78c075c4a16d,UNRESOLVED_MANUAL_REVIEW,No authoritative 2012 anchor or complete certified event chain; symbol is in the official checkpoint but absent from diagnostic replay.
2020-12-31,MISSING_FROM_REPLAY,irctc,2013-04-18,4942c0f021abcd6ed9702c343c2696ec44cfa8022c7e37448f8a78c075c4a16d,UNRESOLVED_MANUAL_REVIEW,No authoritative 2012 anchor or complete certified event chain; symbol is in the official checkpoint but absent from diagnostic replay.
2020-12-31,MISSING_FROM_REPLAY,isec,2013-04-18,4942c0f021abcd6ed9702c343c2696ec44cfa8022c7e37448f8a78c075c4a16d,UNRESOLVED_MANUAL_REVIEW,No authoritative 2012 anchor or complete certified event chain; symbol is in the official checkpoint but absent from diagnostic replay.
2020-12-31,MISSING_FROM_REPLAY,nam-india,2013-04-18,4942c0f021abcd6ed9702c343c2696ec44cfa8022c7e37448f8a78c075c4a16d,UNRESOLVED_MANUAL_REVIEW,No authoritative 2012 anchor or complete certified event chain; symbol is in the official checkpoint but absent from diagnostic replay.
2020-12-31,MISSING_FROM_REPLAY,naukri,2013-04-18,4942c0f021abcd6ed9702c343c2696ec44cfa8022c7e37448f8a78c075c4a16d,UNRESOLVED_MANUAL_REVIEW,No authoritative 2012 anchor or complete certified event chain; symbol is in the official checkpoint but absent from diagnostic replay.
2020-12-31,MISSING_FROM_REPLAY,navinfluor,2013-04-18,4942c0f021abcd6ed9702c343c2696ec44cfa8022c7e37448f8a78c075c4a16d,UNRESOLVED_MANUAL_REVIEW,No authoritative 2012 anchor or complete certified event chain; symbol is in the official checkpoint but absent from diagnostic replay.
2020-12-31,MISSING_FROM_REPLAY,oberoirlty,2013-04-18,4942c0f021abcd6ed9702c343c2696ec44cfa8022c7e37448f8a78c075c4a16d,UNRESOLVED_MANUAL_REVIEW,No authoritative 2012 anchor or complete certified event chain; symbol is in the official checkpoint but absent from diagnostic replay.
2020-12-31,MISSING_FROM_REPLAY,pageind,2013-04-18,4942c0f021abcd6ed9702c343c2696ec44cfa8022c7e37448f8a78c075c4a16d,UNRESOLVED_MANUAL_REVIEW,No authoritative 2012 anchor or complete certified event chain; symbol is in the official checkpoint but absent from diagnostic replay.
2020-12-31,MISSING_FROM_REPLAY,sanofi,2013-04-18,4942c0f021abcd6ed9702c343c2696ec44cfa8022c7e37448f8a78c075c4a16d,UNRESOLVED_MANUAL_REVIEW,No authoritative 2012 anchor or complete certified event chain; symbol is in the official checkpoint but absent from diagnostic replay.
2020-12-31,MISSING_FROM_REPLAY,tataconsum,2013-04-18,4942c0f021abcd6ed9702c343c2696ec44cfa8022c7e37448f8a78c075c4a16d,UNRESOLVED_MANUAL_REVIEW,No authoritative 2012 anchor or complete certified event chain; symbol is in the official checkpoint but absent from diagnostic replay.
2020-12-31,MISSING_FROM_REPLAY,torntpharm,2013-04-18,4942c0f021abcd6ed9702c343c2696ec44cfa8022c7e37448f8a78c075c4a16d,UNRESOLVED_MANUAL_REVIEW,No authoritative 2012 anchor or complete certified event chain; symbol is in the official checkpoint but absent from diagnostic replay.
2020-12-31,MISSING_FROM_REPLAY,upl,2013-04-18,4942c0f021abcd6ed9702c343c2696ec44cfa8022c7e37448f8a78c075c4a16d,UNRESOLVED_MANUAL_REVIEW,No authoritative 2012 anchor or complete certified event chain; symbol is in the official checkpoint but absent from diagnostic replay.
2020-12-31,MISSING_FROM_REPLAY,vguard,2013-04-18,4942c0f021abcd6ed9702c343c2696ec44cfa8022c7e37448f8a78c075c4a16d,UNRESOLVED_MANUAL_REVIEW,No authoritative 2012 anchor or complete certified event chain; symbol is in the official checkpoint but absent from diagnostic replay.
2020-12-31,MISSING_FROM_REPLAY,wipro,2013-04-18,4942c0f021abcd6ed9702c343c2696ec44cfa8022c7e37448f8a78c075c4a16d,UNRESOLVED_MANUAL_REVIEW,No authoritative 2012 anchor or complete certified event chain; symbol is in the official checkpoint but absent from diagnostic replay.
2020-12-31,MISSING_FROM_REPLAY,yesbank,2013-04-18,4942c0f021abcd6ed9702c343c2696ec44cfa8022c7e37448f8a78c075c4a16d,UNRESOLVED_MANUAL_REVIEW,No authoritative 2012 anchor or complete certified event chain; symbol is in the official checkpoint but absent from diagnostic replay.
2020-12-31,UNEXPECTED_IN_REPLAY,adanipower,2013-04-18,4942c0f021abcd6ed9702c343c2696ec44cfa8022c7e37448f8a78c075c4a16d,UNRESOLVED_MANUAL_REVIEW,Diagnostic reverse replay retains a symbol not present in the official checkpoint.
2020-12-31,UNEXPECTED_IN_REPLAY,chamblfert,2013-04-18,4942c0f021abcd6ed9702c343c2696ec44cfa8022c7e37448f8a78c075c4a16d,UNRESOLVED_MANUAL_REVIEW,Diagnostic reverse replay retains a symbol not present in the official checkpoint.
2020-12-31,UNEXPECTED_IN_REPLAY,coreedutec,2013-04-18,4942c0f021abcd6ed9702c343c2696ec44cfa8022c7e37448f8a78c075c4a16d,UNRESOLVED_MANUAL_REVIEW,Diagnostic reverse replay retains a symbol not present in the official checkpoint.
2020-12-31,UNEXPECTED_IN_REPLAY,denabank,2013-04-18,4942c0f021abcd6ed9702c343c2696ec44cfa8022c7e37448f8a78c075c4a16d,UNRESOLVED_MANUAL_REVIEW,Diagnostic reverse replay retains a symbol not present in the official checkpoint.
2020-12-31,UNEXPECTED_IN_REPLAY,finantech,2013-04-18,4942c0f021abcd6ed9702c343c2696ec44cfa8022c7e37448f8a78c075c4a16d,UNRESOLVED_MANUAL_REVIEW,Diagnostic reverse replay retains a symbol not present in the official checkpoint.
2020-12-31,UNEXPECTED_IN_REPLAY,gitanjali,2013-04-18,4942c0f021abcd6ed9702c343c2696ec44cfa8022c7e37448f8a78c075c4a16d,UNRESOLVED_MANUAL_REVIEW,Diagnostic reverse replay retains a symbol not present in the official checkpoint.
2020-12-31,UNEXPECTED_IN_REPLAY,gmdcltd,2013-04-18,4942c0f021abcd6ed9702c343c2696ec44cfa8022c7e37448f8a78c075c4a16d,UNRESOLVED_MANUAL_REVIEW,Diagnostic reverse replay retains a symbol not present in the official checkpoint.
2020-12-31,UNEXPECTED_IN_REPLAY,gujratgas,2013-04-18,4942c0f021abcd6ed9702c343c2696ec44cfa8022c7e37448f8a78c075c4a16d,UNRESOLVED_MANUAL_REVIEW,Diagnostic reverse replay retains a symbol not present in the official checkpoint.
2020-12-31,UNEXPECTED_IN_REPLAY,gvkpil,2013-04-18,4942c0f021abcd6ed9702c343c2696ec44cfa8022c7e37448f8a78c075c4a16d,UNRESOLVED_MANUAL_REVIEW,Diagnostic reverse replay retains a symbol not present in the official checkpoint.
2020-12-31,UNEXPECTED_IN_REPLAY,hathway,2013-04-18,4942c0f021abcd6ed9702c343c2696ec44cfa8022c7e37448f8a78c075c4a16d,UNRESOLVED_MANUAL_REVIEW,Diagnostic reverse replay retains a symbol not present in the official checkpoint.
2020-12-31,UNEXPECTED_IN_REPLAY,hexaware,2013-04-18,4942c0f021abcd6ed9702c343c2696ec44cfa8022c7e37448f8a78c075c4a16d,UNRESOLVED_MANUAL_REVIEW,Diagnostic reverse replay retains a symbol not present in the official checkpoint.
2020-12-31,UNEXPECTED_IN_REPLAY,ibventures,2013-04-18,4942c0f021abcd6ed9702c343c2696ec44cfa8022c7e37448f8a78c075c4a16d,UNRESOLVED_MANUAL_REVIEW,Diagnostic reverse replay retains a symbol not present in the official checkpoint.
2020-12-31,UNEXPECTED_IN_REPLAY,idbi,2013-04-18,4942c0f021abcd6ed9702c343c2696ec44cfa8022c7e37448f8a78c075c4a16d,UNRESOLVED_MANUAL_REVIEW,Diagnostic reverse replay retains a symbol not present in the official checkpoint.
2020-12-31,UNEXPECTED_IN_REPLAY,idfcbank,2013-04-18,4942c0f021abcd6ed9702c343c2696ec44cfa8022c7e37448f8a78c075c4a16d,UNRESOLVED_MANUAL_REVIEW,Diagnostic reverse replay retains a symbol not present in the official checkpoint.
2020-12-31,UNEXPECTED_IN_REPLAY,indiainfo,2013-04-18,4942c0f021abcd6ed9702c343c2696ec44cfa8022c7e37448f8a78c075c4a16d,UNRESOLVED_MANUAL_REVIEW,Diagnostic reverse replay retains a symbol not present in the official checkpoint.
2020-12-31,UNEXPECTED_IN_REPLAY,ivrclinfra,2013-04-18,4942c0f021abcd6ed9702c343c2696ec44cfa8022c7e37448f8a78c075c4a16d,UNRESOLVED_MANUAL_REVIEW,Diagnostic reverse replay retains a symbol not present in the official checkpoint.
2020-12-31,UNEXPECTED_IN_REPLAY,jindalsaw,2013-04-18,4942c0f021abcd6ed9702c343c2696ec44cfa8022c7e37448f8a78c075c4a16d,UNRESOLVED_MANUAL_REVIEW,Diagnostic reverse replay retains a symbol not present in the official checkpoint.
2020-12-31,UNEXPECTED_IN_REPLAY,jubilant,2013-04-18,4942c0f021abcd6ed9702c343c2696ec44cfa8022c7e37448f8a78c075c4a16d,UNRESOLVED_MANUAL_REVIEW,Diagnostic reverse replay retains a symbol not present in the official checkpoint.
2020-12-31,UNEXPECTED_IN_REPLAY,litl,2013-04-18,4942c0f021abcd6ed9702c343c2696ec44cfa8022c7e37448f8a78c075c4a16d,UNRESOLVED_MANUAL_REVIEW,Diagnostic reverse replay retains a symbol not present in the official checkpoint.
2020-12-31,UNEXPECTED_IN_REPLAY,madrascem,2013-04-18,4942c0f021abcd6ed9702c343c2696ec44cfa8022c7e37448f8a78c075c4a16d,UNRESOLVED_MANUAL_REVIEW,Diagnostic reverse replay retains a symbol not present in the official checkpoint.
2020-12-31,UNEXPECTED_IN_REPLAY,mrpl,2013-04-18,4942c0f021abcd6ed9702c343c2696ec44cfa8022c7e37448f8a78c075c4a16d,UNRESOLVED_MANUAL_REVIEW,Diagnostic reverse replay retains a symbol not present in the official checkpoint.
2020-12-31,UNEXPECTED_IN_REPLAY,nhpc,2013-04-18,4942c0f021abcd6ed9702c343c2696ec44cfa8022c7e37448f8a78c075c4a16d,UNRESOLVED_MANUAL_REVIEW,Diagnostic reverse replay retains a symbol not present in the official checkpoint.
2020-12-31,UNEXPECTED_IN_REPLAY,niittech,2013-04-18,4942c0f021abcd6ed9702c343c2696ec44cfa8022c7e37448f8a78c075c4a16d,UNRESOLVED_MANUAL_REVIEW,Diagnostic reverse replay retains a symbol not present in the official checkpoint.
2020-12-31,UNEXPECTED_IN_REPLAY,optocircui,2013-04-18,4942c0f021abcd6ed9702c343c2696ec44cfa8022c7e37448f8a78c075c4a16d,UNRESOLVED_MANUAL_REVIEW,Diagnostic reverse replay retains a symbol not present in the official checkpoint.
2020-12-31,UNEXPECTED_IN_REPLAY,orissamine,2013-04-18,4942c0f021abcd6ed9702c343c2696ec44cfa8022c7e37448f8a78c075c4a16d,UNRESOLVED_MANUAL_REVIEW,Diagnostic reverse replay retains a symbol not present in the official checkpoint.
2020-12-31,UNEXPECTED_IN_REPLAY,pnbhousing,2013-04-18,4942c0f021abcd6ed9702c343c2696ec44cfa8022c7e37448f8a78c075c4a16d,UNRESOLVED_MANUAL_REVIEW,Diagnostic reverse replay retains a symbol not present in the official checkpoint.
2020-12-31,UNEXPECTED_IN_REPLAY,punjlloyd,2013-04-18,4942c0f021abcd6ed9702c343c2696ec44cfa8022c7e37448f8a78c075c4a16d,UNRESOLVED_MANUAL_REVIEW,Diagnostic reverse replay retains a symbol not present in the official checkpoint.
2020-12-31,UNEXPECTED_IN_REPLAY,quess,2013-04-18,4942c0f021abcd6ed9702c343c2696ec44cfa8022c7e37448f8a78c075c4a16d,UNRESOLVED_MANUAL_REVIEW,Diagnostic reverse replay retains a symbol not present in the official checkpoint.
2020-12-31,UNEXPECTED_IN_REPLAY,rnam,2013-04-18,4942c0f021abcd6ed9702c343c2696ec44cfa8022c7e37448f8a78c075c4a16d,UNRESOLVED_MANUAL_REVIEW,Diagnostic reverse replay retains a symbol not present in the official checkpoint.
2020-12-31,UNEXPECTED_IN_REPLAY,sesagoa,2013-04-18,4942c0f021abcd6ed9702c343c2696ec44cfa8022c7e37448f8a78c075c4a16d,UNRESOLVED_MANUAL_REVIEW,Diagnostic reverse replay retains a symbol not present in the official checkpoint.
2020-12-31,UNEXPECTED_IN_REPLAY,shriramcit,2013-04-18,4942c0f021abcd6ed9702c343c2696ec44cfa8022c7e37448f8a78c075c4a16d,UNRESOLVED_MANUAL_REVIEW,Diagnostic reverse replay retains a symbol not present in the official checkpoint.
2020-12-31,UNEXPECTED_IN_REPLAY,sksmicro,2013-04-18,4942c0f021abcd6ed9702c343c2696ec44cfa8022c7e37448f8a78c075c4a16d,UNRESOLVED_MANUAL_REVIEW,Diagnostic reverse replay retains a symbol not present in the official checkpoint.
2020-12-31,UNEXPECTED_IN_REPLAY,tataglobal,2013-04-18,4942c0f021abcd6ed9702c343c2696ec44cfa8022c7e37448f8a78c075c4a16d,UNRESOLVED_MANUAL_REVIEW,Diagnostic reverse replay retains a symbol not present in the official checkpoint.
2020-12-31,UNEXPECTED_IN_REPLAY,uniphos,2013-04-18,4942c0f021abcd6ed9702c343c2696ec44cfa8022c7e37448f8a78c075c4a16d,UNRESOLVED_MANUAL_REVIEW,Diagnostic reverse replay retains a symbol not present in the official checkpoint.
2020-12-31,UNEXPECTED_IN_REPLAY,welcorp,2013-04-18,4942c0f021abcd6ed9702c343c2696ec44cfa8022c7e37448f8a78c075c4a16d,UNRESOLVED_MANUAL_REVIEW,Diagnostic reverse replay retains a symbol not present in the official checkpoint.
2021-01-29,MISSING_FROM_REPLAY,ajantpharm,2013-04-18,4942c0f021abcd6ed9702c343c2696ec44cfa8022c7e37448f8a78c075c4a16d,UNRESOLVED_MANUAL_REVIEW,No authoritative 2012 anchor or complete certified event chain; symbol is in the official checkpoint but absent from diagnostic replay.
2021-01-29,MISSING_FROM_REPLAY,aplltd,2013-04-18,4942c0f021abcd6ed9702c343c2696ec44cfa8022c7e37448f8a78c075c4a16d,UNRESOLVED_MANUAL_REVIEW,No authoritative 2012 anchor or complete certified event chain; symbol is in the official checkpoint but absent from diagnostic replay.
2021-01-29,MISSING_FROM_REPLAY,atgl,2013-04-18,4942c0f021abcd6ed9702c343c2696ec44cfa8022c7e37448f8a78c075c4a16d,UNRESOLVED_MANUAL_REVIEW,No authoritative 2012 anchor or complete certified event chain; symbol is in the official checkpoint but absent from diagnostic replay.
2021-01-29,MISSING_FROM_REPLAY,bhartiartl,2013-04-18,4942c0f021abcd6ed9702c343c2696ec44cfa8022c7e37448f8a78c075c4a16d,UNRESOLVED_MANUAL_REVIEW,No authoritative 2012 anchor or complete certified event chain; symbol is in the official checkpoint but absent from diagnostic replay.
2021-01-29,MISSING_FROM_REPLAY,britannia,2013-04-18,4942c0f021abcd6ed9702c343c2696ec44cfa8022c7e37448f8a78c075c4a16d,UNRESOLVED_MANUAL_REVIEW,No authoritative 2012 anchor or complete certified event chain; symbol is in the official checkpoint but absent from diagnostic replay.
2021-01-29,MISSING_FROM_REPLAY,coforge,2013-04-18,4942c0f021abcd6ed9702c343c2696ec44cfa8022c7e37448f8a78c075c4a16d,UNRESOLVED_MANUAL_REVIEW,No authoritative 2012 anchor or complete certified event chain; symbol is in the official checkpoint but absent from diagnostic replay.
2021-01-29,MISSING_FROM_REPLAY,colpal,2013-04-18,4942c0f021abcd6ed9702c343c2696ec44cfa8022c7e37448f8a78c075c4a16d,UNRESOLVED_MANUAL_REVIEW,No authoritative 2012 anchor or complete certified event chain; symbol is in the official checkpoint but absent from diagnostic replay.
2021-01-29,MISSING_FROM_REPLAY,dabur,2013-04-18,4942c0f021abcd6ed9702c343c2696ec44cfa8022c7e37448f8a78c075c4a16d,UNRESOLVED_MANUAL_REVIEW,No authoritative 2012 anchor or complete certified event chain; symbol is in the official checkpoint but absent from diagnostic replay.
2021-01-29,MISSING_FROM_REPLAY,dhani,2013-04-18,4942c0f021abcd6ed9702c343c2696ec44cfa8022c7e37448f8a78c075c4a16d,UNRESOLVED_MANUAL_REVIEW,No authoritative 2012 anchor or complete certified event chain; symbol is in the official checkpoint but absent from diagnostic replay.
2021-01-29,MISSING_FROM_REPLAY,gmrinfra,2013-04-18,4942c0f021abcd6ed9702c343c2696ec44cfa8022c7e37448f8a78c075c4a16d,UNRESOLVED_MANUAL_REVIEW,No authoritative 2012 anchor or complete certified event chain; symbol is in the official checkpoint but absent from diagnostic replay.
2021-01-29,MISSING_FROM_REPLAY,hindunilvr,2013-04-18,4942c0f021abcd6ed9702c343c2696ec44cfa8022c7e37448f8a78c075c4a16d,UNRESOLVED_MANUAL_REVIEW,No authoritative 2012 anchor or complete certified event chain; symbol is in the official checkpoint but absent from diagnostic replay.
2021-01-29,MISSING_FROM_REPLAY,ibulhsgfin,2013-04-18,4942c0f021abcd6ed9702c343c2696ec44cfa8022c7e37448f8a78c075c4a16d,UNRESOLVED_MANUAL_REVIEW,No authoritative 2012 anchor or complete certified event chain; symbol is in the official checkpoint but absent from diagnostic replay.
2021-01-29,MISSING_FROM_REPLAY,idfcfirstb,2013-04-18,4942c0f021abcd6ed9702c343c2696ec44cfa8022c7e37448f8a78c075c4a16d,UNRESOLVED_MANUAL_REVIEW,No authoritative 2012 anchor or complete certified event chain; symbol is in the official checkpoint but absent from diagnostic replay.
2021-01-29,MISSING_FROM_REPLAY,igl,2013-04-18,4942c0f021abcd6ed9702c343c2696ec44cfa8022c7e37448f8a78c075c4a16d,UNRESOLVED_MANUAL_REVIEW,No authoritative 2012 anchor or complete certified event chain; symbol is in the official checkpoint but absent from diagnostic replay.
2021-01-29,MISSING_FROM_REPLAY,industower,2013-04-18,4942c0f021abcd6ed9702c343c2696ec44cfa8022c7e37448f8a78c075c4a16d,UNRESOLVED_MANUAL_REVIEW,No authoritative 2012 anchor or complete certified event chain; symbol is in the official checkpoint but absent from diagnostic replay.
2021-01-29,MISSING_FROM_REPLAY,irctc,2013-04-18,4942c0f021abcd6ed9702c343c2696ec44cfa8022c7e37448f8a78c075c4a16d,UNRESOLVED_MANUAL_REVIEW,No authoritative 2012 anchor or complete certified event chain; symbol is in the official checkpoint but absent from diagnostic replay.
2021-01-29,MISSING_FROM_REPLAY,isec,2013-04-18,4942c0f021abcd6ed9702c343c2696ec44cfa8022c7e37448f8a78c075c4a16d,UNRESOLVED_MANUAL_REVIEW,No authoritative 2012 anchor or complete certified event chain; symbol is in the official checkpoint but absent from diagnostic replay.
2021-01-29,MISSING_FROM_REPLAY,lupin,2013-04-18,4942c0f021abcd6ed9702c343c2696ec44cfa8022c7e37448f8a78c075c4a16d,UNRESOLVED_MANUAL_REVIEW,No authoritative 2012 anchor or complete certified event chain; symbol is in the official checkpoint but absent from diagnostic replay.
2021-01-29,MISSING_FROM_REPLAY,mgl,2013-04-18,4942c0f021abcd6ed9702c343c2696ec44cfa8022c7e37448f8a78c075c4a16d,UNRESOLVED_MANUAL_REVIEW,No authoritative 2012 anchor or complete certified event chain; symbol is in the official checkpoint but absent from diagnostic replay.
2021-01-29,MISSING_FROM_REPLAY,nam-india,2013-04-18,4942c0f021abcd6ed9702c343c2696ec44cfa8022c7e37448f8a78c075c4a16d,UNRESOLVED_MANUAL_REVIEW,No authoritative 2012 anchor or complete certified event chain; symbol is in the official checkpoint but absent from diagnostic replay.
2021-01-29,MISSING_FROM_REPLAY,naukri,2013-04-18,4942c0f021abcd6ed9702c343c2696ec44cfa8022c7e37448f8a78c075c4a16d,UNRESOLVED_MANUAL_REVIEW,No authoritative 2012 anchor or complete certified event chain; symbol is in the official checkpoint but absent from diagnostic replay.
2021-01-29,MISSING_FROM_REPLAY,navinfluor,2013-04-18,4942c0f021abcd6ed9702c343c2696ec44cfa8022c7e37448f8a78c075c4a16d,UNRESOLVED_MANUAL_REVIEW,No authoritative 2012 anchor or complete certified event chain; symbol is in the official checkpoint but absent from diagnostic replay.
2021-01-29,MISSING_FROM_REPLAY,nestleind,2013-04-18,4942c0f021abcd6ed9702c343c2696ec44cfa8022c7e37448f8a78c075c4a16d,UNRESOLVED_MANUAL_REVIEW,No authoritative 2012 anchor or complete certified event chain; symbol is in the official checkpoint but absent from diagnostic replay.
2021-01-29,MISSING_FROM_REPLAY,oberoirlty,2013-04-18,4942c0f021abcd6ed9702c343c2696ec44cfa8022c7e37448f8a78c075c4a16d,UNRESOLVED_MANUAL_REVIEW,No authoritative 2012 anchor or complete certified event chain; symbol is in the official checkpoint but absent from diagnostic replay.
2021-01-29,MISSING_FROM_REPLAY,pageind,2013-04-18,4942c0f021abcd6ed9702c343c2696ec44cfa8022c7e37448f8a78c075c4a16d,UNRESOLVED_MANUAL_REVIEW,No authoritative 2012 anchor or complete certified event chain; symbol is in the official checkpoint but absent from diagnostic replay.
2021-01-29,MISSING_FROM_REPLAY,pidilitind,2013-04-18,4942c0f021abcd6ed9702c343c2696ec44cfa8022c7e37448f8a78c075c4a16d,UNRESOLVED_MANUAL_REVIEW,No authoritative 2012 anchor or complete certified event chain; symbol is in the official checkpoint but absent from diagnostic replay.
2021-01-29,MISSING_FROM_REPLAY,reliance,2013-04-18,4942c0f021abcd6ed9702c343c2696ec44cfa8022c7e37448f8a78c075c4a16d,UNRESOLVED_MANUAL_REVIEW,No authoritative 2012 anchor or complete certified event chain; symbol is in the official checkpoint but absent from diagnostic replay.
2021-01-29,MISSING_FROM_REPLAY,sanofi,2013-04-18,4942c0f021abcd6ed9702c343c2696ec44cfa8022c7e37448f8a78c075c4a16d,UNRESOLVED_MANUAL_REVIEW,No authoritative 2012 anchor or complete certified event chain; symbol is in the official checkpoint but absent from diagnostic replay.
2021-01-29,MISSING_FROM_REPLAY,shreecem,2013-04-18,4942c0f021abcd6ed9702c343c2696ec44cfa8022c7e37448f8a78c075c4a16d,UNRESOLVED_MANUAL_REVIEW,No authoritative 2012 anchor or complete certified event chain; symbol is in the official checkpoint but absent from diagnostic replay.
2021-01-29,MISSING_FROM_REPLAY,tataconsum,2013-04-18,4942c0f021abcd6ed9702c343c2696ec44cfa8022c7e37448f8a78c075c4a16d,UNRESOLVED_MANUAL_REVIEW,No authoritative 2012 anchor or complete certified event chain; symbol is in the official checkpoint but absent from diagnostic replay.
2021-01-29,MISSING_FROM_REPLAY,torntpharm,2013-04-18,4942c0f021abcd6ed9702c343c2696ec44cfa8022c7e37448f8a78c075c4a16d,UNRESOLVED_MANUAL_REVIEW,No authoritative 2012 anchor or complete certified event chain; symbol is in the official checkpoint but absent from diagnostic replay.
2021-01-29,MISSING_FROM_REPLAY,torntpower,2013-04-18,4942c0f021abcd6ed9702c343c2696ec44cfa8022c7e37448f8a78c075c4a16d,UNRESOLVED_MANUAL_REVIEW,No authoritative 2012 anchor or complete certified event chain; symbol is in the official checkpoint but absent from diagnostic replay.
2021-01-29,MISSING_FROM_REPLAY,upl,2013-04-18,4942c0f021abcd6ed9702c343c2696ec44cfa8022c7e37448f8a78c075c4a16d,UNRESOLVED_MANUAL_REVIEW,No authoritative 2012 anchor or complete certified event chain; symbol is in the official checkpoint but absent from diagnostic replay.
2021-01-29,MISSING_FROM_REPLAY,vguard,2013-04-18,4942c0f021abcd6ed9702c343c2696ec44cfa8022c7e37448f8a78c075c4a16d,UNRESOLVED_MANUAL_REVIEW,No authoritative 2012 anchor or complete certified event chain; symbol is in the official checkpoint but absent from diagnostic replay.
2021-01-29,MISSING_FROM_REPLAY,yesbank,2013-04-18,4942c0f021abcd6ed9702c343c2696ec44cfa8022c7e37448f8a78c075c4a16d,UNRESOLVED_MANUAL_REVIEW,No authoritative 2012 anchor or complete certified event chain; symbol is in the official checkpoint but absent from diagnostic replay.
2021-01-29,UNEXPECTED_IN_REPLAY,adanigas,2013-04-18,4942c0f021abcd6ed9702c343c2696ec44cfa8022c7e37448f8a78c075c4a16d,UNRESOLVED_MANUAL_REVIEW,Diagnostic reverse replay retains a symbol not present in the official checkpoint.
2021-01-29,UNEXPECTED_IN_REPLAY,adanipower,2013-04-18,4942c0f021abcd6ed9702c343c2696ec44cfa8022c7e37448f8a78c075c4a16d,UNRESOLVED_MANUAL_REVIEW,Diagnostic reverse replay retains a symbol not present in the official checkpoint.
2021-01-29,UNEXPECTED_IN_REPLAY,chamblfert,2013-04-18,4942c0f021abcd6ed9702c343c2696ec44cfa8022c7e37448f8a78c075c4a16d,UNRESOLVED_MANUAL_REVIEW,Diagnostic reverse replay retains a symbol not present in the official checkpoint.
2021-01-29,UNEXPECTED_IN_REPLAY,coreedutec,2013-04-18,4942c0f021abcd6ed9702c343c2696ec44cfa8022c7e37448f8a78c075c4a16d,UNRESOLVED_MANUAL_REVIEW,Diagnostic reverse replay retains a symbol not present in the official checkpoint.
2021-01-29,UNEXPECTED_IN_REPLAY,denabank,2013-04-18,4942c0f021abcd6ed9702c343c2696ec44cfa8022c7e37448f8a78c075c4a16d,UNRESOLVED_MANUAL_REVIEW,Diagnostic reverse replay retains a symbol not present in the official checkpoint.
2021-01-29,UNEXPECTED_IN_REPLAY,finantech,2013-04-18,4942c0f021abcd6ed9702c343c2696ec44cfa8022c7e37448f8a78c075c4a16d,UNRESOLVED_MANUAL_REVIEW,Diagnostic reverse replay retains a symbol not present in the official checkpoint.
2021-01-29,UNEXPECTED_IN_REPLAY,gitanjali,2013-04-18,4942c0f021abcd6ed9702c343c2696ec44cfa8022c7e37448f8a78c075c4a16d,UNRESOLVED_MANUAL_REVIEW,Diagnostic reverse replay retains a symbol not present in the official checkpoint.
2021-01-29,UNEXPECTED_IN_REPLAY,gmdcltd,2013-04-18,4942c0f021abcd6ed9702c343c2696ec44cfa8022c7e37448f8a78c075c4a16d,UNRESOLVED_MANUAL_REVIEW,Diagnostic reverse replay retains a symbol not present in the official checkpoint.
2021-01-29,UNEXPECTED_IN_REPLAY,gujratgas,2013-04-18,4942c0f021abcd6ed9702c343c2696ec44cfa8022c7e37448f8a78c075c4a16d,UNRESOLVED_MANUAL_REVIEW,Diagnostic reverse replay retains a symbol not present in the official checkpoint.
2021-01-29,UNEXPECTED_IN_REPLAY,gvkpil,2013-04-18,4942c0f021abcd6ed9702c343c2696ec44cfa8022c7e37448f8a78c075c4a16d,UNRESOLVED_MANUAL_REVIEW,Diagnostic reverse replay retains a symbol not present in the official checkpoint.
2021-01-29,UNEXPECTED_IN_REPLAY,hathway,2013-04-18,4942c0f021abcd6ed9702c343c2696ec44cfa8022c7e37448f8a78c075c4a16d,UNRESOLVED_MANUAL_REVIEW,Diagnostic reverse replay retains a symbol not present in the official checkpoint.
2021-01-29,UNEXPECTED_IN_REPLAY,hexaware,2013-04-18,4942c0f021abcd6ed9702c343c2696ec44cfa8022c7e37448f8a78c075c4a16d,UNRESOLVED_MANUAL_REVIEW,Diagnostic reverse replay retains a symbol not present in the official checkpoint.
2021-01-29,UNEXPECTED_IN_REPLAY,ibventures,2013-04-18,4942c0f021abcd6ed9702c343c2696ec44cfa8022c7e37448f8a78c075c4a16d,UNRESOLVED_MANUAL_REVIEW,Diagnostic reverse replay retains a symbol not present in the official checkpoint.
2021-01-29,UNEXPECTED_IN_REPLAY,idbi,2013-04-18,4942c0f021abcd6ed9702c343c2696ec44cfa8022c7e37448f8a78c075c4a16d,UNRESOLVED_MANUAL_REVIEW,Diagnostic reverse replay retains a symbol not present in the official checkpoint.
2021-01-29,UNEXPECTED_IN_REPLAY,idfcbank,2013-04-18,4942c0f021abcd6ed9702c343c2696ec44cfa8022c7e37448f8a78c075c4a16d,UNRESOLVED_MANUAL_REVIEW,Diagnostic reverse replay retains a symbol not present in the official checkpoint.
2021-01-29,UNEXPECTED_IN_REPLAY,indiainfo,2013-04-18,4942c0f021abcd6ed9702c343c2696ec44cfa8022c7e37448f8a78c075c4a16d,UNRESOLVED_MANUAL_REVIEW,Diagnostic reverse replay retains a symbol not present in the official checkpoint.
2021-01-29,UNEXPECTED_IN_REPLAY,ivrclinfra,2013-04-18,4942c0f021abcd6ed9702c343c2696ec44cfa8022c7e37448f8a78c075c4a16d,UNRESOLVED_MANUAL_REVIEW,Diagnostic reverse replay retains a symbol not present in the official checkpoint.
2021-01-29,UNEXPECTED_IN_REPLAY,jindalsaw,2013-04-18,4942c0f021abcd6ed9702c343c2696ec44cfa8022c7e37448f8a78c075c4a16d,UNRESOLVED_MANUAL_REVIEW,Diagnostic reverse replay retains a symbol not present in the official checkpoint.
2021-01-29,UNEXPECTED_IN_REPLAY,jubilant,2013-04-18,4942c0f021abcd6ed9702c343c2696ec44cfa8022c7e37448f8a78c075c4a16d,UNRESOLVED_MANUAL_REVIEW,Diagnostic reverse replay retains a symbol not present in the official checkpoint.
2021-01-29,UNEXPECTED_IN_REPLAY,litl,2013-04-18,4942c0f021abcd6ed9702c343c2696ec44cfa8022c7e37448f8a78c075c4a16d,UNRESOLVED_MANUAL_REVIEW,Diagnostic reverse replay retains a symbol not present in the official checkpoint.
2021-01-29,UNEXPECTED_IN_REPLAY,madrascem,2013-04-18,4942c0f021abcd6ed9702c343c2696ec44cfa8022c7e37448f8a78c075c4a16d,UNRESOLVED_MANUAL_REVIEW,Diagnostic reverse replay retains a symbol not present in the official checkpoint.
2021-01-29,UNEXPECTED_IN_REPLAY,mrpl,2013-04-18,4942c0f021abcd6ed9702c343c2696ec44cfa8022c7e37448f8a78c075c4a16d,UNRESOLVED_MANUAL_REVIEW,Diagnostic reverse replay retains a symbol not present in the official checkpoint.
2021-01-29,UNEXPECTED_IN_REPLAY,nhpc,2013-04-18,4942c0f021abcd6ed9702c343c2696ec44cfa8022c7e37448f8a78c075c4a16d,UNRESOLVED_MANUAL_REVIEW,Diagnostic reverse replay retains a symbol not present in the official checkpoint.
2021-01-29,UNEXPECTED_IN_REPLAY,niittech,2013-04-18,4942c0f021abcd6ed9702c343c2696ec44cfa8022c7e37448f8a78c075c4a16d,UNRESOLVED_MANUAL_REVIEW,Diagnostic reverse replay retains a symbol not present in the official checkpoint.
2021-01-29,UNEXPECTED_IN_REPLAY,optocircui,2013-04-18,4942c0f021abcd6ed9702c343c2696ec44cfa8022c7e37448f8a78c075c4a16d,UNRESOLVED_MANUAL_REVIEW,Diagnostic reverse replay retains a symbol not present in the official checkpoint.
2021-01-29,UNEXPECTED_IN_REPLAY,orissamine,2013-04-18,4942c0f021abcd6ed9702c343c2696ec44cfa8022c7e37448f8a78c075c4a16d,UNRESOLVED_MANUAL_REVIEW,Diagnostic reverse replay retains a symbol not present in the official checkpoint.
2021-01-29,UNEXPECTED_IN_REPLAY,pnbhousing,2013-04-18,4942c0f021abcd6ed9702c343c2696ec44cfa8022c7e37448f8a78c075c4a16d,UNRESOLVED_MANUAL_REVIEW,Diagnostic reverse replay retains a symbol not present in the official checkpoint.
2021-01-29,UNEXPECTED_IN_REPLAY,punjlloyd,2013-04-18,4942c0f021abcd6ed9702c343c2696ec44cfa8022c7e37448f8a78c075c4a16d,UNRESOLVED_MANUAL_REVIEW,Diagnostic reverse replay retains a symbol not present in the official checkpoint.
2021-01-29,UNEXPECTED_IN_REPLAY,quess,2013-04-18,4942c0f021abcd6ed9702c343c2696ec44cfa8022c7e37448f8a78c075c4a16d,UNRESOLVED_MANUAL_REVIEW,Diagnostic reverse replay retains a symbol not present in the official checkpoint.
2021-01-29,UNEXPECTED_IN_REPLAY,rnam,2013-04-18,4942c0f021abcd6ed9702c343c2696ec44cfa8022c7e37448f8a78c075c4a16d,UNRESOLVED_MANUAL_REVIEW,Diagnostic reverse replay retains a symbol not present in the official checkpoint.
2021-01-29,UNEXPECTED_IN_REPLAY,sesagoa,2013-04-18,4942c0f021abcd6ed9702c343c2696ec44cfa8022c7e37448f8a78c075c4a16d,UNRESOLVED_MANUAL_REVIEW,Diagnostic reverse replay retains a symbol not present in the official checkpoint.
2021-01-29,UNEXPECTED_IN_REPLAY,shriramcit,2013-04-18,4942c0f021abcd6ed9702c343c2696ec44cfa8022c7e37448f8a78c075c4a16d,UNRESOLVED_MANUAL_REVIEW,Diagnostic reverse replay retains a symbol not present in the official checkpoint.
2021-01-29,UNEXPECTED_IN_REPLAY,sksmicro,2013-04-18,4942c0f021abcd6ed9702c343c2696ec44cfa8022c7e37448f8a78c075c4a16d,UNRESOLVED_MANUAL_REVIEW,Diagnostic reverse replay retains a symbol not present in the official checkpoint.
2021-01-29,UNEXPECTED_IN_REPLAY,tataglobal,2013-04-18,4942c0f021abcd6ed9702c343c2696ec44cfa8022c7e37448f8a78c075c4a16d,UNRESOLVED_MANUAL_REVIEW,Diagnostic reverse replay retains a symbol not present in the official checkpoint.
2021-01-29,UNEXPECTED_IN_REPLAY,uniphos,2013-04-18,4942c0f021abcd6ed9702c343c2696ec44cfa8022c7e37448f8a78c075c4a16d,UNRESOLVED_MANUAL_REVIEW,Diagnostic reverse replay retains a symbol not present in the official checkpoint.
2021-01-29,UNEXPECTED_IN_REPLAY,welcorp,2013-04-18,4942c0f021abcd6ed9702c343c2696ec44cfa8022c7e37448f8a78c075c4a16d,UNRESOLVED_MANUAL_REVIEW,Diagnostic reverse replay retains a symbol not present in the official checkpoint.
2021-02-26,MISSING_FROM_REPLAY,ajantpharm,2013-04-18,4942c0f021abcd6ed9702c343c2696ec44cfa8022c7e37448f8a78c075c4a16d,UNRESOLVED_MANUAL_REVIEW,No authoritative 2012 anchor or complete certified event chain; symbol is in the official checkpoint but absent from diagnostic replay.
2021-02-26,MISSING_FROM_REPLAY,aplltd,2013-04-18,4942c0f021abcd6ed9702c343c2696ec44cfa8022c7e37448f8a78c075c4a16d,UNRESOLVED_MANUAL_REVIEW,No authoritative 2012 anchor or complete certified event chain; symbol is in the official checkpoint but absent from diagnostic replay.
2021-02-26,MISSING_FROM_REPLAY,atgl,2013-04-18,4942c0f021abcd6ed9702c343c2696ec44cfa8022c7e37448f8a78c075c4a16d,UNRESOLVED_MANUAL_REVIEW,No authoritative 2012 anchor or complete certified event chain; symbol is in the official checkpoint but absent from diagnostic replay.
2021-02-26,MISSING_FROM_REPLAY,bhartiartl,2013-04-18,4942c0f021abcd6ed9702c343c2696ec44cfa8022c7e37448f8a78c075c4a16d,UNRESOLVED_MANUAL_REVIEW,No authoritative 2012 anchor or complete certified event chain; symbol is in the official checkpoint but absent from diagnostic replay.
2021-02-26,MISSING_FROM_REPLAY,britannia,2013-04-18,4942c0f021abcd6ed9702c343c2696ec44cfa8022c7e37448f8a78c075c4a16d,UNRESOLVED_MANUAL_REVIEW,No authoritative 2012 anchor or complete certified event chain; symbol is in the official checkpoint but absent from diagnostic replay.
2021-02-26,MISSING_FROM_REPLAY,coforge,2013-04-18,4942c0f021abcd6ed9702c343c2696ec44cfa8022c7e37448f8a78c075c4a16d,UNRESOLVED_MANUAL_REVIEW,No authoritative 2012 anchor or complete certified event chain; symbol is in the official checkpoint but absent from diagnostic replay.
2021-02-26,MISSING_FROM_REPLAY,colpal,2013-04-18,4942c0f021abcd6ed9702c343c2696ec44cfa8022c7e37448f8a78c075c4a16d,UNRESOLVED_MANUAL_REVIEW,No authoritative 2012 anchor or complete certified event chain; symbol is in the official checkpoint but absent from diagnostic replay.
2021-02-26,MISSING_FROM_REPLAY,dabur,2013-04-18,4942c0f021abcd6ed9702c343c2696ec44cfa8022c7e37448f8a78c075c4a16d,UNRESOLVED_MANUAL_REVIEW,No authoritative 2012 anchor or complete certified event chain; symbol is in the official checkpoint but absent from diagnostic replay.
2021-02-26,MISSING_FROM_REPLAY,dhani,2013-04-18,4942c0f021abcd6ed9702c343c2696ec44cfa8022c7e37448f8a78c075c4a16d,UNRESOLVED_MANUAL_REVIEW,No authoritative 2012 anchor or complete certified event chain; symbol is in the official checkpoint but absent from diagnostic replay.
2021-02-26,MISSING_FROM_REPLAY,gmrinfra,2013-04-18,4942c0f021abcd6ed9702c343c2696ec44cfa8022c7e37448f8a78c075c4a16d,UNRESOLVED_MANUAL_REVIEW,No authoritative 2012 anchor or complete certified event chain; symbol is in the official checkpoint but absent from diagnostic replay.
2021-02-26,MISSING_FROM_REPLAY,hindunilvr,2013-04-18,4942c0f021abcd6ed9702c343c2696ec44cfa8022c7e37448f8a78c075c4a16d,UNRESOLVED_MANUAL_REVIEW,No authoritative 2012 anchor or complete certified event chain; symbol is in the official checkpoint but absent from diagnostic replay.
2021-02-26,MISSING_FROM_REPLAY,ibulhsgfin,2013-04-18,4942c0f021abcd6ed9702c343c2696ec44cfa8022c7e37448f8a78c075c4a16d,UNRESOLVED_MANUAL_REVIEW,No authoritative 2012 anchor or complete certified event chain; symbol is in the official checkpoint but absent from diagnostic replay.
2021-02-26,MISSING_FROM_REPLAY,idfcfirstb,2013-04-18,4942c0f021abcd6ed9702c343c2696ec44cfa8022c7e37448f8a78c075c4a16d,UNRESOLVED_MANUAL_REVIEW,No authoritative 2012 anchor or complete certified event chain; symbol is in the official checkpoint but absent from diagnostic replay.
2021-02-26,MISSING_FROM_REPLAY,igl,2013-04-18,4942c0f021abcd6ed9702c343c2696ec44cfa8022c7e37448f8a78c075c4a16d,UNRESOLVED_MANUAL_REVIEW,No authoritative 2012 anchor or complete certified event chain; symbol is in the official checkpoint but absent from diagnostic replay.
2021-02-26,MISSING_FROM_REPLAY,industower,2013-04-18,4942c0f021abcd6ed9702c343c2696ec44cfa8022c7e37448f8a78c075c4a16d,UNRESOLVED_MANUAL_REVIEW,No authoritative 2012 anchor or complete certified event chain; symbol is in the official checkpoint but absent from diagnostic replay.
2021-02-26,MISSING_FROM_REPLAY,irctc,2013-04-18,4942c0f021abcd6ed9702c343c2696ec44cfa8022c7e37448f8a78c075c4a16d,UNRESOLVED_MANUAL_REVIEW,No authoritative 2012 anchor or complete certified event chain; symbol is in the official checkpoint but absent from diagnostic replay.
2021-02-26,MISSING_FROM_REPLAY,isec,2013-04-18,4942c0f021abcd6ed9702c343c2696ec44cfa8022c7e37448f8a78c075c4a16d,UNRESOLVED_MANUAL_REVIEW,No authoritative 2012 anchor or complete certified event chain; symbol is in the official checkpoint but absent from diagnostic replay.
2021-02-26,MISSING_FROM_REPLAY,lupin,2013-04-18,4942c0f021abcd6ed9702c343c2696ec44cfa8022c7e37448f8a78c075c4a16d,UNRESOLVED_MANUAL_REVIEW,No authoritative 2012 anchor or complete certified event chain; symbol is in the official checkpoint but absent from diagnostic replay.
2021-02-26,MISSING_FROM_REPLAY,mgl,2013-04-18,4942c0f021abcd6ed9702c343c2696ec44cfa8022c7e37448f8a78c075c4a16d,UNRESOLVED_MANUAL_REVIEW,No authoritative 2012 anchor or complete certified event chain; symbol is in the official checkpoint but absent from diagnostic replay.
2021-02-26,MISSING_FROM_REPLAY,nam-india,2013-04-18,4942c0f021abcd6ed9702c343c2696ec44cfa8022c7e37448f8a78c075c4a16d,UNRESOLVED_MANUAL_REVIEW,No authoritative 2012 anchor or complete certified event chain; symbol is in the official checkpoint but absent from diagnostic replay.
2021-02-26,MISSING_FROM_REPLAY,naukri,2013-04-18,4942c0f021abcd6ed9702c343c2696ec44cfa8022c7e37448f8a78c075c4a16d,UNRESOLVED_MANUAL_REVIEW,No authoritative 2012 anchor or complete certified event chain; symbol is in the official checkpoint but absent from diagnostic replay.
2021-02-26,MISSING_FROM_REPLAY,navinfluor,2013-04-18,4942c0f021abcd6ed9702c343c2696ec44cfa8022c7e37448f8a78c075c4a16d,UNRESOLVED_MANUAL_REVIEW,No authoritative 2012 anchor or complete certified event chain; symbol is in the official checkpoint but absent from diagnostic replay.
2021-02-26,MISSING_FROM_REPLAY,nestleind,2013-04-18,4942c0f021abcd6ed9702c343c2696ec44cfa8022c7e37448f8a78c075c4a16d,UNRESOLVED_MANUAL_REVIEW,No authoritative 2012 anchor or complete certified event chain; symbol is in the official checkpoint but absent from diagnostic replay.
2021-02-26,MISSING_FROM_REPLAY,oberoirlty,2013-04-18,4942c0f021abcd6ed9702c343c2696ec44cfa8022c7e37448f8a78c075c4a16d,UNRESOLVED_MANUAL_REVIEW,No authoritative 2012 anchor or complete certified event chain; symbol is in the official checkpoint but absent from diagnostic replay.
2021-02-26,MISSING_FROM_REPLAY,pageind,2013-04-18,4942c0f021abcd6ed9702c343c2696ec44cfa8022c7e37448f8a78c075c4a16d,UNRESOLVED_MANUAL_REVIEW,No authoritative 2012 anchor or complete certified event chain; symbol is in the official checkpoint but absent from diagnostic replay.
2021-02-26,MISSING_FROM_REPLAY,pidilitind,2013-04-18,4942c0f021abcd6ed9702c343c2696ec44cfa8022c7e37448f8a78c075c4a16d,UNRESOLVED_MANUAL_REVIEW,No authoritative 2012 anchor or complete certified event chain; symbol is in the official checkpoint but absent from diagnostic replay.
2021-02-26,MISSING_FROM_REPLAY,reliance,2013-04-18,4942c0f021abcd6ed9702c343c2696ec44cfa8022c7e37448f8a78c075c4a16d,UNRESOLVED_MANUAL_REVIEW,No authoritative 2012 anchor or complete certified event chain; symbol is in the official checkpoint but absent from diagnostic replay.
2021-02-26,MISSING_FROM_REPLAY,sanofi,2013-04-18,4942c0f021abcd6ed9702c343c2696ec44cfa8022c7e37448f8a78c075c4a16d,UNRESOLVED_MANUAL_REVIEW,No authoritative 2012 anchor or complete certified event chain; symbol is in the official checkpoint but absent from diagnostic replay.
2021-02-26,MISSING_FROM_REPLAY,shreecem,2013-04-18,4942c0f021abcd6ed9702c343c2696ec44cfa8022c7e37448f8a78c075c4a16d,UNRESOLVED_MANUAL_REVIEW,No authoritative 2012 anchor or complete certified event chain; symbol is in the official checkpoint but absent from diagnostic replay.
2021-02-26,MISSING_FROM_REPLAY,tataconsum,2013-04-18,4942c0f021abcd6ed9702c343c2696ec44cfa8022c7e37448f8a78c075c4a16d,UNRESOLVED_MANUAL_REVIEW,No authoritative 2012 anchor or complete certified event chain; symbol is in the official checkpoint but absent from diagnostic replay.
2021-02-26,MISSING_FROM_REPLAY,torntpharm,2013-04-18,4942c0f021abcd6ed9702c343c2696ec44cfa8022c7e37448f8a78c075c4a16d,UNRESOLVED_MANUAL_REVIEW,No authoritative 2012 anchor or complete certified event chain; symbol is in the official checkpoint but absent from diagnostic replay.
2021-02-26,MISSING_FROM_REPLAY,torntpower,2013-04-18,4942c0f021abcd6ed9702c343c2696ec44cfa8022c7e37448f8a78c075c4a16d,UNRESOLVED_MANUAL_REVIEW,No authoritative 2012 anchor or complete certified event chain; symbol is in the official checkpoint but absent from diagnostic replay.
2021-02-26,MISSING_FROM_REPLAY,upl,2013-04-18,4942c0f021abcd6ed9702c343c2696ec44cfa8022c7e37448f8a78c075c4a16d,UNRESOLVED_MANUAL_REVIEW,No authoritative 2012 anchor or complete certified event chain; symbol is in the official checkpoint but absent from diagnostic replay.
2021-02-26,MISSING_FROM_REPLAY,vguard,2013-04-18,4942c0f021abcd6ed9702c343c2696ec44cfa8022c7e37448f8a78c075c4a16d,UNRESOLVED_MANUAL_REVIEW,No authoritative 2012 anchor or complete certified event chain; symbol is in the official checkpoint but absent from diagnostic replay.
2021-02-26,MISSING_FROM_REPLAY,yesbank,2013-04-18,4942c0f021abcd6ed9702c343c2696ec44cfa8022c7e37448f8a78c075c4a16d,UNRESOLVED_MANUAL_REVIEW,No authoritative 2012 anchor or complete certified event chain; symbol is in the official checkpoint but absent from diagnostic replay.
2021-02-26,UNEXPECTED_IN_REPLAY,adanigas,2013-04-18,4942c0f021abcd6ed9702c343c2696ec44cfa8022c7e37448f8a78c075c4a16d,UNRESOLVED_MANUAL_REVIEW,Diagnostic reverse replay retains a symbol not present in the official checkpoint.
2021-02-26,UNEXPECTED_IN_REPLAY,adanipower,2013-04-18,4942c0f021abcd6ed9702c343c2696ec44cfa8022c7e37448f8a78c075c4a16d,UNRESOLVED_MANUAL_REVIEW,Diagnostic reverse replay retains a symbol not present in the official checkpoint.
2021-02-26,UNEXPECTED_IN_REPLAY,chamblfert,2013-04-18,4942c0f021abcd6ed9702c343c2696ec44cfa8022c7e37448f8a78c075c4a16d,UNRESOLVED_MANUAL_REVIEW,Diagnostic reverse replay retains a symbol not present in the official checkpoint.
2021-02-26,UNEXPECTED_IN_REPLAY,coreedutec,2013-04-18,4942c0f021abcd6ed9702c343c2696ec44cfa8022c7e37448f8a78c075c4a16d,UNRESOLVED_MANUAL_REVIEW,Diagnostic reverse replay retains a symbol not present in the official checkpoint.
2021-02-26,UNEXPECTED_IN_REPLAY,denabank,2013-04-18,4942c0f021abcd6ed9702c343c2696ec44cfa8022c7e37448f8a78c075c4a16d,UNRESOLVED_MANUAL_REVIEW,Diagnostic reverse replay retains a symbol not present in the official checkpoint.
2021-02-26,UNEXPECTED_IN_REPLAY,finantech,2013-04-18,4942c0f021abcd6ed9702c343c2696ec44cfa8022c7e37448f8a78c075c4a16d,UNRESOLVED_MANUAL_REVIEW,Diagnostic reverse replay retains a symbol not present in the official checkpoint.
2021-02-26,UNEXPECTED_IN_REPLAY,gitanjali,2013-04-18,4942c0f021abcd6ed9702c343c2696ec44cfa8022c7e37448f8a78c075c4a16d,UNRESOLVED_MANUAL_REVIEW,Diagnostic reverse replay retains a symbol not present in the official checkpoint.
2021-02-26,UNEXPECTED_IN_REPLAY,gmdcltd,2013-04-18,4942c0f021abcd6ed9702c343c2696ec44cfa8022c7e37448f8a78c075c4a16d,UNRESOLVED_MANUAL_REVIEW,Diagnostic reverse replay retains a symbol not present in the official checkpoint.
2021-02-26,UNEXPECTED_IN_REPLAY,gujratgas,2013-04-18,4942c0f021abcd6ed9702c343c2696ec44cfa8022c7e37448f8a78c075c4a16d,UNRESOLVED_MANUAL_REVIEW,Diagnostic reverse replay retains a symbol not present in the official checkpoint.
2021-02-26,UNEXPECTED_IN_REPLAY,gvkpil,2013-04-18,4942c0f021abcd6ed9702c343c2696ec44cfa8022c7e37448f8a78c075c4a16d,UNRESOLVED_MANUAL_REVIEW,Diagnostic reverse replay retains a symbol not present in the official checkpoint.
2021-02-26,UNEXPECTED_IN_REPLAY,hathway,2013-04-18,4942c0f021abcd6ed9702c343c2696ec44cfa8022c7e37448f8a78c075c4a16d,UNRESOLVED_MANUAL_REVIEW,Diagnostic reverse replay retains a symbol not present in the official checkpoint.
2021-02-26,UNEXPECTED_IN_REPLAY,hexaware,2013-04-18,4942c0f021abcd6ed9702c343c2696ec44cfa8022c7e37448f8a78c075c4a16d,UNRESOLVED_MANUAL_REVIEW,Diagnostic reverse replay retains a symbol not present in the official checkpoint.
2021-02-26,UNEXPECTED_IN_REPLAY,ibventures,2013-04-18,4942c0f021abcd6ed9702c343c2696ec44cfa8022c7e37448f8a78c075c4a16d,UNRESOLVED_MANUAL_REVIEW,Diagnostic reverse replay retains a symbol not present in the official checkpoint.
2021-02-26,UNEXPECTED_IN_REPLAY,idbi,2013-04-18,4942c0f021abcd6ed9702c343c2696ec44cfa8022c7e37448f8a78c075c4a16d,UNRESOLVED_MANUAL_REVIEW,Diagnostic reverse replay retains a symbol not present in the official checkpoint.
2021-02-26,UNEXPECTED_IN_REPLAY,idfcbank,2013-04-18,4942c0f021abcd6ed9702c343c2696ec44cfa8022c7e37448f8a78c075c4a16d,UNRESOLVED_MANUAL_REVIEW,Diagnostic reverse replay retains a symbol not present in the official checkpoint.
2021-02-26,UNEXPECTED_IN_REPLAY,indiainfo,2013-04-18,4942c0f021abcd6ed9702c343c2696ec44cfa8022c7e37448f8a78c075c4a16d,UNRESOLVED_MANUAL_REVIEW,Diagnostic reverse replay retains a symbol not present in the official checkpoint.
2021-02-26,UNEXPECTED_IN_REPLAY,ivrclinfra,2013-04-18,4942c0f021abcd6ed9702c343c2696ec44cfa8022c7e37448f8a78c075c4a16d,UNRESOLVED_MANUAL_REVIEW,Diagnostic reverse replay retains a symbol not present in the official checkpoint.
2021-02-26,UNEXPECTED_IN_REPLAY,jindalsaw,2013-04-18,4942c0f021abcd6ed9702c343c2696ec44cfa8022c7e37448f8a78c075c4a16d,UNRESOLVED_MANUAL_REVIEW,Diagnostic reverse replay retains a symbol not present in the official checkpoint.
2021-02-26,UNEXPECTED_IN_REPLAY,jubilant,2013-04-18,4942c0f021abcd6ed9702c343c2696ec44cfa8022c7e37448f8a78c075c4a16d,UNRESOLVED_MANUAL_REVIEW,Diagnostic reverse replay retains a symbol not present in the official checkpoint.
2021-02-26,UNEXPECTED_IN_REPLAY,litl,2013-04-18,4942c0f021abcd6ed9702c343c2696ec44cfa8022c7e37448f8a78c075c4a16d,UNRESOLVED_MANUAL_REVIEW,Diagnostic reverse replay retains a symbol not present in the official checkpoint.
2021-02-26,UNEXPECTED_IN_REPLAY,madrascem,2013-04-18,4942c0f021abcd6ed9702c343c2696ec44cfa8022c7e37448f8a78c075c4a16d,UNRESOLVED_MANUAL_REVIEW,Diagnostic reverse replay retains a symbol not present in the official checkpoint.
2021-02-26,UNEXPECTED_IN_REPLAY,mrpl,2013-04-18,4942c0f021abcd6ed9702c343c2696ec44cfa8022c7e37448f8a78c075c4a16d,UNRESOLVED_MANUAL_REVIEW,Diagnostic reverse replay retains a symbol not present in the official checkpoint.
2021-02-26,UNEXPECTED_IN_REPLAY,nhpc,2013-04-18,4942c0f021abcd6ed9702c343c2696ec44cfa8022c7e37448f8a78c075c4a16d,UNRESOLVED_MANUAL_REVIEW,Diagnostic reverse replay retains a symbol not present in the official checkpoint.
2021-02-26,UNEXPECTED_IN_REPLAY,niittech,2013-04-18,4942c0f021abcd6ed9702c343c2696ec44cfa8022c7e37448f8a78c075c4a16d,UNRESOLVED_MANUAL_REVIEW,Diagnostic reverse replay retains a symbol not present in the official checkpoint.
2021-02-26,UNEXPECTED_IN_REPLAY,optocircui,2013-04-18,4942c0f021abcd6ed9702c343c2696ec44cfa8022c7e37448f8a78c075c4a16d,UNRESOLVED_MANUAL_REVIEW,Diagnostic reverse replay retains a symbol not present in the official checkpoint.
2021-02-26,UNEXPECTED_IN_REPLAY,orissamine,2013-04-18,4942c0f021abcd6ed9702c343c2696ec44cfa8022c7e37448f8a78c075c4a16d,UNRESOLVED_MANUAL_REVIEW,Diagnostic reverse replay retains a symbol not present in the official checkpoint.
2021-02-26,UNEXPECTED_IN_REPLAY,pnbhousing,2013-04-18,4942c0f021abcd6ed9702c343c2696ec44cfa8022c7e37448f8a78c075c4a16d,UNRESOLVED_MANUAL_REVIEW,Diagnostic reverse replay retains a symbol not present in the official checkpoint.
2021-02-26,UNEXPECTED_IN_REPLAY,punjlloyd,2013-04-18,4942c0f021abcd6ed9702c343c2696ec44cfa8022c7e37448f8a78c075c4a16d,UNRESOLVED_MANUAL_REVIEW,Diagnostic reverse replay retains a symbol not present in the official checkpoint.
2021-02-26,UNEXPECTED_IN_REPLAY,quess,2013-04-18,4942c0f021abcd6ed9702c343c2696ec44cfa8022c7e37448f8a78c075c4a16d,UNRESOLVED_MANUAL_REVIEW,Diagnostic reverse replay retains a symbol not present in the official checkpoint.
2021-02-26,UNEXPECTED_IN_REPLAY,rnam,2013-04-18,4942c0f021abcd6ed9702c343c2696ec44cfa8022c7e37448f8a78c075c4a16d,UNRESOLVED_MANUAL_REVIEW,Diagnostic reverse replay retains a symbol not present in the official checkpoint.
2021-02-26,UNEXPECTED_IN_REPLAY,sesagoa,2013-04-18,4942c0f021abcd6ed9702c343c2696ec44cfa8022c7e37448f8a78c075c4a16d,UNRESOLVED_MANUAL_REVIEW,Diagnostic reverse replay retains a symbol not present in the official checkpoint.
2021-02-26,UNEXPECTED_IN_REPLAY,shriramcit,2013-04-18,4942c0f021abcd6ed9702c343c2696ec44cfa8022c7e37448f8a78c075c4a16d,UNRESOLVED_MANUAL_REVIEW,Diagnostic reverse replay retains a symbol not present in the official checkpoint.
2021-02-26,UNEXPECTED_IN_REPLAY,sksmicro,2013-04-18,4942c0f021abcd6ed9702c343c2696ec44cfa8022c7e37448f8a78c075c4a16d,UNRESOLVED_MANUAL_REVIEW,Diagnostic reverse replay retains a symbol not present in the official checkpoint.
2021-02-26,UNEXPECTED_IN_REPLAY,tataglobal,2013-04-18,4942c0f021abcd6ed9702c343c2696ec44cfa8022c7e37448f8a78c075c4a16d,UNRESOLVED_MANUAL_REVIEW,Diagnostic reverse replay retains a symbol not present in the official checkpoint.
2021-02-26,UNEXPECTED_IN_REPLAY,uniphos,2013-04-18,4942c0f021abcd6ed9702c343c2696ec44cfa8022c7e37448f8a78c075c4a16d,UNRESOLVED_MANUAL_REVIEW,Diagnostic reverse replay retains a symbol not present in the official checkpoint.
2021-02-26,UNEXPECTED_IN_REPLAY,welcorp,2013-04-18,4942c0f021abcd6ed9702c343c2696ec44cfa8022c7e37448f8a78c075c4a16d,UNRESOLVED_MANUAL_REVIEW,Diagnostic reverse replay retains a symbol not present in the official checkpoint.
2021-03-31,MISSING_FROM_REPLAY,ajantpharm,2013-04-18,4942c0f021abcd6ed9702c343c2696ec44cfa8022c7e37448f8a78c075c4a16d,UNRESOLVED_MANUAL_REVIEW,No authoritative 2012 anchor or complete certified event chain; symbol is in the official checkpoint but absent from diagnostic replay.
2021-03-31,MISSING_FROM_REPLAY,aplltd,2013-04-18,4942c0f021abcd6ed9702c343c2696ec44cfa8022c7e37448f8a78c075c4a16d,UNRESOLVED_MANUAL_REVIEW,No authoritative 2012 anchor or complete certified event chain; symbol is in the official checkpoint but absent from diagnostic replay.
2021-03-31,MISSING_FROM_REPLAY,atgl,2013-04-18,4942c0f021abcd6ed9702c343c2696ec44cfa8022c7e37448f8a78c075c4a16d,UNRESOLVED_MANUAL_REVIEW,No authoritative 2012 anchor or complete certified event chain; symbol is in the official checkpoint but absent from diagnostic replay.
2021-03-31,MISSING_FROM_REPLAY,bhartiartl,2013-04-18,4942c0f021abcd6ed9702c343c2696ec44cfa8022c7e37448f8a78c075c4a16d,UNRESOLVED_MANUAL_REVIEW,No authoritative 2012 anchor or complete certified event chain; symbol is in the official checkpoint but absent from diagnostic replay.
2021-03-31,MISSING_FROM_REPLAY,britannia,2013-04-18,4942c0f021abcd6ed9702c343c2696ec44cfa8022c7e37448f8a78c075c4a16d,UNRESOLVED_MANUAL_REVIEW,No authoritative 2012 anchor or complete certified event chain; symbol is in the official checkpoint but absent from diagnostic replay.
2021-03-31,MISSING_FROM_REPLAY,coforge,2013-04-18,4942c0f021abcd6ed9702c343c2696ec44cfa8022c7e37448f8a78c075c4a16d,UNRESOLVED_MANUAL_REVIEW,No authoritative 2012 anchor or complete certified event chain; symbol is in the official checkpoint but absent from diagnostic replay.
2021-03-31,MISSING_FROM_REPLAY,colpal,2013-04-18,4942c0f021abcd6ed9702c343c2696ec44cfa8022c7e37448f8a78c075c4a16d,UNRESOLVED_MANUAL_REVIEW,No authoritative 2012 anchor or complete certified event chain; symbol is in the official checkpoint but absent from diagnostic replay.
2021-03-31,MISSING_FROM_REPLAY,dabur,2013-04-18,4942c0f021abcd6ed9702c343c2696ec44cfa8022c7e37448f8a78c075c4a16d,UNRESOLVED_MANUAL_REVIEW,No authoritative 2012 anchor or complete certified event chain; symbol is in the official checkpoint but absent from diagnostic replay.
2021-03-31,MISSING_FROM_REPLAY,dhani,2013-04-18,4942c0f021abcd6ed9702c343c2696ec44cfa8022c7e37448f8a78c075c4a16d,UNRESOLVED_MANUAL_REVIEW,No authoritative 2012 anchor or complete certified event chain; symbol is in the official checkpoint but absent from diagnostic replay.
2021-03-31,MISSING_FROM_REPLAY,gmrinfra,2013-04-18,4942c0f021abcd6ed9702c343c2696ec44cfa8022c7e37448f8a78c075c4a16d,UNRESOLVED_MANUAL_REVIEW,No authoritative 2012 anchor or complete certified event chain; symbol is in the official checkpoint but absent from diagnostic replay.
2021-03-31,MISSING_FROM_REPLAY,hal,2013-04-18,4942c0f021abcd6ed9702c343c2696ec44cfa8022c7e37448f8a78c075c4a16d,UNRESOLVED_MANUAL_REVIEW,No authoritative 2012 anchor or complete certified event chain; symbol is in the official checkpoint but absent from diagnostic replay.
2021-03-31,MISSING_FROM_REPLAY,hindunilvr,2013-04-18,4942c0f021abcd6ed9702c343c2696ec44cfa8022c7e37448f8a78c075c4a16d,UNRESOLVED_MANUAL_REVIEW,No authoritative 2012 anchor or complete certified event chain; symbol is in the official checkpoint but absent from diagnostic replay.
2021-03-31,MISSING_FROM_REPLAY,ibulhsgfin,2013-04-18,4942c0f021abcd6ed9702c343c2696ec44cfa8022c7e37448f8a78c075c4a16d,UNRESOLVED_MANUAL_REVIEW,No authoritative 2012 anchor or complete certified event chain; symbol is in the official checkpoint but absent from diagnostic replay.
2021-03-31,MISSING_FROM_REPLAY,idfcfirstb,2013-04-18,4942c0f021abcd6ed9702c343c2696ec44cfa8022c7e37448f8a78c075c4a16d,UNRESOLVED_MANUAL_REVIEW,No authoritative 2012 anchor or complete certified event chain; symbol is in the official checkpoint but absent from diagnostic replay.
2021-03-31,MISSING_FROM_REPLAY,igl,2013-04-18,4942c0f021abcd6ed9702c343c2696ec44cfa8022c7e37448f8a78c075c4a16d,UNRESOLVED_MANUAL_REVIEW,No authoritative 2012 anchor or complete certified event chain; symbol is in the official checkpoint but absent from diagnostic replay.
2021-03-31,MISSING_FROM_REPLAY,industower,2013-04-18,4942c0f021abcd6ed9702c343c2696ec44cfa8022c7e37448f8a78c075c4a16d,UNRESOLVED_MANUAL_REVIEW,No authoritative 2012 anchor or complete certified event chain; symbol is in the official checkpoint but absent from diagnostic replay.
2021-03-31,MISSING_FROM_REPLAY,irctc,2013-04-18,4942c0f021abcd6ed9702c343c2696ec44cfa8022c7e37448f8a78c075c4a16d,UNRESOLVED_MANUAL_REVIEW,No authoritative 2012 anchor or complete certified event chain; symbol is in the official checkpoint but absent from diagnostic replay.
2021-03-31,MISSING_FROM_REPLAY,isec,2013-04-18,4942c0f021abcd6ed9702c343c2696ec44cfa8022c7e37448f8a78c075c4a16d,UNRESOLVED_MANUAL_REVIEW,No authoritative 2012 anchor or complete certified event chain; symbol is in the official checkpoint but absent from diagnostic replay.
2021-03-31,MISSING_FROM_REPLAY,lupin,2013-04-18,4942c0f021abcd6ed9702c343c2696ec44cfa8022c7e37448f8a78c075c4a16d,UNRESOLVED_MANUAL_REVIEW,No authoritative 2012 anchor or complete certified event chain; symbol is in the official checkpoint but absent from diagnostic replay.
2021-03-31,MISSING_FROM_REPLAY,mgl,2013-04-18,4942c0f021abcd6ed9702c343c2696ec44cfa8022c7e37448f8a78c075c4a16d,UNRESOLVED_MANUAL_REVIEW,No authoritative 2012 anchor or complete certified event chain; symbol is in the official checkpoint but absent from diagnostic replay.
2021-03-31,MISSING_FROM_REPLAY,nam-india,2013-04-18,4942c0f021abcd6ed9702c343c2696ec44cfa8022c7e37448f8a78c075c4a16d,UNRESOLVED_MANUAL_REVIEW,No authoritative 2012 anchor or complete certified event chain; symbol is in the official checkpoint but absent from diagnostic replay.
2021-03-31,MISSING_FROM_REPLAY,naukri,2013-04-18,4942c0f021abcd6ed9702c343c2696ec44cfa8022c7e37448f8a78c075c4a16d,UNRESOLVED_MANUAL_REVIEW,No authoritative 2012 anchor or complete certified event chain; symbol is in the official checkpoint but absent from diagnostic replay.
2021-03-31,MISSING_FROM_REPLAY,navinfluor,2013-04-18,4942c0f021abcd6ed9702c343c2696ec44cfa8022c7e37448f8a78c075c4a16d,UNRESOLVED_MANUAL_REVIEW,No authoritative 2012 anchor or complete certified event chain; symbol is in the official checkpoint but absent from diagnostic replay.
2021-03-31,MISSING_FROM_REPLAY,nestleind,2013-04-18,4942c0f021abcd6ed9702c343c2696ec44cfa8022c7e37448f8a78c075c4a16d,UNRESOLVED_MANUAL_REVIEW,No authoritative 2012 anchor or complete certified event chain; symbol is in the official checkpoint but absent from diagnostic replay.
2021-03-31,MISSING_FROM_REPLAY,oberoirlty,2013-04-18,4942c0f021abcd6ed9702c343c2696ec44cfa8022c7e37448f8a78c075c4a16d,UNRESOLVED_MANUAL_REVIEW,No authoritative 2012 anchor or complete certified event chain; symbol is in the official checkpoint but absent from diagnostic replay.
2021-03-31,MISSING_FROM_REPLAY,pageind,2013-04-18,4942c0f021abcd6ed9702c343c2696ec44cfa8022c7e37448f8a78c075c4a16d,UNRESOLVED_MANUAL_REVIEW,No authoritative 2012 anchor or complete certified event chain; symbol is in the official checkpoint but absent from diagnostic replay.
2021-03-31,MISSING_FROM_REPLAY,pidilitind,2013-04-18,4942c0f021abcd6ed9702c343c2696ec44cfa8022c7e37448f8a78c075c4a16d,UNRESOLVED_MANUAL_REVIEW,No authoritative 2012 anchor or complete certified event chain; symbol is in the official checkpoint but absent from diagnostic replay.
2021-03-31,MISSING_FROM_REPLAY,reliance,2013-04-18,4942c0f021abcd6ed9702c343c2696ec44cfa8022c7e37448f8a78c075c4a16d,UNRESOLVED_MANUAL_REVIEW,No authoritative 2012 anchor or complete certified event chain; symbol is in the official checkpoint but absent from diagnostic replay.
2021-03-31,MISSING_FROM_REPLAY,sanofi,2013-04-18,4942c0f021abcd6ed9702c343c2696ec44cfa8022c7e37448f8a78c075c4a16d,UNRESOLVED_MANUAL_REVIEW,No authoritative 2012 anchor or complete certified event chain; symbol is in the official checkpoint but absent from diagnostic replay.
2021-03-31,MISSING_FROM_REPLAY,shreecem,2013-04-18,4942c0f021abcd6ed9702c343c2696ec44cfa8022c7e37448f8a78c075c4a16d,UNRESOLVED_MANUAL_REVIEW,No authoritative 2012 anchor or complete certified event chain; symbol is in the official checkpoint but absent from diagnostic replay.
2021-03-31,MISSING_FROM_REPLAY,tataconsum,2013-04-18,4942c0f021abcd6ed9702c343c2696ec44cfa8022c7e37448f8a78c075c4a16d,UNRESOLVED_MANUAL_REVIEW,No authoritative 2012 anchor or complete certified event chain; symbol is in the official checkpoint but absent from diagnostic replay.
2021-03-31,MISSING_FROM_REPLAY,torntpharm,2013-04-18,4942c0f021abcd6ed9702c343c2696ec44cfa8022c7e37448f8a78c075c4a16d,UNRESOLVED_MANUAL_REVIEW,No authoritative 2012 anchor or complete certified event chain; symbol is in the official checkpoint but absent from diagnostic replay.
2021-03-31,MISSING_FROM_REPLAY,torntpower,2013-04-18,4942c0f021abcd6ed9702c343c2696ec44cfa8022c7e37448f8a78c075c4a16d,UNRESOLVED_MANUAL_REVIEW,No authoritative 2012 anchor or complete certified event chain; symbol is in the official checkpoint but absent from diagnostic replay.
2021-03-31,MISSING_FROM_REPLAY,upl,2013-04-18,4942c0f021abcd6ed9702c343c2696ec44cfa8022c7e37448f8a78c075c4a16d,UNRESOLVED_MANUAL_REVIEW,No authoritative 2012 anchor or complete certified event chain; symbol is in the official checkpoint but absent from diagnostic replay.
2021-03-31,MISSING_FROM_REPLAY,vguard,2013-04-18,4942c0f021abcd6ed9702c343c2696ec44cfa8022c7e37448f8a78c075c4a16d,UNRESOLVED_MANUAL_REVIEW,No authoritative 2012 anchor or complete certified event chain; symbol is in the official checkpoint but absent from diagnostic replay.
2021-03-31,MISSING_FROM_REPLAY,yesbank,2013-04-18,4942c0f021abcd6ed9702c343c2696ec44cfa8022c7e37448f8a78c075c4a16d,UNRESOLVED_MANUAL_REVIEW,No authoritative 2012 anchor or complete certified event chain; symbol is in the official checkpoint but absent from diagnostic replay.
2021-03-31,UNEXPECTED_IN_REPLAY,adanigas,2013-04-18,4942c0f021abcd6ed9702c343c2696ec44cfa8022c7e37448f8a78c075c4a16d,UNRESOLVED_MANUAL_REVIEW,Diagnostic reverse replay retains a symbol not present in the official checkpoint.
2021-03-31,UNEXPECTED_IN_REPLAY,adanipower,2013-04-18,4942c0f021abcd6ed9702c343c2696ec44cfa8022c7e37448f8a78c075c4a16d,UNRESOLVED_MANUAL_REVIEW,Diagnostic reverse replay retains a symbol not present in the official checkpoint.
2021-03-31,UNEXPECTED_IN_REPLAY,chamblfert,2013-04-18,4942c0f021abcd6ed9702c343c2696ec44cfa8022c7e37448f8a78c075c4a16d,UNRESOLVED_MANUAL_REVIEW,Diagnostic reverse replay retains a symbol not present in the official checkpoint.
2021-03-31,UNEXPECTED_IN_REPLAY,coreedutec,2013-04-18,4942c0f021abcd6ed9702c343c2696ec44cfa8022c7e37448f8a78c075c4a16d,UNRESOLVED_MANUAL_REVIEW,Diagnostic reverse replay retains a symbol not present in the official checkpoint.
2021-03-31,UNEXPECTED_IN_REPLAY,denabank,2013-04-18,4942c0f021abcd6ed9702c343c2696ec44cfa8022c7e37448f8a78c075c4a16d,UNRESOLVED_MANUAL_REVIEW,Diagnostic reverse replay retains a symbol not present in the official checkpoint.
2021-03-31,UNEXPECTED_IN_REPLAY,finantech,2013-04-18,4942c0f021abcd6ed9702c343c2696ec44cfa8022c7e37448f8a78c075c4a16d,UNRESOLVED_MANUAL_REVIEW,Diagnostic reverse replay retains a symbol not present in the official checkpoint.
2021-03-31,UNEXPECTED_IN_REPLAY,gitanjali,2013-04-18,4942c0f021abcd6ed9702c343c2696ec44cfa8022c7e37448f8a78c075c4a16d,UNRESOLVED_MANUAL_REVIEW,Diagnostic reverse replay retains a symbol not present in the official checkpoint.
2021-03-31,UNEXPECTED_IN_REPLAY,gmdcltd,2013-04-18,4942c0f021abcd6ed9702c343c2696ec44cfa8022c7e37448f8a78c075c4a16d,UNRESOLVED_MANUAL_REVIEW,Diagnostic reverse replay retains a symbol not present in the official checkpoint.
2021-03-31,UNEXPECTED_IN_REPLAY,gujratgas,2013-04-18,4942c0f021abcd6ed9702c343c2696ec44cfa8022c7e37448f8a78c075c4a16d,UNRESOLVED_MANUAL_REVIEW,Diagnostic reverse replay retains a symbol not present in the official checkpoint.
2021-03-31,UNEXPECTED_IN_REPLAY,gvkpil,2013-04-18,4942c0f021abcd6ed9702c343c2696ec44cfa8022c7e37448f8a78c075c4a16d,UNRESOLVED_MANUAL_REVIEW,Diagnostic reverse replay retains a symbol not present in the official checkpoint.
2021-03-31,UNEXPECTED_IN_REPLAY,hathway,2013-04-18,4942c0f021abcd6ed9702c343c2696ec44cfa8022c7e37448f8a78c075c4a16d,UNRESOLVED_MANUAL_REVIEW,Diagnostic reverse replay retains a symbol not present in the official checkpoint.
2021-03-31,UNEXPECTED_IN_REPLAY,hexaware,2013-04-18,4942c0f021abcd6ed9702c343c2696ec44cfa8022c7e37448f8a78c075c4a16d,UNRESOLVED_MANUAL_REVIEW,Diagnostic reverse replay retains a symbol not present in the official checkpoint.
2021-03-31,UNEXPECTED_IN_REPLAY,ibventures,2013-04-18,4942c0f021abcd6ed9702c343c2696ec44cfa8022c7e37448f8a78c075c4a16d,UNRESOLVED_MANUAL_REVIEW,Diagnostic reverse replay retains a symbol not present in the official checkpoint.
2021-03-31,UNEXPECTED_IN_REPLAY,idbi,2013-04-18,4942c0f021abcd6ed9702c343c2696ec44cfa8022c7e37448f8a78c075c4a16d,UNRESOLVED_MANUAL_REVIEW,Diagnostic reverse replay retains a symbol not present in the official checkpoint.
2021-03-31,UNEXPECTED_IN_REPLAY,idfcbank,2013-04-18,4942c0f021abcd6ed9702c343c2696ec44cfa8022c7e37448f8a78c075c4a16d,UNRESOLVED_MANUAL_REVIEW,Diagnostic reverse replay retains a symbol not present in the official checkpoint.
2021-03-31,UNEXPECTED_IN_REPLAY,indiainfo,2013-04-18,4942c0f021abcd6ed9702c343c2696ec44cfa8022c7e37448f8a78c075c4a16d,UNRESOLVED_MANUAL_REVIEW,Diagnostic reverse replay retains a symbol not present in the official checkpoint.
2021-03-31,UNEXPECTED_IN_REPLAY,ivrclinfra,2013-04-18,4942c0f021abcd6ed9702c343c2696ec44cfa8022c7e37448f8a78c075c4a16d,UNRESOLVED_MANUAL_REVIEW,Diagnostic reverse replay retains a symbol not present in the official checkpoint.
2021-03-31,UNEXPECTED_IN_REPLAY,jindalsaw,2013-04-18,4942c0f021abcd6ed9702c343c2696ec44cfa8022c7e37448f8a78c075c4a16d,UNRESOLVED_MANUAL_REVIEW,Diagnostic reverse replay retains a symbol not present in the official checkpoint.
2021-03-31,UNEXPECTED_IN_REPLAY,jubilant,2013-04-18,4942c0f021abcd6ed9702c343c2696ec44cfa8022c7e37448f8a78c075c4a16d,UNRESOLVED_MANUAL_REVIEW,Diagnostic reverse replay retains a symbol not present in the official checkpoint.
2021-03-31,UNEXPECTED_IN_REPLAY,litl,2013-04-18,4942c0f021abcd6ed9702c343c2696ec44cfa8022c7e37448f8a78c075c4a16d,UNRESOLVED_MANUAL_REVIEW,Diagnostic reverse replay retains a symbol not present in the official checkpoint.
2021-03-31,UNEXPECTED_IN_REPLAY,madrascem,2013-04-18,4942c0f021abcd6ed9702c343c2696ec44cfa8022c7e37448f8a78c075c4a16d,UNRESOLVED_MANUAL_REVIEW,Diagnostic reverse replay retains a symbol not present in the official checkpoint.
2021-03-31,UNEXPECTED_IN_REPLAY,mrpl,2013-04-18,4942c0f021abcd6ed9702c343c2696ec44cfa8022c7e37448f8a78c075c4a16d,UNRESOLVED_MANUAL_REVIEW,Diagnostic reverse replay retains a symbol not present in the official checkpoint.
2021-03-31,UNEXPECTED_IN_REPLAY,nhpc,2013-04-18,4942c0f021abcd6ed9702c343c2696ec44cfa8022c7e37448f8a78c075c4a16d,UNRESOLVED_MANUAL_REVIEW,Diagnostic reverse replay retains a symbol not present in the official checkpoint.
2021-03-31,UNEXPECTED_IN_REPLAY,niittech,2013-04-18,4942c0f021abcd6ed9702c343c2696ec44cfa8022c7e37448f8a78c075c4a16d,UNRESOLVED_MANUAL_REVIEW,Diagnostic reverse replay retains a symbol not present in the official checkpoint.
2021-03-31,UNEXPECTED_IN_REPLAY,optocircui,2013-04-18,4942c0f021abcd6ed9702c343c2696ec44cfa8022c7e37448f8a78c075c4a16d,UNRESOLVED_MANUAL_REVIEW,Diagnostic reverse replay retains a symbol not present in the official checkpoint.
2021-03-31,UNEXPECTED_IN_REPLAY,orissamine,2013-04-18,4942c0f021abcd6ed9702c343c2696ec44cfa8022c7e37448f8a78c075c4a16d,UNRESOLVED_MANUAL_REVIEW,Diagnostic reverse replay retains a symbol not present in the official checkpoint.
2021-03-31,UNEXPECTED_IN_REPLAY,pnbhousing,2013-04-18,4942c0f021abcd6ed9702c343c2696ec44cfa8022c7e37448f8a78c075c4a16d,UNRESOLVED_MANUAL_REVIEW,Diagnostic reverse replay retains a symbol not present in the official checkpoint.
2021-03-31,UNEXPECTED_IN_REPLAY,punjlloyd,2013-04-18,4942c0f021abcd6ed9702c343c2696ec44cfa8022c7e37448f8a78c075c4a16d,UNRESOLVED_MANUAL_REVIEW,Diagnostic reverse replay retains a symbol not present in the official checkpoint.
2021-03-31,UNEXPECTED_IN_REPLAY,quess,2013-04-18,4942c0f021abcd6ed9702c343c2696ec44cfa8022c7e37448f8a78c075c4a16d,UNRESOLVED_MANUAL_REVIEW,Diagnostic reverse replay retains a symbol not present in the official checkpoint.
2021-03-31,UNEXPECTED_IN_REPLAY,rnam,2013-04-18,4942c0f021abcd6ed9702c343c2696ec44cfa8022c7e37448f8a78c075c4a16d,UNRESOLVED_MANUAL_REVIEW,Diagnostic reverse replay retains a symbol not present in the official checkpoint.
2021-03-31,UNEXPECTED_IN_REPLAY,sesagoa,2013-04-18,4942c0f021abcd6ed9702c343c2696ec44cfa8022c7e37448f8a78c075c4a16d,UNRESOLVED_MANUAL_REVIEW,Diagnostic reverse replay retains a symbol not present in the official checkpoint.
2021-03-31,UNEXPECTED_IN_REPLAY,shriramcit,2013-04-18,4942c0f021abcd6ed9702c343c2696ec44cfa8022c7e37448f8a78c075c4a16d,UNRESOLVED_MANUAL_REVIEW,Diagnostic reverse replay retains a symbol not present in the official checkpoint.
2021-03-31,UNEXPECTED_IN_REPLAY,sksmicro,2013-04-18,4942c0f021abcd6ed9702c343c2696ec44cfa8022c7e37448f8a78c075c4a16d,UNRESOLVED_MANUAL_REVIEW,Diagnostic reverse replay retains a symbol not present in the official checkpoint.
2021-03-31,UNEXPECTED_IN_REPLAY,tataglobal,2013-04-18,4942c0f021abcd6ed9702c343c2696ec44cfa8022c7e37448f8a78c075c4a16d,UNRESOLVED_MANUAL_REVIEW,Diagnostic reverse replay retains a symbol not present in the official checkpoint.
2021-03-31,UNEXPECTED_IN_REPLAY,uniphos,2013-04-18,4942c0f021abcd6ed9702c343c2696ec44cfa8022c7e37448f8a78c075c4a16d,UNRESOLVED_MANUAL_REVIEW,Diagnostic reverse replay retains a symbol not present in the official checkpoint.
2021-03-31,UNEXPECTED_IN_REPLAY,welcorp,2013-04-18,4942c0f021abcd6ed9702c343c2696ec44cfa8022c7e37448f8a78c075c4a16d,UNRESOLVED_MANUAL_REVIEW,Diagnostic reverse replay retains a symbol not present in the official checkpoint.
2021-04-30,MISSING_FROM_REPLAY,ajantpharm,2013-04-18,4942c0f021abcd6ed9702c343c2696ec44cfa8022c7e37448f8a78c075c4a16d,UNRESOLVED_MANUAL_REVIEW,No authoritative 2012 anchor or complete certified event chain; symbol is in the official checkpoint but absent from diagnostic replay.
2021-04-30,MISSING_FROM_REPLAY,aplltd,2013-04-18,4942c0f021abcd6ed9702c343c2696ec44cfa8022c7e37448f8a78c075c4a16d,UNRESOLVED_MANUAL_REVIEW,No authoritative 2012 anchor or complete certified event chain; symbol is in the official checkpoint but absent from diagnostic replay.
2021-04-30,MISSING_FROM_REPLAY,atgl,2013-04-18,4942c0f021abcd6ed9702c343c2696ec44cfa8022c7e37448f8a78c075c4a16d,UNRESOLVED_MANUAL_REVIEW,No authoritative 2012 anchor or complete certified event chain; symbol is in the official checkpoint but absent from diagnostic replay.
2021-04-30,MISSING_FROM_REPLAY,bhartiartl,2013-04-18,4942c0f021abcd6ed9702c343c2696ec44cfa8022c7e37448f8a78c075c4a16d,UNRESOLVED_MANUAL_REVIEW,No authoritative 2012 anchor or complete certified event chain; symbol is in the official checkpoint but absent from diagnostic replay.
2021-04-30,MISSING_FROM_REPLAY,britannia,2013-04-18,4942c0f021abcd6ed9702c343c2696ec44cfa8022c7e37448f8a78c075c4a16d,UNRESOLVED_MANUAL_REVIEW,No authoritative 2012 anchor or complete certified event chain; symbol is in the official checkpoint but absent from diagnostic replay.
2021-04-30,MISSING_FROM_REPLAY,coforge,2013-04-18,4942c0f021abcd6ed9702c343c2696ec44cfa8022c7e37448f8a78c075c4a16d,UNRESOLVED_MANUAL_REVIEW,No authoritative 2012 anchor or complete certified event chain; symbol is in the official checkpoint but absent from diagnostic replay.
2021-04-30,MISSING_FROM_REPLAY,colpal,2013-04-18,4942c0f021abcd6ed9702c343c2696ec44cfa8022c7e37448f8a78c075c4a16d,UNRESOLVED_MANUAL_REVIEW,No authoritative 2012 anchor or complete certified event chain; symbol is in the official checkpoint but absent from diagnostic replay.
2021-04-30,MISSING_FROM_REPLAY,dabur,2013-04-18,4942c0f021abcd6ed9702c343c2696ec44cfa8022c7e37448f8a78c075c4a16d,UNRESOLVED_MANUAL_REVIEW,No authoritative 2012 anchor or complete certified event chain; symbol is in the official checkpoint but absent from diagnostic replay.
2021-04-30,MISSING_FROM_REPLAY,dhani,2013-04-18,4942c0f021abcd6ed9702c343c2696ec44cfa8022c7e37448f8a78c075c4a16d,UNRESOLVED_MANUAL_REVIEW,No authoritative 2012 anchor or complete certified event chain; symbol is in the official checkpoint but absent from diagnostic replay.
2021-04-30,MISSING_FROM_REPLAY,gmrinfra,2013-04-18,4942c0f021abcd6ed9702c343c2696ec44cfa8022c7e37448f8a78c075c4a16d,UNRESOLVED_MANUAL_REVIEW,No authoritative 2012 anchor or complete certified event chain; symbol is in the official checkpoint but absent from diagnostic replay.
2021-04-30,MISSING_FROM_REPLAY,hal,2013-04-18,4942c0f021abcd6ed9702c343c2696ec44cfa8022c7e37448f8a78c075c4a16d,UNRESOLVED_MANUAL_REVIEW,No authoritative 2012 anchor or complete certified event chain; symbol is in the official checkpoint but absent from diagnostic replay.
2021-04-30,MISSING_FROM_REPLAY,hindunilvr,2013-04-18,4942c0f021abcd6ed9702c343c2696ec44cfa8022c7e37448f8a78c075c4a16d,UNRESOLVED_MANUAL_REVIEW,No authoritative 2012 anchor or complete certified event chain; symbol is in the official checkpoint but absent from diagnostic replay.
2021-04-30,MISSING_FROM_REPLAY,ibulhsgfin,2013-04-18,4942c0f021abcd6ed9702c343c2696ec44cfa8022c7e37448f8a78c075c4a16d,UNRESOLVED_MANUAL_REVIEW,No authoritative 2012 anchor or complete certified event chain; symbol is in the official checkpoint but absent from diagnostic replay.
2021-04-30,MISSING_FROM_REPLAY,idfcfirstb,2013-04-18,4942c0f021abcd6ed9702c343c2696ec44cfa8022c7e37448f8a78c075c4a16d,UNRESOLVED_MANUAL_REVIEW,No authoritative 2012 anchor or complete certified event chain; symbol is in the official checkpoint but absent from diagnostic replay.
2021-04-30,MISSING_FROM_REPLAY,igl,2013-04-18,4942c0f021abcd6ed9702c343c2696ec44cfa8022c7e37448f8a78c075c4a16d,UNRESOLVED_MANUAL_REVIEW,No authoritative 2012 anchor or complete certified event chain; symbol is in the official checkpoint but absent from diagnostic replay.
2021-04-30,MISSING_FROM_REPLAY,industower,2013-04-18,4942c0f021abcd6ed9702c343c2696ec44cfa8022c7e37448f8a78c075c4a16d,UNRESOLVED_MANUAL_REVIEW,No authoritative 2012 anchor or complete certified event chain; symbol is in the official checkpoint but absent from diagnostic replay.
2021-04-30,MISSING_FROM_REPLAY,irctc,2013-04-18,4942c0f021abcd6ed9702c343c2696ec44cfa8022c7e37448f8a78c075c4a16d,UNRESOLVED_MANUAL_REVIEW,No authoritative 2012 anchor or complete certified event chain; symbol is in the official checkpoint but absent from diagnostic replay.
2021-04-30,MISSING_FROM_REPLAY,isec,2013-04-18,4942c0f021abcd6ed9702c343c2696ec44cfa8022c7e37448f8a78c075c4a16d,UNRESOLVED_MANUAL_REVIEW,No authoritative 2012 anchor or complete certified event chain; symbol is in the official checkpoint but absent from diagnostic replay.
2021-04-30,MISSING_FROM_REPLAY,lupin,2013-04-18,4942c0f021abcd6ed9702c343c2696ec44cfa8022c7e37448f8a78c075c4a16d,UNRESOLVED_MANUAL_REVIEW,No authoritative 2012 anchor or complete certified event chain; symbol is in the official checkpoint but absent from diagnostic replay.
2021-04-30,MISSING_FROM_REPLAY,mgl,2013-04-18,4942c0f021abcd6ed9702c343c2696ec44cfa8022c7e37448f8a78c075c4a16d,UNRESOLVED_MANUAL_REVIEW,No authoritative 2012 anchor or complete certified event chain; symbol is in the official checkpoint but absent from diagnostic replay.
2021-04-30,MISSING_FROM_REPLAY,nam-india,2013-04-18,4942c0f021abcd6ed9702c343c2696ec44cfa8022c7e37448f8a78c075c4a16d,UNRESOLVED_MANUAL_REVIEW,No authoritative 2012 anchor or complete certified event chain; symbol is in the official checkpoint but absent from diagnostic replay.
2021-04-30,MISSING_FROM_REPLAY,naukri,2013-04-18,4942c0f021abcd6ed9702c343c2696ec44cfa8022c7e37448f8a78c075c4a16d,UNRESOLVED_MANUAL_REVIEW,No authoritative 2012 anchor or complete certified event chain; symbol is in the official checkpoint but absent from diagnostic replay.
2021-04-30,MISSING_FROM_REPLAY,navinfluor,2013-04-18,4942c0f021abcd6ed9702c343c2696ec44cfa8022c7e37448f8a78c075c4a16d,UNRESOLVED_MANUAL_REVIEW,No authoritative 2012 anchor or complete certified event chain; symbol is in the official checkpoint but absent from diagnostic replay.
2021-04-30,MISSING_FROM_REPLAY,nestleind,2013-04-18,4942c0f021abcd6ed9702c343c2696ec44cfa8022c7e37448f8a78c075c4a16d,UNRESOLVED_MANUAL_REVIEW,No authoritative 2012 anchor or complete certified event chain; symbol is in the official checkpoint but absent from diagnostic replay.
2021-04-30,MISSING_FROM_REPLAY,oberoirlty,2013-04-18,4942c0f021abcd6ed9702c343c2696ec44cfa8022c7e37448f8a78c075c4a16d,UNRESOLVED_MANUAL_REVIEW,No authoritative 2012 anchor or complete certified event chain; symbol is in the official checkpoint but absent from diagnostic replay.
2021-04-30,MISSING_FROM_REPLAY,pageind,2013-04-18,4942c0f021abcd6ed9702c343c2696ec44cfa8022c7e37448f8a78c075c4a16d,UNRESOLVED_MANUAL_REVIEW,No authoritative 2012 anchor or complete certified event chain; symbol is in the official checkpoint but absent from diagnostic replay.
2021-04-30,MISSING_FROM_REPLAY,pidilitind,2013-04-18,4942c0f021abcd6ed9702c343c2696ec44cfa8022c7e37448f8a78c075c4a16d,UNRESOLVED_MANUAL_REVIEW,No authoritative 2012 anchor or complete certified event chain; symbol is in the official checkpoint but absent from diagnostic replay.
2021-04-30,MISSING_FROM_REPLAY,reliance,2013-04-18,4942c0f021abcd6ed9702c343c2696ec44cfa8022c7e37448f8a78c075c4a16d,UNRESOLVED_MANUAL_REVIEW,No authoritative 2012 anchor or complete certified event chain; symbol is in the official checkpoint but absent from diagnostic replay.
2021-04-30,MISSING_FROM_REPLAY,sanofi,2013-04-18,4942c0f021abcd6ed9702c343c2696ec44cfa8022c7e37448f8a78c075c4a16d,UNRESOLVED_MANUAL_REVIEW,No authoritative 2012 anchor or complete certified event chain; symbol is in the official checkpoint but absent from diagnostic replay.
2021-04-30,MISSING_FROM_REPLAY,shreecem,2013-04-18,4942c0f021abcd6ed9702c343c2696ec44cfa8022c7e37448f8a78c075c4a16d,UNRESOLVED_MANUAL_REVIEW,No authoritative 2012 anchor or complete certified event chain; symbol is in the official checkpoint but absent from diagnostic replay.
2021-04-30,MISSING_FROM_REPLAY,tataconsum,2013-04-18,4942c0f021abcd6ed9702c343c2696ec44cfa8022c7e37448f8a78c075c4a16d,UNRESOLVED_MANUAL_REVIEW,No authoritative 2012 anchor or complete certified event chain; symbol is in the official checkpoint but absent from diagnostic replay.
2021-04-30,MISSING_FROM_REPLAY,torntpharm,2013-04-18,4942c0f021abcd6ed9702c343c2696ec44cfa8022c7e37448f8a78c075c4a16d,UNRESOLVED_MANUAL_REVIEW,No authoritative 2012 anchor or complete certified event chain; symbol is in the official checkpoint but absent from diagnostic replay.
2021-04-30,MISSING_FROM_REPLAY,torntpower,2013-04-18,4942c0f021abcd6ed9702c343c2696ec44cfa8022c7e37448f8a78c075c4a16d,UNRESOLVED_MANUAL_REVIEW,No authoritative 2012 anchor or complete certified event chain; symbol is in the official checkpoint but absent from diagnostic replay.
2021-04-30,MISSING_FROM_REPLAY,upl,2013-04-18,4942c0f021abcd6ed9702c343c2696ec44cfa8022c7e37448f8a78c075c4a16d,UNRESOLVED_MANUAL_REVIEW,No authoritative 2012 anchor or complete certified event chain; symbol is in the official checkpoint but absent from diagnostic replay.
2021-04-30,MISSING_FROM_REPLAY,vguard,2013-04-18,4942c0f021abcd6ed9702c343c2696ec44cfa8022c7e37448f8a78c075c4a16d,UNRESOLVED_MANUAL_REVIEW,No authoritative 2012 anchor or complete certified event chain; symbol is in the official checkpoint but absent from diagnostic replay.
2021-04-30,MISSING_FROM_REPLAY,yesbank,2013-04-18,4942c0f021abcd6ed9702c343c2696ec44cfa8022c7e37448f8a78c075c4a16d,UNRESOLVED_MANUAL_REVIEW,No authoritative 2012 anchor or complete certified event chain; symbol is in the official checkpoint but absent from diagnostic replay.
2021-04-30,UNEXPECTED_IN_REPLAY,adanigas,2013-04-18,4942c0f021abcd6ed9702c343c2696ec44cfa8022c7e37448f8a78c075c4a16d,UNRESOLVED_MANUAL_REVIEW,Diagnostic reverse replay retains a symbol not present in the official checkpoint.
2021-04-30,UNEXPECTED_IN_REPLAY,adanipower,2013-04-18,4942c0f021abcd6ed9702c343c2696ec44cfa8022c7e37448f8a78c075c4a16d,UNRESOLVED_MANUAL_REVIEW,Diagnostic reverse replay retains a symbol not present in the official checkpoint.
2021-04-30,UNEXPECTED_IN_REPLAY,chamblfert,2013-04-18,4942c0f021abcd6ed9702c343c2696ec44cfa8022c7e37448f8a78c075c4a16d,UNRESOLVED_MANUAL_REVIEW,Diagnostic reverse replay retains a symbol not present in the official checkpoint.
2021-04-30,UNEXPECTED_IN_REPLAY,coreedutec,2013-04-18,4942c0f021abcd6ed9702c343c2696ec44cfa8022c7e37448f8a78c075c4a16d,UNRESOLVED_MANUAL_REVIEW,Diagnostic reverse replay retains a symbol not present in the official checkpoint.
2021-04-30,UNEXPECTED_IN_REPLAY,denabank,2013-04-18,4942c0f021abcd6ed9702c343c2696ec44cfa8022c7e37448f8a78c075c4a16d,UNRESOLVED_MANUAL_REVIEW,Diagnostic reverse replay retains a symbol not present in the official checkpoint.
2021-04-30,UNEXPECTED_IN_REPLAY,finantech,2013-04-18,4942c0f021abcd6ed9702c343c2696ec44cfa8022c7e37448f8a78c075c4a16d,UNRESOLVED_MANUAL_REVIEW,Diagnostic reverse replay retains a symbol not present in the official checkpoint.
2021-04-30,UNEXPECTED_IN_REPLAY,gitanjali,2013-04-18,4942c0f021abcd6ed9702c343c2696ec44cfa8022c7e37448f8a78c075c4a16d,UNRESOLVED_MANUAL_REVIEW,Diagnostic reverse replay retains a symbol not present in the official checkpoint.
2021-04-30,UNEXPECTED_IN_REPLAY,gmdcltd,2013-04-18,4942c0f021abcd6ed9702c343c2696ec44cfa8022c7e37448f8a78c075c4a16d,UNRESOLVED_MANUAL_REVIEW,Diagnostic reverse replay retains a symbol not present in the official checkpoint.
2021-04-30,UNEXPECTED_IN_REPLAY,gujratgas,2013-04-18,4942c0f021abcd6ed9702c343c2696ec44cfa8022c7e37448f8a78c075c4a16d,UNRESOLVED_MANUAL_REVIEW,Diagnostic reverse replay retains a symbol not present in the official checkpoint.
2021-04-30,UNEXPECTED_IN_REPLAY,gvkpil,2013-04-18,4942c0f021abcd6ed9702c343c2696ec44cfa8022c7e37448f8a78c075c4a16d,UNRESOLVED_MANUAL_REVIEW,Diagnostic reverse replay retains a symbol not present in the official checkpoint.
2021-04-30,UNEXPECTED_IN_REPLAY,hathway,2013-04-18,4942c0f021abcd6ed9702c343c2696ec44cfa8022c7e37448f8a78c075c4a16d,UNRESOLVED_MANUAL_REVIEW,Diagnostic reverse replay retains a symbol not present in the official checkpoint.
2021-04-30,UNEXPECTED_IN_REPLAY,hexaware,2013-04-18,4942c0f021abcd6ed9702c343c2696ec44cfa8022c7e37448f8a78c075c4a16d,UNRESOLVED_MANUAL_REVIEW,Diagnostic reverse replay retains a symbol not present in the official checkpoint.
2021-04-30,UNEXPECTED_IN_REPLAY,ibventures,2013-04-18,4942c0f021abcd6ed9702c343c2696ec44cfa8022c7e37448f8a78c075c4a16d,UNRESOLVED_MANUAL_REVIEW,Diagnostic reverse replay retains a symbol not present in the official checkpoint.
2021-04-30,UNEXPECTED_IN_REPLAY,idbi,2013-04-18,4942c0f021abcd6ed9702c343c2696ec44cfa8022c7e37448f8a78c075c4a16d,UNRESOLVED_MANUAL_REVIEW,Diagnostic reverse replay retains a symbol not present in the official checkpoint.
2021-04-30,UNEXPECTED_IN_REPLAY,idfcbank,2013-04-18,4942c0f021abcd6ed9702c343c2696ec44cfa8022c7e37448f8a78c075c4a16d,UNRESOLVED_MANUAL_REVIEW,Diagnostic reverse replay retains a symbol not present in the official checkpoint.
2021-04-30,UNEXPECTED_IN_REPLAY,indiainfo,2013-04-18,4942c0f021abcd6ed9702c343c2696ec44cfa8022c7e37448f8a78c075c4a16d,UNRESOLVED_MANUAL_REVIEW,Diagnostic reverse replay retains a symbol not present in the official checkpoint.
2021-04-30,UNEXPECTED_IN_REPLAY,ivrclinfra,2013-04-18,4942c0f021abcd6ed9702c343c2696ec44cfa8022c7e37448f8a78c075c4a16d,UNRESOLVED_MANUAL_REVIEW,Diagnostic reverse replay retains a symbol not present in the official checkpoint.
2021-04-30,UNEXPECTED_IN_REPLAY,jindalsaw,2013-04-18,4942c0f021abcd6ed9702c343c2696ec44cfa8022c7e37448f8a78c075c4a16d,UNRESOLVED_MANUAL_REVIEW,Diagnostic reverse replay retains a symbol not present in the official checkpoint.
2021-04-30,UNEXPECTED_IN_REPLAY,jubilant,2013-04-18,4942c0f021abcd6ed9702c343c2696ec44cfa8022c7e37448f8a78c075c4a16d,UNRESOLVED_MANUAL_REVIEW,Diagnostic reverse replay retains a symbol not present in the official checkpoint.
2021-04-30,UNEXPECTED_IN_REPLAY,litl,2013-04-18,4942c0f021abcd6ed9702c343c2696ec44cfa8022c7e37448f8a78c075c4a16d,UNRESOLVED_MANUAL_REVIEW,Diagnostic reverse replay retains a symbol not present in the official checkpoint.
2021-04-30,UNEXPECTED_IN_REPLAY,madrascem,2013-04-18,4942c0f021abcd6ed9702c343c2696ec44cfa8022c7e37448f8a78c075c4a16d,UNRESOLVED_MANUAL_REVIEW,Diagnostic reverse replay retains a symbol not present in the official checkpoint.
2021-04-30,UNEXPECTED_IN_REPLAY,mrpl,2013-04-18,4942c0f021abcd6ed9702c343c2696ec44cfa8022c7e37448f8a78c075c4a16d,UNRESOLVED_MANUAL_REVIEW,Diagnostic reverse replay retains a symbol not present in the official checkpoint.
2021-04-30,UNEXPECTED_IN_REPLAY,nhpc,2013-04-18,4942c0f021abcd6ed9702c343c2696ec44cfa8022c7e37448f8a78c075c4a16d,UNRESOLVED_MANUAL_REVIEW,Diagnostic reverse replay retains a symbol not present in the official checkpoint.
2021-04-30,UNEXPECTED_IN_REPLAY,niittech,2013-04-18,4942c0f021abcd6ed9702c343c2696ec44cfa8022c7e37448f8a78c075c4a16d,UNRESOLVED_MANUAL_REVIEW,Diagnostic reverse replay retains a symbol not present in the official checkpoint.
2021-04-30,UNEXPECTED_IN_REPLAY,optocircui,2013-04-18,4942c0f021abcd6ed9702c343c2696ec44cfa8022c7e37448f8a78c075c4a16d,UNRESOLVED_MANUAL_REVIEW,Diagnostic reverse replay retains a symbol not present in the official checkpoint.
2021-04-30,UNEXPECTED_IN_REPLAY,orissamine,2013-04-18,4942c0f021abcd6ed9702c343c2696ec44cfa8022c7e37448f8a78c075c4a16d,UNRESOLVED_MANUAL_REVIEW,Diagnostic reverse replay retains a symbol not present in the official checkpoint.
2021-04-30,UNEXPECTED_IN_REPLAY,pnbhousing,2013-04-18,4942c0f021abcd6ed9702c343c2696ec44cfa8022c7e37448f8a78c075c4a16d,UNRESOLVED_MANUAL_REVIEW,Diagnostic reverse replay retains a symbol not present in the official checkpoint.
2021-04-30,UNEXPECTED_IN_REPLAY,punjlloyd,2013-04-18,4942c0f021abcd6ed9702c343c2696ec44cfa8022c7e37448f8a78c075c4a16d,UNRESOLVED_MANUAL_REVIEW,Diagnostic reverse replay retains a symbol not present in the official checkpoint.
2021-04-30,UNEXPECTED_IN_REPLAY,quess,2013-04-18,4942c0f021abcd6ed9702c343c2696ec44cfa8022c7e37448f8a78c075c4a16d,UNRESOLVED_MANUAL_REVIEW,Diagnostic reverse replay retains a symbol not present in the official checkpoint.
2021-04-30,UNEXPECTED_IN_REPLAY,rnam,2013-04-18,4942c0f021abcd6ed9702c343c2696ec44cfa8022c7e37448f8a78c075c4a16d,UNRESOLVED_MANUAL_REVIEW,Diagnostic reverse replay retains a symbol not present in the official checkpoint.
2021-04-30,UNEXPECTED_IN_REPLAY,sesagoa,2013-04-18,4942c0f021abcd6ed9702c343c2696ec44cfa8022c7e37448f8a78c075c4a16d,UNRESOLVED_MANUAL_REVIEW,Diagnostic reverse replay retains a symbol not present in the official checkpoint.
2021-04-30,UNEXPECTED_IN_REPLAY,shriramcit,2013-04-18,4942c0f021abcd6ed9702c343c2696ec44cfa8022c7e37448f8a78c075c4a16d,UNRESOLVED_MANUAL_REVIEW,Diagnostic reverse replay retains a symbol not present in the official checkpoint.
2021-04-30,UNEXPECTED_IN_REPLAY,sksmicro,2013-04-18,4942c0f021abcd6ed9702c343c2696ec44cfa8022c7e37448f8a78c075c4a16d,UNRESOLVED_MANUAL_REVIEW,Diagnostic reverse replay retains a symbol not present in the official checkpoint.
2021-04-30,UNEXPECTED_IN_REPLAY,tataglobal,2013-04-18,4942c0f021abcd6ed9702c343c2696ec44cfa8022c7e37448f8a78c075c4a16d,UNRESOLVED_MANUAL_REVIEW,Diagnostic reverse replay retains a symbol not present in the official checkpoint.
2021-04-30,UNEXPECTED_IN_REPLAY,uniphos,2013-04-18,4942c0f021abcd6ed9702c343c2696ec44cfa8022c7e37448f8a78c075c4a16d,UNRESOLVED_MANUAL_REVIEW,Diagnostic reverse replay retains a symbol not present in the official checkpoint.
2021-04-30,UNEXPECTED_IN_REPLAY,welcorp,2013-04-18,4942c0f021abcd6ed9702c343c2696ec44cfa8022c7e37448f8a78c075c4a16d,UNRESOLVED_MANUAL_REVIEW,Diagnostic reverse replay retains a symbol not present in the official checkpoint.
2021-05-31,MISSING_FROM_REPLAY,ajantpharm,2013-04-18,4942c0f021abcd6ed9702c343c2696ec44cfa8022c7e37448f8a78c075c4a16d,UNRESOLVED_MANUAL_REVIEW,No authoritative 2012 anchor or complete certified event chain; symbol is in the official checkpoint but absent from diagnostic replay.
2021-05-31,MISSING_FROM_REPLAY,aplltd,2013-04-18,4942c0f021abcd6ed9702c343c2696ec44cfa8022c7e37448f8a78c075c4a16d,UNRESOLVED_MANUAL_REVIEW,No authoritative 2012 anchor or complete certified event chain; symbol is in the official checkpoint but absent from diagnostic replay.
2021-05-31,MISSING_FROM_REPLAY,atgl,2013-04-18,4942c0f021abcd6ed9702c343c2696ec44cfa8022c7e37448f8a78c075c4a16d,UNRESOLVED_MANUAL_REVIEW,No authoritative 2012 anchor or complete certified event chain; symbol is in the official checkpoint but absent from diagnostic replay.
2021-05-31,MISSING_FROM_REPLAY,bhartiartl,2013-04-18,4942c0f021abcd6ed9702c343c2696ec44cfa8022c7e37448f8a78c075c4a16d,UNRESOLVED_MANUAL_REVIEW,No authoritative 2012 anchor or complete certified event chain; symbol is in the official checkpoint but absent from diagnostic replay.
2021-05-31,MISSING_FROM_REPLAY,britannia,2013-04-18,4942c0f021abcd6ed9702c343c2696ec44cfa8022c7e37448f8a78c075c4a16d,UNRESOLVED_MANUAL_REVIEW,No authoritative 2012 anchor or complete certified event chain; symbol is in the official checkpoint but absent from diagnostic replay.
2021-05-31,MISSING_FROM_REPLAY,coforge,2013-04-18,4942c0f021abcd6ed9702c343c2696ec44cfa8022c7e37448f8a78c075c4a16d,UNRESOLVED_MANUAL_REVIEW,No authoritative 2012 anchor or complete certified event chain; symbol is in the official checkpoint but absent from diagnostic replay.
2021-05-31,MISSING_FROM_REPLAY,colpal,2013-04-18,4942c0f021abcd6ed9702c343c2696ec44cfa8022c7e37448f8a78c075c4a16d,UNRESOLVED_MANUAL_REVIEW,No authoritative 2012 anchor or complete certified event chain; symbol is in the official checkpoint but absent from diagnostic replay.
2021-05-31,MISSING_FROM_REPLAY,dabur,2013-04-18,4942c0f021abcd6ed9702c343c2696ec44cfa8022c7e37448f8a78c075c4a16d,UNRESOLVED_MANUAL_REVIEW,No authoritative 2012 anchor or complete certified event chain; symbol is in the official checkpoint but absent from diagnostic replay.
2021-05-31,MISSING_FROM_REPLAY,dhani,2013-04-18,4942c0f021abcd6ed9702c343c2696ec44cfa8022c7e37448f8a78c075c4a16d,UNRESOLVED_MANUAL_REVIEW,No authoritative 2012 anchor or complete certified event chain; symbol is in the official checkpoint but absent from diagnostic replay.
2021-05-31,MISSING_FROM_REPLAY,gmrinfra,2013-04-18,4942c0f021abcd6ed9702c343c2696ec44cfa8022c7e37448f8a78c075c4a16d,UNRESOLVED_MANUAL_REVIEW,No authoritative 2012 anchor or complete certified event chain; symbol is in the official checkpoint but absent from diagnostic replay.
2021-05-31,MISSING_FROM_REPLAY,hal,2013-04-18,4942c0f021abcd6ed9702c343c2696ec44cfa8022c7e37448f8a78c075c4a16d,UNRESOLVED_MANUAL_REVIEW,No authoritative 2012 anchor or complete certified event chain; symbol is in the official checkpoint but absent from diagnostic replay.
2021-05-31,MISSING_FROM_REPLAY,hindunilvr,2013-04-18,4942c0f021abcd6ed9702c343c2696ec44cfa8022c7e37448f8a78c075c4a16d,UNRESOLVED_MANUAL_REVIEW,No authoritative 2012 anchor or complete certified event chain; symbol is in the official checkpoint but absent from diagnostic replay.
2021-05-31,MISSING_FROM_REPLAY,ibulhsgfin,2013-04-18,4942c0f021abcd6ed9702c343c2696ec44cfa8022c7e37448f8a78c075c4a16d,UNRESOLVED_MANUAL_REVIEW,No authoritative 2012 anchor or complete certified event chain; symbol is in the official checkpoint but absent from diagnostic replay.
2021-05-31,MISSING_FROM_REPLAY,idfcfirstb,2013-04-18,4942c0f021abcd6ed9702c343c2696ec44cfa8022c7e37448f8a78c075c4a16d,UNRESOLVED_MANUAL_REVIEW,No authoritative 2012 anchor or complete certified event chain; symbol is in the official checkpoint but absent from diagnostic replay.
2021-05-31,MISSING_FROM_REPLAY,igl,2013-04-18,4942c0f021abcd6ed9702c343c2696ec44cfa8022c7e37448f8a78c075c4a16d,UNRESOLVED_MANUAL_REVIEW,No authoritative 2012 anchor or complete certified event chain; symbol is in the official checkpoint but absent from diagnostic replay.
2021-05-31,MISSING_FROM_REPLAY,industower,2013-04-18,4942c0f021abcd6ed9702c343c2696ec44cfa8022c7e37448f8a78c075c4a16d,UNRESOLVED_MANUAL_REVIEW,No authoritative 2012 anchor or complete certified event chain; symbol is in the official checkpoint but absent from diagnostic replay.
2021-05-31,MISSING_FROM_REPLAY,irctc,2013-04-18,4942c0f021abcd6ed9702c343c2696ec44cfa8022c7e37448f8a78c075c4a16d,UNRESOLVED_MANUAL_REVIEW,No authoritative 2012 anchor or complete certified event chain; symbol is in the official checkpoint but absent from diagnostic replay.
2021-05-31,MISSING_FROM_REPLAY,isec,2013-04-18,4942c0f021abcd6ed9702c343c2696ec44cfa8022c7e37448f8a78c075c4a16d,UNRESOLVED_MANUAL_REVIEW,No authoritative 2012 anchor or complete certified event chain; symbol is in the official checkpoint but absent from diagnostic replay.
2021-05-31,MISSING_FROM_REPLAY,lupin,2013-04-18,4942c0f021abcd6ed9702c343c2696ec44cfa8022c7e37448f8a78c075c4a16d,UNRESOLVED_MANUAL_REVIEW,No authoritative 2012 anchor or complete certified event chain; symbol is in the official checkpoint but absent from diagnostic replay.
2021-05-31,MISSING_FROM_REPLAY,mgl,2013-04-18,4942c0f021abcd6ed9702c343c2696ec44cfa8022c7e37448f8a78c075c4a16d,UNRESOLVED_MANUAL_REVIEW,No authoritative 2012 anchor or complete certified event chain; symbol is in the official checkpoint but absent from diagnostic replay.
2021-05-31,MISSING_FROM_REPLAY,nam-india,2013-04-18,4942c0f021abcd6ed9702c343c2696ec44cfa8022c7e37448f8a78c075c4a16d,UNRESOLVED_MANUAL_REVIEW,No authoritative 2012 anchor or complete certified event chain; symbol is in the official checkpoint but absent from diagnostic replay.
2021-05-31,MISSING_FROM_REPLAY,naukri,2013-04-18,4942c0f021abcd6ed9702c343c2696ec44cfa8022c7e37448f8a78c075c4a16d,UNRESOLVED_MANUAL_REVIEW,No authoritative 2012 anchor or complete certified event chain; symbol is in the official checkpoint but absent from diagnostic replay.
2021-05-31,MISSING_FROM_REPLAY,navinfluor,2013-04-18,4942c0f021abcd6ed9702c343c2696ec44cfa8022c7e37448f8a78c075c4a16d,UNRESOLVED_MANUAL_REVIEW,No authoritative 2012 anchor or complete certified event chain; symbol is in the official checkpoint but absent from diagnostic replay.
2021-05-31,MISSING_FROM_REPLAY,nestleind,2013-04-18,4942c0f021abcd6ed9702c343c2696ec44cfa8022c7e37448f8a78c075c4a16d,UNRESOLVED_MANUAL_REVIEW,No authoritative 2012 anchor or complete certified event chain; symbol is in the official checkpoint but absent from diagnostic replay.
2021-05-31,MISSING_FROM_REPLAY,oberoirlty,2013-04-18,4942c0f021abcd6ed9702c343c2696ec44cfa8022c7e37448f8a78c075c4a16d,UNRESOLVED_MANUAL_REVIEW,No authoritative 2012 anchor or complete certified event chain; symbol is in the official checkpoint but absent from diagnostic replay.
2021-05-31,MISSING_FROM_REPLAY,pageind,2013-04-18,4942c0f021abcd6ed9702c343c2696ec44cfa8022c7e37448f8a78c075c4a16d,UNRESOLVED_MANUAL_REVIEW,No authoritative 2012 anchor or complete certified event chain; symbol is in the official checkpoint but absent from diagnostic replay.
2021-05-31,MISSING_FROM_REPLAY,pidilitind,2013-04-18,4942c0f021abcd6ed9702c343c2696ec44cfa8022c7e37448f8a78c075c4a16d,UNRESOLVED_MANUAL_REVIEW,No authoritative 2012 anchor or complete certified event chain; symbol is in the official checkpoint but absent from diagnostic replay.
2021-05-31,MISSING_FROM_REPLAY,reliance,2013-04-18,4942c0f021abcd6ed9702c343c2696ec44cfa8022c7e37448f8a78c075c4a16d,UNRESOLVED_MANUAL_REVIEW,No authoritative 2012 anchor or complete certified event chain; symbol is in the official checkpoint but absent from diagnostic replay.
2021-05-31,MISSING_FROM_REPLAY,sanofi,2013-04-18,4942c0f021abcd6ed9702c343c2696ec44cfa8022c7e37448f8a78c075c4a16d,UNRESOLVED_MANUAL_REVIEW,No authoritative 2012 anchor or complete certified event chain; symbol is in the official checkpoint but absent from diagnostic replay.
2021-05-31,MISSING_FROM_REPLAY,shreecem,2013-04-18,4942c0f021abcd6ed9702c343c2696ec44cfa8022c7e37448f8a78c075c4a16d,UNRESOLVED_MANUAL_REVIEW,No authoritative 2012 anchor or complete certified event chain; symbol is in the official checkpoint but absent from diagnostic replay.
2021-05-31,MISSING_FROM_REPLAY,tataconsum,2013-04-18,4942c0f021abcd6ed9702c343c2696ec44cfa8022c7e37448f8a78c075c4a16d,UNRESOLVED_MANUAL_REVIEW,No authoritative 2012 anchor or complete certified event chain; symbol is in the official checkpoint but absent from diagnostic replay.
2021-05-31,MISSING_FROM_REPLAY,torntpharm,2013-04-18,4942c0f021abcd6ed9702c343c2696ec44cfa8022c7e37448f8a78c075c4a16d,UNRESOLVED_MANUAL_REVIEW,No authoritative 2012 anchor or complete certified event chain; symbol is in the official checkpoint but absent from diagnostic replay.
2021-05-31,MISSING_FROM_REPLAY,torntpower,2013-04-18,4942c0f021abcd6ed9702c343c2696ec44cfa8022c7e37448f8a78c075c4a16d,UNRESOLVED_MANUAL_REVIEW,No authoritative 2012 anchor or complete certified event chain; symbol is in the official checkpoint but absent from diagnostic replay.
2021-05-31,MISSING_FROM_REPLAY,upl,2013-04-18,4942c0f021abcd6ed9702c343c2696ec44cfa8022c7e37448f8a78c075c4a16d,UNRESOLVED_MANUAL_REVIEW,No authoritative 2012 anchor or complete certified event chain; symbol is in the official checkpoint but absent from diagnostic replay.
2021-05-31,MISSING_FROM_REPLAY,vguard,2013-04-18,4942c0f021abcd6ed9702c343c2696ec44cfa8022c7e37448f8a78c075c4a16d,UNRESOLVED_MANUAL_REVIEW,No authoritative 2012 anchor or complete certified event chain; symbol is in the official checkpoint but absent from diagnostic replay.
2021-05-31,MISSING_FROM_REPLAY,yesbank,2013-04-18,4942c0f021abcd6ed9702c343c2696ec44cfa8022c7e37448f8a78c075c4a16d,UNRESOLVED_MANUAL_REVIEW,No authoritative 2012 anchor or complete certified event chain; symbol is in the official checkpoint but absent from diagnostic replay.
2021-05-31,UNEXPECTED_IN_REPLAY,adanigas,2013-04-18,4942c0f021abcd6ed9702c343c2696ec44cfa8022c7e37448f8a78c075c4a16d,UNRESOLVED_MANUAL_REVIEW,Diagnostic reverse replay retains a symbol not present in the official checkpoint.
2021-05-31,UNEXPECTED_IN_REPLAY,adanipower,2013-04-18,4942c0f021abcd6ed9702c343c2696ec44cfa8022c7e37448f8a78c075c4a16d,UNRESOLVED_MANUAL_REVIEW,Diagnostic reverse replay retains a symbol not present in the official checkpoint.
2021-05-31,UNEXPECTED_IN_REPLAY,chamblfert,2013-04-18,4942c0f021abcd6ed9702c343c2696ec44cfa8022c7e37448f8a78c075c4a16d,UNRESOLVED_MANUAL_REVIEW,Diagnostic reverse replay retains a symbol not present in the official checkpoint.
2021-05-31,UNEXPECTED_IN_REPLAY,coreedutec,2013-04-18,4942c0f021abcd6ed9702c343c2696ec44cfa8022c7e37448f8a78c075c4a16d,UNRESOLVED_MANUAL_REVIEW,Diagnostic reverse replay retains a symbol not present in the official checkpoint.
2021-05-31,UNEXPECTED_IN_REPLAY,denabank,2013-04-18,4942c0f021abcd6ed9702c343c2696ec44cfa8022c7e37448f8a78c075c4a16d,UNRESOLVED_MANUAL_REVIEW,Diagnostic reverse replay retains a symbol not present in the official checkpoint.
2021-05-31,UNEXPECTED_IN_REPLAY,finantech,2013-04-18,4942c0f021abcd6ed9702c343c2696ec44cfa8022c7e37448f8a78c075c4a16d,UNRESOLVED_MANUAL_REVIEW,Diagnostic reverse replay retains a symbol not present in the official checkpoint.
2021-05-31,UNEXPECTED_IN_REPLAY,gitanjali,2013-04-18,4942c0f021abcd6ed9702c343c2696ec44cfa8022c7e37448f8a78c075c4a16d,UNRESOLVED_MANUAL_REVIEW,Diagnostic reverse replay retains a symbol not present in the official checkpoint.
2021-05-31,UNEXPECTED_IN_REPLAY,gmdcltd,2013-04-18,4942c0f021abcd6ed9702c343c2696ec44cfa8022c7e37448f8a78c075c4a16d,UNRESOLVED_MANUAL_REVIEW,Diagnostic reverse replay retains a symbol not present in the official checkpoint.
2021-05-31,UNEXPECTED_IN_REPLAY,gujratgas,2013-04-18,4942c0f021abcd6ed9702c343c2696ec44cfa8022c7e37448f8a78c075c4a16d,UNRESOLVED_MANUAL_REVIEW,Diagnostic reverse replay retains a symbol not present in the official checkpoint.
2021-05-31,UNEXPECTED_IN_REPLAY,gvkpil,2013-04-18,4942c0f021abcd6ed9702c343c2696ec44cfa8022c7e37448f8a78c075c4a16d,UNRESOLVED_MANUAL_REVIEW,Diagnostic reverse replay retains a symbol not present in the official checkpoint.
2021-05-31,UNEXPECTED_IN_REPLAY,hathway,2013-04-18,4942c0f021abcd6ed9702c343c2696ec44cfa8022c7e37448f8a78c075c4a16d,UNRESOLVED_MANUAL_REVIEW,Diagnostic reverse replay retains a symbol not present in the official checkpoint.
2021-05-31,UNEXPECTED_IN_REPLAY,hexaware,2013-04-18,4942c0f021abcd6ed9702c343c2696ec44cfa8022c7e37448f8a78c075c4a16d,UNRESOLVED_MANUAL_REVIEW,Diagnostic reverse replay retains a symbol not present in the official checkpoint.
2021-05-31,UNEXPECTED_IN_REPLAY,ibventures,2013-04-18,4942c0f021abcd6ed9702c343c2696ec44cfa8022c7e37448f8a78c075c4a16d,UNRESOLVED_MANUAL_REVIEW,Diagnostic reverse replay retains a symbol not present in the official checkpoint.
2021-05-31,UNEXPECTED_IN_REPLAY,idbi,2013-04-18,4942c0f021abcd6ed9702c343c2696ec44cfa8022c7e37448f8a78c075c4a16d,UNRESOLVED_MANUAL_REVIEW,Diagnostic reverse replay retains a symbol not present in the official checkpoint.
2021-05-31,UNEXPECTED_IN_REPLAY,idfcbank,2013-04-18,4942c0f021abcd6ed9702c343c2696ec44cfa8022c7e37448f8a78c075c4a16d,UNRESOLVED_MANUAL_REVIEW,Diagnostic reverse replay retains a symbol not present in the official checkpoint.
2021-05-31,UNEXPECTED_IN_REPLAY,indiainfo,2013-04-18,4942c0f021abcd6ed9702c343c2696ec44cfa8022c7e37448f8a78c075c4a16d,UNRESOLVED_MANUAL_REVIEW,Diagnostic reverse replay retains a symbol not present in the official checkpoint.
2021-05-31,UNEXPECTED_IN_REPLAY,ivrclinfra,2013-04-18,4942c0f021abcd6ed9702c343c2696ec44cfa8022c7e37448f8a78c075c4a16d,UNRESOLVED_MANUAL_REVIEW,Diagnostic reverse replay retains a symbol not present in the official checkpoint.
2021-05-31,UNEXPECTED_IN_REPLAY,jindalsaw,2013-04-18,4942c0f021abcd6ed9702c343c2696ec44cfa8022c7e37448f8a78c075c4a16d,UNRESOLVED_MANUAL_REVIEW,Diagnostic reverse replay retains a symbol not present in the official checkpoint.
2021-05-31,UNEXPECTED_IN_REPLAY,jubilant,2013-04-18,4942c0f021abcd6ed9702c343c2696ec44cfa8022c7e37448f8a78c075c4a16d,UNRESOLVED_MANUAL_REVIEW,Diagnostic reverse replay retains a symbol not present in the official checkpoint.
2021-05-31,UNEXPECTED_IN_REPLAY,litl,2013-04-18,4942c0f021abcd6ed9702c343c2696ec44cfa8022c7e37448f8a78c075c4a16d,UNRESOLVED_MANUAL_REVIEW,Diagnostic reverse replay retains a symbol not present in the official checkpoint.
2021-05-31,UNEXPECTED_IN_REPLAY,madrascem,2013-04-18,4942c0f021abcd6ed9702c343c2696ec44cfa8022c7e37448f8a78c075c4a16d,UNRESOLVED_MANUAL_REVIEW,Diagnostic reverse replay retains a symbol not present in the official checkpoint.
2021-05-31,UNEXPECTED_IN_REPLAY,mrpl,2013-04-18,4942c0f021abcd6ed9702c343c2696ec44cfa8022c7e37448f8a78c075c4a16d,UNRESOLVED_MANUAL_REVIEW,Diagnostic reverse replay retains a symbol not present in the official checkpoint.
2021-05-31,UNEXPECTED_IN_REPLAY,nhpc,2013-04-18,4942c0f021abcd6ed9702c343c2696ec44cfa8022c7e37448f8a78c075c4a16d,UNRESOLVED_MANUAL_REVIEW,Diagnostic reverse replay retains a symbol not present in the official checkpoint.
2021-05-31,UNEXPECTED_IN_REPLAY,niittech,2013-04-18,4942c0f021abcd6ed9702c343c2696ec44cfa8022c7e37448f8a78c075c4a16d,UNRESOLVED_MANUAL_REVIEW,Diagnostic reverse replay retains a symbol not present in the official checkpoint.
2021-05-31,UNEXPECTED_IN_REPLAY,optocircui,2013-04-18,4942c0f021abcd6ed9702c343c2696ec44cfa8022c7e37448f8a78c075c4a16d,UNRESOLVED_MANUAL_REVIEW,Diagnostic reverse replay retains a symbol not present in the official checkpoint.
2021-05-31,UNEXPECTED_IN_REPLAY,orissamine,2013-04-18,4942c0f021abcd6ed9702c343c2696ec44cfa8022c7e37448f8a78c075c4a16d,UNRESOLVED_MANUAL_REVIEW,Diagnostic reverse replay retains a symbol not present in the official checkpoint.
2021-05-31,UNEXPECTED_IN_REPLAY,pnbhousing,2013-04-18,4942c0f021abcd6ed9702c343c2696ec44cfa8022c7e37448f8a78c075c4a16d,UNRESOLVED_MANUAL_REVIEW,Diagnostic reverse replay retains a symbol not present in the official checkpoint.
2021-05-31,UNEXPECTED_IN_REPLAY,punjlloyd,2013-04-18,4942c0f021abcd6ed9702c343c2696ec44cfa8022c7e37448f8a78c075c4a16d,UNRESOLVED_MANUAL_REVIEW,Diagnostic reverse replay retains a symbol not present in the official checkpoint.
2021-05-31,UNEXPECTED_IN_REPLAY,quess,2013-04-18,4942c0f021abcd6ed9702c343c2696ec44cfa8022c7e37448f8a78c075c4a16d,UNRESOLVED_MANUAL_REVIEW,Diagnostic reverse replay retains a symbol not present in the official checkpoint.
2021-05-31,UNEXPECTED_IN_REPLAY,rnam,2013-04-18,4942c0f021abcd6ed9702c343c2696ec44cfa8022c7e37448f8a78c075c4a16d,UNRESOLVED_MANUAL_REVIEW,Diagnostic reverse replay retains a symbol not present in the official checkpoint.
2021-05-31,UNEXPECTED_IN_REPLAY,sesagoa,2013-04-18,4942c0f021abcd6ed9702c343c2696ec44cfa8022c7e37448f8a78c075c4a16d,UNRESOLVED_MANUAL_REVIEW,Diagnostic reverse replay retains a symbol not present in the official checkpoint.
2021-05-31,UNEXPECTED_IN_REPLAY,shriramcit,2013-04-18,4942c0f021abcd6ed9702c343c2696ec44cfa8022c7e37448f8a78c075c4a16d,UNRESOLVED_MANUAL_REVIEW,Diagnostic reverse replay retains a symbol not present in the official checkpoint.
2021-05-31,UNEXPECTED_IN_REPLAY,sksmicro,2013-04-18,4942c0f021abcd6ed9702c343c2696ec44cfa8022c7e37448f8a78c075c4a16d,UNRESOLVED_MANUAL_REVIEW,Diagnostic reverse replay retains a symbol not present in the official checkpoint.
2021-05-31,UNEXPECTED_IN_REPLAY,tataglobal,2013-04-18,4942c0f021abcd6ed9702c343c2696ec44cfa8022c7e37448f8a78c075c4a16d,UNRESOLVED_MANUAL_REVIEW,Diagnostic reverse replay retains a symbol not present in the official checkpoint.
2021-05-31,UNEXPECTED_IN_REPLAY,uniphos,2013-04-18,4942c0f021abcd6ed9702c343c2696ec44cfa8022c7e37448f8a78c075c4a16d,UNRESOLVED_MANUAL_REVIEW,Diagnostic reverse replay retains a symbol not present in the official checkpoint.
2021-05-31,UNEXPECTED_IN_REPLAY,welcorp,2013-04-18,4942c0f021abcd6ed9702c343c2696ec44cfa8022c7e37448f8a78c075c4a16d,UNRESOLVED_MANUAL_REVIEW,Diagnostic reverse replay retains a symbol not present in the official checkpoint.
2021-06-30,MISSING_FROM_REPLAY,ajantpharm,2013-04-18,4942c0f021abcd6ed9702c343c2696ec44cfa8022c7e37448f8a78c075c4a16d,UNRESOLVED_MANUAL_REVIEW,No authoritative 2012 anchor or complete certified event chain; symbol is in the official checkpoint but absent from diagnostic replay.
2021-06-30,MISSING_FROM_REPLAY,aplltd,2013-04-18,4942c0f021abcd6ed9702c343c2696ec44cfa8022c7e37448f8a78c075c4a16d,UNRESOLVED_MANUAL_REVIEW,No authoritative 2012 anchor or complete certified event chain; symbol is in the official checkpoint but absent from diagnostic replay.
2021-06-30,MISSING_FROM_REPLAY,apollotyre,2013-04-18,4942c0f021abcd6ed9702c343c2696ec44cfa8022c7e37448f8a78c075c4a16d,UNRESOLVED_MANUAL_REVIEW,No authoritative 2012 anchor or complete certified event chain; symbol is in the official checkpoint but absent from diagnostic replay.
2021-06-30,MISSING_FROM_REPLAY,atgl,2013-04-18,4942c0f021abcd6ed9702c343c2696ec44cfa8022c7e37448f8a78c075c4a16d,UNRESOLVED_MANUAL_REVIEW,No authoritative 2012 anchor or complete certified event chain; symbol is in the official checkpoint but absent from diagnostic replay.
2021-06-30,MISSING_FROM_REPLAY,auropharma,2013-04-18,4942c0f021abcd6ed9702c343c2696ec44cfa8022c7e37448f8a78c075c4a16d,UNRESOLVED_MANUAL_REVIEW,No authoritative 2012 anchor or complete certified event chain; symbol is in the official checkpoint but absent from diagnostic replay.
2021-06-30,MISSING_FROM_REPLAY,bergepaint,2013-04-18,4942c0f021abcd6ed9702c343c2696ec44cfa8022c7e37448f8a78c075c4a16d,UNRESOLVED_MANUAL_REVIEW,No authoritative 2012 anchor or complete certified event chain; symbol is in the official checkpoint but absent from diagnostic replay.
2021-06-30,MISSING_FROM_REPLAY,bhartiartl,2013-04-18,4942c0f021abcd6ed9702c343c2696ec44cfa8022c7e37448f8a78c075c4a16d,UNRESOLVED_MANUAL_REVIEW,No authoritative 2012 anchor or complete certified event chain; symbol is in the official checkpoint but absent from diagnostic replay.
2021-06-30,MISSING_FROM_REPLAY,biocon,2013-04-18,4942c0f021abcd6ed9702c343c2696ec44cfa8022c7e37448f8a78c075c4a16d,UNRESOLVED_MANUAL_REVIEW,No authoritative 2012 anchor or complete certified event chain; symbol is in the official checkpoint but absent from diagnostic replay.
2021-06-30,MISSING_FROM_REPLAY,britannia,2013-04-18,4942c0f021abcd6ed9702c343c2696ec44cfa8022c7e37448f8a78c075c4a16d,UNRESOLVED_MANUAL_REVIEW,No authoritative 2012 anchor or complete certified event chain; symbol is in the official checkpoint but absent from diagnostic replay.
2021-06-30,MISSING_FROM_REPLAY,cipla,2013-04-18,4942c0f021abcd6ed9702c343c2696ec44cfa8022c7e37448f8a78c075c4a16d,UNRESOLVED_MANUAL_REVIEW,No authoritative 2012 anchor or complete certified event chain; symbol is in the official checkpoint but absent from diagnostic replay.
2021-06-30,MISSING_FROM_REPLAY,coforge,2013-04-18,4942c0f021abcd6ed9702c343c2696ec44cfa8022c7e37448f8a78c075c4a16d,UNRESOLVED_MANUAL_REVIEW,No authoritative 2012 anchor or complete certified event chain; symbol is in the official checkpoint but absent from diagnostic replay.
2021-06-30,MISSING_FROM_REPLAY,colpal,2013-04-18,4942c0f021abcd6ed9702c343c2696ec44cfa8022c7e37448f8a78c075c4a16d,UNRESOLVED_MANUAL_REVIEW,No authoritative 2012 anchor or complete certified event chain; symbol is in the official checkpoint but absent from diagnostic replay.
2021-06-30,MISSING_FROM_REPLAY,dabur,2013-04-18,4942c0f021abcd6ed9702c343c2696ec44cfa8022c7e37448f8a78c075c4a16d,UNRESOLVED_MANUAL_REVIEW,No authoritative 2012 anchor or complete certified event chain; symbol is in the official checkpoint but absent from diagnostic replay.
2021-06-30,MISSING_FROM_REPLAY,dhani,2013-04-18,4942c0f021abcd6ed9702c343c2696ec44cfa8022c7e37448f8a78c075c4a16d,UNRESOLVED_MANUAL_REVIEW,No authoritative 2012 anchor or complete certified event chain; symbol is in the official checkpoint but absent from diagnostic replay.
2021-06-30,MISSING_FROM_REPLAY,divislab,2013-04-18,4942c0f021abcd6ed9702c343c2696ec44cfa8022c7e37448f8a78c075c4a16d,UNRESOLVED_MANUAL_REVIEW,No authoritative 2012 anchor or complete certified event chain; symbol is in the official checkpoint but absent from diagnostic replay.
2021-06-30,MISSING_FROM_REPLAY,drreddy,2013-04-18,4942c0f021abcd6ed9702c343c2696ec44cfa8022c7e37448f8a78c075c4a16d,UNRESOLVED_MANUAL_REVIEW,No authoritative 2012 anchor or complete certified event chain; symbol is in the official checkpoint but absent from diagnostic replay.
2021-06-30,MISSING_FROM_REPLAY,escorts,2013-04-18,4942c0f021abcd6ed9702c343c2696ec44cfa8022c7e37448f8a78c075c4a16d,UNRESOLVED_MANUAL_REVIEW,No authoritative 2012 anchor or complete certified event chain; symbol is in the official checkpoint but absent from diagnostic replay.
2021-06-30,MISSING_FROM_REPLAY,gmrinfra,2013-04-18,4942c0f021abcd6ed9702c343c2696ec44cfa8022c7e37448f8a78c075c4a16d,UNRESOLVED_MANUAL_REVIEW,No authoritative 2012 anchor or complete certified event chain; symbol is in the official checkpoint but absent from diagnostic replay.
2021-06-30,MISSING_FROM_REPLAY,godrejcp,2013-04-18,4942c0f021abcd6ed9702c343c2696ec44cfa8022c7e37448f8a78c075c4a16d,UNRESOLVED_MANUAL_REVIEW,No authoritative 2012 anchor or complete certified event chain; symbol is in the official checkpoint but absent from diagnostic replay.
2021-06-30,MISSING_FROM_REPLAY,hal,2013-04-18,4942c0f021abcd6ed9702c343c2696ec44cfa8022c7e37448f8a78c075c4a16d,UNRESOLVED_MANUAL_REVIEW,No authoritative 2012 anchor or complete certified event chain; symbol is in the official checkpoint but absent from diagnostic replay.
2021-06-30,MISSING_FROM_REPLAY,hcltech,2013-04-18,4942c0f021abcd6ed9702c343c2696ec44cfa8022c7e37448f8a78c075c4a16d,UNRESOLVED_MANUAL_REVIEW,No authoritative 2012 anchor or complete certified event chain; symbol is in the official checkpoint but absent from diagnostic replay.
2021-06-30,MISSING_FROM_REPLAY,hindunilvr,2013-04-18,4942c0f021abcd6ed9702c343c2696ec44cfa8022c7e37448f8a78c075c4a16d,UNRESOLVED_MANUAL_REVIEW,No authoritative 2012 anchor or complete certified event chain; symbol is in the official checkpoint but absent from diagnostic replay.
2021-06-30,MISSING_FROM_REPLAY,ibulhsgfin,2013-04-18,4942c0f021abcd6ed9702c343c2696ec44cfa8022c7e37448f8a78c075c4a16d,UNRESOLVED_MANUAL_REVIEW,No authoritative 2012 anchor or complete certified event chain; symbol is in the official checkpoint but absent from diagnostic replay.
2021-06-30,MISSING_FROM_REPLAY,idfcfirstb,2013-04-18,4942c0f021abcd6ed9702c343c2696ec44cfa8022c7e37448f8a78c075c4a16d,UNRESOLVED_MANUAL_REVIEW,No authoritative 2012 anchor or complete certified event chain; symbol is in the official checkpoint but absent from diagnostic replay.
2021-06-30,MISSING_FROM_REPLAY,igl,2013-04-18,4942c0f021abcd6ed9702c343c2696ec44cfa8022c7e37448f8a78c075c4a16d,UNRESOLVED_MANUAL_REVIEW,No authoritative 2012 anchor or complete certified event chain; symbol is in the official checkpoint but absent from diagnostic replay.
2021-06-30,MISSING_FROM_REPLAY,industower,2013-04-18,4942c0f021abcd6ed9702c343c2696ec44cfa8022c7e37448f8a78c075c4a16d,UNRESOLVED_MANUAL_REVIEW,No authoritative 2012 anchor or complete certified event chain; symbol is in the official checkpoint but absent from diagnostic replay.
2021-06-30,MISSING_FROM_REPLAY,irctc,2013-04-18,4942c0f021abcd6ed9702c343c2696ec44cfa8022c7e37448f8a78c075c4a16d,UNRESOLVED_MANUAL_REVIEW,No authoritative 2012 anchor or complete certified event chain; symbol is in the official checkpoint but absent from diagnostic replay.
2021-06-30,MISSING_FROM_REPLAY,isec,2013-04-18,4942c0f021abcd6ed9702c343c2696ec44cfa8022c7e37448f8a78c075c4a16d,UNRESOLVED_MANUAL_REVIEW,No authoritative 2012 anchor or complete certified event chain; symbol is in the official checkpoint but absent from diagnostic replay.
2021-06-30,MISSING_FROM_REPLAY,jublfood,2013-04-18,4942c0f021abcd6ed9702c343c2696ec44cfa8022c7e37448f8a78c075c4a16d,UNRESOLVED_MANUAL_REVIEW,No authoritative 2012 anchor or complete certified event chain; symbol is in the official checkpoint but absent from diagnostic replay.
2021-06-30,MISSING_FROM_REPLAY,lupin,2013-04-18,4942c0f021abcd6ed9702c343c2696ec44cfa8022c7e37448f8a78c075c4a16d,UNRESOLVED_MANUAL_REVIEW,No authoritative 2012 anchor or complete certified event chain; symbol is in the official checkpoint but absent from diagnostic replay.
2021-06-30,MISSING_FROM_REPLAY,m&m,2013-04-18,4942c0f021abcd6ed9702c343c2696ec44cfa8022c7e37448f8a78c075c4a16d,UNRESOLVED_MANUAL_REVIEW,No authoritative 2012 anchor or complete certified event chain; symbol is in the official checkpoint but absent from diagnostic replay.
2021-06-30,MISSING_FROM_REPLAY,maruti,2013-04-18,4942c0f021abcd6ed9702c343c2696ec44cfa8022c7e37448f8a78c075c4a16d,UNRESOLVED_MANUAL_REVIEW,No authoritative 2012 anchor or complete certified event chain; symbol is in the official checkpoint but absent from diagnostic replay.
2021-06-30,MISSING_FROM_REPLAY,muthootfin,2013-04-18,4942c0f021abcd6ed9702c343c2696ec44cfa8022c7e37448f8a78c075c4a16d,UNRESOLVED_MANUAL_REVIEW,No authoritative 2012 anchor or complete certified event chain; symbol is in the official checkpoint but absent from diagnostic replay.
2021-06-30,MISSING_FROM_REPLAY,nam-india,2013-04-18,4942c0f021abcd6ed9702c343c2696ec44cfa8022c7e37448f8a78c075c4a16d,UNRESOLVED_MANUAL_REVIEW,No authoritative 2012 anchor or complete certified event chain; symbol is in the official checkpoint but absent from diagnostic replay.
2021-06-30,MISSING_FROM_REPLAY,naukri,2013-04-18,4942c0f021abcd6ed9702c343c2696ec44cfa8022c7e37448f8a78c075c4a16d,UNRESOLVED_MANUAL_REVIEW,No authoritative 2012 anchor or complete certified event chain; symbol is in the official checkpoint but absent from diagnostic replay.
2021-06-30,MISSING_FROM_REPLAY,navinfluor,2013-04-18,4942c0f021abcd6ed9702c343c2696ec44cfa8022c7e37448f8a78c075c4a16d,UNRESOLVED_MANUAL_REVIEW,No authoritative 2012 anchor or complete certified event chain; symbol is in the official checkpoint but absent from diagnostic replay.
2021-06-30,MISSING_FROM_REPLAY,nestleind,2013-04-18,4942c0f021abcd6ed9702c343c2696ec44cfa8022c7e37448f8a78c075c4a16d,UNRESOLVED_MANUAL_REVIEW,No authoritative 2012 anchor or complete certified event chain; symbol is in the official checkpoint but absent from diagnostic replay.
2021-06-30,MISSING_FROM_REPLAY,oberoirlty,2013-04-18,4942c0f021abcd6ed9702c343c2696ec44cfa8022c7e37448f8a78c075c4a16d,UNRESOLVED_MANUAL_REVIEW,No authoritative 2012 anchor or complete certified event chain; symbol is in the official checkpoint but absent from diagnostic replay.
2021-06-30,MISSING_FROM_REPLAY,pageind,2013-04-18,4942c0f021abcd6ed9702c343c2696ec44cfa8022c7e37448f8a78c075c4a16d,UNRESOLVED_MANUAL_REVIEW,No authoritative 2012 anchor or complete certified event chain; symbol is in the official checkpoint but absent from diagnostic replay.
2021-06-30,MISSING_FROM_REPLAY,pidilitind,2013-04-18,4942c0f021abcd6ed9702c343c2696ec44cfa8022c7e37448f8a78c075c4a16d,UNRESOLVED_MANUAL_REVIEW,No authoritative 2012 anchor or complete certified event chain; symbol is in the official checkpoint but absent from diagnostic replay.
2021-06-30,MISSING_FROM_REPLAY,reliance,2013-04-18,4942c0f021abcd6ed9702c343c2696ec44cfa8022c7e37448f8a78c075c4a16d,UNRESOLVED_MANUAL_REVIEW,No authoritative 2012 anchor or complete certified event chain; symbol is in the official checkpoint but absent from diagnostic replay.
2021-06-30,MISSING_FROM_REPLAY,sanofi,2013-04-18,4942c0f021abcd6ed9702c343c2696ec44cfa8022c7e37448f8a78c075c4a16d,UNRESOLVED_MANUAL_REVIEW,No authoritative 2012 anchor or complete certified event chain; symbol is in the official checkpoint but absent from diagnostic replay.
2021-06-30,MISSING_FROM_REPLAY,shreecem,2013-04-18,4942c0f021abcd6ed9702c343c2696ec44cfa8022c7e37448f8a78c075c4a16d,UNRESOLVED_MANUAL_REVIEW,No authoritative 2012 anchor or complete certified event chain; symbol is in the official checkpoint but absent from diagnostic replay.
2021-06-30,MISSING_FROM_REPLAY,srf,2013-04-18,4942c0f021abcd6ed9702c343c2696ec44cfa8022c7e37448f8a78c075c4a16d,UNRESOLVED_MANUAL_REVIEW,No authoritative 2012 anchor or complete certified event chain; symbol is in the official checkpoint but absent from diagnostic replay.
2021-06-30,MISSING_FROM_REPLAY,tataconsum,2013-04-18,4942c0f021abcd6ed9702c343c2696ec44cfa8022c7e37448f8a78c075c4a16d,UNRESOLVED_MANUAL_REVIEW,No authoritative 2012 anchor or complete certified event chain; symbol is in the official checkpoint but absent from diagnostic replay.
2021-06-30,MISSING_FROM_REPLAY,titan,2013-04-18,4942c0f021abcd6ed9702c343c2696ec44cfa8022c7e37448f8a78c075c4a16d,UNRESOLVED_MANUAL_REVIEW,No authoritative 2012 anchor or complete certified event chain; symbol is in the official checkpoint but absent from diagnostic replay.
2021-06-30,MISSING_FROM_REPLAY,torntpharm,2013-04-18,4942c0f021abcd6ed9702c343c2696ec44cfa8022c7e37448f8a78c075c4a16d,UNRESOLVED_MANUAL_REVIEW,No authoritative 2012 anchor or complete certified event chain; symbol is in the official checkpoint but absent from diagnostic replay.
2021-06-30,MISSING_FROM_REPLAY,torntpower,2013-04-18,4942c0f021abcd6ed9702c343c2696ec44cfa8022c7e37448f8a78c075c4a16d,UNRESOLVED_MANUAL_REVIEW,No authoritative 2012 anchor or complete certified event chain; symbol is in the official checkpoint but absent from diagnostic replay.
2021-06-30,MISSING_FROM_REPLAY,vguard,2013-04-18,4942c0f021abcd6ed9702c343c2696ec44cfa8022c7e37448f8a78c075c4a16d,UNRESOLVED_MANUAL_REVIEW,No authoritative 2012 anchor or complete certified event chain; symbol is in the official checkpoint but absent from diagnostic replay.
2021-06-30,MISSING_FROM_REPLAY,yesbank,2013-04-18,4942c0f021abcd6ed9702c343c2696ec44cfa8022c7e37448f8a78c075c4a16d,UNRESOLVED_MANUAL_REVIEW,No authoritative 2012 anchor or complete certified event chain; symbol is in the official checkpoint but absent from diagnostic replay.
2021-06-30,UNEXPECTED_IN_REPLAY,adanigas,2013-04-18,4942c0f021abcd6ed9702c343c2696ec44cfa8022c7e37448f8a78c075c4a16d,UNRESOLVED_MANUAL_REVIEW,Diagnostic reverse replay retains a symbol not present in the official checkpoint.
2021-06-30,UNEXPECTED_IN_REPLAY,adanipower,2013-04-18,4942c0f021abcd6ed9702c343c2696ec44cfa8022c7e37448f8a78c075c4a16d,UNRESOLVED_MANUAL_REVIEW,Diagnostic reverse replay retains a symbol not present in the official checkpoint.
2021-06-30,UNEXPECTED_IN_REPLAY,chamblfert,2013-04-18,4942c0f021abcd6ed9702c343c2696ec44cfa8022c7e37448f8a78c075c4a16d,UNRESOLVED_MANUAL_REVIEW,Diagnostic reverse replay retains a symbol not present in the official checkpoint.
2021-06-30,UNEXPECTED_IN_REPLAY,coreedutec,2013-04-18,4942c0f021abcd6ed9702c343c2696ec44cfa8022c7e37448f8a78c075c4a16d,UNRESOLVED_MANUAL_REVIEW,Diagnostic reverse replay retains a symbol not present in the official checkpoint.
2021-06-30,UNEXPECTED_IN_REPLAY,denabank,2013-04-18,4942c0f021abcd6ed9702c343c2696ec44cfa8022c7e37448f8a78c075c4a16d,UNRESOLVED_MANUAL_REVIEW,Diagnostic reverse replay retains a symbol not present in the official checkpoint.
2021-06-30,UNEXPECTED_IN_REPLAY,finantech,2013-04-18,4942c0f021abcd6ed9702c343c2696ec44cfa8022c7e37448f8a78c075c4a16d,UNRESOLVED_MANUAL_REVIEW,Diagnostic reverse replay retains a symbol not present in the official checkpoint.
2021-06-30,UNEXPECTED_IN_REPLAY,gitanjali,2013-04-18,4942c0f021abcd6ed9702c343c2696ec44cfa8022c7e37448f8a78c075c4a16d,UNRESOLVED_MANUAL_REVIEW,Diagnostic reverse replay retains a symbol not present in the official checkpoint.
2021-06-30,UNEXPECTED_IN_REPLAY,gmdcltd,2013-04-18,4942c0f021abcd6ed9702c343c2696ec44cfa8022c7e37448f8a78c075c4a16d,UNRESOLVED_MANUAL_REVIEW,Diagnostic reverse replay retains a symbol not present in the official checkpoint.
2021-06-30,UNEXPECTED_IN_REPLAY,gujratgas,2013-04-18,4942c0f021abcd6ed9702c343c2696ec44cfa8022c7e37448f8a78c075c4a16d,UNRESOLVED_MANUAL_REVIEW,Diagnostic reverse replay retains a symbol not present in the official checkpoint.
2021-06-30,UNEXPECTED_IN_REPLAY,gvkpil,2013-04-18,4942c0f021abcd6ed9702c343c2696ec44cfa8022c7e37448f8a78c075c4a16d,UNRESOLVED_MANUAL_REVIEW,Diagnostic reverse replay retains a symbol not present in the official checkpoint.
2021-06-30,UNEXPECTED_IN_REPLAY,hathway,2013-04-18,4942c0f021abcd6ed9702c343c2696ec44cfa8022c7e37448f8a78c075c4a16d,UNRESOLVED_MANUAL_REVIEW,Diagnostic reverse replay retains a symbol not present in the official checkpoint.
2021-06-30,UNEXPECTED_IN_REPLAY,hexaware,2013-04-18,4942c0f021abcd6ed9702c343c2696ec44cfa8022c7e37448f8a78c075c4a16d,UNRESOLVED_MANUAL_REVIEW,Diagnostic reverse replay retains a symbol not present in the official checkpoint.
2021-06-30,UNEXPECTED_IN_REPLAY,ibventures,2013-04-18,4942c0f021abcd6ed9702c343c2696ec44cfa8022c7e37448f8a78c075c4a16d,UNRESOLVED_MANUAL_REVIEW,Diagnostic reverse replay retains a symbol not present in the official checkpoint.
2021-06-30,UNEXPECTED_IN_REPLAY,idbi,2013-04-18,4942c0f021abcd6ed9702c343c2696ec44cfa8022c7e37448f8a78c075c4a16d,UNRESOLVED_MANUAL_REVIEW,Diagnostic reverse replay retains a symbol not present in the official checkpoint.
2021-06-30,UNEXPECTED_IN_REPLAY,idfcbank,2013-04-18,4942c0f021abcd6ed9702c343c2696ec44cfa8022c7e37448f8a78c075c4a16d,UNRESOLVED_MANUAL_REVIEW,Diagnostic reverse replay retains a symbol not present in the official checkpoint.
2021-06-30,UNEXPECTED_IN_REPLAY,indiainfo,2013-04-18,4942c0f021abcd6ed9702c343c2696ec44cfa8022c7e37448f8a78c075c4a16d,UNRESOLVED_MANUAL_REVIEW,Diagnostic reverse replay retains a symbol not present in the official checkpoint.
2021-06-30,UNEXPECTED_IN_REPLAY,ivrclinfra,2013-04-18,4942c0f021abcd6ed9702c343c2696ec44cfa8022c7e37448f8a78c075c4a16d,UNRESOLVED_MANUAL_REVIEW,Diagnostic reverse replay retains a symbol not present in the official checkpoint.
2021-06-30,UNEXPECTED_IN_REPLAY,jindalsaw,2013-04-18,4942c0f021abcd6ed9702c343c2696ec44cfa8022c7e37448f8a78c075c4a16d,UNRESOLVED_MANUAL_REVIEW,Diagnostic reverse replay retains a symbol not present in the official checkpoint.
2021-06-30,UNEXPECTED_IN_REPLAY,jubilant,2013-04-18,4942c0f021abcd6ed9702c343c2696ec44cfa8022c7e37448f8a78c075c4a16d,UNRESOLVED_MANUAL_REVIEW,Diagnostic reverse replay retains a symbol not present in the official checkpoint.
2021-06-30,UNEXPECTED_IN_REPLAY,litl,2013-04-18,4942c0f021abcd6ed9702c343c2696ec44cfa8022c7e37448f8a78c075c4a16d,UNRESOLVED_MANUAL_REVIEW,Diagnostic reverse replay retains a symbol not present in the official checkpoint.
2021-06-30,UNEXPECTED_IN_REPLAY,madrascem,2013-04-18,4942c0f021abcd6ed9702c343c2696ec44cfa8022c7e37448f8a78c075c4a16d,UNRESOLVED_MANUAL_REVIEW,Diagnostic reverse replay retains a symbol not present in the official checkpoint.
2021-06-30,UNEXPECTED_IN_REPLAY,mrpl,2013-04-18,4942c0f021abcd6ed9702c343c2696ec44cfa8022c7e37448f8a78c075c4a16d,UNRESOLVED_MANUAL_REVIEW,Diagnostic reverse replay retains a symbol not present in the official checkpoint.
2021-06-30,UNEXPECTED_IN_REPLAY,nhpc,2013-04-18,4942c0f021abcd6ed9702c343c2696ec44cfa8022c7e37448f8a78c075c4a16d,UNRESOLVED_MANUAL_REVIEW,Diagnostic reverse replay retains a symbol not present in the official checkpoint.
2021-06-30,UNEXPECTED_IN_REPLAY,niittech,2013-04-18,4942c0f021abcd6ed9702c343c2696ec44cfa8022c7e37448f8a78c075c4a16d,UNRESOLVED_MANUAL_REVIEW,Diagnostic reverse replay retains a symbol not present in the official checkpoint.
2021-06-30,UNEXPECTED_IN_REPLAY,optocircui,2013-04-18,4942c0f021abcd6ed9702c343c2696ec44cfa8022c7e37448f8a78c075c4a16d,UNRESOLVED_MANUAL_REVIEW,Diagnostic reverse replay retains a symbol not present in the official checkpoint.
2021-06-30,UNEXPECTED_IN_REPLAY,orissamine,2013-04-18,4942c0f021abcd6ed9702c343c2696ec44cfa8022c7e37448f8a78c075c4a16d,UNRESOLVED_MANUAL_REVIEW,Diagnostic reverse replay retains a symbol not present in the official checkpoint.
2021-06-30,UNEXPECTED_IN_REPLAY,pnbhousing,2013-04-18,4942c0f021abcd6ed9702c343c2696ec44cfa8022c7e37448f8a78c075c4a16d,UNRESOLVED_MANUAL_REVIEW,Diagnostic reverse replay retains a symbol not present in the official checkpoint.
2021-06-30,UNEXPECTED_IN_REPLAY,punjlloyd,2013-04-18,4942c0f021abcd6ed9702c343c2696ec44cfa8022c7e37448f8a78c075c4a16d,UNRESOLVED_MANUAL_REVIEW,Diagnostic reverse replay retains a symbol not present in the official checkpoint.
2021-06-30,UNEXPECTED_IN_REPLAY,quess,2013-04-18,4942c0f021abcd6ed9702c343c2696ec44cfa8022c7e37448f8a78c075c4a16d,UNRESOLVED_MANUAL_REVIEW,Diagnostic reverse replay retains a symbol not present in the official checkpoint.
2021-06-30,UNEXPECTED_IN_REPLAY,rnam,2013-04-18,4942c0f021abcd6ed9702c343c2696ec44cfa8022c7e37448f8a78c075c4a16d,UNRESOLVED_MANUAL_REVIEW,Diagnostic reverse replay retains a symbol not present in the official checkpoint.
2021-06-30,UNEXPECTED_IN_REPLAY,sesagoa,2013-04-18,4942c0f021abcd6ed9702c343c2696ec44cfa8022c7e37448f8a78c075c4a16d,UNRESOLVED_MANUAL_REVIEW,Diagnostic reverse replay retains a symbol not present in the official checkpoint.
2021-06-30,UNEXPECTED_IN_REPLAY,shriramcit,2013-04-18,4942c0f021abcd6ed9702c343c2696ec44cfa8022c7e37448f8a78c075c4a16d,UNRESOLVED_MANUAL_REVIEW,Diagnostic reverse replay retains a symbol not present in the official checkpoint.
2021-06-30,UNEXPECTED_IN_REPLAY,sksmicro,2013-04-18,4942c0f021abcd6ed9702c343c2696ec44cfa8022c7e37448f8a78c075c4a16d,UNRESOLVED_MANUAL_REVIEW,Diagnostic reverse replay retains a symbol not present in the official checkpoint.
2021-06-30,UNEXPECTED_IN_REPLAY,tataglobal,2013-04-18,4942c0f021abcd6ed9702c343c2696ec44cfa8022c7e37448f8a78c075c4a16d,UNRESOLVED_MANUAL_REVIEW,Diagnostic reverse replay retains a symbol not present in the official checkpoint.
2021-06-30,UNEXPECTED_IN_REPLAY,uniphos,2013-04-18,4942c0f021abcd6ed9702c343c2696ec44cfa8022c7e37448f8a78c075c4a16d,UNRESOLVED_MANUAL_REVIEW,Diagnostic reverse replay retains a symbol not present in the official checkpoint.
2021-06-30,UNEXPECTED_IN_REPLAY,welcorp,2013-04-18,4942c0f021abcd6ed9702c343c2696ec44cfa8022c7e37448f8a78c075c4a16d,UNRESOLVED_MANUAL_REVIEW,Diagnostic reverse replay retains a symbol not present in the official checkpoint.
2021-07-30,MISSING_FROM_REPLAY,ajantpharm,2013-04-18,4942c0f021abcd6ed9702c343c2696ec44cfa8022c7e37448f8a78c075c4a16d,UNRESOLVED_MANUAL_REVIEW,No authoritative 2012 anchor or complete certified event chain; symbol is in the official checkpoint but absent from diagnostic replay.
2021-07-30,MISSING_FROM_REPLAY,aplltd,2013-04-18,4942c0f021abcd6ed9702c343c2696ec44cfa8022c7e37448f8a78c075c4a16d,UNRESOLVED_MANUAL_REVIEW,No authoritative 2012 anchor or complete certified event chain; symbol is in the official checkpoint but absent from diagnostic replay.
2021-07-30,MISSING_FROM_REPLAY,apollotyre,2013-04-18,4942c0f021abcd6ed9702c343c2696ec44cfa8022c7e37448f8a78c075c4a16d,UNRESOLVED_MANUAL_REVIEW,No authoritative 2012 anchor or complete certified event chain; symbol is in the official checkpoint but absent from diagnostic replay.
2021-07-30,MISSING_FROM_REPLAY,atgl,2013-04-18,4942c0f021abcd6ed9702c343c2696ec44cfa8022c7e37448f8a78c075c4a16d,UNRESOLVED_MANUAL_REVIEW,No authoritative 2012 anchor or complete certified event chain; symbol is in the official checkpoint but absent from diagnostic replay.
2021-07-30,MISSING_FROM_REPLAY,auropharma,2013-04-18,4942c0f021abcd6ed9702c343c2696ec44cfa8022c7e37448f8a78c075c4a16d,UNRESOLVED_MANUAL_REVIEW,No authoritative 2012 anchor or complete certified event chain; symbol is in the official checkpoint but absent from diagnostic replay.
2021-07-30,MISSING_FROM_REPLAY,bergepaint,2013-04-18,4942c0f021abcd6ed9702c343c2696ec44cfa8022c7e37448f8a78c075c4a16d,UNRESOLVED_MANUAL_REVIEW,No authoritative 2012 anchor or complete certified event chain; symbol is in the official checkpoint but absent from diagnostic replay.
2021-07-30,MISSING_FROM_REPLAY,bhartiartl,2013-04-18,4942c0f021abcd6ed9702c343c2696ec44cfa8022c7e37448f8a78c075c4a16d,UNRESOLVED_MANUAL_REVIEW,No authoritative 2012 anchor or complete certified event chain; symbol is in the official checkpoint but absent from diagnostic replay.
2021-07-30,MISSING_FROM_REPLAY,biocon,2013-04-18,4942c0f021abcd6ed9702c343c2696ec44cfa8022c7e37448f8a78c075c4a16d,UNRESOLVED_MANUAL_REVIEW,No authoritative 2012 anchor or complete certified event chain; symbol is in the official checkpoint but absent from diagnostic replay.
2021-07-30,MISSING_FROM_REPLAY,britannia,2013-04-18,4942c0f021abcd6ed9702c343c2696ec44cfa8022c7e37448f8a78c075c4a16d,UNRESOLVED_MANUAL_REVIEW,No authoritative 2012 anchor or complete certified event chain; symbol is in the official checkpoint but absent from diagnostic replay.
2021-07-30,MISSING_FROM_REPLAY,cipla,2013-04-18,4942c0f021abcd6ed9702c343c2696ec44cfa8022c7e37448f8a78c075c4a16d,UNRESOLVED_MANUAL_REVIEW,No authoritative 2012 anchor or complete certified event chain; symbol is in the official checkpoint but absent from diagnostic replay.
2021-07-30,MISSING_FROM_REPLAY,coforge,2013-04-18,4942c0f021abcd6ed9702c343c2696ec44cfa8022c7e37448f8a78c075c4a16d,UNRESOLVED_MANUAL_REVIEW,No authoritative 2012 anchor or complete certified event chain; symbol is in the official checkpoint but absent from diagnostic replay.
2021-07-30,MISSING_FROM_REPLAY,colpal,2013-04-18,4942c0f021abcd6ed9702c343c2696ec44cfa8022c7e37448f8a78c075c4a16d,UNRESOLVED_MANUAL_REVIEW,No authoritative 2012 anchor or complete certified event chain; symbol is in the official checkpoint but absent from diagnostic replay.
2021-07-30,MISSING_FROM_REPLAY,dabur,2013-04-18,4942c0f021abcd6ed9702c343c2696ec44cfa8022c7e37448f8a78c075c4a16d,UNRESOLVED_MANUAL_REVIEW,No authoritative 2012 anchor or complete certified event chain; symbol is in the official checkpoint but absent from diagnostic replay.
2021-07-30,MISSING_FROM_REPLAY,dhani,2013-04-18,4942c0f021abcd6ed9702c343c2696ec44cfa8022c7e37448f8a78c075c4a16d,UNRESOLVED_MANUAL_REVIEW,No authoritative 2012 anchor or complete certified event chain; symbol is in the official checkpoint but absent from diagnostic replay.
2021-07-30,MISSING_FROM_REPLAY,divislab,2013-04-18,4942c0f021abcd6ed9702c343c2696ec44cfa8022c7e37448f8a78c075c4a16d,UNRESOLVED_MANUAL_REVIEW,No authoritative 2012 anchor or complete certified event chain; symbol is in the official checkpoint but absent from diagnostic replay.
2021-07-30,MISSING_FROM_REPLAY,drreddy,2013-04-18,4942c0f021abcd6ed9702c343c2696ec44cfa8022c7e37448f8a78c075c4a16d,UNRESOLVED_MANUAL_REVIEW,No authoritative 2012 anchor or complete certified event chain; symbol is in the official checkpoint but absent from diagnostic replay.
2021-07-30,MISSING_FROM_REPLAY,escorts,2013-04-18,4942c0f021abcd6ed9702c343c2696ec44cfa8022c7e37448f8a78c075c4a16d,UNRESOLVED_MANUAL_REVIEW,No authoritative 2012 anchor or complete certified event chain; symbol is in the official checkpoint but absent from diagnostic replay.
2021-07-30,MISSING_FROM_REPLAY,gmrinfra,2013-04-18,4942c0f021abcd6ed9702c343c2696ec44cfa8022c7e37448f8a78c075c4a16d,UNRESOLVED_MANUAL_REVIEW,No authoritative 2012 anchor or complete certified event chain; symbol is in the official checkpoint but absent from diagnostic replay.
2021-07-30,MISSING_FROM_REPLAY,godrejcp,2013-04-18,4942c0f021abcd6ed9702c343c2696ec44cfa8022c7e37448f8a78c075c4a16d,UNRESOLVED_MANUAL_REVIEW,No authoritative 2012 anchor or complete certified event chain; symbol is in the official checkpoint but absent from diagnostic replay.
2021-07-30,MISSING_FROM_REPLAY,hal,2013-04-18,4942c0f021abcd6ed9702c343c2696ec44cfa8022c7e37448f8a78c075c4a16d,UNRESOLVED_MANUAL_REVIEW,No authoritative 2012 anchor or complete certified event chain; symbol is in the official checkpoint but absent from diagnostic replay.
2021-07-30,MISSING_FROM_REPLAY,hcltech,2013-04-18,4942c0f021abcd6ed9702c343c2696ec44cfa8022c7e37448f8a78c075c4a16d,UNRESOLVED_MANUAL_REVIEW,No authoritative 2012 anchor or complete certified event chain; symbol is in the official checkpoint but absent from diagnostic replay.
2021-07-30,MISSING_FROM_REPLAY,hindunilvr,2013-04-18,4942c0f021abcd6ed9702c343c2696ec44cfa8022c7e37448f8a78c075c4a16d,UNRESOLVED_MANUAL_REVIEW,No authoritative 2012 anchor or complete certified event chain; symbol is in the official checkpoint but absent from diagnostic replay.
2021-07-30,MISSING_FROM_REPLAY,ibulhsgfin,2013-04-18,4942c0f021abcd6ed9702c343c2696ec44cfa8022c7e37448f8a78c075c4a16d,UNRESOLVED_MANUAL_REVIEW,No authoritative 2012 anchor or complete certified event chain; symbol is in the official checkpoint but absent from diagnostic replay.
2021-07-30,MISSING_FROM_REPLAY,idfcfirstb,2013-04-18,4942c0f021abcd6ed9702c343c2696ec44cfa8022c7e37448f8a78c075c4a16d,UNRESOLVED_MANUAL_REVIEW,No authoritative 2012 anchor or complete certified event chain; symbol is in the official checkpoint but absent from diagnostic replay.
2021-07-30,MISSING_FROM_REPLAY,igl,2013-04-18,4942c0f021abcd6ed9702c343c2696ec44cfa8022c7e37448f8a78c075c4a16d,UNRESOLVED_MANUAL_REVIEW,No authoritative 2012 anchor or complete certified event chain; symbol is in the official checkpoint but absent from diagnostic replay.
2021-07-30,MISSING_FROM_REPLAY,industower,2013-04-18,4942c0f021abcd6ed9702c343c2696ec44cfa8022c7e37448f8a78c075c4a16d,UNRESOLVED_MANUAL_REVIEW,No authoritative 2012 anchor or complete certified event chain; symbol is in the official checkpoint but absent from diagnostic replay.
2021-07-30,MISSING_FROM_REPLAY,irctc,2013-04-18,4942c0f021abcd6ed9702c343c2696ec44cfa8022c7e37448f8a78c075c4a16d,UNRESOLVED_MANUAL_REVIEW,No authoritative 2012 anchor or complete certified event chain; symbol is in the official checkpoint but absent from diagnostic replay.
2021-07-30,MISSING_FROM_REPLAY,isec,2013-04-18,4942c0f021abcd6ed9702c343c2696ec44cfa8022c7e37448f8a78c075c4a16d,UNRESOLVED_MANUAL_REVIEW,No authoritative 2012 anchor or complete certified event chain; symbol is in the official checkpoint but absent from diagnostic replay.
2021-07-30,MISSING_FROM_REPLAY,jublfood,2013-04-18,4942c0f021abcd6ed9702c343c2696ec44cfa8022c7e37448f8a78c075c4a16d,UNRESOLVED_MANUAL_REVIEW,No authoritative 2012 anchor or complete certified event chain; symbol is in the official checkpoint but absent from diagnostic replay.
2021-07-30,MISSING_FROM_REPLAY,lupin,2013-04-18,4942c0f021abcd6ed9702c343c2696ec44cfa8022c7e37448f8a78c075c4a16d,UNRESOLVED_MANUAL_REVIEW,No authoritative 2012 anchor or complete certified event chain; symbol is in the official checkpoint but absent from diagnostic replay.
2021-07-30,MISSING_FROM_REPLAY,m&m,2013-04-18,4942c0f021abcd6ed9702c343c2696ec44cfa8022c7e37448f8a78c075c4a16d,UNRESOLVED_MANUAL_REVIEW,No authoritative 2012 anchor or complete certified event chain; symbol is in the official checkpoint but absent from diagnostic replay.
2021-07-30,MISSING_FROM_REPLAY,maruti,2013-04-18,4942c0f021abcd6ed9702c343c2696ec44cfa8022c7e37448f8a78c075c4a16d,UNRESOLVED_MANUAL_REVIEW,No authoritative 2012 anchor or complete certified event chain; symbol is in the official checkpoint but absent from diagnostic replay.
2021-07-30,MISSING_FROM_REPLAY,muthootfin,2013-04-18,4942c0f021abcd6ed9702c343c2696ec44cfa8022c7e37448f8a78c075c4a16d,UNRESOLVED_MANUAL_REVIEW,No authoritative 2012 anchor or complete certified event chain; symbol is in the official checkpoint but absent from diagnostic replay.
2021-07-30,MISSING_FROM_REPLAY,nam-india,2013-04-18,4942c0f021abcd6ed9702c343c2696ec44cfa8022c7e37448f8a78c075c4a16d,UNRESOLVED_MANUAL_REVIEW,No authoritative 2012 anchor or complete certified event chain; symbol is in the official checkpoint but absent from diagnostic replay.
2021-07-30,MISSING_FROM_REPLAY,naukri,2013-04-18,4942c0f021abcd6ed9702c343c2696ec44cfa8022c7e37448f8a78c075c4a16d,UNRESOLVED_MANUAL_REVIEW,No authoritative 2012 anchor or complete certified event chain; symbol is in the official checkpoint but absent from diagnostic replay.
2021-07-30,MISSING_FROM_REPLAY,navinfluor,2013-04-18,4942c0f021abcd6ed9702c343c2696ec44cfa8022c7e37448f8a78c075c4a16d,UNRESOLVED_MANUAL_REVIEW,No authoritative 2012 anchor or complete certified event chain; symbol is in the official checkpoint but absent from diagnostic replay.
2021-07-30,MISSING_FROM_REPLAY,nestleind,2013-04-18,4942c0f021abcd6ed9702c343c2696ec44cfa8022c7e37448f8a78c075c4a16d,UNRESOLVED_MANUAL_REVIEW,No authoritative 2012 anchor or complete certified event chain; symbol is in the official checkpoint but absent from diagnostic replay.
2021-07-30,MISSING_FROM_REPLAY,oberoirlty,2013-04-18,4942c0f021abcd6ed9702c343c2696ec44cfa8022c7e37448f8a78c075c4a16d,UNRESOLVED_MANUAL_REVIEW,No authoritative 2012 anchor or complete certified event chain; symbol is in the official checkpoint but absent from diagnostic replay.
2021-07-30,MISSING_FROM_REPLAY,pageind,2013-04-18,4942c0f021abcd6ed9702c343c2696ec44cfa8022c7e37448f8a78c075c4a16d,UNRESOLVED_MANUAL_REVIEW,No authoritative 2012 anchor or complete certified event chain; symbol is in the official checkpoint but absent from diagnostic replay.
2021-07-30,MISSING_FROM_REPLAY,pidilitind,2013-04-18,4942c0f021abcd6ed9702c343c2696ec44cfa8022c7e37448f8a78c075c4a16d,UNRESOLVED_MANUAL_REVIEW,No authoritative 2012 anchor or complete certified event chain; symbol is in the official checkpoint but absent from diagnostic replay.
2021-07-30,MISSING_FROM_REPLAY,reliance,2013-04-18,4942c0f021abcd6ed9702c343c2696ec44cfa8022c7e37448f8a78c075c4a16d,UNRESOLVED_MANUAL_REVIEW,No authoritative 2012 anchor or complete certified event chain; symbol is in the official checkpoint but absent from diagnostic replay.
2021-07-30,MISSING_FROM_REPLAY,sanofi,2013-04-18,4942c0f021abcd6ed9702c343c2696ec44cfa8022c7e37448f8a78c075c4a16d,UNRESOLVED_MANUAL_REVIEW,No authoritative 2012 anchor or complete certified event chain; symbol is in the official checkpoint but absent from diagnostic replay.
2021-07-30,MISSING_FROM_REPLAY,shreecem,2013-04-18,4942c0f021abcd6ed9702c343c2696ec44cfa8022c7e37448f8a78c075c4a16d,UNRESOLVED_MANUAL_REVIEW,No authoritative 2012 anchor or complete certified event chain; symbol is in the official checkpoint but absent from diagnostic replay.
2021-07-30,MISSING_FROM_REPLAY,srf,2013-04-18,4942c0f021abcd6ed9702c343c2696ec44cfa8022c7e37448f8a78c075c4a16d,UNRESOLVED_MANUAL_REVIEW,No authoritative 2012 anchor or complete certified event chain; symbol is in the official checkpoint but absent from diagnostic replay.
2021-07-30,MISSING_FROM_REPLAY,tataconsum,2013-04-18,4942c0f021abcd6ed9702c343c2696ec44cfa8022c7e37448f8a78c075c4a16d,UNRESOLVED_MANUAL_REVIEW,No authoritative 2012 anchor or complete certified event chain; symbol is in the official checkpoint but absent from diagnostic replay.
2021-07-30,MISSING_FROM_REPLAY,titan,2013-04-18,4942c0f021abcd6ed9702c343c2696ec44cfa8022c7e37448f8a78c075c4a16d,UNRESOLVED_MANUAL_REVIEW,No authoritative 2012 anchor or complete certified event chain; symbol is in the official checkpoint but absent from diagnostic replay.
2021-07-30,MISSING_FROM_REPLAY,torntpharm,2013-04-18,4942c0f021abcd6ed9702c343c2696ec44cfa8022c7e37448f8a78c075c4a16d,UNRESOLVED_MANUAL_REVIEW,No authoritative 2012 anchor or complete certified event chain; symbol is in the official checkpoint but absent from diagnostic replay.
2021-07-30,MISSING_FROM_REPLAY,torntpower,2013-04-18,4942c0f021abcd6ed9702c343c2696ec44cfa8022c7e37448f8a78c075c4a16d,UNRESOLVED_MANUAL_REVIEW,No authoritative 2012 anchor or complete certified event chain; symbol is in the official checkpoint but absent from diagnostic replay.
2021-07-30,MISSING_FROM_REPLAY,vguard,2013-04-18,4942c0f021abcd6ed9702c343c2696ec44cfa8022c7e37448f8a78c075c4a16d,UNRESOLVED_MANUAL_REVIEW,No authoritative 2012 anchor or complete certified event chain; symbol is in the official checkpoint but absent from diagnostic replay.
2021-07-30,MISSING_FROM_REPLAY,yesbank,2013-04-18,4942c0f021abcd6ed9702c343c2696ec44cfa8022c7e37448f8a78c075c4a16d,UNRESOLVED_MANUAL_REVIEW,No authoritative 2012 anchor or complete certified event chain; symbol is in the official checkpoint but absent from diagnostic replay.
2021-07-30,UNEXPECTED_IN_REPLAY,adanigas,2013-04-18,4942c0f021abcd6ed9702c343c2696ec44cfa8022c7e37448f8a78c075c4a16d,UNRESOLVED_MANUAL_REVIEW,Diagnostic reverse replay retains a symbol not present in the official checkpoint.
2021-07-30,UNEXPECTED_IN_REPLAY,adanipower,2013-04-18,4942c0f021abcd6ed9702c343c2696ec44cfa8022c7e37448f8a78c075c4a16d,UNRESOLVED_MANUAL_REVIEW,Diagnostic reverse replay retains a symbol not present in the official checkpoint.
2021-07-30,UNEXPECTED_IN_REPLAY,chamblfert,2013-04-18,4942c0f021abcd6ed9702c343c2696ec44cfa8022c7e37448f8a78c075c4a16d,UNRESOLVED_MANUAL_REVIEW,Diagnostic reverse replay retains a symbol not present in the official checkpoint.
2021-07-30,UNEXPECTED_IN_REPLAY,coreedutec,2013-04-18,4942c0f021abcd6ed9702c343c2696ec44cfa8022c7e37448f8a78c075c4a16d,UNRESOLVED_MANUAL_REVIEW,Diagnostic reverse replay retains a symbol not present in the official checkpoint.
2021-07-30,UNEXPECTED_IN_REPLAY,denabank,2013-04-18,4942c0f021abcd6ed9702c343c2696ec44cfa8022c7e37448f8a78c075c4a16d,UNRESOLVED_MANUAL_REVIEW,Diagnostic reverse replay retains a symbol not present in the official checkpoint.
2021-07-30,UNEXPECTED_IN_REPLAY,finantech,2013-04-18,4942c0f021abcd6ed9702c343c2696ec44cfa8022c7e37448f8a78c075c4a16d,UNRESOLVED_MANUAL_REVIEW,Diagnostic reverse replay retains a symbol not present in the official checkpoint.
2021-07-30,UNEXPECTED_IN_REPLAY,gitanjali,2013-04-18,4942c0f021abcd6ed9702c343c2696ec44cfa8022c7e37448f8a78c075c4a16d,UNRESOLVED_MANUAL_REVIEW,Diagnostic reverse replay retains a symbol not present in the official checkpoint.
2021-07-30,UNEXPECTED_IN_REPLAY,gmdcltd,2013-04-18,4942c0f021abcd6ed9702c343c2696ec44cfa8022c7e37448f8a78c075c4a16d,UNRESOLVED_MANUAL_REVIEW,Diagnostic reverse replay retains a symbol not present in the official checkpoint.
2021-07-30,UNEXPECTED_IN_REPLAY,gujratgas,2013-04-18,4942c0f021abcd6ed9702c343c2696ec44cfa8022c7e37448f8a78c075c4a16d,UNRESOLVED_MANUAL_REVIEW,Diagnostic reverse replay retains a symbol not present in the official checkpoint.
2021-07-30,UNEXPECTED_IN_REPLAY,gvkpil,2013-04-18,4942c0f021abcd6ed9702c343c2696ec44cfa8022c7e37448f8a78c075c4a16d,UNRESOLVED_MANUAL_REVIEW,Diagnostic reverse replay retains a symbol not present in the official checkpoint.
2021-07-30,UNEXPECTED_IN_REPLAY,hathway,2013-04-18,4942c0f021abcd6ed9702c343c2696ec44cfa8022c7e37448f8a78c075c4a16d,UNRESOLVED_MANUAL_REVIEW,Diagnostic reverse replay retains a symbol not present in the official checkpoint.
2021-07-30,UNEXPECTED_IN_REPLAY,hexaware,2013-04-18,4942c0f021abcd6ed9702c343c2696ec44cfa8022c7e37448f8a78c075c4a16d,UNRESOLVED_MANUAL_REVIEW,Diagnostic reverse replay retains a symbol not present in the official checkpoint.
2021-07-30,UNEXPECTED_IN_REPLAY,ibventures,2013-04-18,4942c0f021abcd6ed9702c343c2696ec44cfa8022c7e37448f8a78c075c4a16d,UNRESOLVED_MANUAL_REVIEW,Diagnostic reverse replay retains a symbol not present in the official checkpoint.
2021-07-30,UNEXPECTED_IN_REPLAY,idbi,2013-04-18,4942c0f021abcd6ed9702c343c2696ec44cfa8022c7e37448f8a78c075c4a16d,UNRESOLVED_MANUAL_REVIEW,Diagnostic reverse replay retains a symbol not present in the official checkpoint.
2021-07-30,UNEXPECTED_IN_REPLAY,idfcbank,2013-04-18,4942c0f021abcd6ed9702c343c2696ec44cfa8022c7e37448f8a78c075c4a16d,UNRESOLVED_MANUAL_REVIEW,Diagnostic reverse replay retains a symbol not present in the official checkpoint.
2021-07-30,UNEXPECTED_IN_REPLAY,indiainfo,2013-04-18,4942c0f021abcd6ed9702c343c2696ec44cfa8022c7e37448f8a78c075c4a16d,UNRESOLVED_MANUAL_REVIEW,Diagnostic reverse replay retains a symbol not present in the official checkpoint.
2021-07-30,UNEXPECTED_IN_REPLAY,ivrclinfra,2013-04-18,4942c0f021abcd6ed9702c343c2696ec44cfa8022c7e37448f8a78c075c4a16d,UNRESOLVED_MANUAL_REVIEW,Diagnostic reverse replay retains a symbol not present in the official checkpoint.
2021-07-30,UNEXPECTED_IN_REPLAY,jindalsaw,2013-04-18,4942c0f021abcd6ed9702c343c2696ec44cfa8022c7e37448f8a78c075c4a16d,UNRESOLVED_MANUAL_REVIEW,Diagnostic reverse replay retains a symbol not present in the official checkpoint.
2021-07-30,UNEXPECTED_IN_REPLAY,jubilant,2013-04-18,4942c0f021abcd6ed9702c343c2696ec44cfa8022c7e37448f8a78c075c4a16d,UNRESOLVED_MANUAL_REVIEW,Diagnostic reverse replay retains a symbol not present in the official checkpoint.
2021-07-30,UNEXPECTED_IN_REPLAY,litl,2013-04-18,4942c0f021abcd6ed9702c343c2696ec44cfa8022c7e37448f8a78c075c4a16d,UNRESOLVED_MANUAL_REVIEW,Diagnostic reverse replay retains a symbol not present in the official checkpoint.
2021-07-30,UNEXPECTED_IN_REPLAY,madrascem,2013-04-18,4942c0f021abcd6ed9702c343c2696ec44cfa8022c7e37448f8a78c075c4a16d,UNRESOLVED_MANUAL_REVIEW,Diagnostic reverse replay retains a symbol not present in the official checkpoint.
2021-07-30,UNEXPECTED_IN_REPLAY,mrpl,2013-04-18,4942c0f021abcd6ed9702c343c2696ec44cfa8022c7e37448f8a78c075c4a16d,UNRESOLVED_MANUAL_REVIEW,Diagnostic reverse replay retains a symbol not present in the official checkpoint.
2021-07-30,UNEXPECTED_IN_REPLAY,nhpc,2013-04-18,4942c0f021abcd6ed9702c343c2696ec44cfa8022c7e37448f8a78c075c4a16d,UNRESOLVED_MANUAL_REVIEW,Diagnostic reverse replay retains a symbol not present in the official checkpoint.
2021-07-30,UNEXPECTED_IN_REPLAY,niittech,2013-04-18,4942c0f021abcd6ed9702c343c2696ec44cfa8022c7e37448f8a78c075c4a16d,UNRESOLVED_MANUAL_REVIEW,Diagnostic reverse replay retains a symbol not present in the official checkpoint.
2021-07-30,UNEXPECTED_IN_REPLAY,optocircui,2013-04-18,4942c0f021abcd6ed9702c343c2696ec44cfa8022c7e37448f8a78c075c4a16d,UNRESOLVED_MANUAL_REVIEW,Diagnostic reverse replay retains a symbol not present in the official checkpoint.
2021-07-30,UNEXPECTED_IN_REPLAY,orissamine,2013-04-18,4942c0f021abcd6ed9702c343c2696ec44cfa8022c7e37448f8a78c075c4a16d,UNRESOLVED_MANUAL_REVIEW,Diagnostic reverse replay retains a symbol not present in the official checkpoint.
2021-07-30,UNEXPECTED_IN_REPLAY,pnbhousing,2013-04-18,4942c0f021abcd6ed9702c343c2696ec44cfa8022c7e37448f8a78c075c4a16d,UNRESOLVED_MANUAL_REVIEW,Diagnostic reverse replay retains a symbol not present in the official checkpoint.
2021-07-30,UNEXPECTED_IN_REPLAY,punjlloyd,2013-04-18,4942c0f021abcd6ed9702c343c2696ec44cfa8022c7e37448f8a78c075c4a16d,UNRESOLVED_MANUAL_REVIEW,Diagnostic reverse replay retains a symbol not present in the official checkpoint.
2021-07-30,UNEXPECTED_IN_REPLAY,quess,2013-04-18,4942c0f021abcd6ed9702c343c2696ec44cfa8022c7e37448f8a78c075c4a16d,UNRESOLVED_MANUAL_REVIEW,Diagnostic reverse replay retains a symbol not present in the official checkpoint.
2021-07-30,UNEXPECTED_IN_REPLAY,rnam,2013-04-18,4942c0f021abcd6ed9702c343c2696ec44cfa8022c7e37448f8a78c075c4a16d,UNRESOLVED_MANUAL_REVIEW,Diagnostic reverse replay retains a symbol not present in the official checkpoint.
2021-07-30,UNEXPECTED_IN_REPLAY,sesagoa,2013-04-18,4942c0f021abcd6ed9702c343c2696ec44cfa8022c7e37448f8a78c075c4a16d,UNRESOLVED_MANUAL_REVIEW,Diagnostic reverse replay retains a symbol not present in the official checkpoint.
2021-07-30,UNEXPECTED_IN_REPLAY,shriramcit,2013-04-18,4942c0f021abcd6ed9702c343c2696ec44cfa8022c7e37448f8a78c075c4a16d,UNRESOLVED_MANUAL_REVIEW,Diagnostic reverse replay retains a symbol not present in the official checkpoint.
2021-07-30,UNEXPECTED_IN_REPLAY,sksmicro,2013-04-18,4942c0f021abcd6ed9702c343c2696ec44cfa8022c7e37448f8a78c075c4a16d,UNRESOLVED_MANUAL_REVIEW,Diagnostic reverse replay retains a symbol not present in the official checkpoint.
2021-07-30,UNEXPECTED_IN_REPLAY,tataglobal,2013-04-18,4942c0f021abcd6ed9702c343c2696ec44cfa8022c7e37448f8a78c075c4a16d,UNRESOLVED_MANUAL_REVIEW,Diagnostic reverse replay retains a symbol not present in the official checkpoint.
2021-07-30,UNEXPECTED_IN_REPLAY,uniphos,2013-04-18,4942c0f021abcd6ed9702c343c2696ec44cfa8022c7e37448f8a78c075c4a16d,UNRESOLVED_MANUAL_REVIEW,Diagnostic reverse replay retains a symbol not present in the official checkpoint.
2021-07-30,UNEXPECTED_IN_REPLAY,welcorp,2013-04-18,4942c0f021abcd6ed9702c343c2696ec44cfa8022c7e37448f8a78c075c4a16d,UNRESOLVED_MANUAL_REVIEW,Diagnostic reverse replay retains a symbol not present in the official checkpoint.
2021-08-31,MISSING_FROM_REPLAY,ajantpharm,2013-04-18,4942c0f021abcd6ed9702c343c2696ec44cfa8022c7e37448f8a78c075c4a16d,UNRESOLVED_MANUAL_REVIEW,No authoritative 2012 anchor or complete certified event chain; symbol is in the official checkpoint but absent from diagnostic replay.
2021-08-31,MISSING_FROM_REPLAY,aplltd,2013-04-18,4942c0f021abcd6ed9702c343c2696ec44cfa8022c7e37448f8a78c075c4a16d,UNRESOLVED_MANUAL_REVIEW,No authoritative 2012 anchor or complete certified event chain; symbol is in the official checkpoint but absent from diagnostic replay.
2021-08-31,MISSING_FROM_REPLAY,apollotyre,2013-04-18,4942c0f021abcd6ed9702c343c2696ec44cfa8022c7e37448f8a78c075c4a16d,UNRESOLVED_MANUAL_REVIEW,No authoritative 2012 anchor or complete certified event chain; symbol is in the official checkpoint but absent from diagnostic replay.
2021-08-31,MISSING_FROM_REPLAY,atgl,2013-04-18,4942c0f021abcd6ed9702c343c2696ec44cfa8022c7e37448f8a78c075c4a16d,UNRESOLVED_MANUAL_REVIEW,No authoritative 2012 anchor or complete certified event chain; symbol is in the official checkpoint but absent from diagnostic replay.
2021-08-31,MISSING_FROM_REPLAY,auropharma,2013-04-18,4942c0f021abcd6ed9702c343c2696ec44cfa8022c7e37448f8a78c075c4a16d,UNRESOLVED_MANUAL_REVIEW,No authoritative 2012 anchor or complete certified event chain; symbol is in the official checkpoint but absent from diagnostic replay.
2021-08-31,MISSING_FROM_REPLAY,bergepaint,2013-04-18,4942c0f021abcd6ed9702c343c2696ec44cfa8022c7e37448f8a78c075c4a16d,UNRESOLVED_MANUAL_REVIEW,No authoritative 2012 anchor or complete certified event chain; symbol is in the official checkpoint but absent from diagnostic replay.
2021-08-31,MISSING_FROM_REPLAY,bhartiartl,2013-04-18,4942c0f021abcd6ed9702c343c2696ec44cfa8022c7e37448f8a78c075c4a16d,UNRESOLVED_MANUAL_REVIEW,No authoritative 2012 anchor or complete certified event chain; symbol is in the official checkpoint but absent from diagnostic replay.
2021-08-31,MISSING_FROM_REPLAY,biocon,2013-04-18,4942c0f021abcd6ed9702c343c2696ec44cfa8022c7e37448f8a78c075c4a16d,UNRESOLVED_MANUAL_REVIEW,No authoritative 2012 anchor or complete certified event chain; symbol is in the official checkpoint but absent from diagnostic replay.
2021-08-31,MISSING_FROM_REPLAY,britannia,2013-04-18,4942c0f021abcd6ed9702c343c2696ec44cfa8022c7e37448f8a78c075c4a16d,UNRESOLVED_MANUAL_REVIEW,No authoritative 2012 anchor or complete certified event chain; symbol is in the official checkpoint but absent from diagnostic replay.
2021-08-31,MISSING_FROM_REPLAY,cipla,2013-04-18,4942c0f021abcd6ed9702c343c2696ec44cfa8022c7e37448f8a78c075c4a16d,UNRESOLVED_MANUAL_REVIEW,No authoritative 2012 anchor or complete certified event chain; symbol is in the official checkpoint but absent from diagnostic replay.
2021-08-31,MISSING_FROM_REPLAY,coforge,2013-04-18,4942c0f021abcd6ed9702c343c2696ec44cfa8022c7e37448f8a78c075c4a16d,UNRESOLVED_MANUAL_REVIEW,No authoritative 2012 anchor or complete certified event chain; symbol is in the official checkpoint but absent from diagnostic replay.
2021-08-31,MISSING_FROM_REPLAY,colpal,2013-04-18,4942c0f021abcd6ed9702c343c2696ec44cfa8022c7e37448f8a78c075c4a16d,UNRESOLVED_MANUAL_REVIEW,No authoritative 2012 anchor or complete certified event chain; symbol is in the official checkpoint but absent from diagnostic replay.
2021-08-31,MISSING_FROM_REPLAY,dabur,2013-04-18,4942c0f021abcd6ed9702c343c2696ec44cfa8022c7e37448f8a78c075c4a16d,UNRESOLVED_MANUAL_REVIEW,No authoritative 2012 anchor or complete certified event chain; symbol is in the official checkpoint but absent from diagnostic replay.
2021-08-31,MISSING_FROM_REPLAY,dhani,2013-04-18,4942c0f021abcd6ed9702c343c2696ec44cfa8022c7e37448f8a78c075c4a16d,UNRESOLVED_MANUAL_REVIEW,No authoritative 2012 anchor or complete certified event chain; symbol is in the official checkpoint but absent from diagnostic replay.
2021-08-31,MISSING_FROM_REPLAY,divislab,2013-04-18,4942c0f021abcd6ed9702c343c2696ec44cfa8022c7e37448f8a78c075c4a16d,UNRESOLVED_MANUAL_REVIEW,No authoritative 2012 anchor or complete certified event chain; symbol is in the official checkpoint but absent from diagnostic replay.
2021-08-31,MISSING_FROM_REPLAY,drreddy,2013-04-18,4942c0f021abcd6ed9702c343c2696ec44cfa8022c7e37448f8a78c075c4a16d,UNRESOLVED_MANUAL_REVIEW,No authoritative 2012 anchor or complete certified event chain; symbol is in the official checkpoint but absent from diagnostic replay.
2021-08-31,MISSING_FROM_REPLAY,escorts,2013-04-18,4942c0f021abcd6ed9702c343c2696ec44cfa8022c7e37448f8a78c075c4a16d,UNRESOLVED_MANUAL_REVIEW,No authoritative 2012 anchor or complete certified event chain; symbol is in the official checkpoint but absent from diagnostic replay.
2021-08-31,MISSING_FROM_REPLAY,gmrinfra,2013-04-18,4942c0f021abcd6ed9702c343c2696ec44cfa8022c7e37448f8a78c075c4a16d,UNRESOLVED_MANUAL_REVIEW,No authoritative 2012 anchor or complete certified event chain; symbol is in the official checkpoint but absent from diagnostic replay.
2021-08-31,MISSING_FROM_REPLAY,godrejcp,2013-04-18,4942c0f021abcd6ed9702c343c2696ec44cfa8022c7e37448f8a78c075c4a16d,UNRESOLVED_MANUAL_REVIEW,No authoritative 2012 anchor or complete certified event chain; symbol is in the official checkpoint but absent from diagnostic replay.
2021-08-31,MISSING_FROM_REPLAY,hal,2013-04-18,4942c0f021abcd6ed9702c343c2696ec44cfa8022c7e37448f8a78c075c4a16d,UNRESOLVED_MANUAL_REVIEW,No authoritative 2012 anchor or complete certified event chain; symbol is in the official checkpoint but absent from diagnostic replay.
2021-08-31,MISSING_FROM_REPLAY,hcltech,2013-04-18,4942c0f021abcd6ed9702c343c2696ec44cfa8022c7e37448f8a78c075c4a16d,UNRESOLVED_MANUAL_REVIEW,No authoritative 2012 anchor or complete certified event chain; symbol is in the official checkpoint but absent from diagnostic replay.
2021-08-31,MISSING_FROM_REPLAY,hindunilvr,2013-04-18,4942c0f021abcd6ed9702c343c2696ec44cfa8022c7e37448f8a78c075c4a16d,UNRESOLVED_MANUAL_REVIEW,No authoritative 2012 anchor or complete certified event chain; symbol is in the official checkpoint but absent from diagnostic replay.
2021-08-31,MISSING_FROM_REPLAY,ibulhsgfin,2013-04-18,4942c0f021abcd6ed9702c343c2696ec44cfa8022c7e37448f8a78c075c4a16d,UNRESOLVED_MANUAL_REVIEW,No authoritative 2012 anchor or complete certified event chain; symbol is in the official checkpoint but absent from diagnostic replay.
2021-08-31,MISSING_FROM_REPLAY,idfcfirstb,2013-04-18,4942c0f021abcd6ed9702c343c2696ec44cfa8022c7e37448f8a78c075c4a16d,UNRESOLVED_MANUAL_REVIEW,No authoritative 2012 anchor or complete certified event chain; symbol is in the official checkpoint but absent from diagnostic replay.
2021-08-31,MISSING_FROM_REPLAY,igl,2013-04-18,4942c0f021abcd6ed9702c343c2696ec44cfa8022c7e37448f8a78c075c4a16d,UNRESOLVED_MANUAL_REVIEW,No authoritative 2012 anchor or complete certified event chain; symbol is in the official checkpoint but absent from diagnostic replay.
2021-08-31,MISSING_FROM_REPLAY,industower,2013-04-18,4942c0f021abcd6ed9702c343c2696ec44cfa8022c7e37448f8a78c075c4a16d,UNRESOLVED_MANUAL_REVIEW,No authoritative 2012 anchor or complete certified event chain; symbol is in the official checkpoint but absent from diagnostic replay.
2021-08-31,MISSING_FROM_REPLAY,irctc,2013-04-18,4942c0f021abcd6ed9702c343c2696ec44cfa8022c7e37448f8a78c075c4a16d,UNRESOLVED_MANUAL_REVIEW,No authoritative 2012 anchor or complete certified event chain; symbol is in the official checkpoint but absent from diagnostic replay.
2021-08-31,MISSING_FROM_REPLAY,isec,2013-04-18,4942c0f021abcd6ed9702c343c2696ec44cfa8022c7e37448f8a78c075c4a16d,UNRESOLVED_MANUAL_REVIEW,No authoritative 2012 anchor or complete certified event chain; symbol is in the official checkpoint but absent from diagnostic replay.
2021-08-31,MISSING_FROM_REPLAY,jublfood,2013-04-18,4942c0f021abcd6ed9702c343c2696ec44cfa8022c7e37448f8a78c075c4a16d,UNRESOLVED_MANUAL_REVIEW,No authoritative 2012 anchor or complete certified event chain; symbol is in the official checkpoint but absent from diagnostic replay.
2021-08-31,MISSING_FROM_REPLAY,lupin,2013-04-18,4942c0f021abcd6ed9702c343c2696ec44cfa8022c7e37448f8a78c075c4a16d,UNRESOLVED_MANUAL_REVIEW,No authoritative 2012 anchor or complete certified event chain; symbol is in the official checkpoint but absent from diagnostic replay.
2021-08-31,MISSING_FROM_REPLAY,m&m,2013-04-18,4942c0f021abcd6ed9702c343c2696ec44cfa8022c7e37448f8a78c075c4a16d,UNRESOLVED_MANUAL_REVIEW,No authoritative 2012 anchor or complete certified event chain; symbol is in the official checkpoint but absent from diagnostic replay.
2021-08-31,MISSING_FROM_REPLAY,maruti,2013-04-18,4942c0f021abcd6ed9702c343c2696ec44cfa8022c7e37448f8a78c075c4a16d,UNRESOLVED_MANUAL_REVIEW,No authoritative 2012 anchor or complete certified event chain; symbol is in the official checkpoint but absent from diagnostic replay.
2021-08-31,MISSING_FROM_REPLAY,muthootfin,2013-04-18,4942c0f021abcd6ed9702c343c2696ec44cfa8022c7e37448f8a78c075c4a16d,UNRESOLVED_MANUAL_REVIEW,No authoritative 2012 anchor or complete certified event chain; symbol is in the official checkpoint but absent from diagnostic replay.
2021-08-31,MISSING_FROM_REPLAY,nam-india,2013-04-18,4942c0f021abcd6ed9702c343c2696ec44cfa8022c7e37448f8a78c075c4a16d,UNRESOLVED_MANUAL_REVIEW,No authoritative 2012 anchor or complete certified event chain; symbol is in the official checkpoint but absent from diagnostic replay.
2021-08-31,MISSING_FROM_REPLAY,naukri,2013-04-18,4942c0f021abcd6ed9702c343c2696ec44cfa8022c7e37448f8a78c075c4a16d,UNRESOLVED_MANUAL_REVIEW,No authoritative 2012 anchor or complete certified event chain; symbol is in the official checkpoint but absent from diagnostic replay.
2021-08-31,MISSING_FROM_REPLAY,navinfluor,2013-04-18,4942c0f021abcd6ed9702c343c2696ec44cfa8022c7e37448f8a78c075c4a16d,UNRESOLVED_MANUAL_REVIEW,No authoritative 2012 anchor or complete certified event chain; symbol is in the official checkpoint but absent from diagnostic replay.
2021-08-31,MISSING_FROM_REPLAY,nestleind,2013-04-18,4942c0f021abcd6ed9702c343c2696ec44cfa8022c7e37448f8a78c075c4a16d,UNRESOLVED_MANUAL_REVIEW,No authoritative 2012 anchor or complete certified event chain; symbol is in the official checkpoint but absent from diagnostic replay.
2021-08-31,MISSING_FROM_REPLAY,oberoirlty,2013-04-18,4942c0f021abcd6ed9702c343c2696ec44cfa8022c7e37448f8a78c075c4a16d,UNRESOLVED_MANUAL_REVIEW,No authoritative 2012 anchor or complete certified event chain; symbol is in the official checkpoint but absent from diagnostic replay.
2021-08-31,MISSING_FROM_REPLAY,pageind,2013-04-18,4942c0f021abcd6ed9702c343c2696ec44cfa8022c7e37448f8a78c075c4a16d,UNRESOLVED_MANUAL_REVIEW,No authoritative 2012 anchor or complete certified event chain; symbol is in the official checkpoint but absent from diagnostic replay.
2021-08-31,MISSING_FROM_REPLAY,pidilitind,2013-04-18,4942c0f021abcd6ed9702c343c2696ec44cfa8022c7e37448f8a78c075c4a16d,UNRESOLVED_MANUAL_REVIEW,No authoritative 2012 anchor or complete certified event chain; symbol is in the official checkpoint but absent from diagnostic replay.
2021-08-31,MISSING_FROM_REPLAY,reliance,2013-04-18,4942c0f021abcd6ed9702c343c2696ec44cfa8022c7e37448f8a78c075c4a16d,UNRESOLVED_MANUAL_REVIEW,No authoritative 2012 anchor or complete certified event chain; symbol is in the official checkpoint but absent from diagnostic replay.
2021-08-31,MISSING_FROM_REPLAY,sanofi,2013-04-18,4942c0f021abcd6ed9702c343c2696ec44cfa8022c7e37448f8a78c075c4a16d,UNRESOLVED_MANUAL_REVIEW,No authoritative 2012 anchor or complete certified event chain; symbol is in the official checkpoint but absent from diagnostic replay.
2021-08-31,MISSING_FROM_REPLAY,shreecem,2013-04-18,4942c0f021abcd6ed9702c343c2696ec44cfa8022c7e37448f8a78c075c4a16d,UNRESOLVED_MANUAL_REVIEW,No authoritative 2012 anchor or complete certified event chain; symbol is in the official checkpoint but absent from diagnostic replay.
2021-08-31,MISSING_FROM_REPLAY,srf,2013-04-18,4942c0f021abcd6ed9702c343c2696ec44cfa8022c7e37448f8a78c075c4a16d,UNRESOLVED_MANUAL_REVIEW,No authoritative 2012 anchor or complete certified event chain; symbol is in the official checkpoint but absent from diagnostic replay.
2021-08-31,MISSING_FROM_REPLAY,tataconsum,2013-04-18,4942c0f021abcd6ed9702c343c2696ec44cfa8022c7e37448f8a78c075c4a16d,UNRESOLVED_MANUAL_REVIEW,No authoritative 2012 anchor or complete certified event chain; symbol is in the official checkpoint but absent from diagnostic replay.
2021-08-31,MISSING_FROM_REPLAY,titan,2013-04-18,4942c0f021abcd6ed9702c343c2696ec44cfa8022c7e37448f8a78c075c4a16d,UNRESOLVED_MANUAL_REVIEW,No authoritative 2012 anchor or complete certified event chain; symbol is in the official checkpoint but absent from diagnostic replay.
2021-08-31,MISSING_FROM_REPLAY,torntpharm,2013-04-18,4942c0f021abcd6ed9702c343c2696ec44cfa8022c7e37448f8a78c075c4a16d,UNRESOLVED_MANUAL_REVIEW,No authoritative 2012 anchor or complete certified event chain; symbol is in the official checkpoint but absent from diagnostic replay.
2021-08-31,MISSING_FROM_REPLAY,torntpower,2013-04-18,4942c0f021abcd6ed9702c343c2696ec44cfa8022c7e37448f8a78c075c4a16d,UNRESOLVED_MANUAL_REVIEW,No authoritative 2012 anchor or complete certified event chain; symbol is in the official checkpoint but absent from diagnostic replay.
2021-08-31,MISSING_FROM_REPLAY,vguard,2013-04-18,4942c0f021abcd6ed9702c343c2696ec44cfa8022c7e37448f8a78c075c4a16d,UNRESOLVED_MANUAL_REVIEW,No authoritative 2012 anchor or complete certified event chain; symbol is in the official checkpoint but absent from diagnostic replay.
2021-08-31,MISSING_FROM_REPLAY,yesbank,2013-04-18,4942c0f021abcd6ed9702c343c2696ec44cfa8022c7e37448f8a78c075c4a16d,UNRESOLVED_MANUAL_REVIEW,No authoritative 2012 anchor or complete certified event chain; symbol is in the official checkpoint but absent from diagnostic replay.
2021-08-31,UNEXPECTED_IN_REPLAY,adanigas,2013-04-18,4942c0f021abcd6ed9702c343c2696ec44cfa8022c7e37448f8a78c075c4a16d,UNRESOLVED_MANUAL_REVIEW,Diagnostic reverse replay retains a symbol not present in the official checkpoint.
2021-08-31,UNEXPECTED_IN_REPLAY,adanipower,2013-04-18,4942c0f021abcd6ed9702c343c2696ec44cfa8022c7e37448f8a78c075c4a16d,UNRESOLVED_MANUAL_REVIEW,Diagnostic reverse replay retains a symbol not present in the official checkpoint.
2021-08-31,UNEXPECTED_IN_REPLAY,chamblfert,2013-04-18,4942c0f021abcd6ed9702c343c2696ec44cfa8022c7e37448f8a78c075c4a16d,UNRESOLVED_MANUAL_REVIEW,Diagnostic reverse replay retains a symbol not present in the official checkpoint.
2021-08-31,UNEXPECTED_IN_REPLAY,coreedutec,2013-04-18,4942c0f021abcd6ed9702c343c2696ec44cfa8022c7e37448f8a78c075c4a16d,UNRESOLVED_MANUAL_REVIEW,Diagnostic reverse replay retains a symbol not present in the official checkpoint.
2021-08-31,UNEXPECTED_IN_REPLAY,denabank,2013-04-18,4942c0f021abcd6ed9702c343c2696ec44cfa8022c7e37448f8a78c075c4a16d,UNRESOLVED_MANUAL_REVIEW,Diagnostic reverse replay retains a symbol not present in the official checkpoint.
2021-08-31,UNEXPECTED_IN_REPLAY,finantech,2013-04-18,4942c0f021abcd6ed9702c343c2696ec44cfa8022c7e37448f8a78c075c4a16d,UNRESOLVED_MANUAL_REVIEW,Diagnostic reverse replay retains a symbol not present in the official checkpoint.
2021-08-31,UNEXPECTED_IN_REPLAY,gitanjali,2013-04-18,4942c0f021abcd6ed9702c343c2696ec44cfa8022c7e37448f8a78c075c4a16d,UNRESOLVED_MANUAL_REVIEW,Diagnostic reverse replay retains a symbol not present in the official checkpoint.
2021-08-31,UNEXPECTED_IN_REPLAY,gmdcltd,2013-04-18,4942c0f021abcd6ed9702c343c2696ec44cfa8022c7e37448f8a78c075c4a16d,UNRESOLVED_MANUAL_REVIEW,Diagnostic reverse replay retains a symbol not present in the official checkpoint.
2021-08-31,UNEXPECTED_IN_REPLAY,gujratgas,2013-04-18,4942c0f021abcd6ed9702c343c2696ec44cfa8022c7e37448f8a78c075c4a16d,UNRESOLVED_MANUAL_REVIEW,Diagnostic reverse replay retains a symbol not present in the official checkpoint.
2021-08-31,UNEXPECTED_IN_REPLAY,gvkpil,2013-04-18,4942c0f021abcd6ed9702c343c2696ec44cfa8022c7e37448f8a78c075c4a16d,UNRESOLVED_MANUAL_REVIEW,Diagnostic reverse replay retains a symbol not present in the official checkpoint.
2021-08-31,UNEXPECTED_IN_REPLAY,hathway,2013-04-18,4942c0f021abcd6ed9702c343c2696ec44cfa8022c7e37448f8a78c075c4a16d,UNRESOLVED_MANUAL_REVIEW,Diagnostic reverse replay retains a symbol not present in the official checkpoint.
2021-08-31,UNEXPECTED_IN_REPLAY,hexaware,2013-04-18,4942c0f021abcd6ed9702c343c2696ec44cfa8022c7e37448f8a78c075c4a16d,UNRESOLVED_MANUAL_REVIEW,Diagnostic reverse replay retains a symbol not present in the official checkpoint.
2021-08-31,UNEXPECTED_IN_REPLAY,ibventures,2013-04-18,4942c0f021abcd6ed9702c343c2696ec44cfa8022c7e37448f8a78c075c4a16d,UNRESOLVED_MANUAL_REVIEW,Diagnostic reverse replay retains a symbol not present in the official checkpoint.
2021-08-31,UNEXPECTED_IN_REPLAY,idbi,2013-04-18,4942c0f021abcd6ed9702c343c2696ec44cfa8022c7e37448f8a78c075c4a16d,UNRESOLVED_MANUAL_REVIEW,Diagnostic reverse replay retains a symbol not present in the official checkpoint.
2021-08-31,UNEXPECTED_IN_REPLAY,idfcbank,2013-04-18,4942c0f021abcd6ed9702c343c2696ec44cfa8022c7e37448f8a78c075c4a16d,UNRESOLVED_MANUAL_REVIEW,Diagnostic reverse replay retains a symbol not present in the official checkpoint.
2021-08-31,UNEXPECTED_IN_REPLAY,indiainfo,2013-04-18,4942c0f021abcd6ed9702c343c2696ec44cfa8022c7e37448f8a78c075c4a16d,UNRESOLVED_MANUAL_REVIEW,Diagnostic reverse replay retains a symbol not present in the official checkpoint.
2021-08-31,UNEXPECTED_IN_REPLAY,ivrclinfra,2013-04-18,4942c0f021abcd6ed9702c343c2696ec44cfa8022c7e37448f8a78c075c4a16d,UNRESOLVED_MANUAL_REVIEW,Diagnostic reverse replay retains a symbol not present in the official checkpoint.
2021-08-31,UNEXPECTED_IN_REPLAY,jindalsaw,2013-04-18,4942c0f021abcd6ed9702c343c2696ec44cfa8022c7e37448f8a78c075c4a16d,UNRESOLVED_MANUAL_REVIEW,Diagnostic reverse replay retains a symbol not present in the official checkpoint.
2021-08-31,UNEXPECTED_IN_REPLAY,jubilant,2013-04-18,4942c0f021abcd6ed9702c343c2696ec44cfa8022c7e37448f8a78c075c4a16d,UNRESOLVED_MANUAL_REVIEW,Diagnostic reverse replay retains a symbol not present in the official checkpoint.
2021-08-31,UNEXPECTED_IN_REPLAY,litl,2013-04-18,4942c0f021abcd6ed9702c343c2696ec44cfa8022c7e37448f8a78c075c4a16d,UNRESOLVED_MANUAL_REVIEW,Diagnostic reverse replay retains a symbol not present in the official checkpoint.
2021-08-31,UNEXPECTED_IN_REPLAY,madrascem,2013-04-18,4942c0f021abcd6ed9702c343c2696ec44cfa8022c7e37448f8a78c075c4a16d,UNRESOLVED_MANUAL_REVIEW,Diagnostic reverse replay retains a symbol not present in the official checkpoint.
2021-08-31,UNEXPECTED_IN_REPLAY,mrpl,2013-04-18,4942c0f021abcd6ed9702c343c2696ec44cfa8022c7e37448f8a78c075c4a16d,UNRESOLVED_MANUAL_REVIEW,Diagnostic reverse replay retains a symbol not present in the official checkpoint.
2021-08-31,UNEXPECTED_IN_REPLAY,nhpc,2013-04-18,4942c0f021abcd6ed9702c343c2696ec44cfa8022c7e37448f8a78c075c4a16d,UNRESOLVED_MANUAL_REVIEW,Diagnostic reverse replay retains a symbol not present in the official checkpoint.
2021-08-31,UNEXPECTED_IN_REPLAY,niittech,2013-04-18,4942c0f021abcd6ed9702c343c2696ec44cfa8022c7e37448f8a78c075c4a16d,UNRESOLVED_MANUAL_REVIEW,Diagnostic reverse replay retains a symbol not present in the official checkpoint.
2021-08-31,UNEXPECTED_IN_REPLAY,optocircui,2013-04-18,4942c0f021abcd6ed9702c343c2696ec44cfa8022c7e37448f8a78c075c4a16d,UNRESOLVED_MANUAL_REVIEW,Diagnostic reverse replay retains a symbol not present in the official checkpoint.
2021-08-31,UNEXPECTED_IN_REPLAY,orissamine,2013-04-18,4942c0f021abcd6ed9702c343c2696ec44cfa8022c7e37448f8a78c075c4a16d,UNRESOLVED_MANUAL_REVIEW,Diagnostic reverse replay retains a symbol not present in the official checkpoint.
2021-08-31,UNEXPECTED_IN_REPLAY,pnbhousing,2013-04-18,4942c0f021abcd6ed9702c343c2696ec44cfa8022c7e37448f8a78c075c4a16d,UNRESOLVED_MANUAL_REVIEW,Diagnostic reverse replay retains a symbol not present in the official checkpoint.
2021-08-31,UNEXPECTED_IN_REPLAY,punjlloyd,2013-04-18,4942c0f021abcd6ed9702c343c2696ec44cfa8022c7e37448f8a78c075c4a16d,UNRESOLVED_MANUAL_REVIEW,Diagnostic reverse replay retains a symbol not present in the official checkpoint.
2021-08-31,UNEXPECTED_IN_REPLAY,quess,2013-04-18,4942c0f021abcd6ed9702c343c2696ec44cfa8022c7e37448f8a78c075c4a16d,UNRESOLVED_MANUAL_REVIEW,Diagnostic reverse replay retains a symbol not present in the official checkpoint.
2021-08-31,UNEXPECTED_IN_REPLAY,rnam,2013-04-18,4942c0f021abcd6ed9702c343c2696ec44cfa8022c7e37448f8a78c075c4a16d,UNRESOLVED_MANUAL_REVIEW,Diagnostic reverse replay retains a symbol not present in the official checkpoint.
2021-08-31,UNEXPECTED_IN_REPLAY,sesagoa,2013-04-18,4942c0f021abcd6ed9702c343c2696ec44cfa8022c7e37448f8a78c075c4a16d,UNRESOLVED_MANUAL_REVIEW,Diagnostic reverse replay retains a symbol not present in the official checkpoint.
2021-08-31,UNEXPECTED_IN_REPLAY,shriramcit,2013-04-18,4942c0f021abcd6ed9702c343c2696ec44cfa8022c7e37448f8a78c075c4a16d,UNRESOLVED_MANUAL_REVIEW,Diagnostic reverse replay retains a symbol not present in the official checkpoint.
2021-08-31,UNEXPECTED_IN_REPLAY,sksmicro,2013-04-18,4942c0f021abcd6ed9702c343c2696ec44cfa8022c7e37448f8a78c075c4a16d,UNRESOLVED_MANUAL_REVIEW,Diagnostic reverse replay retains a symbol not present in the official checkpoint.
2021-08-31,UNEXPECTED_IN_REPLAY,tataglobal,2013-04-18,4942c0f021abcd6ed9702c343c2696ec44cfa8022c7e37448f8a78c075c4a16d,UNRESOLVED_MANUAL_REVIEW,Diagnostic reverse replay retains a symbol not present in the official checkpoint.
2021-08-31,UNEXPECTED_IN_REPLAY,uniphos,2013-04-18,4942c0f021abcd6ed9702c343c2696ec44cfa8022c7e37448f8a78c075c4a16d,UNRESOLVED_MANUAL_REVIEW,Diagnostic reverse replay retains a symbol not present in the official checkpoint.
2021-08-31,UNEXPECTED_IN_REPLAY,welcorp,2013-04-18,4942c0f021abcd6ed9702c343c2696ec44cfa8022c7e37448f8a78c075c4a16d,UNRESOLVED_MANUAL_REVIEW,Diagnostic reverse replay retains a symbol not present in the official checkpoint.
2021-09-30,MISSING_FROM_REPLAY,ajantpharm,2013-04-18,4942c0f021abcd6ed9702c343c2696ec44cfa8022c7e37448f8a78c075c4a16d,UNRESOLVED_MANUAL_REVIEW,No authoritative 2012 anchor or complete certified event chain; symbol is in the official checkpoint but absent from diagnostic replay.
2021-09-30,MISSING_FROM_REPLAY,aplltd,2013-04-18,4942c0f021abcd6ed9702c343c2696ec44cfa8022c7e37448f8a78c075c4a16d,UNRESOLVED_MANUAL_REVIEW,No authoritative 2012 anchor or complete certified event chain; symbol is in the official checkpoint but absent from diagnostic replay.
2021-09-30,MISSING_FROM_REPLAY,apollotyre,2013-04-18,4942c0f021abcd6ed9702c343c2696ec44cfa8022c7e37448f8a78c075c4a16d,UNRESOLVED_MANUAL_REVIEW,No authoritative 2012 anchor or complete certified event chain; symbol is in the official checkpoint but absent from diagnostic replay.
2021-09-30,MISSING_FROM_REPLAY,astral,2013-04-18,4942c0f021abcd6ed9702c343c2696ec44cfa8022c7e37448f8a78c075c4a16d,UNRESOLVED_MANUAL_REVIEW,No authoritative 2012 anchor or complete certified event chain; symbol is in the official checkpoint but absent from diagnostic replay.
2021-09-30,MISSING_FROM_REPLAY,atgl,2013-04-18,4942c0f021abcd6ed9702c343c2696ec44cfa8022c7e37448f8a78c075c4a16d,UNRESOLVED_MANUAL_REVIEW,No authoritative 2012 anchor or complete certified event chain; symbol is in the official checkpoint but absent from diagnostic replay.
2021-09-30,MISSING_FROM_REPLAY,auropharma,2013-04-18,4942c0f021abcd6ed9702c343c2696ec44cfa8022c7e37448f8a78c075c4a16d,UNRESOLVED_MANUAL_REVIEW,No authoritative 2012 anchor or complete certified event chain; symbol is in the official checkpoint but absent from diagnostic replay.
2021-09-30,MISSING_FROM_REPLAY,bergepaint,2013-04-18,4942c0f021abcd6ed9702c343c2696ec44cfa8022c7e37448f8a78c075c4a16d,UNRESOLVED_MANUAL_REVIEW,No authoritative 2012 anchor or complete certified event chain; symbol is in the official checkpoint but absent from diagnostic replay.
2021-09-30,MISSING_FROM_REPLAY,bhartiartl,2013-04-18,4942c0f021abcd6ed9702c343c2696ec44cfa8022c7e37448f8a78c075c4a16d,UNRESOLVED_MANUAL_REVIEW,No authoritative 2012 anchor or complete certified event chain; symbol is in the official checkpoint but absent from diagnostic replay.
2021-09-30,MISSING_FROM_REPLAY,biocon,2013-04-18,4942c0f021abcd6ed9702c343c2696ec44cfa8022c7e37448f8a78c075c4a16d,UNRESOLVED_MANUAL_REVIEW,No authoritative 2012 anchor or complete certified event chain; symbol is in the official checkpoint but absent from diagnostic replay.
2021-09-30,MISSING_FROM_REPLAY,britannia,2013-04-18,4942c0f021abcd6ed9702c343c2696ec44cfa8022c7e37448f8a78c075c4a16d,UNRESOLVED_MANUAL_REVIEW,No authoritative 2012 anchor or complete certified event chain; symbol is in the official checkpoint but absent from diagnostic replay.
2021-09-30,MISSING_FROM_REPLAY,cipla,2013-04-18,4942c0f021abcd6ed9702c343c2696ec44cfa8022c7e37448f8a78c075c4a16d,UNRESOLVED_MANUAL_REVIEW,No authoritative 2012 anchor or complete certified event chain; symbol is in the official checkpoint but absent from diagnostic replay.
2021-09-30,MISSING_FROM_REPLAY,coforge,2013-04-18,4942c0f021abcd6ed9702c343c2696ec44cfa8022c7e37448f8a78c075c4a16d,UNRESOLVED_MANUAL_REVIEW,No authoritative 2012 anchor or complete certified event chain; symbol is in the official checkpoint but absent from diagnostic replay.
2021-09-30,MISSING_FROM_REPLAY,colpal,2013-04-18,4942c0f021abcd6ed9702c343c2696ec44cfa8022c7e37448f8a78c075c4a16d,UNRESOLVED_MANUAL_REVIEW,No authoritative 2012 anchor or complete certified event chain; symbol is in the official checkpoint but absent from diagnostic replay.
2021-09-30,MISSING_FROM_REPLAY,dabur,2013-04-18,4942c0f021abcd6ed9702c343c2696ec44cfa8022c7e37448f8a78c075c4a16d,UNRESOLVED_MANUAL_REVIEW,No authoritative 2012 anchor or complete certified event chain; symbol is in the official checkpoint but absent from diagnostic replay.
2021-09-30,MISSING_FROM_REPLAY,dhani,2013-04-18,4942c0f021abcd6ed9702c343c2696ec44cfa8022c7e37448f8a78c075c4a16d,UNRESOLVED_MANUAL_REVIEW,No authoritative 2012 anchor or complete certified event chain; symbol is in the official checkpoint but absent from diagnostic replay.
2021-09-30,MISSING_FROM_REPLAY,divislab,2013-04-18,4942c0f021abcd6ed9702c343c2696ec44cfa8022c7e37448f8a78c075c4a16d,UNRESOLVED_MANUAL_REVIEW,No authoritative 2012 anchor or complete certified event chain; symbol is in the official checkpoint but absent from diagnostic replay.
2021-09-30,MISSING_FROM_REPLAY,drreddy,2013-04-18,4942c0f021abcd6ed9702c343c2696ec44cfa8022c7e37448f8a78c075c4a16d,UNRESOLVED_MANUAL_REVIEW,No authoritative 2012 anchor or complete certified event chain; symbol is in the official checkpoint but absent from diagnostic replay.
2021-09-30,MISSING_FROM_REPLAY,escorts,2013-04-18,4942c0f021abcd6ed9702c343c2696ec44cfa8022c7e37448f8a78c075c4a16d,UNRESOLVED_MANUAL_REVIEW,No authoritative 2012 anchor or complete certified event chain; symbol is in the official checkpoint but absent from diagnostic replay.
2021-09-30,MISSING_FROM_REPLAY,gmrinfra,2013-04-18,4942c0f021abcd6ed9702c343c2696ec44cfa8022c7e37448f8a78c075c4a16d,UNRESOLVED_MANUAL_REVIEW,No authoritative 2012 anchor or complete certified event chain; symbol is in the official checkpoint but absent from diagnostic replay.
2021-09-30,MISSING_FROM_REPLAY,godrejcp,2013-04-18,4942c0f021abcd6ed9702c343c2696ec44cfa8022c7e37448f8a78c075c4a16d,UNRESOLVED_MANUAL_REVIEW,No authoritative 2012 anchor or complete certified event chain; symbol is in the official checkpoint but absent from diagnostic replay.
2021-09-30,MISSING_FROM_REPLAY,hal,2013-04-18,4942c0f021abcd6ed9702c343c2696ec44cfa8022c7e37448f8a78c075c4a16d,UNRESOLVED_MANUAL_REVIEW,No authoritative 2012 anchor or complete certified event chain; symbol is in the official checkpoint but absent from diagnostic replay.
2021-09-30,MISSING_FROM_REPLAY,hcltech,2013-04-18,4942c0f021abcd6ed9702c343c2696ec44cfa8022c7e37448f8a78c075c4a16d,UNRESOLVED_MANUAL_REVIEW,No authoritative 2012 anchor or complete certified event chain; symbol is in the official checkpoint but absent from diagnostic replay.
2021-09-30,MISSING_FROM_REPLAY,hindcopper,2013-04-18,4942c0f021abcd6ed9702c343c2696ec44cfa8022c7e37448f8a78c075c4a16d,UNRESOLVED_MANUAL_REVIEW,No authoritative 2012 anchor or complete certified event chain; symbol is in the official checkpoint but absent from diagnostic replay.
2021-09-30,MISSING_FROM_REPLAY,hindunilvr,2013-04-18,4942c0f021abcd6ed9702c343c2696ec44cfa8022c7e37448f8a78c075c4a16d,UNRESOLVED_MANUAL_REVIEW,No authoritative 2012 anchor or complete certified event chain; symbol is in the official checkpoint but absent from diagnostic replay.
2021-09-30,MISSING_FROM_REPLAY,idfcfirstb,2013-04-18,4942c0f021abcd6ed9702c343c2696ec44cfa8022c7e37448f8a78c075c4a16d,UNRESOLVED_MANUAL_REVIEW,No authoritative 2012 anchor or complete certified event chain; symbol is in the official checkpoint but absent from diagnostic replay.
2021-09-30,MISSING_FROM_REPLAY,igl,2013-04-18,4942c0f021abcd6ed9702c343c2696ec44cfa8022c7e37448f8a78c075c4a16d,UNRESOLVED_MANUAL_REVIEW,No authoritative 2012 anchor or complete certified event chain; symbol is in the official checkpoint but absent from diagnostic replay.
2021-09-30,MISSING_FROM_REPLAY,indianb,2013-04-18,4942c0f021abcd6ed9702c343c2696ec44cfa8022c7e37448f8a78c075c4a16d,UNRESOLVED_MANUAL_REVIEW,No authoritative 2012 anchor or complete certified event chain; symbol is in the official checkpoint but absent from diagnostic replay.
2021-09-30,MISSING_FROM_REPLAY,industower,2013-04-18,4942c0f021abcd6ed9702c343c2696ec44cfa8022c7e37448f8a78c075c4a16d,UNRESOLVED_MANUAL_REVIEW,No authoritative 2012 anchor or complete certified event chain; symbol is in the official checkpoint but absent from diagnostic replay.
2021-09-30,MISSING_FROM_REPLAY,irctc,2013-04-18,4942c0f021abcd6ed9702c343c2696ec44cfa8022c7e37448f8a78c075c4a16d,UNRESOLVED_MANUAL_REVIEW,No authoritative 2012 anchor or complete certified event chain; symbol is in the official checkpoint but absent from diagnostic replay.
2021-09-30,MISSING_FROM_REPLAY,irfc,2013-04-18,4942c0f021abcd6ed9702c343c2696ec44cfa8022c7e37448f8a78c075c4a16d,UNRESOLVED_MANUAL_REVIEW,No authoritative 2012 anchor or complete certified event chain; symbol is in the official checkpoint but absent from diagnostic replay.
2021-09-30,MISSING_FROM_REPLAY,isec,2013-04-18,4942c0f021abcd6ed9702c343c2696ec44cfa8022c7e37448f8a78c075c4a16d,UNRESOLVED_MANUAL_REVIEW,No authoritative 2012 anchor or complete certified event chain; symbol is in the official checkpoint but absent from diagnostic replay.
2021-09-30,MISSING_FROM_REPLAY,jublfood,2013-04-18,4942c0f021abcd6ed9702c343c2696ec44cfa8022c7e37448f8a78c075c4a16d,UNRESOLVED_MANUAL_REVIEW,No authoritative 2012 anchor or complete certified event chain; symbol is in the official checkpoint but absent from diagnostic replay.
2021-09-30,MISSING_FROM_REPLAY,lupin,2013-04-18,4942c0f021abcd6ed9702c343c2696ec44cfa8022c7e37448f8a78c075c4a16d,UNRESOLVED_MANUAL_REVIEW,No authoritative 2012 anchor or complete certified event chain; symbol is in the official checkpoint but absent from diagnostic replay.
2021-09-30,MISSING_FROM_REPLAY,m&m,2013-04-18,4942c0f021abcd6ed9702c343c2696ec44cfa8022c7e37448f8a78c075c4a16d,UNRESOLVED_MANUAL_REVIEW,No authoritative 2012 anchor or complete certified event chain; symbol is in the official checkpoint but absent from diagnostic replay.
2021-09-30,MISSING_FROM_REPLAY,maruti,2013-04-18,4942c0f021abcd6ed9702c343c2696ec44cfa8022c7e37448f8a78c075c4a16d,UNRESOLVED_MANUAL_REVIEW,No authoritative 2012 anchor or complete certified event chain; symbol is in the official checkpoint but absent from diagnostic replay.
2021-09-30,MISSING_FROM_REPLAY,muthootfin,2013-04-18,4942c0f021abcd6ed9702c343c2696ec44cfa8022c7e37448f8a78c075c4a16d,UNRESOLVED_MANUAL_REVIEW,No authoritative 2012 anchor or complete certified event chain; symbol is in the official checkpoint but absent from diagnostic replay.
2021-09-30,MISSING_FROM_REPLAY,nam-india,2013-04-18,4942c0f021abcd6ed9702c343c2696ec44cfa8022c7e37448f8a78c075c4a16d,UNRESOLVED_MANUAL_REVIEW,No authoritative 2012 anchor or complete certified event chain; symbol is in the official checkpoint but absent from diagnostic replay.
2021-09-30,MISSING_FROM_REPLAY,nationalum,2013-04-18,4942c0f021abcd6ed9702c343c2696ec44cfa8022c7e37448f8a78c075c4a16d,UNRESOLVED_MANUAL_REVIEW,No authoritative 2012 anchor or complete certified event chain; symbol is in the official checkpoint but absent from diagnostic replay.
2021-09-30,MISSING_FROM_REPLAY,naukri,2013-04-18,4942c0f021abcd6ed9702c343c2696ec44cfa8022c7e37448f8a78c075c4a16d,UNRESOLVED_MANUAL_REVIEW,No authoritative 2012 anchor or complete certified event chain; symbol is in the official checkpoint but absent from diagnostic replay.
2021-09-30,MISSING_FROM_REPLAY,navinfluor,2013-04-18,4942c0f021abcd6ed9702c343c2696ec44cfa8022c7e37448f8a78c075c4a16d,UNRESOLVED_MANUAL_REVIEW,No authoritative 2012 anchor or complete certified event chain; symbol is in the official checkpoint but absent from diagnostic replay.
2021-09-30,MISSING_FROM_REPLAY,nestleind,2013-04-18,4942c0f021abcd6ed9702c343c2696ec44cfa8022c7e37448f8a78c075c4a16d,UNRESOLVED_MANUAL_REVIEW,No authoritative 2012 anchor or complete certified event chain; symbol is in the official checkpoint but absent from diagnostic replay.
2021-09-30,MISSING_FROM_REPLAY,oberoirlty,2013-04-18,4942c0f021abcd6ed9702c343c2696ec44cfa8022c7e37448f8a78c075c4a16d,UNRESOLVED_MANUAL_REVIEW,No authoritative 2012 anchor or complete certified event chain; symbol is in the official checkpoint but absent from diagnostic replay.
2021-09-30,MISSING_FROM_REPLAY,pageind,2013-04-18,4942c0f021abcd6ed9702c343c2696ec44cfa8022c7e37448f8a78c075c4a16d,UNRESOLVED_MANUAL_REVIEW,No authoritative 2012 anchor or complete certified event chain; symbol is in the official checkpoint but absent from diagnostic replay.
2021-09-30,MISSING_FROM_REPLAY,pidilitind,2013-04-18,4942c0f021abcd6ed9702c343c2696ec44cfa8022c7e37448f8a78c075c4a16d,UNRESOLVED_MANUAL_REVIEW,No authoritative 2012 anchor or complete certified event chain; symbol is in the official checkpoint but absent from diagnostic replay.
2021-09-30,MISSING_FROM_REPLAY,reliance,2013-04-18,4942c0f021abcd6ed9702c343c2696ec44cfa8022c7e37448f8a78c075c4a16d,UNRESOLVED_MANUAL_REVIEW,No authoritative 2012 anchor or complete certified event chain; symbol is in the official checkpoint but absent from diagnostic replay.
2021-09-30,MISSING_FROM_REPLAY,sanofi,2013-04-18,4942c0f021abcd6ed9702c343c2696ec44cfa8022c7e37448f8a78c075c4a16d,UNRESOLVED_MANUAL_REVIEW,No authoritative 2012 anchor or complete certified event chain; symbol is in the official checkpoint but absent from diagnostic replay.
2021-09-30,MISSING_FROM_REPLAY,shreecem,2013-04-18,4942c0f021abcd6ed9702c343c2696ec44cfa8022c7e37448f8a78c075c4a16d,UNRESOLVED_MANUAL_REVIEW,No authoritative 2012 anchor or complete certified event chain; symbol is in the official checkpoint but absent from diagnostic replay.
2021-09-30,MISSING_FROM_REPLAY,srf,2013-04-18,4942c0f021abcd6ed9702c343c2696ec44cfa8022c7e37448f8a78c075c4a16d,UNRESOLVED_MANUAL_REVIEW,No authoritative 2012 anchor or complete certified event chain; symbol is in the official checkpoint but absent from diagnostic replay.
2021-09-30,MISSING_FROM_REPLAY,tatacomm,2013-04-18,4942c0f021abcd6ed9702c343c2696ec44cfa8022c7e37448f8a78c075c4a16d,UNRESOLVED_MANUAL_REVIEW,No authoritative 2012 anchor or complete certified event chain; symbol is in the official checkpoint but absent from diagnostic replay.
2021-09-30,MISSING_FROM_REPLAY,tataconsum,2013-04-18,4942c0f021abcd6ed9702c343c2696ec44cfa8022c7e37448f8a78c075c4a16d,UNRESOLVED_MANUAL_REVIEW,No authoritative 2012 anchor or complete certified event chain; symbol is in the official checkpoint but absent from diagnostic replay.
2021-09-30,MISSING_FROM_REPLAY,titan,2013-04-18,4942c0f021abcd6ed9702c343c2696ec44cfa8022c7e37448f8a78c075c4a16d,UNRESOLVED_MANUAL_REVIEW,No authoritative 2012 anchor or complete certified event chain; symbol is in the official checkpoint but absent from diagnostic replay.
2021-09-30,MISSING_FROM_REPLAY,torntpharm,2013-04-18,4942c0f021abcd6ed9702c343c2696ec44cfa8022c7e37448f8a78c075c4a16d,UNRESOLVED_MANUAL_REVIEW,No authoritative 2012 anchor or complete certified event chain; symbol is in the official checkpoint but absent from diagnostic replay.
2021-09-30,MISSING_FROM_REPLAY,torntpower,2013-04-18,4942c0f021abcd6ed9702c343c2696ec44cfa8022c7e37448f8a78c075c4a16d,UNRESOLVED_MANUAL_REVIEW,No authoritative 2012 anchor or complete certified event chain; symbol is in the official checkpoint but absent from diagnostic replay.
2021-09-30,MISSING_FROM_REPLAY,yesbank,2013-04-18,4942c0f021abcd6ed9702c343c2696ec44cfa8022c7e37448f8a78c075c4a16d,UNRESOLVED_MANUAL_REVIEW,No authoritative 2012 anchor or complete certified event chain; symbol is in the official checkpoint but absent from diagnostic replay.
2021-09-30,UNEXPECTED_IN_REPLAY,abbotindia,2013-04-18,4942c0f021abcd6ed9702c343c2696ec44cfa8022c7e37448f8a78c075c4a16d,UNRESOLVED_MANUAL_REVIEW,Diagnostic reverse replay retains a symbol not present in the official checkpoint.
2021-09-30,UNEXPECTED_IN_REPLAY,adanigas,2013-04-18,4942c0f021abcd6ed9702c343c2696ec44cfa8022c7e37448f8a78c075c4a16d,UNRESOLVED_MANUAL_REVIEW,Diagnostic reverse replay retains a symbol not present in the official checkpoint.
2021-09-30,UNEXPECTED_IN_REPLAY,adanipower,2013-04-18,4942c0f021abcd6ed9702c343c2696ec44cfa8022c7e37448f8a78c075c4a16d,UNRESOLVED_MANUAL_REVIEW,Diagnostic reverse replay retains a symbol not present in the official checkpoint.
2021-09-30,UNEXPECTED_IN_REPLAY,bbtc,2013-04-18,4942c0f021abcd6ed9702c343c2696ec44cfa8022c7e37448f8a78c075c4a16d,UNRESOLVED_MANUAL_REVIEW,Diagnostic reverse replay retains a symbol not present in the official checkpoint.
2021-09-30,UNEXPECTED_IN_REPLAY,cesc,2013-04-18,4942c0f021abcd6ed9702c343c2696ec44cfa8022c7e37448f8a78c075c4a16d,UNRESOLVED_MANUAL_REVIEW,Diagnostic reverse replay retains a symbol not present in the official checkpoint.
2021-09-30,UNEXPECTED_IN_REPLAY,chamblfert,2013-04-18,4942c0f021abcd6ed9702c343c2696ec44cfa8022c7e37448f8a78c075c4a16d,UNRESOLVED_MANUAL_REVIEW,Diagnostic reverse replay retains a symbol not present in the official checkpoint.
2021-09-30,UNEXPECTED_IN_REPLAY,coreedutec,2013-04-18,4942c0f021abcd6ed9702c343c2696ec44cfa8022c7e37448f8a78c075c4a16d,UNRESOLVED_MANUAL_REVIEW,Diagnostic reverse replay retains a symbol not present in the official checkpoint.
2021-09-30,UNEXPECTED_IN_REPLAY,denabank,2013-04-18,4942c0f021abcd6ed9702c343c2696ec44cfa8022c7e37448f8a78c075c4a16d,UNRESOLVED_MANUAL_REVIEW,Diagnostic reverse replay retains a symbol not present in the official checkpoint.
2021-09-30,UNEXPECTED_IN_REPLAY,finantech,2013-04-18,4942c0f021abcd6ed9702c343c2696ec44cfa8022c7e37448f8a78c075c4a16d,UNRESOLVED_MANUAL_REVIEW,Diagnostic reverse replay retains a symbol not present in the official checkpoint.
2021-09-30,UNEXPECTED_IN_REPLAY,gitanjali,2013-04-18,4942c0f021abcd6ed9702c343c2696ec44cfa8022c7e37448f8a78c075c4a16d,UNRESOLVED_MANUAL_REVIEW,Diagnostic reverse replay retains a symbol not present in the official checkpoint.
2021-09-30,UNEXPECTED_IN_REPLAY,gmdcltd,2013-04-18,4942c0f021abcd6ed9702c343c2696ec44cfa8022c7e37448f8a78c075c4a16d,UNRESOLVED_MANUAL_REVIEW,Diagnostic reverse replay retains a symbol not present in the official checkpoint.
2021-09-30,UNEXPECTED_IN_REPLAY,godrejagro,2013-04-18,4942c0f021abcd6ed9702c343c2696ec44cfa8022c7e37448f8a78c075c4a16d,UNRESOLVED_MANUAL_REVIEW,Diagnostic reverse replay retains a symbol not present in the official checkpoint.
2021-09-30,UNEXPECTED_IN_REPLAY,gujratgas,2013-04-18,4942c0f021abcd6ed9702c343c2696ec44cfa8022c7e37448f8a78c075c4a16d,UNRESOLVED_MANUAL_REVIEW,Diagnostic reverse replay retains a symbol not present in the official checkpoint.
2021-09-30,UNEXPECTED_IN_REPLAY,gvkpil,2013-04-18,4942c0f021abcd6ed9702c343c2696ec44cfa8022c7e37448f8a78c075c4a16d,UNRESOLVED_MANUAL_REVIEW,Diagnostic reverse replay retains a symbol not present in the official checkpoint.
2021-09-30,UNEXPECTED_IN_REPLAY,hathway,2013-04-18,4942c0f021abcd6ed9702c343c2696ec44cfa8022c7e37448f8a78c075c4a16d,UNRESOLVED_MANUAL_REVIEW,Diagnostic reverse replay retains a symbol not present in the official checkpoint.
2021-09-30,UNEXPECTED_IN_REPLAY,hexaware,2013-04-18,4942c0f021abcd6ed9702c343c2696ec44cfa8022c7e37448f8a78c075c4a16d,UNRESOLVED_MANUAL_REVIEW,Diagnostic reverse replay retains a symbol not present in the official checkpoint.
2021-09-30,UNEXPECTED_IN_REPLAY,ibventures,2013-04-18,4942c0f021abcd6ed9702c343c2696ec44cfa8022c7e37448f8a78c075c4a16d,UNRESOLVED_MANUAL_REVIEW,Diagnostic reverse replay retains a symbol not present in the official checkpoint.
2021-09-30,UNEXPECTED_IN_REPLAY,idbi,2013-04-18,4942c0f021abcd6ed9702c343c2696ec44cfa8022c7e37448f8a78c075c4a16d,UNRESOLVED_MANUAL_REVIEW,Diagnostic reverse replay retains a symbol not present in the official checkpoint.
2021-09-30,UNEXPECTED_IN_REPLAY,idfcbank,2013-04-18,4942c0f021abcd6ed9702c343c2696ec44cfa8022c7e37448f8a78c075c4a16d,UNRESOLVED_MANUAL_REVIEW,Diagnostic reverse replay retains a symbol not present in the official checkpoint.
2021-09-30,UNEXPECTED_IN_REPLAY,indiainfo,2013-04-18,4942c0f021abcd6ed9702c343c2696ec44cfa8022c7e37448f8a78c075c4a16d,UNRESOLVED_MANUAL_REVIEW,Diagnostic reverse replay retains a symbol not present in the official checkpoint.
2021-09-30,UNEXPECTED_IN_REPLAY,ivrclinfra,2013-04-18,4942c0f021abcd6ed9702c343c2696ec44cfa8022c7e37448f8a78c075c4a16d,UNRESOLVED_MANUAL_REVIEW,Diagnostic reverse replay retains a symbol not present in the official checkpoint.
2021-09-30,UNEXPECTED_IN_REPLAY,jindalsaw,2013-04-18,4942c0f021abcd6ed9702c343c2696ec44cfa8022c7e37448f8a78c075c4a16d,UNRESOLVED_MANUAL_REVIEW,Diagnostic reverse replay retains a symbol not present in the official checkpoint.
2021-09-30,UNEXPECTED_IN_REPLAY,jubilant,2013-04-18,4942c0f021abcd6ed9702c343c2696ec44cfa8022c7e37448f8a78c075c4a16d,UNRESOLVED_MANUAL_REVIEW,Diagnostic reverse replay retains a symbol not present in the official checkpoint.
2021-09-30,UNEXPECTED_IN_REPLAY,litl,2013-04-18,4942c0f021abcd6ed9702c343c2696ec44cfa8022c7e37448f8a78c075c4a16d,UNRESOLVED_MANUAL_REVIEW,Diagnostic reverse replay retains a symbol not present in the official checkpoint.
2021-09-30,UNEXPECTED_IN_REPLAY,madrascem,2013-04-18,4942c0f021abcd6ed9702c343c2696ec44cfa8022c7e37448f8a78c075c4a16d,UNRESOLVED_MANUAL_REVIEW,Diagnostic reverse replay retains a symbol not present in the official checkpoint.
2021-09-30,UNEXPECTED_IN_REPLAY,mrpl,2013-04-18,4942c0f021abcd6ed9702c343c2696ec44cfa8022c7e37448f8a78c075c4a16d,UNRESOLVED_MANUAL_REVIEW,Diagnostic reverse replay retains a symbol not present in the official checkpoint.
2021-09-30,UNEXPECTED_IN_REPLAY,nhpc,2013-04-18,4942c0f021abcd6ed9702c343c2696ec44cfa8022c7e37448f8a78c075c4a16d,UNRESOLVED_MANUAL_REVIEW,Diagnostic reverse replay retains a symbol not present in the official checkpoint.
2021-09-30,UNEXPECTED_IN_REPLAY,niittech,2013-04-18,4942c0f021abcd6ed9702c343c2696ec44cfa8022c7e37448f8a78c075c4a16d,UNRESOLVED_MANUAL_REVIEW,Diagnostic reverse replay retains a symbol not present in the official checkpoint.
2021-09-30,UNEXPECTED_IN_REPLAY,optocircui,2013-04-18,4942c0f021abcd6ed9702c343c2696ec44cfa8022c7e37448f8a78c075c4a16d,UNRESOLVED_MANUAL_REVIEW,Diagnostic reverse replay retains a symbol not present in the official checkpoint.
2021-09-30,UNEXPECTED_IN_REPLAY,orissamine,2013-04-18,4942c0f021abcd6ed9702c343c2696ec44cfa8022c7e37448f8a78c075c4a16d,UNRESOLVED_MANUAL_REVIEW,Diagnostic reverse replay retains a symbol not present in the official checkpoint.
2021-09-30,UNEXPECTED_IN_REPLAY,pnbhousing,2013-04-18,4942c0f021abcd6ed9702c343c2696ec44cfa8022c7e37448f8a78c075c4a16d,UNRESOLVED_MANUAL_REVIEW,Diagnostic reverse replay retains a symbol not present in the official checkpoint.
2021-09-30,UNEXPECTED_IN_REPLAY,punjlloyd,2013-04-18,4942c0f021abcd6ed9702c343c2696ec44cfa8022c7e37448f8a78c075c4a16d,UNRESOLVED_MANUAL_REVIEW,Diagnostic reverse replay retains a symbol not present in the official checkpoint.
2021-09-30,UNEXPECTED_IN_REPLAY,quess,2013-04-18,4942c0f021abcd6ed9702c343c2696ec44cfa8022c7e37448f8a78c075c4a16d,UNRESOLVED_MANUAL_REVIEW,Diagnostic reverse replay retains a symbol not present in the official checkpoint.
2021-09-30,UNEXPECTED_IN_REPLAY,rnam,2013-04-18,4942c0f021abcd6ed9702c343c2696ec44cfa8022c7e37448f8a78c075c4a16d,UNRESOLVED_MANUAL_REVIEW,Diagnostic reverse replay retains a symbol not present in the official checkpoint.
2021-09-30,UNEXPECTED_IN_REPLAY,sesagoa,2013-04-18,4942c0f021abcd6ed9702c343c2696ec44cfa8022c7e37448f8a78c075c4a16d,UNRESOLVED_MANUAL_REVIEW,Diagnostic reverse replay retains a symbol not present in the official checkpoint.
2021-09-30,UNEXPECTED_IN_REPLAY,shriramcit,2013-04-18,4942c0f021abcd6ed9702c343c2696ec44cfa8022c7e37448f8a78c075c4a16d,UNRESOLVED_MANUAL_REVIEW,Diagnostic reverse replay retains a symbol not present in the official checkpoint.
2021-09-30,UNEXPECTED_IN_REPLAY,sksmicro,2013-04-18,4942c0f021abcd6ed9702c343c2696ec44cfa8022c7e37448f8a78c075c4a16d,UNRESOLVED_MANUAL_REVIEW,Diagnostic reverse replay retains a symbol not present in the official checkpoint.
2021-09-30,UNEXPECTED_IN_REPLAY,tataglobal,2013-04-18,4942c0f021abcd6ed9702c343c2696ec44cfa8022c7e37448f8a78c075c4a16d,UNRESOLVED_MANUAL_REVIEW,Diagnostic reverse replay retains a symbol not present in the official checkpoint.
2021-09-30,UNEXPECTED_IN_REPLAY,uniphos,2013-04-18,4942c0f021abcd6ed9702c343c2696ec44cfa8022c7e37448f8a78c075c4a16d,UNRESOLVED_MANUAL_REVIEW,Diagnostic reverse replay retains a symbol not present in the official checkpoint.
2021-09-30,UNEXPECTED_IN_REPLAY,welcorp,2013-04-18,4942c0f021abcd6ed9702c343c2696ec44cfa8022c7e37448f8a78c075c4a16d,UNRESOLVED_MANUAL_REVIEW,Diagnostic reverse replay retains a symbol not present in the official checkpoint.
2021-10-29,MISSING_FROM_REPLAY,ajantpharm,2013-04-18,4942c0f021abcd6ed9702c343c2696ec44cfa8022c7e37448f8a78c075c4a16d,UNRESOLVED_MANUAL_REVIEW,No authoritative 2012 anchor or complete certified event chain; symbol is in the official checkpoint but absent from diagnostic replay.
2021-10-29,MISSING_FROM_REPLAY,aplltd,2013-04-18,4942c0f021abcd6ed9702c343c2696ec44cfa8022c7e37448f8a78c075c4a16d,UNRESOLVED_MANUAL_REVIEW,No authoritative 2012 anchor or complete certified event chain; symbol is in the official checkpoint but absent from diagnostic replay.
2021-10-29,MISSING_FROM_REPLAY,apollotyre,2013-04-18,4942c0f021abcd6ed9702c343c2696ec44cfa8022c7e37448f8a78c075c4a16d,UNRESOLVED_MANUAL_REVIEW,No authoritative 2012 anchor or complete certified event chain; symbol is in the official checkpoint but absent from diagnostic replay.
2021-10-29,MISSING_FROM_REPLAY,astral,2013-04-18,4942c0f021abcd6ed9702c343c2696ec44cfa8022c7e37448f8a78c075c4a16d,UNRESOLVED_MANUAL_REVIEW,No authoritative 2012 anchor or complete certified event chain; symbol is in the official checkpoint but absent from diagnostic replay.
2021-10-29,MISSING_FROM_REPLAY,atgl,2013-04-18,4942c0f021abcd6ed9702c343c2696ec44cfa8022c7e37448f8a78c075c4a16d,UNRESOLVED_MANUAL_REVIEW,No authoritative 2012 anchor or complete certified event chain; symbol is in the official checkpoint but absent from diagnostic replay.
2021-10-29,MISSING_FROM_REPLAY,auropharma,2013-04-18,4942c0f021abcd6ed9702c343c2696ec44cfa8022c7e37448f8a78c075c4a16d,UNRESOLVED_MANUAL_REVIEW,No authoritative 2012 anchor or complete certified event chain; symbol is in the official checkpoint but absent from diagnostic replay.
2021-10-29,MISSING_FROM_REPLAY,bergepaint,2013-04-18,4942c0f021abcd6ed9702c343c2696ec44cfa8022c7e37448f8a78c075c4a16d,UNRESOLVED_MANUAL_REVIEW,No authoritative 2012 anchor or complete certified event chain; symbol is in the official checkpoint but absent from diagnostic replay.
2021-10-29,MISSING_FROM_REPLAY,bhartiartl,2013-04-18,4942c0f021abcd6ed9702c343c2696ec44cfa8022c7e37448f8a78c075c4a16d,UNRESOLVED_MANUAL_REVIEW,No authoritative 2012 anchor or complete certified event chain; symbol is in the official checkpoint but absent from diagnostic replay.
2021-10-29,MISSING_FROM_REPLAY,biocon,2013-04-18,4942c0f021abcd6ed9702c343c2696ec44cfa8022c7e37448f8a78c075c4a16d,UNRESOLVED_MANUAL_REVIEW,No authoritative 2012 anchor or complete certified event chain; symbol is in the official checkpoint but absent from diagnostic replay.
2021-10-29,MISSING_FROM_REPLAY,britannia,2013-04-18,4942c0f021abcd6ed9702c343c2696ec44cfa8022c7e37448f8a78c075c4a16d,UNRESOLVED_MANUAL_REVIEW,No authoritative 2012 anchor or complete certified event chain; symbol is in the official checkpoint but absent from diagnostic replay.
2021-10-29,MISSING_FROM_REPLAY,cipla,2013-04-18,4942c0f021abcd6ed9702c343c2696ec44cfa8022c7e37448f8a78c075c4a16d,UNRESOLVED_MANUAL_REVIEW,No authoritative 2012 anchor or complete certified event chain; symbol is in the official checkpoint but absent from diagnostic replay.
2021-10-29,MISSING_FROM_REPLAY,coforge,2013-04-18,4942c0f021abcd6ed9702c343c2696ec44cfa8022c7e37448f8a78c075c4a16d,UNRESOLVED_MANUAL_REVIEW,No authoritative 2012 anchor or complete certified event chain; symbol is in the official checkpoint but absent from diagnostic replay.
2021-10-29,MISSING_FROM_REPLAY,colpal,2013-04-18,4942c0f021abcd6ed9702c343c2696ec44cfa8022c7e37448f8a78c075c4a16d,UNRESOLVED_MANUAL_REVIEW,No authoritative 2012 anchor or complete certified event chain; symbol is in the official checkpoint but absent from diagnostic replay.
2021-10-29,MISSING_FROM_REPLAY,dabur,2013-04-18,4942c0f021abcd6ed9702c343c2696ec44cfa8022c7e37448f8a78c075c4a16d,UNRESOLVED_MANUAL_REVIEW,No authoritative 2012 anchor or complete certified event chain; symbol is in the official checkpoint but absent from diagnostic replay.
2021-10-29,MISSING_FROM_REPLAY,dhani,2013-04-18,4942c0f021abcd6ed9702c343c2696ec44cfa8022c7e37448f8a78c075c4a16d,UNRESOLVED_MANUAL_REVIEW,No authoritative 2012 anchor or complete certified event chain; symbol is in the official checkpoint but absent from diagnostic replay.
2021-10-29,MISSING_FROM_REPLAY,divislab,2013-04-18,4942c0f021abcd6ed9702c343c2696ec44cfa8022c7e37448f8a78c075c4a16d,UNRESOLVED_MANUAL_REVIEW,No authoritative 2012 anchor or complete certified event chain; symbol is in the official checkpoint but absent from diagnostic replay.
2021-10-29,MISSING_FROM_REPLAY,drreddy,2013-04-18,4942c0f021abcd6ed9702c343c2696ec44cfa8022c7e37448f8a78c075c4a16d,UNRESOLVED_MANUAL_REVIEW,No authoritative 2012 anchor or complete certified event chain; symbol is in the official checkpoint but absent from diagnostic replay.
2021-10-29,MISSING_FROM_REPLAY,escorts,2013-04-18,4942c0f021abcd6ed9702c343c2696ec44cfa8022c7e37448f8a78c075c4a16d,UNRESOLVED_MANUAL_REVIEW,No authoritative 2012 anchor or complete certified event chain; symbol is in the official checkpoint but absent from diagnostic replay.
2021-10-29,MISSING_FROM_REPLAY,godrejcp,2013-04-18,4942c0f021abcd6ed9702c343c2696ec44cfa8022c7e37448f8a78c075c4a16d,UNRESOLVED_MANUAL_REVIEW,No authoritative 2012 anchor or complete certified event chain; symbol is in the official checkpoint but absent from diagnostic replay.
2021-10-29,MISSING_FROM_REPLAY,hal,2013-04-18,4942c0f021abcd6ed9702c343c2696ec44cfa8022c7e37448f8a78c075c4a16d,UNRESOLVED_MANUAL_REVIEW,No authoritative 2012 anchor or complete certified event chain; symbol is in the official checkpoint but absent from diagnostic replay.
2021-10-29,MISSING_FROM_REPLAY,hcltech,2013-04-18,4942c0f021abcd6ed9702c343c2696ec44cfa8022c7e37448f8a78c075c4a16d,UNRESOLVED_MANUAL_REVIEW,No authoritative 2012 anchor or complete certified event chain; symbol is in the official checkpoint but absent from diagnostic replay.
2021-10-29,MISSING_FROM_REPLAY,hindcopper,2013-04-18,4942c0f021abcd6ed9702c343c2696ec44cfa8022c7e37448f8a78c075c4a16d,UNRESOLVED_MANUAL_REVIEW,No authoritative 2012 anchor or complete certified event chain; symbol is in the official checkpoint but absent from diagnostic replay.
2021-10-29,MISSING_FROM_REPLAY,hindunilvr,2013-04-18,4942c0f021abcd6ed9702c343c2696ec44cfa8022c7e37448f8a78c075c4a16d,UNRESOLVED_MANUAL_REVIEW,No authoritative 2012 anchor or complete certified event chain; symbol is in the official checkpoint but absent from diagnostic replay.
2021-10-29,MISSING_FROM_REPLAY,idfcfirstb,2013-04-18,4942c0f021abcd6ed9702c343c2696ec44cfa8022c7e37448f8a78c075c4a16d,UNRESOLVED_MANUAL_REVIEW,No authoritative 2012 anchor or complete certified event chain; symbol is in the official checkpoint but absent from diagnostic replay.
2021-10-29,MISSING_FROM_REPLAY,igl,2013-04-18,4942c0f021abcd6ed9702c343c2696ec44cfa8022c7e37448f8a78c075c4a16d,UNRESOLVED_MANUAL_REVIEW,No authoritative 2012 anchor or complete certified event chain; symbol is in the official checkpoint but absent from diagnostic replay.
2021-10-29,MISSING_FROM_REPLAY,indianb,2013-04-18,4942c0f021abcd6ed9702c343c2696ec44cfa8022c7e37448f8a78c075c4a16d,UNRESOLVED_MANUAL_REVIEW,No authoritative 2012 anchor or complete certified event chain; symbol is in the official checkpoint but absent from diagnostic replay.
2021-10-29,MISSING_FROM_REPLAY,industower,2013-04-18,4942c0f021abcd6ed9702c343c2696ec44cfa8022c7e37448f8a78c075c4a16d,UNRESOLVED_MANUAL_REVIEW,No authoritative 2012 anchor or complete certified event chain; symbol is in the official checkpoint but absent from diagnostic replay.
2021-10-29,MISSING_FROM_REPLAY,irctc,2013-04-18,4942c0f021abcd6ed9702c343c2696ec44cfa8022c7e37448f8a78c075c4a16d,UNRESOLVED_MANUAL_REVIEW,No authoritative 2012 anchor or complete certified event chain; symbol is in the official checkpoint but absent from diagnostic replay.
2021-10-29,MISSING_FROM_REPLAY,irfc,2013-04-18,4942c0f021abcd6ed9702c343c2696ec44cfa8022c7e37448f8a78c075c4a16d,UNRESOLVED_MANUAL_REVIEW,No authoritative 2012 anchor or complete certified event chain; symbol is in the official checkpoint but absent from diagnostic replay.
2021-10-29,MISSING_FROM_REPLAY,isec,2013-04-18,4942c0f021abcd6ed9702c343c2696ec44cfa8022c7e37448f8a78c075c4a16d,UNRESOLVED_MANUAL_REVIEW,No authoritative 2012 anchor or complete certified event chain; symbol is in the official checkpoint but absent from diagnostic replay.
2021-10-29,MISSING_FROM_REPLAY,jublfood,2013-04-18,4942c0f021abcd6ed9702c343c2696ec44cfa8022c7e37448f8a78c075c4a16d,UNRESOLVED_MANUAL_REVIEW,No authoritative 2012 anchor or complete certified event chain; symbol is in the official checkpoint but absent from diagnostic replay.
2021-10-29,MISSING_FROM_REPLAY,lupin,2013-04-18,4942c0f021abcd6ed9702c343c2696ec44cfa8022c7e37448f8a78c075c4a16d,UNRESOLVED_MANUAL_REVIEW,No authoritative 2012 anchor or complete certified event chain; symbol is in the official checkpoint but absent from diagnostic replay.
2021-10-29,MISSING_FROM_REPLAY,m&m,2013-04-18,4942c0f021abcd6ed9702c343c2696ec44cfa8022c7e37448f8a78c075c4a16d,UNRESOLVED_MANUAL_REVIEW,No authoritative 2012 anchor or complete certified event chain; symbol is in the official checkpoint but absent from diagnostic replay.
2021-10-29,MISSING_FROM_REPLAY,maruti,2013-04-18,4942c0f021abcd6ed9702c343c2696ec44cfa8022c7e37448f8a78c075c4a16d,UNRESOLVED_MANUAL_REVIEW,No authoritative 2012 anchor or complete certified event chain; symbol is in the official checkpoint but absent from diagnostic replay.
2021-10-29,MISSING_FROM_REPLAY,muthootfin,2013-04-18,4942c0f021abcd6ed9702c343c2696ec44cfa8022c7e37448f8a78c075c4a16d,UNRESOLVED_MANUAL_REVIEW,No authoritative 2012 anchor or complete certified event chain; symbol is in the official checkpoint but absent from diagnostic replay.
2021-10-29,MISSING_FROM_REPLAY,nam-india,2013-04-18,4942c0f021abcd6ed9702c343c2696ec44cfa8022c7e37448f8a78c075c4a16d,UNRESOLVED_MANUAL_REVIEW,No authoritative 2012 anchor or complete certified event chain; symbol is in the official checkpoint but absent from diagnostic replay.
2021-10-29,MISSING_FROM_REPLAY,nationalum,2013-04-18,4942c0f021abcd6ed9702c343c2696ec44cfa8022c7e37448f8a78c075c4a16d,UNRESOLVED_MANUAL_REVIEW,No authoritative 2012 anchor or complete certified event chain; symbol is in the official checkpoint but absent from diagnostic replay.
2021-10-29,MISSING_FROM_REPLAY,naukri,2013-04-18,4942c0f021abcd6ed9702c343c2696ec44cfa8022c7e37448f8a78c075c4a16d,UNRESOLVED_MANUAL_REVIEW,No authoritative 2012 anchor or complete certified event chain; symbol is in the official checkpoint but absent from diagnostic replay.
2021-10-29,MISSING_FROM_REPLAY,navinfluor,2013-04-18,4942c0f021abcd6ed9702c343c2696ec44cfa8022c7e37448f8a78c075c4a16d,UNRESOLVED_MANUAL_REVIEW,No authoritative 2012 anchor or complete certified event chain; symbol is in the official checkpoint but absent from diagnostic replay.
2021-10-29,MISSING_FROM_REPLAY,nestleind,2013-04-18,4942c0f021abcd6ed9702c343c2696ec44cfa8022c7e37448f8a78c075c4a16d,UNRESOLVED_MANUAL_REVIEW,No authoritative 2012 anchor or complete certified event chain; symbol is in the official checkpoint but absent from diagnostic replay.
2021-10-29,MISSING_FROM_REPLAY,oberoirlty,2013-04-18,4942c0f021abcd6ed9702c343c2696ec44cfa8022c7e37448f8a78c075c4a16d,UNRESOLVED_MANUAL_REVIEW,No authoritative 2012 anchor or complete certified event chain; symbol is in the official checkpoint but absent from diagnostic replay.
2021-10-29,MISSING_FROM_REPLAY,pageind,2013-04-18,4942c0f021abcd6ed9702c343c2696ec44cfa8022c7e37448f8a78c075c4a16d,UNRESOLVED_MANUAL_REVIEW,No authoritative 2012 anchor or complete certified event chain; symbol is in the official checkpoint but absent from diagnostic replay.
2021-10-29,MISSING_FROM_REPLAY,pidilitind,2013-04-18,4942c0f021abcd6ed9702c343c2696ec44cfa8022c7e37448f8a78c075c4a16d,UNRESOLVED_MANUAL_REVIEW,No authoritative 2012 anchor or complete certified event chain; symbol is in the official checkpoint but absent from diagnostic replay.
2021-10-29,MISSING_FROM_REPLAY,reliance,2013-04-18,4942c0f021abcd6ed9702c343c2696ec44cfa8022c7e37448f8a78c075c4a16d,UNRESOLVED_MANUAL_REVIEW,No authoritative 2012 anchor or complete certified event chain; symbol is in the official checkpoint but absent from diagnostic replay.
2021-10-29,MISSING_FROM_REPLAY,sanofi,2013-04-18,4942c0f021abcd6ed9702c343c2696ec44cfa8022c7e37448f8a78c075c4a16d,UNRESOLVED_MANUAL_REVIEW,No authoritative 2012 anchor or complete certified event chain; symbol is in the official checkpoint but absent from diagnostic replay.
2021-10-29,MISSING_FROM_REPLAY,shreecem,2013-04-18,4942c0f021abcd6ed9702c343c2696ec44cfa8022c7e37448f8a78c075c4a16d,UNRESOLVED_MANUAL_REVIEW,No authoritative 2012 anchor or complete certified event chain; symbol is in the official checkpoint but absent from diagnostic replay.
2021-10-29,MISSING_FROM_REPLAY,srf,2013-04-18,4942c0f021abcd6ed9702c343c2696ec44cfa8022c7e37448f8a78c075c4a16d,UNRESOLVED_MANUAL_REVIEW,No authoritative 2012 anchor or complete certified event chain; symbol is in the official checkpoint but absent from diagnostic replay.
2021-10-29,MISSING_FROM_REPLAY,tatacomm,2013-04-18,4942c0f021abcd6ed9702c343c2696ec44cfa8022c7e37448f8a78c075c4a16d,UNRESOLVED_MANUAL_REVIEW,No authoritative 2012 anchor or complete certified event chain; symbol is in the official checkpoint but absent from diagnostic replay.
2021-10-29,MISSING_FROM_REPLAY,tataconsum,2013-04-18,4942c0f021abcd6ed9702c343c2696ec44cfa8022c7e37448f8a78c075c4a16d,UNRESOLVED_MANUAL_REVIEW,No authoritative 2012 anchor or complete certified event chain; symbol is in the official checkpoint but absent from diagnostic replay.
2021-10-29,MISSING_FROM_REPLAY,titan,2013-04-18,4942c0f021abcd6ed9702c343c2696ec44cfa8022c7e37448f8a78c075c4a16d,UNRESOLVED_MANUAL_REVIEW,No authoritative 2012 anchor or complete certified event chain; symbol is in the official checkpoint but absent from diagnostic replay.
2021-10-29,MISSING_FROM_REPLAY,torntpharm,2013-04-18,4942c0f021abcd6ed9702c343c2696ec44cfa8022c7e37448f8a78c075c4a16d,UNRESOLVED_MANUAL_REVIEW,No authoritative 2012 anchor or complete certified event chain; symbol is in the official checkpoint but absent from diagnostic replay.
2021-10-29,MISSING_FROM_REPLAY,torntpower,2013-04-18,4942c0f021abcd6ed9702c343c2696ec44cfa8022c7e37448f8a78c075c4a16d,UNRESOLVED_MANUAL_REVIEW,No authoritative 2012 anchor or complete certified event chain; symbol is in the official checkpoint but absent from diagnostic replay.
2021-10-29,MISSING_FROM_REPLAY,yesbank,2013-04-18,4942c0f021abcd6ed9702c343c2696ec44cfa8022c7e37448f8a78c075c4a16d,UNRESOLVED_MANUAL_REVIEW,No authoritative 2012 anchor or complete certified event chain; symbol is in the official checkpoint but absent from diagnostic replay.
2021-10-29,UNEXPECTED_IN_REPLAY,abbotindia,2013-04-18,4942c0f021abcd6ed9702c343c2696ec44cfa8022c7e37448f8a78c075c4a16d,UNRESOLVED_MANUAL_REVIEW,Diagnostic reverse replay retains a symbol not present in the official checkpoint.
2021-10-29,UNEXPECTED_IN_REPLAY,adanigas,2013-04-18,4942c0f021abcd6ed9702c343c2696ec44cfa8022c7e37448f8a78c075c4a16d,UNRESOLVED_MANUAL_REVIEW,Diagnostic reverse replay retains a symbol not present in the official checkpoint.
2021-10-29,UNEXPECTED_IN_REPLAY,adanipower,2013-04-18,4942c0f021abcd6ed9702c343c2696ec44cfa8022c7e37448f8a78c075c4a16d,UNRESOLVED_MANUAL_REVIEW,Diagnostic reverse replay retains a symbol not present in the official checkpoint.
2021-10-29,UNEXPECTED_IN_REPLAY,bbtc,2013-04-18,4942c0f021abcd6ed9702c343c2696ec44cfa8022c7e37448f8a78c075c4a16d,UNRESOLVED_MANUAL_REVIEW,Diagnostic reverse replay retains a symbol not present in the official checkpoint.
2021-10-29,UNEXPECTED_IN_REPLAY,cesc,2013-04-18,4942c0f021abcd6ed9702c343c2696ec44cfa8022c7e37448f8a78c075c4a16d,UNRESOLVED_MANUAL_REVIEW,Diagnostic reverse replay retains a symbol not present in the official checkpoint.
2021-10-29,UNEXPECTED_IN_REPLAY,chamblfert,2013-04-18,4942c0f021abcd6ed9702c343c2696ec44cfa8022c7e37448f8a78c075c4a16d,UNRESOLVED_MANUAL_REVIEW,Diagnostic reverse replay retains a symbol not present in the official checkpoint.
2021-10-29,UNEXPECTED_IN_REPLAY,coreedutec,2013-04-18,4942c0f021abcd6ed9702c343c2696ec44cfa8022c7e37448f8a78c075c4a16d,UNRESOLVED_MANUAL_REVIEW,Diagnostic reverse replay retains a symbol not present in the official checkpoint.
2021-10-29,UNEXPECTED_IN_REPLAY,denabank,2013-04-18,4942c0f021abcd6ed9702c343c2696ec44cfa8022c7e37448f8a78c075c4a16d,UNRESOLVED_MANUAL_REVIEW,Diagnostic reverse replay retains a symbol not present in the official checkpoint.
2021-10-29,UNEXPECTED_IN_REPLAY,finantech,2013-04-18,4942c0f021abcd6ed9702c343c2696ec44cfa8022c7e37448f8a78c075c4a16d,UNRESOLVED_MANUAL_REVIEW,Diagnostic reverse replay retains a symbol not present in the official checkpoint.
2021-10-29,UNEXPECTED_IN_REPLAY,gitanjali,2013-04-18,4942c0f021abcd6ed9702c343c2696ec44cfa8022c7e37448f8a78c075c4a16d,UNRESOLVED_MANUAL_REVIEW,Diagnostic reverse replay retains a symbol not present in the official checkpoint.
2021-10-29,UNEXPECTED_IN_REPLAY,gmdcltd,2013-04-18,4942c0f021abcd6ed9702c343c2696ec44cfa8022c7e37448f8a78c075c4a16d,UNRESOLVED_MANUAL_REVIEW,Diagnostic reverse replay retains a symbol not present in the official checkpoint.
2021-10-29,UNEXPECTED_IN_REPLAY,godrejagro,2013-04-18,4942c0f021abcd6ed9702c343c2696ec44cfa8022c7e37448f8a78c075c4a16d,UNRESOLVED_MANUAL_REVIEW,Diagnostic reverse replay retains a symbol not present in the official checkpoint.
2021-10-29,UNEXPECTED_IN_REPLAY,gujratgas,2013-04-18,4942c0f021abcd6ed9702c343c2696ec44cfa8022c7e37448f8a78c075c4a16d,UNRESOLVED_MANUAL_REVIEW,Diagnostic reverse replay retains a symbol not present in the official checkpoint.
2021-10-29,UNEXPECTED_IN_REPLAY,gvkpil,2013-04-18,4942c0f021abcd6ed9702c343c2696ec44cfa8022c7e37448f8a78c075c4a16d,UNRESOLVED_MANUAL_REVIEW,Diagnostic reverse replay retains a symbol not present in the official checkpoint.
2021-10-29,UNEXPECTED_IN_REPLAY,hathway,2013-04-18,4942c0f021abcd6ed9702c343c2696ec44cfa8022c7e37448f8a78c075c4a16d,UNRESOLVED_MANUAL_REVIEW,Diagnostic reverse replay retains a symbol not present in the official checkpoint.
2021-10-29,UNEXPECTED_IN_REPLAY,hexaware,2013-04-18,4942c0f021abcd6ed9702c343c2696ec44cfa8022c7e37448f8a78c075c4a16d,UNRESOLVED_MANUAL_REVIEW,Diagnostic reverse replay retains a symbol not present in the official checkpoint.
2021-10-29,UNEXPECTED_IN_REPLAY,ibventures,2013-04-18,4942c0f021abcd6ed9702c343c2696ec44cfa8022c7e37448f8a78c075c4a16d,UNRESOLVED_MANUAL_REVIEW,Diagnostic reverse replay retains a symbol not present in the official checkpoint.
2021-10-29,UNEXPECTED_IN_REPLAY,idbi,2013-04-18,4942c0f021abcd6ed9702c343c2696ec44cfa8022c7e37448f8a78c075c4a16d,UNRESOLVED_MANUAL_REVIEW,Diagnostic reverse replay retains a symbol not present in the official checkpoint.
2021-10-29,UNEXPECTED_IN_REPLAY,idfcbank,2013-04-18,4942c0f021abcd6ed9702c343c2696ec44cfa8022c7e37448f8a78c075c4a16d,UNRESOLVED_MANUAL_REVIEW,Diagnostic reverse replay retains a symbol not present in the official checkpoint.
2021-10-29,UNEXPECTED_IN_REPLAY,indiainfo,2013-04-18,4942c0f021abcd6ed9702c343c2696ec44cfa8022c7e37448f8a78c075c4a16d,UNRESOLVED_MANUAL_REVIEW,Diagnostic reverse replay retains a symbol not present in the official checkpoint.
2021-10-29,UNEXPECTED_IN_REPLAY,ivrclinfra,2013-04-18,4942c0f021abcd6ed9702c343c2696ec44cfa8022c7e37448f8a78c075c4a16d,UNRESOLVED_MANUAL_REVIEW,Diagnostic reverse replay retains a symbol not present in the official checkpoint.
2021-10-29,UNEXPECTED_IN_REPLAY,jindalsaw,2013-04-18,4942c0f021abcd6ed9702c343c2696ec44cfa8022c7e37448f8a78c075c4a16d,UNRESOLVED_MANUAL_REVIEW,Diagnostic reverse replay retains a symbol not present in the official checkpoint.
2021-10-29,UNEXPECTED_IN_REPLAY,jubilant,2013-04-18,4942c0f021abcd6ed9702c343c2696ec44cfa8022c7e37448f8a78c075c4a16d,UNRESOLVED_MANUAL_REVIEW,Diagnostic reverse replay retains a symbol not present in the official checkpoint.
2021-10-29,UNEXPECTED_IN_REPLAY,litl,2013-04-18,4942c0f021abcd6ed9702c343c2696ec44cfa8022c7e37448f8a78c075c4a16d,UNRESOLVED_MANUAL_REVIEW,Diagnostic reverse replay retains a symbol not present in the official checkpoint.
2021-10-29,UNEXPECTED_IN_REPLAY,madrascem,2013-04-18,4942c0f021abcd6ed9702c343c2696ec44cfa8022c7e37448f8a78c075c4a16d,UNRESOLVED_MANUAL_REVIEW,Diagnostic reverse replay retains a symbol not present in the official checkpoint.
2021-10-29,UNEXPECTED_IN_REPLAY,mrpl,2013-04-18,4942c0f021abcd6ed9702c343c2696ec44cfa8022c7e37448f8a78c075c4a16d,UNRESOLVED_MANUAL_REVIEW,Diagnostic reverse replay retains a symbol not present in the official checkpoint.
2021-10-29,UNEXPECTED_IN_REPLAY,nhpc,2013-04-18,4942c0f021abcd6ed9702c343c2696ec44cfa8022c7e37448f8a78c075c4a16d,UNRESOLVED_MANUAL_REVIEW,Diagnostic reverse replay retains a symbol not present in the official checkpoint.
2021-10-29,UNEXPECTED_IN_REPLAY,niittech,2013-04-18,4942c0f021abcd6ed9702c343c2696ec44cfa8022c7e37448f8a78c075c4a16d,UNRESOLVED_MANUAL_REVIEW,Diagnostic reverse replay retains a symbol not present in the official checkpoint.
2021-10-29,UNEXPECTED_IN_REPLAY,optocircui,2013-04-18,4942c0f021abcd6ed9702c343c2696ec44cfa8022c7e37448f8a78c075c4a16d,UNRESOLVED_MANUAL_REVIEW,Diagnostic reverse replay retains a symbol not present in the official checkpoint.
2021-10-29,UNEXPECTED_IN_REPLAY,orissamine,2013-04-18,4942c0f021abcd6ed9702c343c2696ec44cfa8022c7e37448f8a78c075c4a16d,UNRESOLVED_MANUAL_REVIEW,Diagnostic reverse replay retains a symbol not present in the official checkpoint.
2021-10-29,UNEXPECTED_IN_REPLAY,pnbhousing,2013-04-18,4942c0f021abcd6ed9702c343c2696ec44cfa8022c7e37448f8a78c075c4a16d,UNRESOLVED_MANUAL_REVIEW,Diagnostic reverse replay retains a symbol not present in the official checkpoint.
2021-10-29,UNEXPECTED_IN_REPLAY,punjlloyd,2013-04-18,4942c0f021abcd6ed9702c343c2696ec44cfa8022c7e37448f8a78c075c4a16d,UNRESOLVED_MANUAL_REVIEW,Diagnostic reverse replay retains a symbol not present in the official checkpoint.
2021-10-29,UNEXPECTED_IN_REPLAY,quess,2013-04-18,4942c0f021abcd6ed9702c343c2696ec44cfa8022c7e37448f8a78c075c4a16d,UNRESOLVED_MANUAL_REVIEW,Diagnostic reverse replay retains a symbol not present in the official checkpoint.
2021-10-29,UNEXPECTED_IN_REPLAY,rnam,2013-04-18,4942c0f021abcd6ed9702c343c2696ec44cfa8022c7e37448f8a78c075c4a16d,UNRESOLVED_MANUAL_REVIEW,Diagnostic reverse replay retains a symbol not present in the official checkpoint.
2021-10-29,UNEXPECTED_IN_REPLAY,sesagoa,2013-04-18,4942c0f021abcd6ed9702c343c2696ec44cfa8022c7e37448f8a78c075c4a16d,UNRESOLVED_MANUAL_REVIEW,Diagnostic reverse replay retains a symbol not present in the official checkpoint.
2021-10-29,UNEXPECTED_IN_REPLAY,shriramcit,2013-04-18,4942c0f021abcd6ed9702c343c2696ec44cfa8022c7e37448f8a78c075c4a16d,UNRESOLVED_MANUAL_REVIEW,Diagnostic reverse replay retains a symbol not present in the official checkpoint.
2021-10-29,UNEXPECTED_IN_REPLAY,sksmicro,2013-04-18,4942c0f021abcd6ed9702c343c2696ec44cfa8022c7e37448f8a78c075c4a16d,UNRESOLVED_MANUAL_REVIEW,Diagnostic reverse replay retains a symbol not present in the official checkpoint.
2021-10-29,UNEXPECTED_IN_REPLAY,tataglobal,2013-04-18,4942c0f021abcd6ed9702c343c2696ec44cfa8022c7e37448f8a78c075c4a16d,UNRESOLVED_MANUAL_REVIEW,Diagnostic reverse replay retains a symbol not present in the official checkpoint.
2021-10-29,UNEXPECTED_IN_REPLAY,uniphos,2013-04-18,4942c0f021abcd6ed9702c343c2696ec44cfa8022c7e37448f8a78c075c4a16d,UNRESOLVED_MANUAL_REVIEW,Diagnostic reverse replay retains a symbol not present in the official checkpoint.
2021-10-29,UNEXPECTED_IN_REPLAY,welcorp,2013-04-18,4942c0f021abcd6ed9702c343c2696ec44cfa8022c7e37448f8a78c075c4a16d,UNRESOLVED_MANUAL_REVIEW,Diagnostic reverse replay retains a symbol not present in the official checkpoint.
2021-11-30,MISSING_FROM_REPLAY,ajantpharm,2013-04-18,4942c0f021abcd6ed9702c343c2696ec44cfa8022c7e37448f8a78c075c4a16d,UNRESOLVED_MANUAL_REVIEW,No authoritative 2012 anchor or complete certified event chain; symbol is in the official checkpoint but absent from diagnostic replay.
2021-11-30,MISSING_FROM_REPLAY,aplltd,2013-04-18,4942c0f021abcd6ed9702c343c2696ec44cfa8022c7e37448f8a78c075c4a16d,UNRESOLVED_MANUAL_REVIEW,No authoritative 2012 anchor or complete certified event chain; symbol is in the official checkpoint but absent from diagnostic replay.
2021-11-30,MISSING_FROM_REPLAY,apollotyre,2013-04-18,4942c0f021abcd6ed9702c343c2696ec44cfa8022c7e37448f8a78c075c4a16d,UNRESOLVED_MANUAL_REVIEW,No authoritative 2012 anchor or complete certified event chain; symbol is in the official checkpoint but absent from diagnostic replay.
2021-11-30,MISSING_FROM_REPLAY,astral,2013-04-18,4942c0f021abcd6ed9702c343c2696ec44cfa8022c7e37448f8a78c075c4a16d,UNRESOLVED_MANUAL_REVIEW,No authoritative 2012 anchor or complete certified event chain; symbol is in the official checkpoint but absent from diagnostic replay.
2021-11-30,MISSING_FROM_REPLAY,atgl,2013-04-18,4942c0f021abcd6ed9702c343c2696ec44cfa8022c7e37448f8a78c075c4a16d,UNRESOLVED_MANUAL_REVIEW,No authoritative 2012 anchor or complete certified event chain; symbol is in the official checkpoint but absent from diagnostic replay.
2021-11-30,MISSING_FROM_REPLAY,auropharma,2013-04-18,4942c0f021abcd6ed9702c343c2696ec44cfa8022c7e37448f8a78c075c4a16d,UNRESOLVED_MANUAL_REVIEW,No authoritative 2012 anchor or complete certified event chain; symbol is in the official checkpoint but absent from diagnostic replay.
2021-11-30,MISSING_FROM_REPLAY,bergepaint,2013-04-18,4942c0f021abcd6ed9702c343c2696ec44cfa8022c7e37448f8a78c075c4a16d,UNRESOLVED_MANUAL_REVIEW,No authoritative 2012 anchor or complete certified event chain; symbol is in the official checkpoint but absent from diagnostic replay.
2021-11-30,MISSING_FROM_REPLAY,bhartiartl,2013-04-18,4942c0f021abcd6ed9702c343c2696ec44cfa8022c7e37448f8a78c075c4a16d,UNRESOLVED_MANUAL_REVIEW,No authoritative 2012 anchor or complete certified event chain; symbol is in the official checkpoint but absent from diagnostic replay.
2021-11-30,MISSING_FROM_REPLAY,biocon,2013-04-18,4942c0f021abcd6ed9702c343c2696ec44cfa8022c7e37448f8a78c075c4a16d,UNRESOLVED_MANUAL_REVIEW,No authoritative 2012 anchor or complete certified event chain; symbol is in the official checkpoint but absent from diagnostic replay.
2021-11-30,MISSING_FROM_REPLAY,britannia,2013-04-18,4942c0f021abcd6ed9702c343c2696ec44cfa8022c7e37448f8a78c075c4a16d,UNRESOLVED_MANUAL_REVIEW,No authoritative 2012 anchor or complete certified event chain; symbol is in the official checkpoint but absent from diagnostic replay.
2021-11-30,MISSING_FROM_REPLAY,cipla,2013-04-18,4942c0f021abcd6ed9702c343c2696ec44cfa8022c7e37448f8a78c075c4a16d,UNRESOLVED_MANUAL_REVIEW,No authoritative 2012 anchor or complete certified event chain; symbol is in the official checkpoint but absent from diagnostic replay.
2021-11-30,MISSING_FROM_REPLAY,coforge,2013-04-18,4942c0f021abcd6ed9702c343c2696ec44cfa8022c7e37448f8a78c075c4a16d,UNRESOLVED_MANUAL_REVIEW,No authoritative 2012 anchor or complete certified event chain; symbol is in the official checkpoint but absent from diagnostic replay.
2021-11-30,MISSING_FROM_REPLAY,colpal,2013-04-18,4942c0f021abcd6ed9702c343c2696ec44cfa8022c7e37448f8a78c075c4a16d,UNRESOLVED_MANUAL_REVIEW,No authoritative 2012 anchor or complete certified event chain; symbol is in the official checkpoint but absent from diagnostic replay.
2021-11-30,MISSING_FROM_REPLAY,dabur,2013-04-18,4942c0f021abcd6ed9702c343c2696ec44cfa8022c7e37448f8a78c075c4a16d,UNRESOLVED_MANUAL_REVIEW,No authoritative 2012 anchor or complete certified event chain; symbol is in the official checkpoint but absent from diagnostic replay.
2021-11-30,MISSING_FROM_REPLAY,dhani,2013-04-18,4942c0f021abcd6ed9702c343c2696ec44cfa8022c7e37448f8a78c075c4a16d,UNRESOLVED_MANUAL_REVIEW,No authoritative 2012 anchor or complete certified event chain; symbol is in the official checkpoint but absent from diagnostic replay.
2021-11-30,MISSING_FROM_REPLAY,divislab,2013-04-18,4942c0f021abcd6ed9702c343c2696ec44cfa8022c7e37448f8a78c075c4a16d,UNRESOLVED_MANUAL_REVIEW,No authoritative 2012 anchor or complete certified event chain; symbol is in the official checkpoint but absent from diagnostic replay.
2021-11-30,MISSING_FROM_REPLAY,drreddy,2013-04-18,4942c0f021abcd6ed9702c343c2696ec44cfa8022c7e37448f8a78c075c4a16d,UNRESOLVED_MANUAL_REVIEW,No authoritative 2012 anchor or complete certified event chain; symbol is in the official checkpoint but absent from diagnostic replay.
2021-11-30,MISSING_FROM_REPLAY,escorts,2013-04-18,4942c0f021abcd6ed9702c343c2696ec44cfa8022c7e37448f8a78c075c4a16d,UNRESOLVED_MANUAL_REVIEW,No authoritative 2012 anchor or complete certified event chain; symbol is in the official checkpoint but absent from diagnostic replay.
2021-11-30,MISSING_FROM_REPLAY,godrejcp,2013-04-18,4942c0f021abcd6ed9702c343c2696ec44cfa8022c7e37448f8a78c075c4a16d,UNRESOLVED_MANUAL_REVIEW,No authoritative 2012 anchor or complete certified event chain; symbol is in the official checkpoint but absent from diagnostic replay.
2021-11-30,MISSING_FROM_REPLAY,hal,2013-04-18,4942c0f021abcd6ed9702c343c2696ec44cfa8022c7e37448f8a78c075c4a16d,UNRESOLVED_MANUAL_REVIEW,No authoritative 2012 anchor or complete certified event chain; symbol is in the official checkpoint but absent from diagnostic replay.
2021-11-30,MISSING_FROM_REPLAY,hcltech,2013-04-18,4942c0f021abcd6ed9702c343c2696ec44cfa8022c7e37448f8a78c075c4a16d,UNRESOLVED_MANUAL_REVIEW,No authoritative 2012 anchor or complete certified event chain; symbol is in the official checkpoint but absent from diagnostic replay.
2021-11-30,MISSING_FROM_REPLAY,hindcopper,2013-04-18,4942c0f021abcd6ed9702c343c2696ec44cfa8022c7e37448f8a78c075c4a16d,UNRESOLVED_MANUAL_REVIEW,No authoritative 2012 anchor or complete certified event chain; symbol is in the official checkpoint but absent from diagnostic replay.
2021-11-30,MISSING_FROM_REPLAY,hindunilvr,2013-04-18,4942c0f021abcd6ed9702c343c2696ec44cfa8022c7e37448f8a78c075c4a16d,UNRESOLVED_MANUAL_REVIEW,No authoritative 2012 anchor or complete certified event chain; symbol is in the official checkpoint but absent from diagnostic replay.
2021-11-30,MISSING_FROM_REPLAY,idfcfirstb,2013-04-18,4942c0f021abcd6ed9702c343c2696ec44cfa8022c7e37448f8a78c075c4a16d,UNRESOLVED_MANUAL_REVIEW,No authoritative 2012 anchor or complete certified event chain; symbol is in the official checkpoint but absent from diagnostic replay.
2021-11-30,MISSING_FROM_REPLAY,igl,2013-04-18,4942c0f021abcd6ed9702c343c2696ec44cfa8022c7e37448f8a78c075c4a16d,UNRESOLVED_MANUAL_REVIEW,No authoritative 2012 anchor or complete certified event chain; symbol is in the official checkpoint but absent from diagnostic replay.
2021-11-30,MISSING_FROM_REPLAY,indianb,2013-04-18,4942c0f021abcd6ed9702c343c2696ec44cfa8022c7e37448f8a78c075c4a16d,UNRESOLVED_MANUAL_REVIEW,No authoritative 2012 anchor or complete certified event chain; symbol is in the official checkpoint but absent from diagnostic replay.
2021-11-30,MISSING_FROM_REPLAY,industower,2013-04-18,4942c0f021abcd6ed9702c343c2696ec44cfa8022c7e37448f8a78c075c4a16d,UNRESOLVED_MANUAL_REVIEW,No authoritative 2012 anchor or complete certified event chain; symbol is in the official checkpoint but absent from diagnostic replay.
2021-11-30,MISSING_FROM_REPLAY,irctc,2013-04-18,4942c0f021abcd6ed9702c343c2696ec44cfa8022c7e37448f8a78c075c4a16d,UNRESOLVED_MANUAL_REVIEW,No authoritative 2012 anchor or complete certified event chain; symbol is in the official checkpoint but absent from diagnostic replay.
2021-11-30,MISSING_FROM_REPLAY,irfc,2013-04-18,4942c0f021abcd6ed9702c343c2696ec44cfa8022c7e37448f8a78c075c4a16d,UNRESOLVED_MANUAL_REVIEW,No authoritative 2012 anchor or complete certified event chain; symbol is in the official checkpoint but absent from diagnostic replay.
2021-11-30,MISSING_FROM_REPLAY,isec,2013-04-18,4942c0f021abcd6ed9702c343c2696ec44cfa8022c7e37448f8a78c075c4a16d,UNRESOLVED_MANUAL_REVIEW,No authoritative 2012 anchor or complete certified event chain; symbol is in the official checkpoint but absent from diagnostic replay.
2021-11-30,MISSING_FROM_REPLAY,jublfood,2013-04-18,4942c0f021abcd6ed9702c343c2696ec44cfa8022c7e37448f8a78c075c4a16d,UNRESOLVED_MANUAL_REVIEW,No authoritative 2012 anchor or complete certified event chain; symbol is in the official checkpoint but absent from diagnostic replay.
2021-11-30,MISSING_FROM_REPLAY,lupin,2013-04-18,4942c0f021abcd6ed9702c343c2696ec44cfa8022c7e37448f8a78c075c4a16d,UNRESOLVED_MANUAL_REVIEW,No authoritative 2012 anchor or complete certified event chain; symbol is in the official checkpoint but absent from diagnostic replay.
2021-11-30,MISSING_FROM_REPLAY,m&m,2013-04-18,4942c0f021abcd6ed9702c343c2696ec44cfa8022c7e37448f8a78c075c4a16d,UNRESOLVED_MANUAL_REVIEW,No authoritative 2012 anchor or complete certified event chain; symbol is in the official checkpoint but absent from diagnostic replay.
2021-11-30,MISSING_FROM_REPLAY,maruti,2013-04-18,4942c0f021abcd6ed9702c343c2696ec44cfa8022c7e37448f8a78c075c4a16d,UNRESOLVED_MANUAL_REVIEW,No authoritative 2012 anchor or complete certified event chain; symbol is in the official checkpoint but absent from diagnostic replay.
2021-11-30,MISSING_FROM_REPLAY,muthootfin,2013-04-18,4942c0f021abcd6ed9702c343c2696ec44cfa8022c7e37448f8a78c075c4a16d,UNRESOLVED_MANUAL_REVIEW,No authoritative 2012 anchor or complete certified event chain; symbol is in the official checkpoint but absent from diagnostic replay.
2021-11-30,MISSING_FROM_REPLAY,nam-india,2013-04-18,4942c0f021abcd6ed9702c343c2696ec44cfa8022c7e37448f8a78c075c4a16d,UNRESOLVED_MANUAL_REVIEW,No authoritative 2012 anchor or complete certified event chain; symbol is in the official checkpoint but absent from diagnostic replay.
2021-11-30,MISSING_FROM_REPLAY,nationalum,2013-04-18,4942c0f021abcd6ed9702c343c2696ec44cfa8022c7e37448f8a78c075c4a16d,UNRESOLVED_MANUAL_REVIEW,No authoritative 2012 anchor or complete certified event chain; symbol is in the official checkpoint but absent from diagnostic replay.
2021-11-30,MISSING_FROM_REPLAY,naukri,2013-04-18,4942c0f021abcd6ed9702c343c2696ec44cfa8022c7e37448f8a78c075c4a16d,UNRESOLVED_MANUAL_REVIEW,No authoritative 2012 anchor or complete certified event chain; symbol is in the official checkpoint but absent from diagnostic replay.
2021-11-30,MISSING_FROM_REPLAY,navinfluor,2013-04-18,4942c0f021abcd6ed9702c343c2696ec44cfa8022c7e37448f8a78c075c4a16d,UNRESOLVED_MANUAL_REVIEW,No authoritative 2012 anchor or complete certified event chain; symbol is in the official checkpoint but absent from diagnostic replay.
2021-11-30,MISSING_FROM_REPLAY,nestleind,2013-04-18,4942c0f021abcd6ed9702c343c2696ec44cfa8022c7e37448f8a78c075c4a16d,UNRESOLVED_MANUAL_REVIEW,No authoritative 2012 anchor or complete certified event chain; symbol is in the official checkpoint but absent from diagnostic replay.
2021-11-30,MISSING_FROM_REPLAY,oberoirlty,2013-04-18,4942c0f021abcd6ed9702c343c2696ec44cfa8022c7e37448f8a78c075c4a16d,UNRESOLVED_MANUAL_REVIEW,No authoritative 2012 anchor or complete certified event chain; symbol is in the official checkpoint but absent from diagnostic replay.
2021-11-30,MISSING_FROM_REPLAY,pageind,2013-04-18,4942c0f021abcd6ed9702c343c2696ec44cfa8022c7e37448f8a78c075c4a16d,UNRESOLVED_MANUAL_REVIEW,No authoritative 2012 anchor or complete certified event chain; symbol is in the official checkpoint but absent from diagnostic replay.
2021-11-30,MISSING_FROM_REPLAY,pidilitind,2013-04-18,4942c0f021abcd6ed9702c343c2696ec44cfa8022c7e37448f8a78c075c4a16d,UNRESOLVED_MANUAL_REVIEW,No authoritative 2012 anchor or complete certified event chain; symbol is in the official checkpoint but absent from diagnostic replay.
2021-11-30,MISSING_FROM_REPLAY,reliance,2013-04-18,4942c0f021abcd6ed9702c343c2696ec44cfa8022c7e37448f8a78c075c4a16d,UNRESOLVED_MANUAL_REVIEW,No authoritative 2012 anchor or complete certified event chain; symbol is in the official checkpoint but absent from diagnostic replay.
2021-11-30,MISSING_FROM_REPLAY,sanofi,2013-04-18,4942c0f021abcd6ed9702c343c2696ec44cfa8022c7e37448f8a78c075c4a16d,UNRESOLVED_MANUAL_REVIEW,No authoritative 2012 anchor or complete certified event chain; symbol is in the official checkpoint but absent from diagnostic replay.
2021-11-30,MISSING_FROM_REPLAY,shreecem,2013-04-18,4942c0f021abcd6ed9702c343c2696ec44cfa8022c7e37448f8a78c075c4a16d,UNRESOLVED_MANUAL_REVIEW,No authoritative 2012 anchor or complete certified event chain; symbol is in the official checkpoint but absent from diagnostic replay.
2021-11-30,MISSING_FROM_REPLAY,srf,2013-04-18,4942c0f021abcd6ed9702c343c2696ec44cfa8022c7e37448f8a78c075c4a16d,UNRESOLVED_MANUAL_REVIEW,No authoritative 2012 anchor or complete certified event chain; symbol is in the official checkpoint but absent from diagnostic replay.
2021-11-30,MISSING_FROM_REPLAY,tatacomm,2013-04-18,4942c0f021abcd6ed9702c343c2696ec44cfa8022c7e37448f8a78c075c4a16d,UNRESOLVED_MANUAL_REVIEW,No authoritative 2012 anchor or complete certified event chain; symbol is in the official checkpoint but absent from diagnostic replay.
2021-11-30,MISSING_FROM_REPLAY,tataconsum,2013-04-18,4942c0f021abcd6ed9702c343c2696ec44cfa8022c7e37448f8a78c075c4a16d,UNRESOLVED_MANUAL_REVIEW,No authoritative 2012 anchor or complete certified event chain; symbol is in the official checkpoint but absent from diagnostic replay.
2021-11-30,MISSING_FROM_REPLAY,titan,2013-04-18,4942c0f021abcd6ed9702c343c2696ec44cfa8022c7e37448f8a78c075c4a16d,UNRESOLVED_MANUAL_REVIEW,No authoritative 2012 anchor or complete certified event chain; symbol is in the official checkpoint but absent from diagnostic replay.
2021-11-30,MISSING_FROM_REPLAY,torntpharm,2013-04-18,4942c0f021abcd6ed9702c343c2696ec44cfa8022c7e37448f8a78c075c4a16d,UNRESOLVED_MANUAL_REVIEW,No authoritative 2012 anchor or complete certified event chain; symbol is in the official checkpoint but absent from diagnostic replay.
2021-11-30,MISSING_FROM_REPLAY,torntpower,2013-04-18,4942c0f021abcd6ed9702c343c2696ec44cfa8022c7e37448f8a78c075c4a16d,UNRESOLVED_MANUAL_REVIEW,No authoritative 2012 anchor or complete certified event chain; symbol is in the official checkpoint but absent from diagnostic replay.
2021-11-30,MISSING_FROM_REPLAY,yesbank,2013-04-18,4942c0f021abcd6ed9702c343c2696ec44cfa8022c7e37448f8a78c075c4a16d,UNRESOLVED_MANUAL_REVIEW,No authoritative 2012 anchor or complete certified event chain; symbol is in the official checkpoint but absent from diagnostic replay.
2021-11-30,UNEXPECTED_IN_REPLAY,abbotindia,2013-04-18,4942c0f021abcd6ed9702c343c2696ec44cfa8022c7e37448f8a78c075c4a16d,UNRESOLVED_MANUAL_REVIEW,Diagnostic reverse replay retains a symbol not present in the official checkpoint.
2021-11-30,UNEXPECTED_IN_REPLAY,adanigas,2013-04-18,4942c0f021abcd6ed9702c343c2696ec44cfa8022c7e37448f8a78c075c4a16d,UNRESOLVED_MANUAL_REVIEW,Diagnostic reverse replay retains a symbol not present in the official checkpoint.
2021-11-30,UNEXPECTED_IN_REPLAY,adanipower,2013-04-18,4942c0f021abcd6ed9702c343c2696ec44cfa8022c7e37448f8a78c075c4a16d,UNRESOLVED_MANUAL_REVIEW,Diagnostic reverse replay retains a symbol not present in the official checkpoint.
2021-11-30,UNEXPECTED_IN_REPLAY,bbtc,2013-04-18,4942c0f021abcd6ed9702c343c2696ec44cfa8022c7e37448f8a78c075c4a16d,UNRESOLVED_MANUAL_REVIEW,Diagnostic reverse replay retains a symbol not present in the official checkpoint.
2021-11-30,UNEXPECTED_IN_REPLAY,cesc,2013-04-18,4942c0f021abcd6ed9702c343c2696ec44cfa8022c7e37448f8a78c075c4a16d,UNRESOLVED_MANUAL_REVIEW,Diagnostic reverse replay retains a symbol not present in the official checkpoint.
2021-11-30,UNEXPECTED_IN_REPLAY,chamblfert,2013-04-18,4942c0f021abcd6ed9702c343c2696ec44cfa8022c7e37448f8a78c075c4a16d,UNRESOLVED_MANUAL_REVIEW,Diagnostic reverse replay retains a symbol not present in the official checkpoint.
2021-11-30,UNEXPECTED_IN_REPLAY,coreedutec,2013-04-18,4942c0f021abcd6ed9702c343c2696ec44cfa8022c7e37448f8a78c075c4a16d,UNRESOLVED_MANUAL_REVIEW,Diagnostic reverse replay retains a symbol not present in the official checkpoint.
2021-11-30,UNEXPECTED_IN_REPLAY,denabank,2013-04-18,4942c0f021abcd6ed9702c343c2696ec44cfa8022c7e37448f8a78c075c4a16d,UNRESOLVED_MANUAL_REVIEW,Diagnostic reverse replay retains a symbol not present in the official checkpoint.
2021-11-30,UNEXPECTED_IN_REPLAY,finantech,2013-04-18,4942c0f021abcd6ed9702c343c2696ec44cfa8022c7e37448f8a78c075c4a16d,UNRESOLVED_MANUAL_REVIEW,Diagnostic reverse replay retains a symbol not present in the official checkpoint.
2021-11-30,UNEXPECTED_IN_REPLAY,gitanjali,2013-04-18,4942c0f021abcd6ed9702c343c2696ec44cfa8022c7e37448f8a78c075c4a16d,UNRESOLVED_MANUAL_REVIEW,Diagnostic reverse replay retains a symbol not present in the official checkpoint.
2021-11-30,UNEXPECTED_IN_REPLAY,gmdcltd,2013-04-18,4942c0f021abcd6ed9702c343c2696ec44cfa8022c7e37448f8a78c075c4a16d,UNRESOLVED_MANUAL_REVIEW,Diagnostic reverse replay retains a symbol not present in the official checkpoint.
2021-11-30,UNEXPECTED_IN_REPLAY,godrejagro,2013-04-18,4942c0f021abcd6ed9702c343c2696ec44cfa8022c7e37448f8a78c075c4a16d,UNRESOLVED_MANUAL_REVIEW,Diagnostic reverse replay retains a symbol not present in the official checkpoint.
2021-11-30,UNEXPECTED_IN_REPLAY,gujratgas,2013-04-18,4942c0f021abcd6ed9702c343c2696ec44cfa8022c7e37448f8a78c075c4a16d,UNRESOLVED_MANUAL_REVIEW,Diagnostic reverse replay retains a symbol not present in the official checkpoint.
2021-11-30,UNEXPECTED_IN_REPLAY,gvkpil,2013-04-18,4942c0f021abcd6ed9702c343c2696ec44cfa8022c7e37448f8a78c075c4a16d,UNRESOLVED_MANUAL_REVIEW,Diagnostic reverse replay retains a symbol not present in the official checkpoint.
2021-11-30,UNEXPECTED_IN_REPLAY,hathway,2013-04-18,4942c0f021abcd6ed9702c343c2696ec44cfa8022c7e37448f8a78c075c4a16d,UNRESOLVED_MANUAL_REVIEW,Diagnostic reverse replay retains a symbol not present in the official checkpoint.
2021-11-30,UNEXPECTED_IN_REPLAY,hexaware,2013-04-18,4942c0f021abcd6ed9702c343c2696ec44cfa8022c7e37448f8a78c075c4a16d,UNRESOLVED_MANUAL_REVIEW,Diagnostic reverse replay retains a symbol not present in the official checkpoint.
2021-11-30,UNEXPECTED_IN_REPLAY,ibventures,2013-04-18,4942c0f021abcd6ed9702c343c2696ec44cfa8022c7e37448f8a78c075c4a16d,UNRESOLVED_MANUAL_REVIEW,Diagnostic reverse replay retains a symbol not present in the official checkpoint.
2021-11-30,UNEXPECTED_IN_REPLAY,idbi,2013-04-18,4942c0f021abcd6ed9702c343c2696ec44cfa8022c7e37448f8a78c075c4a16d,UNRESOLVED_MANUAL_REVIEW,Diagnostic reverse replay retains a symbol not present in the official checkpoint.
2021-11-30,UNEXPECTED_IN_REPLAY,idfcbank,2013-04-18,4942c0f021abcd6ed9702c343c2696ec44cfa8022c7e37448f8a78c075c4a16d,UNRESOLVED_MANUAL_REVIEW,Diagnostic reverse replay retains a symbol not present in the official checkpoint.
2021-11-30,UNEXPECTED_IN_REPLAY,indiainfo,2013-04-18,4942c0f021abcd6ed9702c343c2696ec44cfa8022c7e37448f8a78c075c4a16d,UNRESOLVED_MANUAL_REVIEW,Diagnostic reverse replay retains a symbol not present in the official checkpoint.
2021-11-30,UNEXPECTED_IN_REPLAY,ivrclinfra,2013-04-18,4942c0f021abcd6ed9702c343c2696ec44cfa8022c7e37448f8a78c075c4a16d,UNRESOLVED_MANUAL_REVIEW,Diagnostic reverse replay retains a symbol not present in the official checkpoint.
2021-11-30,UNEXPECTED_IN_REPLAY,jindalsaw,2013-04-18,4942c0f021abcd6ed9702c343c2696ec44cfa8022c7e37448f8a78c075c4a16d,UNRESOLVED_MANUAL_REVIEW,Diagnostic reverse replay retains a symbol not present in the official checkpoint.
2021-11-30,UNEXPECTED_IN_REPLAY,jubilant,2013-04-18,4942c0f021abcd6ed9702c343c2696ec44cfa8022c7e37448f8a78c075c4a16d,UNRESOLVED_MANUAL_REVIEW,Diagnostic reverse replay retains a symbol not present in the official checkpoint.
2021-11-30,UNEXPECTED_IN_REPLAY,litl,2013-04-18,4942c0f021abcd6ed9702c343c2696ec44cfa8022c7e37448f8a78c075c4a16d,UNRESOLVED_MANUAL_REVIEW,Diagnostic reverse replay retains a symbol not present in the official checkpoint.
2021-11-30,UNEXPECTED_IN_REPLAY,madrascem,2013-04-18,4942c0f021abcd6ed9702c343c2696ec44cfa8022c7e37448f8a78c075c4a16d,UNRESOLVED_MANUAL_REVIEW,Diagnostic reverse replay retains a symbol not present in the official checkpoint.
2021-11-30,UNEXPECTED_IN_REPLAY,mrpl,2013-04-18,4942c0f021abcd6ed9702c343c2696ec44cfa8022c7e37448f8a78c075c4a16d,UNRESOLVED_MANUAL_REVIEW,Diagnostic reverse replay retains a symbol not present in the official checkpoint.
2021-11-30,UNEXPECTED_IN_REPLAY,nhpc,2013-04-18,4942c0f021abcd6ed9702c343c2696ec44cfa8022c7e37448f8a78c075c4a16d,UNRESOLVED_MANUAL_REVIEW,Diagnostic reverse replay retains a symbol not present in the official checkpoint.
2021-11-30,UNEXPECTED_IN_REPLAY,niittech,2013-04-18,4942c0f021abcd6ed9702c343c2696ec44cfa8022c7e37448f8a78c075c4a16d,UNRESOLVED_MANUAL_REVIEW,Diagnostic reverse replay retains a symbol not present in the official checkpoint.
2021-11-30,UNEXPECTED_IN_REPLAY,optocircui,2013-04-18,4942c0f021abcd6ed9702c343c2696ec44cfa8022c7e37448f8a78c075c4a16d,UNRESOLVED_MANUAL_REVIEW,Diagnostic reverse replay retains a symbol not present in the official checkpoint.
2021-11-30,UNEXPECTED_IN_REPLAY,orissamine,2013-04-18,4942c0f021abcd6ed9702c343c2696ec44cfa8022c7e37448f8a78c075c4a16d,UNRESOLVED_MANUAL_REVIEW,Diagnostic reverse replay retains a symbol not present in the official checkpoint.
2021-11-30,UNEXPECTED_IN_REPLAY,pnbhousing,2013-04-18,4942c0f021abcd6ed9702c343c2696ec44cfa8022c7e37448f8a78c075c4a16d,UNRESOLVED_MANUAL_REVIEW,Diagnostic reverse replay retains a symbol not present in the official checkpoint.
2021-11-30,UNEXPECTED_IN_REPLAY,punjlloyd,2013-04-18,4942c0f021abcd6ed9702c343c2696ec44cfa8022c7e37448f8a78c075c4a16d,UNRESOLVED_MANUAL_REVIEW,Diagnostic reverse replay retains a symbol not present in the official checkpoint.
2021-11-30,UNEXPECTED_IN_REPLAY,quess,2013-04-18,4942c0f021abcd6ed9702c343c2696ec44cfa8022c7e37448f8a78c075c4a16d,UNRESOLVED_MANUAL_REVIEW,Diagnostic reverse replay retains a symbol not present in the official checkpoint.
2021-11-30,UNEXPECTED_IN_REPLAY,rnam,2013-04-18,4942c0f021abcd6ed9702c343c2696ec44cfa8022c7e37448f8a78c075c4a16d,UNRESOLVED_MANUAL_REVIEW,Diagnostic reverse replay retains a symbol not present in the official checkpoint.
2021-11-30,UNEXPECTED_IN_REPLAY,sesagoa,2013-04-18,4942c0f021abcd6ed9702c343c2696ec44cfa8022c7e37448f8a78c075c4a16d,UNRESOLVED_MANUAL_REVIEW,Diagnostic reverse replay retains a symbol not present in the official checkpoint.
2021-11-30,UNEXPECTED_IN_REPLAY,shriramcit,2013-04-18,4942c0f021abcd6ed9702c343c2696ec44cfa8022c7e37448f8a78c075c4a16d,UNRESOLVED_MANUAL_REVIEW,Diagnostic reverse replay retains a symbol not present in the official checkpoint.
2021-11-30,UNEXPECTED_IN_REPLAY,sksmicro,2013-04-18,4942c0f021abcd6ed9702c343c2696ec44cfa8022c7e37448f8a78c075c4a16d,UNRESOLVED_MANUAL_REVIEW,Diagnostic reverse replay retains a symbol not present in the official checkpoint.
2021-11-30,UNEXPECTED_IN_REPLAY,tataglobal,2013-04-18,4942c0f021abcd6ed9702c343c2696ec44cfa8022c7e37448f8a78c075c4a16d,UNRESOLVED_MANUAL_REVIEW,Diagnostic reverse replay retains a symbol not present in the official checkpoint.
2021-11-30,UNEXPECTED_IN_REPLAY,uniphos,2013-04-18,4942c0f021abcd6ed9702c343c2696ec44cfa8022c7e37448f8a78c075c4a16d,UNRESOLVED_MANUAL_REVIEW,Diagnostic reverse replay retains a symbol not present in the official checkpoint.
2021-11-30,UNEXPECTED_IN_REPLAY,welcorp,2013-04-18,4942c0f021abcd6ed9702c343c2696ec44cfa8022c7e37448f8a78c075c4a16d,UNRESOLVED_MANUAL_REVIEW,Diagnostic reverse replay retains a symbol not present in the official checkpoint.
2021-12-31,MISSING_FROM_REPLAY,adaniports,2013-04-18,4942c0f021abcd6ed9702c343c2696ec44cfa8022c7e37448f8a78c075c4a16d,UNRESOLVED_MANUAL_REVIEW,No authoritative 2012 anchor or complete certified event chain; symbol is in the official checkpoint but absent from diagnostic replay.
2021-12-31,MISSING_FROM_REPLAY,ajantpharm,2013-04-18,4942c0f021abcd6ed9702c343c2696ec44cfa8022c7e37448f8a78c075c4a16d,UNRESOLVED_MANUAL_REVIEW,No authoritative 2012 anchor or complete certified event chain; symbol is in the official checkpoint but absent from diagnostic replay.
2021-12-31,MISSING_FROM_REPLAY,aplltd,2013-04-18,4942c0f021abcd6ed9702c343c2696ec44cfa8022c7e37448f8a78c075c4a16d,UNRESOLVED_MANUAL_REVIEW,No authoritative 2012 anchor or complete certified event chain; symbol is in the official checkpoint but absent from diagnostic replay.
2021-12-31,MISSING_FROM_REPLAY,apollotyre,2013-04-18,4942c0f021abcd6ed9702c343c2696ec44cfa8022c7e37448f8a78c075c4a16d,UNRESOLVED_MANUAL_REVIEW,No authoritative 2012 anchor or complete certified event chain; symbol is in the official checkpoint but absent from diagnostic replay.
2021-12-31,MISSING_FROM_REPLAY,asianpaint,2013-04-18,4942c0f021abcd6ed9702c343c2696ec44cfa8022c7e37448f8a78c075c4a16d,UNRESOLVED_MANUAL_REVIEW,No authoritative 2012 anchor or complete certified event chain; symbol is in the official checkpoint but absent from diagnostic replay.
2021-12-31,MISSING_FROM_REPLAY,astral,2013-04-18,4942c0f021abcd6ed9702c343c2696ec44cfa8022c7e37448f8a78c075c4a16d,UNRESOLVED_MANUAL_REVIEW,No authoritative 2012 anchor or complete certified event chain; symbol is in the official checkpoint but absent from diagnostic replay.
2021-12-31,MISSING_FROM_REPLAY,atgl,2013-04-18,4942c0f021abcd6ed9702c343c2696ec44cfa8022c7e37448f8a78c075c4a16d,UNRESOLVED_MANUAL_REVIEW,No authoritative 2012 anchor or complete certified event chain; symbol is in the official checkpoint but absent from diagnostic replay.
2021-12-31,MISSING_FROM_REPLAY,auropharma,2013-04-18,4942c0f021abcd6ed9702c343c2696ec44cfa8022c7e37448f8a78c075c4a16d,UNRESOLVED_MANUAL_REVIEW,No authoritative 2012 anchor or complete certified event chain; symbol is in the official checkpoint but absent from diagnostic replay.
2021-12-31,MISSING_FROM_REPLAY,bajfinance,2013-04-18,4942c0f021abcd6ed9702c343c2696ec44cfa8022c7e37448f8a78c075c4a16d,UNRESOLVED_MANUAL_REVIEW,No authoritative 2012 anchor or complete certified event chain; symbol is in the official checkpoint but absent from diagnostic replay.
2021-12-31,MISSING_FROM_REPLAY,balkrisind,2013-04-18,4942c0f021abcd6ed9702c343c2696ec44cfa8022c7e37448f8a78c075c4a16d,UNRESOLVED_MANUAL_REVIEW,No authoritative 2012 anchor or complete certified event chain; symbol is in the official checkpoint but absent from diagnostic replay.
2021-12-31,MISSING_FROM_REPLAY,bergepaint,2013-04-18,4942c0f021abcd6ed9702c343c2696ec44cfa8022c7e37448f8a78c075c4a16d,UNRESOLVED_MANUAL_REVIEW,No authoritative 2012 anchor or complete certified event chain; symbol is in the official checkpoint but absent from diagnostic replay.
2021-12-31,MISSING_FROM_REPLAY,bhel,2013-04-18,4942c0f021abcd6ed9702c343c2696ec44cfa8022c7e37448f8a78c075c4a16d,UNRESOLVED_MANUAL_REVIEW,No authoritative 2012 anchor or complete certified event chain; symbol is in the official checkpoint but absent from diagnostic replay.
2021-12-31,MISSING_FROM_REPLAY,biocon,2013-04-18,4942c0f021abcd6ed9702c343c2696ec44cfa8022c7e37448f8a78c075c4a16d,UNRESOLVED_MANUAL_REVIEW,No authoritative 2012 anchor or complete certified event chain; symbol is in the official checkpoint but absent from diagnostic replay.
2021-12-31,MISSING_FROM_REPLAY,boschltd,2013-04-18,4942c0f021abcd6ed9702c343c2696ec44cfa8022c7e37448f8a78c075c4a16d,UNRESOLVED_MANUAL_REVIEW,No authoritative 2012 anchor or complete certified event chain; symbol is in the official checkpoint but absent from diagnostic replay.
2021-12-31,MISSING_FROM_REPLAY,britannia,2013-04-18,4942c0f021abcd6ed9702c343c2696ec44cfa8022c7e37448f8a78c075c4a16d,UNRESOLVED_MANUAL_REVIEW,No authoritative 2012 anchor or complete certified event chain; symbol is in the official checkpoint but absent from diagnostic replay.
2021-12-31,MISSING_FROM_REPLAY,cadilahc,2013-04-18,4942c0f021abcd6ed9702c343c2696ec44cfa8022c7e37448f8a78c075c4a16d,UNRESOLVED_MANUAL_REVIEW,No authoritative 2012 anchor or complete certified event chain; symbol is in the official checkpoint but absent from diagnostic replay.
2021-12-31,MISSING_FROM_REPLAY,cipla,2013-04-18,4942c0f021abcd6ed9702c343c2696ec44cfa8022c7e37448f8a78c075c4a16d,UNRESOLVED_MANUAL_REVIEW,No authoritative 2012 anchor or complete certified event chain; symbol is in the official checkpoint but absent from diagnostic replay.
2021-12-31,MISSING_FROM_REPLAY,colpal,2013-04-18,4942c0f021abcd6ed9702c343c2696ec44cfa8022c7e37448f8a78c075c4a16d,UNRESOLVED_MANUAL_REVIEW,No authoritative 2012 anchor or complete certified event chain; symbol is in the official checkpoint but absent from diagnostic replay.
2021-12-31,MISSING_FROM_REPLAY,dabur,2013-04-18,4942c0f021abcd6ed9702c343c2696ec44cfa8022c7e37448f8a78c075c4a16d,UNRESOLVED_MANUAL_REVIEW,No authoritative 2012 anchor or complete certified event chain; symbol is in the official checkpoint but absent from diagnostic replay.
2021-12-31,MISSING_FROM_REPLAY,dhani,2013-04-18,4942c0f021abcd6ed9702c343c2696ec44cfa8022c7e37448f8a78c075c4a16d,UNRESOLVED_MANUAL_REVIEW,No authoritative 2012 anchor or complete certified event chain; symbol is in the official checkpoint but absent from diagnostic replay.
2021-12-31,MISSING_FROM_REPLAY,divislab,2013-04-18,4942c0f021abcd6ed9702c343c2696ec44cfa8022c7e37448f8a78c075c4a16d,UNRESOLVED_MANUAL_REVIEW,No authoritative 2012 anchor or complete certified event chain; symbol is in the official checkpoint but absent from diagnostic replay.
2021-12-31,MISSING_FROM_REPLAY,drreddy,2013-04-18,4942c0f021abcd6ed9702c343c2696ec44cfa8022c7e37448f8a78c075c4a16d,UNRESOLVED_MANUAL_REVIEW,No authoritative 2012 anchor or complete certified event chain; symbol is in the official checkpoint but absent from diagnostic replay.
2021-12-31,MISSING_FROM_REPLAY,eichermot,2013-04-18,4942c0f021abcd6ed9702c343c2696ec44cfa8022c7e37448f8a78c075c4a16d,UNRESOLVED_MANUAL_REVIEW,No authoritative 2012 anchor or complete certified event chain; symbol is in the official checkpoint but absent from diagnostic replay.
2021-12-31,MISSING_FROM_REPLAY,exideind,2013-04-18,4942c0f021abcd6ed9702c343c2696ec44cfa8022c7e37448f8a78c075c4a16d,UNRESOLVED_MANUAL_REVIEW,No authoritative 2012 anchor or complete certified event chain; symbol is in the official checkpoint but absent from diagnostic replay.
2021-12-31,MISSING_FROM_REPLAY,godrejcp,2013-04-18,4942c0f021abcd6ed9702c343c2696ec44cfa8022c7e37448f8a78c075c4a16d,UNRESOLVED_MANUAL_REVIEW,No authoritative 2012 anchor or complete certified event chain; symbol is in the official checkpoint but absent from diagnostic replay.
2021-12-31,MISSING_FROM_REPLAY,hal,2013-04-18,4942c0f021abcd6ed9702c343c2696ec44cfa8022c7e37448f8a78c075c4a16d,UNRESOLVED_MANUAL_REVIEW,No authoritative 2012 anchor or complete certified event chain; symbol is in the official checkpoint but absent from diagnostic replay.
2021-12-31,MISSING_FROM_REPLAY,hcltech,2013-04-18,4942c0f021abcd6ed9702c343c2696ec44cfa8022c7e37448f8a78c075c4a16d,UNRESOLVED_MANUAL_REVIEW,No authoritative 2012 anchor or complete certified event chain; symbol is in the official checkpoint but absent from diagnostic replay.
2021-12-31,MISSING_FROM_REPLAY,hindalco,2013-04-18,4942c0f021abcd6ed9702c343c2696ec44cfa8022c7e37448f8a78c075c4a16d,UNRESOLVED_MANUAL_REVIEW,No authoritative 2012 anchor or complete certified event chain; symbol is in the official checkpoint but absent from diagnostic replay.
2021-12-31,MISSING_FROM_REPLAY,hindcopper,2013-04-18,4942c0f021abcd6ed9702c343c2696ec44cfa8022c7e37448f8a78c075c4a16d,UNRESOLVED_MANUAL_REVIEW,No authoritative 2012 anchor or complete certified event chain; symbol is in the official checkpoint but absent from diagnostic replay.
2021-12-31,MISSING_FROM_REPLAY,hindunilvr,2013-04-18,4942c0f021abcd6ed9702c343c2696ec44cfa8022c7e37448f8a78c075c4a16d,UNRESOLVED_MANUAL_REVIEW,No authoritative 2012 anchor or complete certified event chain; symbol is in the official checkpoint but absent from diagnostic replay.
2021-12-31,MISSING_FROM_REPLAY,idfcfirstb,2013-04-18,4942c0f021abcd6ed9702c343c2696ec44cfa8022c7e37448f8a78c075c4a16d,UNRESOLVED_MANUAL_REVIEW,No authoritative 2012 anchor or complete certified event chain; symbol is in the official checkpoint but absent from diagnostic replay.
2021-12-31,MISSING_FROM_REPLAY,igl,2013-04-18,4942c0f021abcd6ed9702c343c2696ec44cfa8022c7e37448f8a78c075c4a16d,UNRESOLVED_MANUAL_REVIEW,No authoritative 2012 anchor or complete certified event chain; symbol is in the official checkpoint but absent from diagnostic replay.
2021-12-31,MISSING_FROM_REPLAY,indianb,2013-04-18,4942c0f021abcd6ed9702c343c2696ec44cfa8022c7e37448f8a78c075c4a16d,UNRESOLVED_MANUAL_REVIEW,No authoritative 2012 anchor or complete certified event chain; symbol is in the official checkpoint but absent from diagnostic replay.
2021-12-31,MISSING_FROM_REPLAY,industower,2013-04-18,4942c0f021abcd6ed9702c343c2696ec44cfa8022c7e37448f8a78c075c4a16d,UNRESOLVED_MANUAL_REVIEW,No authoritative 2012 anchor or complete certified event chain; symbol is in the official checkpoint but absent from diagnostic replay.
2021-12-31,MISSING_FROM_REPLAY,irctc,2013-04-18,4942c0f021abcd6ed9702c343c2696ec44cfa8022c7e37448f8a78c075c4a16d,UNRESOLVED_MANUAL_REVIEW,No authoritative 2012 anchor or complete certified event chain; symbol is in the official checkpoint but absent from diagnostic replay.
2021-12-31,MISSING_FROM_REPLAY,irfc,2013-04-18,4942c0f021abcd6ed9702c343c2696ec44cfa8022c7e37448f8a78c075c4a16d,UNRESOLVED_MANUAL_REVIEW,No authoritative 2012 anchor or complete certified event chain; symbol is in the official checkpoint but absent from diagnostic replay.
2021-12-31,MISSING_FROM_REPLAY,isec,2013-04-18,4942c0f021abcd6ed9702c343c2696ec44cfa8022c7e37448f8a78c075c4a16d,UNRESOLVED_MANUAL_REVIEW,No authoritative 2012 anchor or complete certified event chain; symbol is in the official checkpoint but absent from diagnostic replay.
2021-12-31,MISSING_FROM_REPLAY,jindalstel,2013-04-18,4942c0f021abcd6ed9702c343c2696ec44cfa8022c7e37448f8a78c075c4a16d,UNRESOLVED_MANUAL_REVIEW,No authoritative 2012 anchor or complete certified event chain; symbol is in the official checkpoint but absent from diagnostic replay.
2021-12-31,MISSING_FROM_REPLAY,jswsteel,2013-04-18,4942c0f021abcd6ed9702c343c2696ec44cfa8022c7e37448f8a78c075c4a16d,UNRESOLVED_MANUAL_REVIEW,No authoritative 2012 anchor or complete certified event chain; symbol is in the official checkpoint but absent from diagnostic replay.
2021-12-31,MISSING_FROM_REPLAY,jublfood,2013-04-18,4942c0f021abcd6ed9702c343c2696ec44cfa8022c7e37448f8a78c075c4a16d,UNRESOLVED_MANUAL_REVIEW,No authoritative 2012 anchor or complete certified event chain; symbol is in the official checkpoint but absent from diagnostic replay.
2021-12-31,MISSING_FROM_REPLAY,lupin,2013-04-18,4942c0f021abcd6ed9702c343c2696ec44cfa8022c7e37448f8a78c075c4a16d,UNRESOLVED_MANUAL_REVIEW,No authoritative 2012 anchor or complete certified event chain; symbol is in the official checkpoint but absent from diagnostic replay.
2021-12-31,MISSING_FROM_REPLAY,m&m,2013-04-18,4942c0f021abcd6ed9702c343c2696ec44cfa8022c7e37448f8a78c075c4a16d,UNRESOLVED_MANUAL_REVIEW,No authoritative 2012 anchor or complete certified event chain; symbol is in the official checkpoint but absent from diagnostic replay.
2021-12-31,MISSING_FROM_REPLAY,maruti,2013-04-18,4942c0f021abcd6ed9702c343c2696ec44cfa8022c7e37448f8a78c075c4a16d,UNRESOLVED_MANUAL_REVIEW,No authoritative 2012 anchor or complete certified event chain; symbol is in the official checkpoint but absent from diagnostic replay.
2021-12-31,MISSING_FROM_REPLAY,muthootfin,2013-04-18,4942c0f021abcd6ed9702c343c2696ec44cfa8022c7e37448f8a78c075c4a16d,UNRESOLVED_MANUAL_REVIEW,No authoritative 2012 anchor or complete certified event chain; symbol is in the official checkpoint but absent from diagnostic replay.
2021-12-31,MISSING_FROM_REPLAY,nam-india,2013-04-18,4942c0f021abcd6ed9702c343c2696ec44cfa8022c7e37448f8a78c075c4a16d,UNRESOLVED_MANUAL_REVIEW,No authoritative 2012 anchor or complete certified event chain; symbol is in the official checkpoint but absent from diagnostic replay.
2021-12-31,MISSING_FROM_REPLAY,nationalum,2013-04-18,4942c0f021abcd6ed9702c343c2696ec44cfa8022c7e37448f8a78c075c4a16d,UNRESOLVED_MANUAL_REVIEW,No authoritative 2012 anchor or complete certified event chain; symbol is in the official checkpoint but absent from diagnostic replay.
2021-12-31,MISSING_FROM_REPLAY,naukri,2013-04-18,4942c0f021abcd6ed9702c343c2696ec44cfa8022c7e37448f8a78c075c4a16d,UNRESOLVED_MANUAL_REVIEW,No authoritative 2012 anchor or complete certified event chain; symbol is in the official checkpoint but absent from diagnostic replay.
2021-12-31,MISSING_FROM_REPLAY,navinfluor,2013-04-18,4942c0f021abcd6ed9702c343c2696ec44cfa8022c7e37448f8a78c075c4a16d,UNRESOLVED_MANUAL_REVIEW,No authoritative 2012 anchor or complete certified event chain; symbol is in the official checkpoint but absent from diagnostic replay.
2021-12-31,MISSING_FROM_REPLAY,nestleind,2013-04-18,4942c0f021abcd6ed9702c343c2696ec44cfa8022c7e37448f8a78c075c4a16d,UNRESOLVED_MANUAL_REVIEW,No authoritative 2012 anchor or complete certified event chain; symbol is in the official checkpoint but absent from diagnostic replay.
2021-12-31,MISSING_FROM_REPLAY,nmdc,2013-04-18,4942c0f021abcd6ed9702c343c2696ec44cfa8022c7e37448f8a78c075c4a16d,UNRESOLVED_MANUAL_REVIEW,No authoritative 2012 anchor or complete certified event chain; symbol is in the official checkpoint but absent from diagnostic replay.
2021-12-31,MISSING_FROM_REPLAY,oberoirlty,2013-04-18,4942c0f021abcd6ed9702c343c2696ec44cfa8022c7e37448f8a78c075c4a16d,UNRESOLVED_MANUAL_REVIEW,No authoritative 2012 anchor or complete certified event chain; symbol is in the official checkpoint but absent from diagnostic replay.
2021-12-31,MISSING_FROM_REPLAY,pageind,2013-04-18,4942c0f021abcd6ed9702c343c2696ec44cfa8022c7e37448f8a78c075c4a16d,UNRESOLVED_MANUAL_REVIEW,No authoritative 2012 anchor or complete certified event chain; symbol is in the official checkpoint but absent from diagnostic replay.
2021-12-31,MISSING_FROM_REPLAY,pidilitind,2013-04-18,4942c0f021abcd6ed9702c343c2696ec44cfa8022c7e37448f8a78c075c4a16d,UNRESOLVED_MANUAL_REVIEW,No authoritative 2012 anchor or complete certified event chain; symbol is in the official checkpoint but absent from diagnostic replay.
2021-12-31,MISSING_FROM_REPLAY,reliance,2013-04-18,4942c0f021abcd6ed9702c343c2696ec44cfa8022c7e37448f8a78c075c4a16d,UNRESOLVED_MANUAL_REVIEW,No authoritative 2012 anchor or complete certified event chain; symbol is in the official checkpoint but absent from diagnostic replay.
2021-12-31,MISSING_FROM_REPLAY,sail,2013-04-18,4942c0f021abcd6ed9702c343c2696ec44cfa8022c7e37448f8a78c075c4a16d,UNRESOLVED_MANUAL_REVIEW,No authoritative 2012 anchor or complete certified event chain; symbol is in the official checkpoint but absent from diagnostic replay.
2021-12-31,MISSING_FROM_REPLAY,sanofi,2013-04-18,4942c0f021abcd6ed9702c343c2696ec44cfa8022c7e37448f8a78c075c4a16d,UNRESOLVED_MANUAL_REVIEW,No authoritative 2012 anchor or complete certified event chain; symbol is in the official checkpoint but absent from diagnostic replay.
2021-12-31,MISSING_FROM_REPLAY,shreecem,2013-04-18,4942c0f021abcd6ed9702c343c2696ec44cfa8022c7e37448f8a78c075c4a16d,UNRESOLVED_MANUAL_REVIEW,No authoritative 2012 anchor or complete certified event chain; symbol is in the official checkpoint but absent from diagnostic replay.
2021-12-31,MISSING_FROM_REPLAY,tatacomm,2013-04-18,4942c0f021abcd6ed9702c343c2696ec44cfa8022c7e37448f8a78c075c4a16d,UNRESOLVED_MANUAL_REVIEW,No authoritative 2012 anchor or complete certified event chain; symbol is in the official checkpoint but absent from diagnostic replay.
2021-12-31,MISSING_FROM_REPLAY,tataconsum,2013-04-18,4942c0f021abcd6ed9702c343c2696ec44cfa8022c7e37448f8a78c075c4a16d,UNRESOLVED_MANUAL_REVIEW,No authoritative 2012 anchor or complete certified event chain; symbol is in the official checkpoint but absent from diagnostic replay.
2021-12-31,MISSING_FROM_REPLAY,tatasteel,2013-04-18,4942c0f021abcd6ed9702c343c2696ec44cfa8022c7e37448f8a78c075c4a16d,UNRESOLVED_MANUAL_REVIEW,No authoritative 2012 anchor or complete certified event chain; symbol is in the official checkpoint but absent from diagnostic replay.
2021-12-31,MISSING_FROM_REPLAY,torntpharm,2013-04-18,4942c0f021abcd6ed9702c343c2696ec44cfa8022c7e37448f8a78c075c4a16d,UNRESOLVED_MANUAL_REVIEW,No authoritative 2012 anchor or complete certified event chain; symbol is in the official checkpoint but absent from diagnostic replay.
2021-12-31,MISSING_FROM_REPLAY,upl,2013-04-18,4942c0f021abcd6ed9702c343c2696ec44cfa8022c7e37448f8a78c075c4a16d,UNRESOLVED_MANUAL_REVIEW,No authoritative 2012 anchor or complete certified event chain; symbol is in the official checkpoint but absent from diagnostic replay.
2021-12-31,MISSING_FROM_REPLAY,voltas,2013-04-18,4942c0f021abcd6ed9702c343c2696ec44cfa8022c7e37448f8a78c075c4a16d,UNRESOLVED_MANUAL_REVIEW,No authoritative 2012 anchor or complete certified event chain; symbol is in the official checkpoint but absent from diagnostic replay.
2021-12-31,MISSING_FROM_REPLAY,yesbank,2013-04-18,4942c0f021abcd6ed9702c343c2696ec44cfa8022c7e37448f8a78c075c4a16d,UNRESOLVED_MANUAL_REVIEW,No authoritative 2012 anchor or complete certified event chain; symbol is in the official checkpoint but absent from diagnostic replay.
2021-12-31,UNEXPECTED_IN_REPLAY,abbotindia,2013-04-18,4942c0f021abcd6ed9702c343c2696ec44cfa8022c7e37448f8a78c075c4a16d,UNRESOLVED_MANUAL_REVIEW,Diagnostic reverse replay retains a symbol not present in the official checkpoint.
2021-12-31,UNEXPECTED_IN_REPLAY,adanigas,2013-04-18,4942c0f021abcd6ed9702c343c2696ec44cfa8022c7e37448f8a78c075c4a16d,UNRESOLVED_MANUAL_REVIEW,Diagnostic reverse replay retains a symbol not present in the official checkpoint.
2021-12-31,UNEXPECTED_IN_REPLAY,adanipower,2013-04-18,4942c0f021abcd6ed9702c343c2696ec44cfa8022c7e37448f8a78c075c4a16d,UNRESOLVED_MANUAL_REVIEW,Diagnostic reverse replay retains a symbol not present in the official checkpoint.
2021-12-31,UNEXPECTED_IN_REPLAY,bbtc,2013-04-18,4942c0f021abcd6ed9702c343c2696ec44cfa8022c7e37448f8a78c075c4a16d,UNRESOLVED_MANUAL_REVIEW,Diagnostic reverse replay retains a symbol not present in the official checkpoint.
2021-12-31,UNEXPECTED_IN_REPLAY,cesc,2013-04-18,4942c0f021abcd6ed9702c343c2696ec44cfa8022c7e37448f8a78c075c4a16d,UNRESOLVED_MANUAL_REVIEW,Diagnostic reverse replay retains a symbol not present in the official checkpoint.
2021-12-31,UNEXPECTED_IN_REPLAY,chamblfert,2013-04-18,4942c0f021abcd6ed9702c343c2696ec44cfa8022c7e37448f8a78c075c4a16d,UNRESOLVED_MANUAL_REVIEW,Diagnostic reverse replay retains a symbol not present in the official checkpoint.
2021-12-31,UNEXPECTED_IN_REPLAY,coreedutec,2013-04-18,4942c0f021abcd6ed9702c343c2696ec44cfa8022c7e37448f8a78c075c4a16d,UNRESOLVED_MANUAL_REVIEW,Diagnostic reverse replay retains a symbol not present in the official checkpoint.
2021-12-31,UNEXPECTED_IN_REPLAY,denabank,2013-04-18,4942c0f021abcd6ed9702c343c2696ec44cfa8022c7e37448f8a78c075c4a16d,UNRESOLVED_MANUAL_REVIEW,Diagnostic reverse replay retains a symbol not present in the official checkpoint.
2021-12-31,UNEXPECTED_IN_REPLAY,finantech,2013-04-18,4942c0f021abcd6ed9702c343c2696ec44cfa8022c7e37448f8a78c075c4a16d,UNRESOLVED_MANUAL_REVIEW,Diagnostic reverse replay retains a symbol not present in the official checkpoint.
2021-12-31,UNEXPECTED_IN_REPLAY,gitanjali,2013-04-18,4942c0f021abcd6ed9702c343c2696ec44cfa8022c7e37448f8a78c075c4a16d,UNRESOLVED_MANUAL_REVIEW,Diagnostic reverse replay retains a symbol not present in the official checkpoint.
2021-12-31,UNEXPECTED_IN_REPLAY,gmdcltd,2013-04-18,4942c0f021abcd6ed9702c343c2696ec44cfa8022c7e37448f8a78c075c4a16d,UNRESOLVED_MANUAL_REVIEW,Diagnostic reverse replay retains a symbol not present in the official checkpoint.
2021-12-31,UNEXPECTED_IN_REPLAY,godrejagro,2013-04-18,4942c0f021abcd6ed9702c343c2696ec44cfa8022c7e37448f8a78c075c4a16d,UNRESOLVED_MANUAL_REVIEW,Diagnostic reverse replay retains a symbol not present in the official checkpoint.
2021-12-31,UNEXPECTED_IN_REPLAY,gujratgas,2013-04-18,4942c0f021abcd6ed9702c343c2696ec44cfa8022c7e37448f8a78c075c4a16d,UNRESOLVED_MANUAL_REVIEW,Diagnostic reverse replay retains a symbol not present in the official checkpoint.
2021-12-31,UNEXPECTED_IN_REPLAY,gvkpil,2013-04-18,4942c0f021abcd6ed9702c343c2696ec44cfa8022c7e37448f8a78c075c4a16d,UNRESOLVED_MANUAL_REVIEW,Diagnostic reverse replay retains a symbol not present in the official checkpoint.
2021-12-31,UNEXPECTED_IN_REPLAY,hathway,2013-04-18,4942c0f021abcd6ed9702c343c2696ec44cfa8022c7e37448f8a78c075c4a16d,UNRESOLVED_MANUAL_REVIEW,Diagnostic reverse replay retains a symbol not present in the official checkpoint.
2021-12-31,UNEXPECTED_IN_REPLAY,hexaware,2013-04-18,4942c0f021abcd6ed9702c343c2696ec44cfa8022c7e37448f8a78c075c4a16d,UNRESOLVED_MANUAL_REVIEW,Diagnostic reverse replay retains a symbol not present in the official checkpoint.
2021-12-31,UNEXPECTED_IN_REPLAY,ibventures,2013-04-18,4942c0f021abcd6ed9702c343c2696ec44cfa8022c7e37448f8a78c075c4a16d,UNRESOLVED_MANUAL_REVIEW,Diagnostic reverse replay retains a symbol not present in the official checkpoint.
2021-12-31,UNEXPECTED_IN_REPLAY,idbi,2013-04-18,4942c0f021abcd6ed9702c343c2696ec44cfa8022c7e37448f8a78c075c4a16d,UNRESOLVED_MANUAL_REVIEW,Diagnostic reverse replay retains a symbol not present in the official checkpoint.
2021-12-31,UNEXPECTED_IN_REPLAY,idfcbank,2013-04-18,4942c0f021abcd6ed9702c343c2696ec44cfa8022c7e37448f8a78c075c4a16d,UNRESOLVED_MANUAL_REVIEW,Diagnostic reverse replay retains a symbol not present in the official checkpoint.
2021-12-31,UNEXPECTED_IN_REPLAY,indiainfo,2013-04-18,4942c0f021abcd6ed9702c343c2696ec44cfa8022c7e37448f8a78c075c4a16d,UNRESOLVED_MANUAL_REVIEW,Diagnostic reverse replay retains a symbol not present in the official checkpoint.
2021-12-31,UNEXPECTED_IN_REPLAY,ivrclinfra,2013-04-18,4942c0f021abcd6ed9702c343c2696ec44cfa8022c7e37448f8a78c075c4a16d,UNRESOLVED_MANUAL_REVIEW,Diagnostic reverse replay retains a symbol not present in the official checkpoint.
2021-12-31,UNEXPECTED_IN_REPLAY,jindalsaw,2013-04-18,4942c0f021abcd6ed9702c343c2696ec44cfa8022c7e37448f8a78c075c4a16d,UNRESOLVED_MANUAL_REVIEW,Diagnostic reverse replay retains a symbol not present in the official checkpoint.
2021-12-31,UNEXPECTED_IN_REPLAY,jubilant,2013-04-18,4942c0f021abcd6ed9702c343c2696ec44cfa8022c7e37448f8a78c075c4a16d,UNRESOLVED_MANUAL_REVIEW,Diagnostic reverse replay retains a symbol not present in the official checkpoint.
2021-12-31,UNEXPECTED_IN_REPLAY,litl,2013-04-18,4942c0f021abcd6ed9702c343c2696ec44cfa8022c7e37448f8a78c075c4a16d,UNRESOLVED_MANUAL_REVIEW,Diagnostic reverse replay retains a symbol not present in the official checkpoint.
2021-12-31,UNEXPECTED_IN_REPLAY,madrascem,2013-04-18,4942c0f021abcd6ed9702c343c2696ec44cfa8022c7e37448f8a78c075c4a16d,UNRESOLVED_MANUAL_REVIEW,Diagnostic reverse replay retains a symbol not present in the official checkpoint.
2021-12-31,UNEXPECTED_IN_REPLAY,mrpl,2013-04-18,4942c0f021abcd6ed9702c343c2696ec44cfa8022c7e37448f8a78c075c4a16d,UNRESOLVED_MANUAL_REVIEW,Diagnostic reverse replay retains a symbol not present in the official checkpoint.
2021-12-31,UNEXPECTED_IN_REPLAY,nhpc,2013-04-18,4942c0f021abcd6ed9702c343c2696ec44cfa8022c7e37448f8a78c075c4a16d,UNRESOLVED_MANUAL_REVIEW,Diagnostic reverse replay retains a symbol not present in the official checkpoint.
2021-12-31,UNEXPECTED_IN_REPLAY,niittech,2013-04-18,4942c0f021abcd6ed9702c343c2696ec44cfa8022c7e37448f8a78c075c4a16d,UNRESOLVED_MANUAL_REVIEW,Diagnostic reverse replay retains a symbol not present in the official checkpoint.
2021-12-31,UNEXPECTED_IN_REPLAY,optocircui,2013-04-18,4942c0f021abcd6ed9702c343c2696ec44cfa8022c7e37448f8a78c075c4a16d,UNRESOLVED_MANUAL_REVIEW,Diagnostic reverse replay retains a symbol not present in the official checkpoint.
2021-12-31,UNEXPECTED_IN_REPLAY,orissamine,2013-04-18,4942c0f021abcd6ed9702c343c2696ec44cfa8022c7e37448f8a78c075c4a16d,UNRESOLVED_MANUAL_REVIEW,Diagnostic reverse replay retains a symbol not present in the official checkpoint.
2021-12-31,UNEXPECTED_IN_REPLAY,pnbhousing,2013-04-18,4942c0f021abcd6ed9702c343c2696ec44cfa8022c7e37448f8a78c075c4a16d,UNRESOLVED_MANUAL_REVIEW,Diagnostic reverse replay retains a symbol not present in the official checkpoint.
2021-12-31,UNEXPECTED_IN_REPLAY,punjlloyd,2013-04-18,4942c0f021abcd6ed9702c343c2696ec44cfa8022c7e37448f8a78c075c4a16d,UNRESOLVED_MANUAL_REVIEW,Diagnostic reverse replay retains a symbol not present in the official checkpoint.
2021-12-31,UNEXPECTED_IN_REPLAY,quess,2013-04-18,4942c0f021abcd6ed9702c343c2696ec44cfa8022c7e37448f8a78c075c4a16d,UNRESOLVED_MANUAL_REVIEW,Diagnostic reverse replay retains a symbol not present in the official checkpoint.
2021-12-31,UNEXPECTED_IN_REPLAY,rnam,2013-04-18,4942c0f021abcd6ed9702c343c2696ec44cfa8022c7e37448f8a78c075c4a16d,UNRESOLVED_MANUAL_REVIEW,Diagnostic reverse replay retains a symbol not present in the official checkpoint.
2021-12-31,UNEXPECTED_IN_REPLAY,sesagoa,2013-04-18,4942c0f021abcd6ed9702c343c2696ec44cfa8022c7e37448f8a78c075c4a16d,UNRESOLVED_MANUAL_REVIEW,Diagnostic reverse replay retains a symbol not present in the official checkpoint.
2021-12-31,UNEXPECTED_IN_REPLAY,shriramcit,2013-04-18,4942c0f021abcd6ed9702c343c2696ec44cfa8022c7e37448f8a78c075c4a16d,UNRESOLVED_MANUAL_REVIEW,Diagnostic reverse replay retains a symbol not present in the official checkpoint.
2021-12-31,UNEXPECTED_IN_REPLAY,sksmicro,2013-04-18,4942c0f021abcd6ed9702c343c2696ec44cfa8022c7e37448f8a78c075c4a16d,UNRESOLVED_MANUAL_REVIEW,Diagnostic reverse replay retains a symbol not present in the official checkpoint.
2021-12-31,UNEXPECTED_IN_REPLAY,tataglobal,2013-04-18,4942c0f021abcd6ed9702c343c2696ec44cfa8022c7e37448f8a78c075c4a16d,UNRESOLVED_MANUAL_REVIEW,Diagnostic reverse replay retains a symbol not present in the official checkpoint.
2021-12-31,UNEXPECTED_IN_REPLAY,uniphos,2013-04-18,4942c0f021abcd6ed9702c343c2696ec44cfa8022c7e37448f8a78c075c4a16d,UNRESOLVED_MANUAL_REVIEW,Diagnostic reverse replay retains a symbol not present in the official checkpoint.
2021-12-31,UNEXPECTED_IN_REPLAY,welcorp,2013-04-18,4942c0f021abcd6ed9702c343c2696ec44cfa8022c7e37448f8a78c075c4a16d,UNRESOLVED_MANUAL_REVIEW,Diagnostic reverse replay retains a symbol not present in the official checkpoint.
2022-01-31,MISSING_FROM_REPLAY,adaniports,2013-04-18,4942c0f021abcd6ed9702c343c2696ec44cfa8022c7e37448f8a78c075c4a16d,UNRESOLVED_MANUAL_REVIEW,No authoritative 2012 anchor or complete certified event chain; symbol is in the official checkpoint but absent from diagnostic replay.
2022-01-31,MISSING_FROM_REPLAY,ajantpharm,2013-04-18,4942c0f021abcd6ed9702c343c2696ec44cfa8022c7e37448f8a78c075c4a16d,UNRESOLVED_MANUAL_REVIEW,No authoritative 2012 anchor or complete certified event chain; symbol is in the official checkpoint but absent from diagnostic replay.
2022-01-31,MISSING_FROM_REPLAY,aplltd,2013-04-18,4942c0f021abcd6ed9702c343c2696ec44cfa8022c7e37448f8a78c075c4a16d,UNRESOLVED_MANUAL_REVIEW,No authoritative 2012 anchor or complete certified event chain; symbol is in the official checkpoint but absent from diagnostic replay.
2022-01-31,MISSING_FROM_REPLAY,apollotyre,2013-04-18,4942c0f021abcd6ed9702c343c2696ec44cfa8022c7e37448f8a78c075c4a16d,UNRESOLVED_MANUAL_REVIEW,No authoritative 2012 anchor or complete certified event chain; symbol is in the official checkpoint but absent from diagnostic replay.
2022-01-31,MISSING_FROM_REPLAY,asianpaint,2013-04-18,4942c0f021abcd6ed9702c343c2696ec44cfa8022c7e37448f8a78c075c4a16d,UNRESOLVED_MANUAL_REVIEW,No authoritative 2012 anchor or complete certified event chain; symbol is in the official checkpoint but absent from diagnostic replay.
2022-01-31,MISSING_FROM_REPLAY,astral,2013-04-18,4942c0f021abcd6ed9702c343c2696ec44cfa8022c7e37448f8a78c075c4a16d,UNRESOLVED_MANUAL_REVIEW,No authoritative 2012 anchor or complete certified event chain; symbol is in the official checkpoint but absent from diagnostic replay.
2022-01-31,MISSING_FROM_REPLAY,atgl,2013-04-18,4942c0f021abcd6ed9702c343c2696ec44cfa8022c7e37448f8a78c075c4a16d,UNRESOLVED_MANUAL_REVIEW,No authoritative 2012 anchor or complete certified event chain; symbol is in the official checkpoint but absent from diagnostic replay.
2022-01-31,MISSING_FROM_REPLAY,auropharma,2013-04-18,4942c0f021abcd6ed9702c343c2696ec44cfa8022c7e37448f8a78c075c4a16d,UNRESOLVED_MANUAL_REVIEW,No authoritative 2012 anchor or complete certified event chain; symbol is in the official checkpoint but absent from diagnostic replay.
2022-01-31,MISSING_FROM_REPLAY,bajfinance,2013-04-18,4942c0f021abcd6ed9702c343c2696ec44cfa8022c7e37448f8a78c075c4a16d,UNRESOLVED_MANUAL_REVIEW,No authoritative 2012 anchor or complete certified event chain; symbol is in the official checkpoint but absent from diagnostic replay.
2022-01-31,MISSING_FROM_REPLAY,balkrisind,2013-04-18,4942c0f021abcd6ed9702c343c2696ec44cfa8022c7e37448f8a78c075c4a16d,UNRESOLVED_MANUAL_REVIEW,No authoritative 2012 anchor or complete certified event chain; symbol is in the official checkpoint but absent from diagnostic replay.
2022-01-31,MISSING_FROM_REPLAY,bergepaint,2013-04-18,4942c0f021abcd6ed9702c343c2696ec44cfa8022c7e37448f8a78c075c4a16d,UNRESOLVED_MANUAL_REVIEW,No authoritative 2012 anchor or complete certified event chain; symbol is in the official checkpoint but absent from diagnostic replay.
2022-01-31,MISSING_FROM_REPLAY,bhel,2013-04-18,4942c0f021abcd6ed9702c343c2696ec44cfa8022c7e37448f8a78c075c4a16d,UNRESOLVED_MANUAL_REVIEW,No authoritative 2012 anchor or complete certified event chain; symbol is in the official checkpoint but absent from diagnostic replay.
2022-01-31,MISSING_FROM_REPLAY,biocon,2013-04-18,4942c0f021abcd6ed9702c343c2696ec44cfa8022c7e37448f8a78c075c4a16d,UNRESOLVED_MANUAL_REVIEW,No authoritative 2012 anchor or complete certified event chain; symbol is in the official checkpoint but absent from diagnostic replay.
2022-01-31,MISSING_FROM_REPLAY,boschltd,2013-04-18,4942c0f021abcd6ed9702c343c2696ec44cfa8022c7e37448f8a78c075c4a16d,UNRESOLVED_MANUAL_REVIEW,No authoritative 2012 anchor or complete certified event chain; symbol is in the official checkpoint but absent from diagnostic replay.
2022-01-31,MISSING_FROM_REPLAY,britannia,2013-04-18,4942c0f021abcd6ed9702c343c2696ec44cfa8022c7e37448f8a78c075c4a16d,UNRESOLVED_MANUAL_REVIEW,No authoritative 2012 anchor or complete certified event chain; symbol is in the official checkpoint but absent from diagnostic replay.
2022-01-31,MISSING_FROM_REPLAY,cadilahc,2013-04-18,4942c0f021abcd6ed9702c343c2696ec44cfa8022c7e37448f8a78c075c4a16d,UNRESOLVED_MANUAL_REVIEW,No authoritative 2012 anchor or complete certified event chain; symbol is in the official checkpoint but absent from diagnostic replay.
2022-01-31,MISSING_FROM_REPLAY,cipla,2013-04-18,4942c0f021abcd6ed9702c343c2696ec44cfa8022c7e37448f8a78c075c4a16d,UNRESOLVED_MANUAL_REVIEW,No authoritative 2012 anchor or complete certified event chain; symbol is in the official checkpoint but absent from diagnostic replay.
2022-01-31,MISSING_FROM_REPLAY,colpal,2013-04-18,4942c0f021abcd6ed9702c343c2696ec44cfa8022c7e37448f8a78c075c4a16d,UNRESOLVED_MANUAL_REVIEW,No authoritative 2012 anchor or complete certified event chain; symbol is in the official checkpoint but absent from diagnostic replay.
2022-01-31,MISSING_FROM_REPLAY,dabur,2013-04-18,4942c0f021abcd6ed9702c343c2696ec44cfa8022c7e37448f8a78c075c4a16d,UNRESOLVED_MANUAL_REVIEW,No authoritative 2012 anchor or complete certified event chain; symbol is in the official checkpoint but absent from diagnostic replay.
2022-01-31,MISSING_FROM_REPLAY,dhani,2013-04-18,4942c0f021abcd6ed9702c343c2696ec44cfa8022c7e37448f8a78c075c4a16d,UNRESOLVED_MANUAL_REVIEW,No authoritative 2012 anchor or complete certified event chain; symbol is in the official checkpoint but absent from diagnostic replay.
2022-01-31,MISSING_FROM_REPLAY,divislab,2013-04-18,4942c0f021abcd6ed9702c343c2696ec44cfa8022c7e37448f8a78c075c4a16d,UNRESOLVED_MANUAL_REVIEW,No authoritative 2012 anchor or complete certified event chain; symbol is in the official checkpoint but absent from diagnostic replay.
2022-01-31,MISSING_FROM_REPLAY,drreddy,2013-04-18,4942c0f021abcd6ed9702c343c2696ec44cfa8022c7e37448f8a78c075c4a16d,UNRESOLVED_MANUAL_REVIEW,No authoritative 2012 anchor or complete certified event chain; symbol is in the official checkpoint but absent from diagnostic replay.
2022-01-31,MISSING_FROM_REPLAY,eichermot,2013-04-18,4942c0f021abcd6ed9702c343c2696ec44cfa8022c7e37448f8a78c075c4a16d,UNRESOLVED_MANUAL_REVIEW,No authoritative 2012 anchor or complete certified event chain; symbol is in the official checkpoint but absent from diagnostic replay.
2022-01-31,MISSING_FROM_REPLAY,exideind,2013-04-18,4942c0f021abcd6ed9702c343c2696ec44cfa8022c7e37448f8a78c075c4a16d,UNRESOLVED_MANUAL_REVIEW,No authoritative 2012 anchor or complete certified event chain; symbol is in the official checkpoint but absent from diagnostic replay.
2022-01-31,MISSING_FROM_REPLAY,godrejcp,2013-04-18,4942c0f021abcd6ed9702c343c2696ec44cfa8022c7e37448f8a78c075c4a16d,UNRESOLVED_MANUAL_REVIEW,No authoritative 2012 anchor or complete certified event chain; symbol is in the official checkpoint but absent from diagnostic replay.
2022-01-31,MISSING_FROM_REPLAY,hal,2013-04-18,4942c0f021abcd6ed9702c343c2696ec44cfa8022c7e37448f8a78c075c4a16d,UNRESOLVED_MANUAL_REVIEW,No authoritative 2012 anchor or complete certified event chain; symbol is in the official checkpoint but absent from diagnostic replay.
2022-01-31,MISSING_FROM_REPLAY,hcltech,2013-04-18,4942c0f021abcd6ed9702c343c2696ec44cfa8022c7e37448f8a78c075c4a16d,UNRESOLVED_MANUAL_REVIEW,No authoritative 2012 anchor or complete certified event chain; symbol is in the official checkpoint but absent from diagnostic replay.
2022-01-31,MISSING_FROM_REPLAY,hindalco,2013-04-18,4942c0f021abcd6ed9702c343c2696ec44cfa8022c7e37448f8a78c075c4a16d,UNRESOLVED_MANUAL_REVIEW,No authoritative 2012 anchor or complete certified event chain; symbol is in the official checkpoint but absent from diagnostic replay.
2022-01-31,MISSING_FROM_REPLAY,hindcopper,2013-04-18,4942c0f021abcd6ed9702c343c2696ec44cfa8022c7e37448f8a78c075c4a16d,UNRESOLVED_MANUAL_REVIEW,No authoritative 2012 anchor or complete certified event chain; symbol is in the official checkpoint but absent from diagnostic replay.
2022-01-31,MISSING_FROM_REPLAY,hindunilvr,2013-04-18,4942c0f021abcd6ed9702c343c2696ec44cfa8022c7e37448f8a78c075c4a16d,UNRESOLVED_MANUAL_REVIEW,No authoritative 2012 anchor or complete certified event chain; symbol is in the official checkpoint but absent from diagnostic replay.
2022-01-31,MISSING_FROM_REPLAY,idfcfirstb,2013-04-18,4942c0f021abcd6ed9702c343c2696ec44cfa8022c7e37448f8a78c075c4a16d,UNRESOLVED_MANUAL_REVIEW,No authoritative 2012 anchor or complete certified event chain; symbol is in the official checkpoint but absent from diagnostic replay.
2022-01-31,MISSING_FROM_REPLAY,igl,2013-04-18,4942c0f021abcd6ed9702c343c2696ec44cfa8022c7e37448f8a78c075c4a16d,UNRESOLVED_MANUAL_REVIEW,No authoritative 2012 anchor or complete certified event chain; symbol is in the official checkpoint but absent from diagnostic replay.
2022-01-31,MISSING_FROM_REPLAY,indianb,2013-04-18,4942c0f021abcd6ed9702c343c2696ec44cfa8022c7e37448f8a78c075c4a16d,UNRESOLVED_MANUAL_REVIEW,No authoritative 2012 anchor or complete certified event chain; symbol is in the official checkpoint but absent from diagnostic replay.
2022-01-31,MISSING_FROM_REPLAY,industower,2013-04-18,4942c0f021abcd6ed9702c343c2696ec44cfa8022c7e37448f8a78c075c4a16d,UNRESOLVED_MANUAL_REVIEW,No authoritative 2012 anchor or complete certified event chain; symbol is in the official checkpoint but absent from diagnostic replay.
2022-01-31,MISSING_FROM_REPLAY,irctc,2013-04-18,4942c0f021abcd6ed9702c343c2696ec44cfa8022c7e37448f8a78c075c4a16d,UNRESOLVED_MANUAL_REVIEW,No authoritative 2012 anchor or complete certified event chain; symbol is in the official checkpoint but absent from diagnostic replay.
2022-01-31,MISSING_FROM_REPLAY,irfc,2013-04-18,4942c0f021abcd6ed9702c343c2696ec44cfa8022c7e37448f8a78c075c4a16d,UNRESOLVED_MANUAL_REVIEW,No authoritative 2012 anchor or complete certified event chain; symbol is in the official checkpoint but absent from diagnostic replay.
2022-01-31,MISSING_FROM_REPLAY,isec,2013-04-18,4942c0f021abcd6ed9702c343c2696ec44cfa8022c7e37448f8a78c075c4a16d,UNRESOLVED_MANUAL_REVIEW,No authoritative 2012 anchor or complete certified event chain; symbol is in the official checkpoint but absent from diagnostic replay.
2022-01-31,MISSING_FROM_REPLAY,jindalstel,2013-04-18,4942c0f021abcd6ed9702c343c2696ec44cfa8022c7e37448f8a78c075c4a16d,UNRESOLVED_MANUAL_REVIEW,No authoritative 2012 anchor or complete certified event chain; symbol is in the official checkpoint but absent from diagnostic replay.
2022-01-31,MISSING_FROM_REPLAY,jswsteel,2013-04-18,4942c0f021abcd6ed9702c343c2696ec44cfa8022c7e37448f8a78c075c4a16d,UNRESOLVED_MANUAL_REVIEW,No authoritative 2012 anchor or complete certified event chain; symbol is in the official checkpoint but absent from diagnostic replay.
2022-01-31,MISSING_FROM_REPLAY,jublfood,2013-04-18,4942c0f021abcd6ed9702c343c2696ec44cfa8022c7e37448f8a78c075c4a16d,UNRESOLVED_MANUAL_REVIEW,No authoritative 2012 anchor or complete certified event chain; symbol is in the official checkpoint but absent from diagnostic replay.
2022-01-31,MISSING_FROM_REPLAY,lupin,2013-04-18,4942c0f021abcd6ed9702c343c2696ec44cfa8022c7e37448f8a78c075c4a16d,UNRESOLVED_MANUAL_REVIEW,No authoritative 2012 anchor or complete certified event chain; symbol is in the official checkpoint but absent from diagnostic replay.
2022-01-31,MISSING_FROM_REPLAY,m&m,2013-04-18,4942c0f021abcd6ed9702c343c2696ec44cfa8022c7e37448f8a78c075c4a16d,UNRESOLVED_MANUAL_REVIEW,No authoritative 2012 anchor or complete certified event chain; symbol is in the official checkpoint but absent from diagnostic replay.
2022-01-31,MISSING_FROM_REPLAY,maruti,2013-04-18,4942c0f021abcd6ed9702c343c2696ec44cfa8022c7e37448f8a78c075c4a16d,UNRESOLVED_MANUAL_REVIEW,No authoritative 2012 anchor or complete certified event chain; symbol is in the official checkpoint but absent from diagnostic replay.
2022-01-31,MISSING_FROM_REPLAY,muthootfin,2013-04-18,4942c0f021abcd6ed9702c343c2696ec44cfa8022c7e37448f8a78c075c4a16d,UNRESOLVED_MANUAL_REVIEW,No authoritative 2012 anchor or complete certified event chain; symbol is in the official checkpoint but absent from diagnostic replay.
2022-01-31,MISSING_FROM_REPLAY,nam-india,2013-04-18,4942c0f021abcd6ed9702c343c2696ec44cfa8022c7e37448f8a78c075c4a16d,UNRESOLVED_MANUAL_REVIEW,No authoritative 2012 anchor or complete certified event chain; symbol is in the official checkpoint but absent from diagnostic replay.
2022-01-31,MISSING_FROM_REPLAY,nationalum,2013-04-18,4942c0f021abcd6ed9702c343c2696ec44cfa8022c7e37448f8a78c075c4a16d,UNRESOLVED_MANUAL_REVIEW,No authoritative 2012 anchor or complete certified event chain; symbol is in the official checkpoint but absent from diagnostic replay.
2022-01-31,MISSING_FROM_REPLAY,naukri,2013-04-18,4942c0f021abcd6ed9702c343c2696ec44cfa8022c7e37448f8a78c075c4a16d,UNRESOLVED_MANUAL_REVIEW,No authoritative 2012 anchor or complete certified event chain; symbol is in the official checkpoint but absent from diagnostic replay.
2022-01-31,MISSING_FROM_REPLAY,navinfluor,2013-04-18,4942c0f021abcd6ed9702c343c2696ec44cfa8022c7e37448f8a78c075c4a16d,UNRESOLVED_MANUAL_REVIEW,No authoritative 2012 anchor or complete certified event chain; symbol is in the official checkpoint but absent from diagnostic replay.
2022-01-31,MISSING_FROM_REPLAY,nestleind,2013-04-18,4942c0f021abcd6ed9702c343c2696ec44cfa8022c7e37448f8a78c075c4a16d,UNRESOLVED_MANUAL_REVIEW,No authoritative 2012 anchor or complete certified event chain; symbol is in the official checkpoint but absent from diagnostic replay.
2022-01-31,MISSING_FROM_REPLAY,nmdc,2013-04-18,4942c0f021abcd6ed9702c343c2696ec44cfa8022c7e37448f8a78c075c4a16d,UNRESOLVED_MANUAL_REVIEW,No authoritative 2012 anchor or complete certified event chain; symbol is in the official checkpoint but absent from diagnostic replay.
2022-01-31,MISSING_FROM_REPLAY,oberoirlty,2013-04-18,4942c0f021abcd6ed9702c343c2696ec44cfa8022c7e37448f8a78c075c4a16d,UNRESOLVED_MANUAL_REVIEW,No authoritative 2012 anchor or complete certified event chain; symbol is in the official checkpoint but absent from diagnostic replay.
2022-01-31,MISSING_FROM_REPLAY,pageind,2013-04-18,4942c0f021abcd6ed9702c343c2696ec44cfa8022c7e37448f8a78c075c4a16d,UNRESOLVED_MANUAL_REVIEW,No authoritative 2012 anchor or complete certified event chain; symbol is in the official checkpoint but absent from diagnostic replay.
2022-01-31,MISSING_FROM_REPLAY,pidilitind,2013-04-18,4942c0f021abcd6ed9702c343c2696ec44cfa8022c7e37448f8a78c075c4a16d,UNRESOLVED_MANUAL_REVIEW,No authoritative 2012 anchor or complete certified event chain; symbol is in the official checkpoint but absent from diagnostic replay.
2022-01-31,MISSING_FROM_REPLAY,reliance,2013-04-18,4942c0f021abcd6ed9702c343c2696ec44cfa8022c7e37448f8a78c075c4a16d,UNRESOLVED_MANUAL_REVIEW,No authoritative 2012 anchor or complete certified event chain; symbol is in the official checkpoint but absent from diagnostic replay.
2022-01-31,MISSING_FROM_REPLAY,sail,2013-04-18,4942c0f021abcd6ed9702c343c2696ec44cfa8022c7e37448f8a78c075c4a16d,UNRESOLVED_MANUAL_REVIEW,No authoritative 2012 anchor or complete certified event chain; symbol is in the official checkpoint but absent from diagnostic replay.
2022-01-31,MISSING_FROM_REPLAY,sanofi,2013-04-18,4942c0f021abcd6ed9702c343c2696ec44cfa8022c7e37448f8a78c075c4a16d,UNRESOLVED_MANUAL_REVIEW,No authoritative 2012 anchor or complete certified event chain; symbol is in the official checkpoint but absent from diagnostic replay.
2022-01-31,MISSING_FROM_REPLAY,shreecem,2013-04-18,4942c0f021abcd6ed9702c343c2696ec44cfa8022c7e37448f8a78c075c4a16d,UNRESOLVED_MANUAL_REVIEW,No authoritative 2012 anchor or complete certified event chain; symbol is in the official checkpoint but absent from diagnostic replay.
2022-01-31,MISSING_FROM_REPLAY,tatacomm,2013-04-18,4942c0f021abcd6ed9702c343c2696ec44cfa8022c7e37448f8a78c075c4a16d,UNRESOLVED_MANUAL_REVIEW,No authoritative 2012 anchor or complete certified event chain; symbol is in the official checkpoint but absent from diagnostic replay.
2022-01-31,MISSING_FROM_REPLAY,tataconsum,2013-04-18,4942c0f021abcd6ed9702c343c2696ec44cfa8022c7e37448f8a78c075c4a16d,UNRESOLVED_MANUAL_REVIEW,No authoritative 2012 anchor or complete certified event chain; symbol is in the official checkpoint but absent from diagnostic replay.
2022-01-31,MISSING_FROM_REPLAY,tatasteel,2013-04-18,4942c0f021abcd6ed9702c343c2696ec44cfa8022c7e37448f8a78c075c4a16d,UNRESOLVED_MANUAL_REVIEW,No authoritative 2012 anchor or complete certified event chain; symbol is in the official checkpoint but absent from diagnostic replay.
2022-01-31,MISSING_FROM_REPLAY,torntpharm,2013-04-18,4942c0f021abcd6ed9702c343c2696ec44cfa8022c7e37448f8a78c075c4a16d,UNRESOLVED_MANUAL_REVIEW,No authoritative 2012 anchor or complete certified event chain; symbol is in the official checkpoint but absent from diagnostic replay.
2022-01-31,MISSING_FROM_REPLAY,upl,2013-04-18,4942c0f021abcd6ed9702c343c2696ec44cfa8022c7e37448f8a78c075c4a16d,UNRESOLVED_MANUAL_REVIEW,No authoritative 2012 anchor or complete certified event chain; symbol is in the official checkpoint but absent from diagnostic replay.
2022-01-31,MISSING_FROM_REPLAY,voltas,2013-04-18,4942c0f021abcd6ed9702c343c2696ec44cfa8022c7e37448f8a78c075c4a16d,UNRESOLVED_MANUAL_REVIEW,No authoritative 2012 anchor or complete certified event chain; symbol is in the official checkpoint but absent from diagnostic replay.
2022-01-31,MISSING_FROM_REPLAY,yesbank,2013-04-18,4942c0f021abcd6ed9702c343c2696ec44cfa8022c7e37448f8a78c075c4a16d,UNRESOLVED_MANUAL_REVIEW,No authoritative 2012 anchor or complete certified event chain; symbol is in the official checkpoint but absent from diagnostic replay.
2022-01-31,UNEXPECTED_IN_REPLAY,abbotindia,2013-04-18,4942c0f021abcd6ed9702c343c2696ec44cfa8022c7e37448f8a78c075c4a16d,UNRESOLVED_MANUAL_REVIEW,Diagnostic reverse replay retains a symbol not present in the official checkpoint.
2022-01-31,UNEXPECTED_IN_REPLAY,adanigas,2013-04-18,4942c0f021abcd6ed9702c343c2696ec44cfa8022c7e37448f8a78c075c4a16d,UNRESOLVED_MANUAL_REVIEW,Diagnostic reverse replay retains a symbol not present in the official checkpoint.
2022-01-31,UNEXPECTED_IN_REPLAY,adanipower,2013-04-18,4942c0f021abcd6ed9702c343c2696ec44cfa8022c7e37448f8a78c075c4a16d,UNRESOLVED_MANUAL_REVIEW,Diagnostic reverse replay retains a symbol not present in the official checkpoint.
2022-01-31,UNEXPECTED_IN_REPLAY,bbtc,2013-04-18,4942c0f021abcd6ed9702c343c2696ec44cfa8022c7e37448f8a78c075c4a16d,UNRESOLVED_MANUAL_REVIEW,Diagnostic reverse replay retains a symbol not present in the official checkpoint.
2022-01-31,UNEXPECTED_IN_REPLAY,cesc,2013-04-18,4942c0f021abcd6ed9702c343c2696ec44cfa8022c7e37448f8a78c075c4a16d,UNRESOLVED_MANUAL_REVIEW,Diagnostic reverse replay retains a symbol not present in the official checkpoint.
2022-01-31,UNEXPECTED_IN_REPLAY,chamblfert,2013-04-18,4942c0f021abcd6ed9702c343c2696ec44cfa8022c7e37448f8a78c075c4a16d,UNRESOLVED_MANUAL_REVIEW,Diagnostic reverse replay retains a symbol not present in the official checkpoint.
2022-01-31,UNEXPECTED_IN_REPLAY,coreedutec,2013-04-18,4942c0f021abcd6ed9702c343c2696ec44cfa8022c7e37448f8a78c075c4a16d,UNRESOLVED_MANUAL_REVIEW,Diagnostic reverse replay retains a symbol not present in the official checkpoint.
2022-01-31,UNEXPECTED_IN_REPLAY,denabank,2013-04-18,4942c0f021abcd6ed9702c343c2696ec44cfa8022c7e37448f8a78c075c4a16d,UNRESOLVED_MANUAL_REVIEW,Diagnostic reverse replay retains a symbol not present in the official checkpoint.
2022-01-31,UNEXPECTED_IN_REPLAY,finantech,2013-04-18,4942c0f021abcd6ed9702c343c2696ec44cfa8022c7e37448f8a78c075c4a16d,UNRESOLVED_MANUAL_REVIEW,Diagnostic reverse replay retains a symbol not present in the official checkpoint.
2022-01-31,UNEXPECTED_IN_REPLAY,gitanjali,2013-04-18,4942c0f021abcd6ed9702c343c2696ec44cfa8022c7e37448f8a78c075c4a16d,UNRESOLVED_MANUAL_REVIEW,Diagnostic reverse replay retains a symbol not present in the official checkpoint.
2022-01-31,UNEXPECTED_IN_REPLAY,gmdcltd,2013-04-18,4942c0f021abcd6ed9702c343c2696ec44cfa8022c7e37448f8a78c075c4a16d,UNRESOLVED_MANUAL_REVIEW,Diagnostic reverse replay retains a symbol not present in the official checkpoint.
2022-01-31,UNEXPECTED_IN_REPLAY,godrejagro,2013-04-18,4942c0f021abcd6ed9702c343c2696ec44cfa8022c7e37448f8a78c075c4a16d,UNRESOLVED_MANUAL_REVIEW,Diagnostic reverse replay retains a symbol not present in the official checkpoint.
2022-01-31,UNEXPECTED_IN_REPLAY,gujratgas,2013-04-18,4942c0f021abcd6ed9702c343c2696ec44cfa8022c7e37448f8a78c075c4a16d,UNRESOLVED_MANUAL_REVIEW,Diagnostic reverse replay retains a symbol not present in the official checkpoint.
2022-01-31,UNEXPECTED_IN_REPLAY,gvkpil,2013-04-18,4942c0f021abcd6ed9702c343c2696ec44cfa8022c7e37448f8a78c075c4a16d,UNRESOLVED_MANUAL_REVIEW,Diagnostic reverse replay retains a symbol not present in the official checkpoint.
2022-01-31,UNEXPECTED_IN_REPLAY,hathway,2013-04-18,4942c0f021abcd6ed9702c343c2696ec44cfa8022c7e37448f8a78c075c4a16d,UNRESOLVED_MANUAL_REVIEW,Diagnostic reverse replay retains a symbol not present in the official checkpoint.
2022-01-31,UNEXPECTED_IN_REPLAY,hexaware,2013-04-18,4942c0f021abcd6ed9702c343c2696ec44cfa8022c7e37448f8a78c075c4a16d,UNRESOLVED_MANUAL_REVIEW,Diagnostic reverse replay retains a symbol not present in the official checkpoint.
2022-01-31,UNEXPECTED_IN_REPLAY,ibventures,2013-04-18,4942c0f021abcd6ed9702c343c2696ec44cfa8022c7e37448f8a78c075c4a16d,UNRESOLVED_MANUAL_REVIEW,Diagnostic reverse replay retains a symbol not present in the official checkpoint.
2022-01-31,UNEXPECTED_IN_REPLAY,idbi,2013-04-18,4942c0f021abcd6ed9702c343c2696ec44cfa8022c7e37448f8a78c075c4a16d,UNRESOLVED_MANUAL_REVIEW,Diagnostic reverse replay retains a symbol not present in the official checkpoint.
2022-01-31,UNEXPECTED_IN_REPLAY,idfcbank,2013-04-18,4942c0f021abcd6ed9702c343c2696ec44cfa8022c7e37448f8a78c075c4a16d,UNRESOLVED_MANUAL_REVIEW,Diagnostic reverse replay retains a symbol not present in the official checkpoint.
2022-01-31,UNEXPECTED_IN_REPLAY,indiainfo,2013-04-18,4942c0f021abcd6ed9702c343c2696ec44cfa8022c7e37448f8a78c075c4a16d,UNRESOLVED_MANUAL_REVIEW,Diagnostic reverse replay retains a symbol not present in the official checkpoint.
2022-01-31,UNEXPECTED_IN_REPLAY,ivrclinfra,2013-04-18,4942c0f021abcd6ed9702c343c2696ec44cfa8022c7e37448f8a78c075c4a16d,UNRESOLVED_MANUAL_REVIEW,Diagnostic reverse replay retains a symbol not present in the official checkpoint.
2022-01-31,UNEXPECTED_IN_REPLAY,jindalsaw,2013-04-18,4942c0f021abcd6ed9702c343c2696ec44cfa8022c7e37448f8a78c075c4a16d,UNRESOLVED_MANUAL_REVIEW,Diagnostic reverse replay retains a symbol not present in the official checkpoint.
2022-01-31,UNEXPECTED_IN_REPLAY,jubilant,2013-04-18,4942c0f021abcd6ed9702c343c2696ec44cfa8022c7e37448f8a78c075c4a16d,UNRESOLVED_MANUAL_REVIEW,Diagnostic reverse replay retains a symbol not present in the official checkpoint.
2022-01-31,UNEXPECTED_IN_REPLAY,litl,2013-04-18,4942c0f021abcd6ed9702c343c2696ec44cfa8022c7e37448f8a78c075c4a16d,UNRESOLVED_MANUAL_REVIEW,Diagnostic reverse replay retains a symbol not present in the official checkpoint.
2022-01-31,UNEXPECTED_IN_REPLAY,madrascem,2013-04-18,4942c0f021abcd6ed9702c343c2696ec44cfa8022c7e37448f8a78c075c4a16d,UNRESOLVED_MANUAL_REVIEW,Diagnostic reverse replay retains a symbol not present in the official checkpoint.
2022-01-31,UNEXPECTED_IN_REPLAY,mrpl,2013-04-18,4942c0f021abcd6ed9702c343c2696ec44cfa8022c7e37448f8a78c075c4a16d,UNRESOLVED_MANUAL_REVIEW,Diagnostic reverse replay retains a symbol not present in the official checkpoint.
2022-01-31,UNEXPECTED_IN_REPLAY,nhpc,2013-04-18,4942c0f021abcd6ed9702c343c2696ec44cfa8022c7e37448f8a78c075c4a16d,UNRESOLVED_MANUAL_REVIEW,Diagnostic reverse replay retains a symbol not present in the official checkpoint.
2022-01-31,UNEXPECTED_IN_REPLAY,niittech,2013-04-18,4942c0f021abcd6ed9702c343c2696ec44cfa8022c7e37448f8a78c075c4a16d,UNRESOLVED_MANUAL_REVIEW,Diagnostic reverse replay retains a symbol not present in the official checkpoint.
2022-01-31,UNEXPECTED_IN_REPLAY,optocircui,2013-04-18,4942c0f021abcd6ed9702c343c2696ec44cfa8022c7e37448f8a78c075c4a16d,UNRESOLVED_MANUAL_REVIEW,Diagnostic reverse replay retains a symbol not present in the official checkpoint.
2022-01-31,UNEXPECTED_IN_REPLAY,orissamine,2013-04-18,4942c0f021abcd6ed9702c343c2696ec44cfa8022c7e37448f8a78c075c4a16d,UNRESOLVED_MANUAL_REVIEW,Diagnostic reverse replay retains a symbol not present in the official checkpoint.
2022-01-31,UNEXPECTED_IN_REPLAY,pnbhousing,2013-04-18,4942c0f021abcd6ed9702c343c2696ec44cfa8022c7e37448f8a78c075c4a16d,UNRESOLVED_MANUAL_REVIEW,Diagnostic reverse replay retains a symbol not present in the official checkpoint.
2022-01-31,UNEXPECTED_IN_REPLAY,punjlloyd,2013-04-18,4942c0f021abcd6ed9702c343c2696ec44cfa8022c7e37448f8a78c075c4a16d,UNRESOLVED_MANUAL_REVIEW,Diagnostic reverse replay retains a symbol not present in the official checkpoint.
2022-01-31,UNEXPECTED_IN_REPLAY,quess,2013-04-18,4942c0f021abcd6ed9702c343c2696ec44cfa8022c7e37448f8a78c075c4a16d,UNRESOLVED_MANUAL_REVIEW,Diagnostic reverse replay retains a symbol not present in the official checkpoint.
2022-01-31,UNEXPECTED_IN_REPLAY,rnam,2013-04-18,4942c0f021abcd6ed9702c343c2696ec44cfa8022c7e37448f8a78c075c4a16d,UNRESOLVED_MANUAL_REVIEW,Diagnostic reverse replay retains a symbol not present in the official checkpoint.
2022-01-31,UNEXPECTED_IN_REPLAY,sesagoa,2013-04-18,4942c0f021abcd6ed9702c343c2696ec44cfa8022c7e37448f8a78c075c4a16d,UNRESOLVED_MANUAL_REVIEW,Diagnostic reverse replay retains a symbol not present in the official checkpoint.
2022-01-31,UNEXPECTED_IN_REPLAY,shriramcit,2013-04-18,4942c0f021abcd6ed9702c343c2696ec44cfa8022c7e37448f8a78c075c4a16d,UNRESOLVED_MANUAL_REVIEW,Diagnostic reverse replay retains a symbol not present in the official checkpoint.
2022-01-31,UNEXPECTED_IN_REPLAY,sksmicro,2013-04-18,4942c0f021abcd6ed9702c343c2696ec44cfa8022c7e37448f8a78c075c4a16d,UNRESOLVED_MANUAL_REVIEW,Diagnostic reverse replay retains a symbol not present in the official checkpoint.
2022-01-31,UNEXPECTED_IN_REPLAY,tataglobal,2013-04-18,4942c0f021abcd6ed9702c343c2696ec44cfa8022c7e37448f8a78c075c4a16d,UNRESOLVED_MANUAL_REVIEW,Diagnostic reverse replay retains a symbol not present in the official checkpoint.
2022-01-31,UNEXPECTED_IN_REPLAY,uniphos,2013-04-18,4942c0f021abcd6ed9702c343c2696ec44cfa8022c7e37448f8a78c075c4a16d,UNRESOLVED_MANUAL_REVIEW,Diagnostic reverse replay retains a symbol not present in the official checkpoint.
2022-01-31,UNEXPECTED_IN_REPLAY,welcorp,2013-04-18,4942c0f021abcd6ed9702c343c2696ec44cfa8022c7e37448f8a78c075c4a16d,UNRESOLVED_MANUAL_REVIEW,Diagnostic reverse replay retains a symbol not present in the official checkpoint.
2022-02-28,MISSING_FROM_REPLAY,adaniports,2013-04-18,4942c0f021abcd6ed9702c343c2696ec44cfa8022c7e37448f8a78c075c4a16d,UNRESOLVED_MANUAL_REVIEW,No authoritative 2012 anchor or complete certified event chain; symbol is in the official checkpoint but absent from diagnostic replay.
2022-02-28,MISSING_FROM_REPLAY,ajantpharm,2013-04-18,4942c0f021abcd6ed9702c343c2696ec44cfa8022c7e37448f8a78c075c4a16d,UNRESOLVED_MANUAL_REVIEW,No authoritative 2012 anchor or complete certified event chain; symbol is in the official checkpoint but absent from diagnostic replay.
2022-02-28,MISSING_FROM_REPLAY,aplltd,2013-04-18,4942c0f021abcd6ed9702c343c2696ec44cfa8022c7e37448f8a78c075c4a16d,UNRESOLVED_MANUAL_REVIEW,No authoritative 2012 anchor or complete certified event chain; symbol is in the official checkpoint but absent from diagnostic replay.
2022-02-28,MISSING_FROM_REPLAY,apollotyre,2013-04-18,4942c0f021abcd6ed9702c343c2696ec44cfa8022c7e37448f8a78c075c4a16d,UNRESOLVED_MANUAL_REVIEW,No authoritative 2012 anchor or complete certified event chain; symbol is in the official checkpoint but absent from diagnostic replay.
2022-02-28,MISSING_FROM_REPLAY,asianpaint,2013-04-18,4942c0f021abcd6ed9702c343c2696ec44cfa8022c7e37448f8a78c075c4a16d,UNRESOLVED_MANUAL_REVIEW,No authoritative 2012 anchor or complete certified event chain; symbol is in the official checkpoint but absent from diagnostic replay.
2022-02-28,MISSING_FROM_REPLAY,astral,2013-04-18,4942c0f021abcd6ed9702c343c2696ec44cfa8022c7e37448f8a78c075c4a16d,UNRESOLVED_MANUAL_REVIEW,No authoritative 2012 anchor or complete certified event chain; symbol is in the official checkpoint but absent from diagnostic replay.
2022-02-28,MISSING_FROM_REPLAY,atgl,2013-04-18,4942c0f021abcd6ed9702c343c2696ec44cfa8022c7e37448f8a78c075c4a16d,UNRESOLVED_MANUAL_REVIEW,No authoritative 2012 anchor or complete certified event chain; symbol is in the official checkpoint but absent from diagnostic replay.
2022-02-28,MISSING_FROM_REPLAY,auropharma,2013-04-18,4942c0f021abcd6ed9702c343c2696ec44cfa8022c7e37448f8a78c075c4a16d,UNRESOLVED_MANUAL_REVIEW,No authoritative 2012 anchor or complete certified event chain; symbol is in the official checkpoint but absent from diagnostic replay.
2022-02-28,MISSING_FROM_REPLAY,bajfinance,2013-04-18,4942c0f021abcd6ed9702c343c2696ec44cfa8022c7e37448f8a78c075c4a16d,UNRESOLVED_MANUAL_REVIEW,No authoritative 2012 anchor or complete certified event chain; symbol is in the official checkpoint but absent from diagnostic replay.
2022-02-28,MISSING_FROM_REPLAY,balkrisind,2013-04-18,4942c0f021abcd6ed9702c343c2696ec44cfa8022c7e37448f8a78c075c4a16d,UNRESOLVED_MANUAL_REVIEW,No authoritative 2012 anchor or complete certified event chain; symbol is in the official checkpoint but absent from diagnostic replay.
2022-02-28,MISSING_FROM_REPLAY,bergepaint,2013-04-18,4942c0f021abcd6ed9702c343c2696ec44cfa8022c7e37448f8a78c075c4a16d,UNRESOLVED_MANUAL_REVIEW,No authoritative 2012 anchor or complete certified event chain; symbol is in the official checkpoint but absent from diagnostic replay.
2022-02-28,MISSING_FROM_REPLAY,bhel,2013-04-18,4942c0f021abcd6ed9702c343c2696ec44cfa8022c7e37448f8a78c075c4a16d,UNRESOLVED_MANUAL_REVIEW,No authoritative 2012 anchor or complete certified event chain; symbol is in the official checkpoint but absent from diagnostic replay.
2022-02-28,MISSING_FROM_REPLAY,biocon,2013-04-18,4942c0f021abcd6ed9702c343c2696ec44cfa8022c7e37448f8a78c075c4a16d,UNRESOLVED_MANUAL_REVIEW,No authoritative 2012 anchor or complete certified event chain; symbol is in the official checkpoint but absent from diagnostic replay.
2022-02-28,MISSING_FROM_REPLAY,boschltd,2013-04-18,4942c0f021abcd6ed9702c343c2696ec44cfa8022c7e37448f8a78c075c4a16d,UNRESOLVED_MANUAL_REVIEW,No authoritative 2012 anchor or complete certified event chain; symbol is in the official checkpoint but absent from diagnostic replay.
2022-02-28,MISSING_FROM_REPLAY,britannia,2013-04-18,4942c0f021abcd6ed9702c343c2696ec44cfa8022c7e37448f8a78c075c4a16d,UNRESOLVED_MANUAL_REVIEW,No authoritative 2012 anchor or complete certified event chain; symbol is in the official checkpoint but absent from diagnostic replay.
2022-02-28,MISSING_FROM_REPLAY,cadilahc,2013-04-18,4942c0f021abcd6ed9702c343c2696ec44cfa8022c7e37448f8a78c075c4a16d,UNRESOLVED_MANUAL_REVIEW,No authoritative 2012 anchor or complete certified event chain; symbol is in the official checkpoint but absent from diagnostic replay.
2022-02-28,MISSING_FROM_REPLAY,cipla,2013-04-18,4942c0f021abcd6ed9702c343c2696ec44cfa8022c7e37448f8a78c075c4a16d,UNRESOLVED_MANUAL_REVIEW,No authoritative 2012 anchor or complete certified event chain; symbol is in the official checkpoint but absent from diagnostic replay.
2022-02-28,MISSING_FROM_REPLAY,colpal,2013-04-18,4942c0f021abcd6ed9702c343c2696ec44cfa8022c7e37448f8a78c075c4a16d,UNRESOLVED_MANUAL_REVIEW,No authoritative 2012 anchor or complete certified event chain; symbol is in the official checkpoint but absent from diagnostic replay.
2022-02-28,MISSING_FROM_REPLAY,dabur,2013-04-18,4942c0f021abcd6ed9702c343c2696ec44cfa8022c7e37448f8a78c075c4a16d,UNRESOLVED_MANUAL_REVIEW,No authoritative 2012 anchor or complete certified event chain; symbol is in the official checkpoint but absent from diagnostic replay.
2022-02-28,MISSING_FROM_REPLAY,dhani,2013-04-18,4942c0f021abcd6ed9702c343c2696ec44cfa8022c7e37448f8a78c075c4a16d,UNRESOLVED_MANUAL_REVIEW,No authoritative 2012 anchor or complete certified event chain; symbol is in the official checkpoint but absent from diagnostic replay.
2022-02-28,MISSING_FROM_REPLAY,divislab,2013-04-18,4942c0f021abcd6ed9702c343c2696ec44cfa8022c7e37448f8a78c075c4a16d,UNRESOLVED_MANUAL_REVIEW,No authoritative 2012 anchor or complete certified event chain; symbol is in the official checkpoint but absent from diagnostic replay.
2022-02-28,MISSING_FROM_REPLAY,drreddy,2013-04-18,4942c0f021abcd6ed9702c343c2696ec44cfa8022c7e37448f8a78c075c4a16d,UNRESOLVED_MANUAL_REVIEW,No authoritative 2012 anchor or complete certified event chain; symbol is in the official checkpoint but absent from diagnostic replay.
2022-02-28,MISSING_FROM_REPLAY,eichermot,2013-04-18,4942c0f021abcd6ed9702c343c2696ec44cfa8022c7e37448f8a78c075c4a16d,UNRESOLVED_MANUAL_REVIEW,No authoritative 2012 anchor or complete certified event chain; symbol is in the official checkpoint but absent from diagnostic replay.
2022-02-28,MISSING_FROM_REPLAY,exideind,2013-04-18,4942c0f021abcd6ed9702c343c2696ec44cfa8022c7e37448f8a78c075c4a16d,UNRESOLVED_MANUAL_REVIEW,No authoritative 2012 anchor or complete certified event chain; symbol is in the official checkpoint but absent from diagnostic replay.
2022-02-28,MISSING_FROM_REPLAY,godrejcp,2013-04-18,4942c0f021abcd6ed9702c343c2696ec44cfa8022c7e37448f8a78c075c4a16d,UNRESOLVED_MANUAL_REVIEW,No authoritative 2012 anchor or complete certified event chain; symbol is in the official checkpoint but absent from diagnostic replay.
2022-02-28,MISSING_FROM_REPLAY,hal,2013-04-18,4942c0f021abcd6ed9702c343c2696ec44cfa8022c7e37448f8a78c075c4a16d,UNRESOLVED_MANUAL_REVIEW,No authoritative 2012 anchor or complete certified event chain; symbol is in the official checkpoint but absent from diagnostic replay.
2022-02-28,MISSING_FROM_REPLAY,hcltech,2013-04-18,4942c0f021abcd6ed9702c343c2696ec44cfa8022c7e37448f8a78c075c4a16d,UNRESOLVED_MANUAL_REVIEW,No authoritative 2012 anchor or complete certified event chain; symbol is in the official checkpoint but absent from diagnostic replay.
2022-02-28,MISSING_FROM_REPLAY,hindalco,2013-04-18,4942c0f021abcd6ed9702c343c2696ec44cfa8022c7e37448f8a78c075c4a16d,UNRESOLVED_MANUAL_REVIEW,No authoritative 2012 anchor or complete certified event chain; symbol is in the official checkpoint but absent from diagnostic replay.
2022-02-28,MISSING_FROM_REPLAY,hindcopper,2013-04-18,4942c0f021abcd6ed9702c343c2696ec44cfa8022c7e37448f8a78c075c4a16d,UNRESOLVED_MANUAL_REVIEW,No authoritative 2012 anchor or complete certified event chain; symbol is in the official checkpoint but absent from diagnostic replay.
2022-02-28,MISSING_FROM_REPLAY,hindunilvr,2013-04-18,4942c0f021abcd6ed9702c343c2696ec44cfa8022c7e37448f8a78c075c4a16d,UNRESOLVED_MANUAL_REVIEW,No authoritative 2012 anchor or complete certified event chain; symbol is in the official checkpoint but absent from diagnostic replay.
2022-02-28,MISSING_FROM_REPLAY,idfcfirstb,2013-04-18,4942c0f021abcd6ed9702c343c2696ec44cfa8022c7e37448f8a78c075c4a16d,UNRESOLVED_MANUAL_REVIEW,No authoritative 2012 anchor or complete certified event chain; symbol is in the official checkpoint but absent from diagnostic replay.
2022-02-28,MISSING_FROM_REPLAY,igl,2013-04-18,4942c0f021abcd6ed9702c343c2696ec44cfa8022c7e37448f8a78c075c4a16d,UNRESOLVED_MANUAL_REVIEW,No authoritative 2012 anchor or complete certified event chain; symbol is in the official checkpoint but absent from diagnostic replay.
2022-02-28,MISSING_FROM_REPLAY,indianb,2013-04-18,4942c0f021abcd6ed9702c343c2696ec44cfa8022c7e37448f8a78c075c4a16d,UNRESOLVED_MANUAL_REVIEW,No authoritative 2012 anchor or complete certified event chain; symbol is in the official checkpoint but absent from diagnostic replay.
2022-02-28,MISSING_FROM_REPLAY,industower,2013-04-18,4942c0f021abcd6ed9702c343c2696ec44cfa8022c7e37448f8a78c075c4a16d,UNRESOLVED_MANUAL_REVIEW,No authoritative 2012 anchor or complete certified event chain; symbol is in the official checkpoint but absent from diagnostic replay.
2022-02-28,MISSING_FROM_REPLAY,irctc,2013-04-18,4942c0f021abcd6ed9702c343c2696ec44cfa8022c7e37448f8a78c075c4a16d,UNRESOLVED_MANUAL_REVIEW,No authoritative 2012 anchor or complete certified event chain; symbol is in the official checkpoint but absent from diagnostic replay.
2022-02-28,MISSING_FROM_REPLAY,irfc,2013-04-18,4942c0f021abcd6ed9702c343c2696ec44cfa8022c7e37448f8a78c075c4a16d,UNRESOLVED_MANUAL_REVIEW,No authoritative 2012 anchor or complete certified event chain; symbol is in the official checkpoint but absent from diagnostic replay.
2022-02-28,MISSING_FROM_REPLAY,isec,2013-04-18,4942c0f021abcd6ed9702c343c2696ec44cfa8022c7e37448f8a78c075c4a16d,UNRESOLVED_MANUAL_REVIEW,No authoritative 2012 anchor or complete certified event chain; symbol is in the official checkpoint but absent from diagnostic replay.
2022-02-28,MISSING_FROM_REPLAY,jindalstel,2013-04-18,4942c0f021abcd6ed9702c343c2696ec44cfa8022c7e37448f8a78c075c4a16d,UNRESOLVED_MANUAL_REVIEW,No authoritative 2012 anchor or complete certified event chain; symbol is in the official checkpoint but absent from diagnostic replay.
2022-02-28,MISSING_FROM_REPLAY,jswsteel,2013-04-18,4942c0f021abcd6ed9702c343c2696ec44cfa8022c7e37448f8a78c075c4a16d,UNRESOLVED_MANUAL_REVIEW,No authoritative 2012 anchor or complete certified event chain; symbol is in the official checkpoint but absent from diagnostic replay.
2022-02-28,MISSING_FROM_REPLAY,jublfood,2013-04-18,4942c0f021abcd6ed9702c343c2696ec44cfa8022c7e37448f8a78c075c4a16d,UNRESOLVED_MANUAL_REVIEW,No authoritative 2012 anchor or complete certified event chain; symbol is in the official checkpoint but absent from diagnostic replay.
2022-02-28,MISSING_FROM_REPLAY,lupin,2013-04-18,4942c0f021abcd6ed9702c343c2696ec44cfa8022c7e37448f8a78c075c4a16d,UNRESOLVED_MANUAL_REVIEW,No authoritative 2012 anchor or complete certified event chain; symbol is in the official checkpoint but absent from diagnostic replay.
2022-02-28,MISSING_FROM_REPLAY,m&m,2013-04-18,4942c0f021abcd6ed9702c343c2696ec44cfa8022c7e37448f8a78c075c4a16d,UNRESOLVED_MANUAL_REVIEW,No authoritative 2012 anchor or complete certified event chain; symbol is in the official checkpoint but absent from diagnostic replay.
2022-02-28,MISSING_FROM_REPLAY,maruti,2013-04-18,4942c0f021abcd6ed9702c343c2696ec44cfa8022c7e37448f8a78c075c4a16d,UNRESOLVED_MANUAL_REVIEW,No authoritative 2012 anchor or complete certified event chain; symbol is in the official checkpoint but absent from diagnostic replay.
2022-02-28,MISSING_FROM_REPLAY,muthootfin,2013-04-18,4942c0f021abcd6ed9702c343c2696ec44cfa8022c7e37448f8a78c075c4a16d,UNRESOLVED_MANUAL_REVIEW,No authoritative 2012 anchor or complete certified event chain; symbol is in the official checkpoint but absent from diagnostic replay.
2022-02-28,MISSING_FROM_REPLAY,nam-india,2013-04-18,4942c0f021abcd6ed9702c343c2696ec44cfa8022c7e37448f8a78c075c4a16d,UNRESOLVED_MANUAL_REVIEW,No authoritative 2012 anchor or complete certified event chain; symbol is in the official checkpoint but absent from diagnostic replay.
2022-02-28,MISSING_FROM_REPLAY,nationalum,2013-04-18,4942c0f021abcd6ed9702c343c2696ec44cfa8022c7e37448f8a78c075c4a16d,UNRESOLVED_MANUAL_REVIEW,No authoritative 2012 anchor or complete certified event chain; symbol is in the official checkpoint but absent from diagnostic replay.
2022-02-28,MISSING_FROM_REPLAY,naukri,2013-04-18,4942c0f021abcd6ed9702c343c2696ec44cfa8022c7e37448f8a78c075c4a16d,UNRESOLVED_MANUAL_REVIEW,No authoritative 2012 anchor or complete certified event chain; symbol is in the official checkpoint but absent from diagnostic replay.
2022-02-28,MISSING_FROM_REPLAY,navinfluor,2013-04-18,4942c0f021abcd6ed9702c343c2696ec44cfa8022c7e37448f8a78c075c4a16d,UNRESOLVED_MANUAL_REVIEW,No authoritative 2012 anchor or complete certified event chain; symbol is in the official checkpoint but absent from diagnostic replay.
2022-02-28,MISSING_FROM_REPLAY,nestleind,2013-04-18,4942c0f021abcd6ed9702c343c2696ec44cfa8022c7e37448f8a78c075c4a16d,UNRESOLVED_MANUAL_REVIEW,No authoritative 2012 anchor or complete certified event chain; symbol is in the official checkpoint but absent from diagnostic replay.
2022-02-28,MISSING_FROM_REPLAY,nmdc,2013-04-18,4942c0f021abcd6ed9702c343c2696ec44cfa8022c7e37448f8a78c075c4a16d,UNRESOLVED_MANUAL_REVIEW,No authoritative 2012 anchor or complete certified event chain; symbol is in the official checkpoint but absent from diagnostic replay.
2022-02-28,MISSING_FROM_REPLAY,oberoirlty,2013-04-18,4942c0f021abcd6ed9702c343c2696ec44cfa8022c7e37448f8a78c075c4a16d,UNRESOLVED_MANUAL_REVIEW,No authoritative 2012 anchor or complete certified event chain; symbol is in the official checkpoint but absent from diagnostic replay.
2022-02-28,MISSING_FROM_REPLAY,pageind,2013-04-18,4942c0f021abcd6ed9702c343c2696ec44cfa8022c7e37448f8a78c075c4a16d,UNRESOLVED_MANUAL_REVIEW,No authoritative 2012 anchor or complete certified event chain; symbol is in the official checkpoint but absent from diagnostic replay.
2022-02-28,MISSING_FROM_REPLAY,pidilitind,2013-04-18,4942c0f021abcd6ed9702c343c2696ec44cfa8022c7e37448f8a78c075c4a16d,UNRESOLVED_MANUAL_REVIEW,No authoritative 2012 anchor or complete certified event chain; symbol is in the official checkpoint but absent from diagnostic replay.
2022-02-28,MISSING_FROM_REPLAY,reliance,2013-04-18,4942c0f021abcd6ed9702c343c2696ec44cfa8022c7e37448f8a78c075c4a16d,UNRESOLVED_MANUAL_REVIEW,No authoritative 2012 anchor or complete certified event chain; symbol is in the official checkpoint but absent from diagnostic replay.
2022-02-28,MISSING_FROM_REPLAY,sail,2013-04-18,4942c0f021abcd6ed9702c343c2696ec44cfa8022c7e37448f8a78c075c4a16d,UNRESOLVED_MANUAL_REVIEW,No authoritative 2012 anchor or complete certified event chain; symbol is in the official checkpoint but absent from diagnostic replay.
2022-02-28,MISSING_FROM_REPLAY,sanofi,2013-04-18,4942c0f021abcd6ed9702c343c2696ec44cfa8022c7e37448f8a78c075c4a16d,UNRESOLVED_MANUAL_REVIEW,No authoritative 2012 anchor or complete certified event chain; symbol is in the official checkpoint but absent from diagnostic replay.
2022-02-28,MISSING_FROM_REPLAY,shreecem,2013-04-18,4942c0f021abcd6ed9702c343c2696ec44cfa8022c7e37448f8a78c075c4a16d,UNRESOLVED_MANUAL_REVIEW,No authoritative 2012 anchor or complete certified event chain; symbol is in the official checkpoint but absent from diagnostic replay.
2022-02-28,MISSING_FROM_REPLAY,tatacomm,2013-04-18,4942c0f021abcd6ed9702c343c2696ec44cfa8022c7e37448f8a78c075c4a16d,UNRESOLVED_MANUAL_REVIEW,No authoritative 2012 anchor or complete certified event chain; symbol is in the official checkpoint but absent from diagnostic replay.
2022-02-28,MISSING_FROM_REPLAY,tataconsum,2013-04-18,4942c0f021abcd6ed9702c343c2696ec44cfa8022c7e37448f8a78c075c4a16d,UNRESOLVED_MANUAL_REVIEW,No authoritative 2012 anchor or complete certified event chain; symbol is in the official checkpoint but absent from diagnostic replay.
2022-02-28,MISSING_FROM_REPLAY,tatasteel,2013-04-18,4942c0f021abcd6ed9702c343c2696ec44cfa8022c7e37448f8a78c075c4a16d,UNRESOLVED_MANUAL_REVIEW,No authoritative 2012 anchor or complete certified event chain; symbol is in the official checkpoint but absent from diagnostic replay.
2022-02-28,MISSING_FROM_REPLAY,torntpharm,2013-04-18,4942c0f021abcd6ed9702c343c2696ec44cfa8022c7e37448f8a78c075c4a16d,UNRESOLVED_MANUAL_REVIEW,No authoritative 2012 anchor or complete certified event chain; symbol is in the official checkpoint but absent from diagnostic replay.
2022-02-28,MISSING_FROM_REPLAY,upl,2013-04-18,4942c0f021abcd6ed9702c343c2696ec44cfa8022c7e37448f8a78c075c4a16d,UNRESOLVED_MANUAL_REVIEW,No authoritative 2012 anchor or complete certified event chain; symbol is in the official checkpoint but absent from diagnostic replay.
2022-02-28,MISSING_FROM_REPLAY,voltas,2013-04-18,4942c0f021abcd6ed9702c343c2696ec44cfa8022c7e37448f8a78c075c4a16d,UNRESOLVED_MANUAL_REVIEW,No authoritative 2012 anchor or complete certified event chain; symbol is in the official checkpoint but absent from diagnostic replay.
2022-02-28,MISSING_FROM_REPLAY,yesbank,2013-04-18,4942c0f021abcd6ed9702c343c2696ec44cfa8022c7e37448f8a78c075c4a16d,UNRESOLVED_MANUAL_REVIEW,No authoritative 2012 anchor or complete certified event chain; symbol is in the official checkpoint but absent from diagnostic replay.
2022-02-28,UNEXPECTED_IN_REPLAY,abbotindia,2013-04-18,4942c0f021abcd6ed9702c343c2696ec44cfa8022c7e37448f8a78c075c4a16d,UNRESOLVED_MANUAL_REVIEW,Diagnostic reverse replay retains a symbol not present in the official checkpoint.
2022-02-28,UNEXPECTED_IN_REPLAY,adanigas,2013-04-18,4942c0f021abcd6ed9702c343c2696ec44cfa8022c7e37448f8a78c075c4a16d,UNRESOLVED_MANUAL_REVIEW,Diagnostic reverse replay retains a symbol not present in the official checkpoint.
2022-02-28,UNEXPECTED_IN_REPLAY,adanipower,2013-04-18,4942c0f021abcd6ed9702c343c2696ec44cfa8022c7e37448f8a78c075c4a16d,UNRESOLVED_MANUAL_REVIEW,Diagnostic reverse replay retains a symbol not present in the official checkpoint.
2022-02-28,UNEXPECTED_IN_REPLAY,bbtc,2013-04-18,4942c0f021abcd6ed9702c343c2696ec44cfa8022c7e37448f8a78c075c4a16d,UNRESOLVED_MANUAL_REVIEW,Diagnostic reverse replay retains a symbol not present in the official checkpoint.
2022-02-28,UNEXPECTED_IN_REPLAY,cesc,2013-04-18,4942c0f021abcd6ed9702c343c2696ec44cfa8022c7e37448f8a78c075c4a16d,UNRESOLVED_MANUAL_REVIEW,Diagnostic reverse replay retains a symbol not present in the official checkpoint.
2022-02-28,UNEXPECTED_IN_REPLAY,chamblfert,2013-04-18,4942c0f021abcd6ed9702c343c2696ec44cfa8022c7e37448f8a78c075c4a16d,UNRESOLVED_MANUAL_REVIEW,Diagnostic reverse replay retains a symbol not present in the official checkpoint.
2022-02-28,UNEXPECTED_IN_REPLAY,coreedutec,2013-04-18,4942c0f021abcd6ed9702c343c2696ec44cfa8022c7e37448f8a78c075c4a16d,UNRESOLVED_MANUAL_REVIEW,Diagnostic reverse replay retains a symbol not present in the official checkpoint.
2022-02-28,UNEXPECTED_IN_REPLAY,denabank,2013-04-18,4942c0f021abcd6ed9702c343c2696ec44cfa8022c7e37448f8a78c075c4a16d,UNRESOLVED_MANUAL_REVIEW,Diagnostic reverse replay retains a symbol not present in the official checkpoint.
2022-02-28,UNEXPECTED_IN_REPLAY,finantech,2013-04-18,4942c0f021abcd6ed9702c343c2696ec44cfa8022c7e37448f8a78c075c4a16d,UNRESOLVED_MANUAL_REVIEW,Diagnostic reverse replay retains a symbol not present in the official checkpoint.
2022-02-28,UNEXPECTED_IN_REPLAY,gitanjali,2013-04-18,4942c0f021abcd6ed9702c343c2696ec44cfa8022c7e37448f8a78c075c4a16d,UNRESOLVED_MANUAL_REVIEW,Diagnostic reverse replay retains a symbol not present in the official checkpoint.
2022-02-28,UNEXPECTED_IN_REPLAY,gmdcltd,2013-04-18,4942c0f021abcd6ed9702c343c2696ec44cfa8022c7e37448f8a78c075c4a16d,UNRESOLVED_MANUAL_REVIEW,Diagnostic reverse replay retains a symbol not present in the official checkpoint.
2022-02-28,UNEXPECTED_IN_REPLAY,godrejagro,2013-04-18,4942c0f021abcd6ed9702c343c2696ec44cfa8022c7e37448f8a78c075c4a16d,UNRESOLVED_MANUAL_REVIEW,Diagnostic reverse replay retains a symbol not present in the official checkpoint.
2022-02-28,UNEXPECTED_IN_REPLAY,gujratgas,2013-04-18,4942c0f021abcd6ed9702c343c2696ec44cfa8022c7e37448f8a78c075c4a16d,UNRESOLVED_MANUAL_REVIEW,Diagnostic reverse replay retains a symbol not present in the official checkpoint.
2022-02-28,UNEXPECTED_IN_REPLAY,gvkpil,2013-04-18,4942c0f021abcd6ed9702c343c2696ec44cfa8022c7e37448f8a78c075c4a16d,UNRESOLVED_MANUAL_REVIEW,Diagnostic reverse replay retains a symbol not present in the official checkpoint.
2022-02-28,UNEXPECTED_IN_REPLAY,hathway,2013-04-18,4942c0f021abcd6ed9702c343c2696ec44cfa8022c7e37448f8a78c075c4a16d,UNRESOLVED_MANUAL_REVIEW,Diagnostic reverse replay retains a symbol not present in the official checkpoint.
2022-02-28,UNEXPECTED_IN_REPLAY,hexaware,2013-04-18,4942c0f021abcd6ed9702c343c2696ec44cfa8022c7e37448f8a78c075c4a16d,UNRESOLVED_MANUAL_REVIEW,Diagnostic reverse replay retains a symbol not present in the official checkpoint.
2022-02-28,UNEXPECTED_IN_REPLAY,ibventures,2013-04-18,4942c0f021abcd6ed9702c343c2696ec44cfa8022c7e37448f8a78c075c4a16d,UNRESOLVED_MANUAL_REVIEW,Diagnostic reverse replay retains a symbol not present in the official checkpoint.
2022-02-28,UNEXPECTED_IN_REPLAY,idbi,2013-04-18,4942c0f021abcd6ed9702c343c2696ec44cfa8022c7e37448f8a78c075c4a16d,UNRESOLVED_MANUAL_REVIEW,Diagnostic reverse replay retains a symbol not present in the official checkpoint.
2022-02-28,UNEXPECTED_IN_REPLAY,idfcbank,2013-04-18,4942c0f021abcd6ed9702c343c2696ec44cfa8022c7e37448f8a78c075c4a16d,UNRESOLVED_MANUAL_REVIEW,Diagnostic reverse replay retains a symbol not present in the official checkpoint.
2022-02-28,UNEXPECTED_IN_REPLAY,indiainfo,2013-04-18,4942c0f021abcd6ed9702c343c2696ec44cfa8022c7e37448f8a78c075c4a16d,UNRESOLVED_MANUAL_REVIEW,Diagnostic reverse replay retains a symbol not present in the official checkpoint.
2022-02-28,UNEXPECTED_IN_REPLAY,ivrclinfra,2013-04-18,4942c0f021abcd6ed9702c343c2696ec44cfa8022c7e37448f8a78c075c4a16d,UNRESOLVED_MANUAL_REVIEW,Diagnostic reverse replay retains a symbol not present in the official checkpoint.
2022-02-28,UNEXPECTED_IN_REPLAY,jindalsaw,2013-04-18,4942c0f021abcd6ed9702c343c2696ec44cfa8022c7e37448f8a78c075c4a16d,UNRESOLVED_MANUAL_REVIEW,Diagnostic reverse replay retains a symbol not present in the official checkpoint.
2022-02-28,UNEXPECTED_IN_REPLAY,jubilant,2013-04-18,4942c0f021abcd6ed9702c343c2696ec44cfa8022c7e37448f8a78c075c4a16d,UNRESOLVED_MANUAL_REVIEW,Diagnostic reverse replay retains a symbol not present in the official checkpoint.
2022-02-28,UNEXPECTED_IN_REPLAY,litl,2013-04-18,4942c0f021abcd6ed9702c343c2696ec44cfa8022c7e37448f8a78c075c4a16d,UNRESOLVED_MANUAL_REVIEW,Diagnostic reverse replay retains a symbol not present in the official checkpoint.
2022-02-28,UNEXPECTED_IN_REPLAY,madrascem,2013-04-18,4942c0f021abcd6ed9702c343c2696ec44cfa8022c7e37448f8a78c075c4a16d,UNRESOLVED_MANUAL_REVIEW,Diagnostic reverse replay retains a symbol not present in the official checkpoint.
2022-02-28,UNEXPECTED_IN_REPLAY,mrpl,2013-04-18,4942c0f021abcd6ed9702c343c2696ec44cfa8022c7e37448f8a78c075c4a16d,UNRESOLVED_MANUAL_REVIEW,Diagnostic reverse replay retains a symbol not present in the official checkpoint.
2022-02-28,UNEXPECTED_IN_REPLAY,nhpc,2013-04-18,4942c0f021abcd6ed9702c343c2696ec44cfa8022c7e37448f8a78c075c4a16d,UNRESOLVED_MANUAL_REVIEW,Diagnostic reverse replay retains a symbol not present in the official checkpoint.
2022-02-28,UNEXPECTED_IN_REPLAY,niittech,2013-04-18,4942c0f021abcd6ed9702c343c2696ec44cfa8022c7e37448f8a78c075c4a16d,UNRESOLVED_MANUAL_REVIEW,Diagnostic reverse replay retains a symbol not present in the official checkpoint.
2022-02-28,UNEXPECTED_IN_REPLAY,optocircui,2013-04-18,4942c0f021abcd6ed9702c343c2696ec44cfa8022c7e37448f8a78c075c4a16d,UNRESOLVED_MANUAL_REVIEW,Diagnostic reverse replay retains a symbol not present in the official checkpoint.
2022-02-28,UNEXPECTED_IN_REPLAY,orissamine,2013-04-18,4942c0f021abcd6ed9702c343c2696ec44cfa8022c7e37448f8a78c075c4a16d,UNRESOLVED_MANUAL_REVIEW,Diagnostic reverse replay retains a symbol not present in the official checkpoint.
2022-02-28,UNEXPECTED_IN_REPLAY,pnbhousing,2013-04-18,4942c0f021abcd6ed9702c343c2696ec44cfa8022c7e37448f8a78c075c4a16d,UNRESOLVED_MANUAL_REVIEW,Diagnostic reverse replay retains a symbol not present in the official checkpoint.
2022-02-28,UNEXPECTED_IN_REPLAY,punjlloyd,2013-04-18,4942c0f021abcd6ed9702c343c2696ec44cfa8022c7e37448f8a78c075c4a16d,UNRESOLVED_MANUAL_REVIEW,Diagnostic reverse replay retains a symbol not present in the official checkpoint.
2022-02-28,UNEXPECTED_IN_REPLAY,quess,2013-04-18,4942c0f021abcd6ed9702c343c2696ec44cfa8022c7e37448f8a78c075c4a16d,UNRESOLVED_MANUAL_REVIEW,Diagnostic reverse replay retains a symbol not present in the official checkpoint.
2022-02-28,UNEXPECTED_IN_REPLAY,rnam,2013-04-18,4942c0f021abcd6ed9702c343c2696ec44cfa8022c7e37448f8a78c075c4a16d,UNRESOLVED_MANUAL_REVIEW,Diagnostic reverse replay retains a symbol not present in the official checkpoint.
2022-02-28,UNEXPECTED_IN_REPLAY,sesagoa,2013-04-18,4942c0f021abcd6ed9702c343c2696ec44cfa8022c7e37448f8a78c075c4a16d,UNRESOLVED_MANUAL_REVIEW,Diagnostic reverse replay retains a symbol not present in the official checkpoint.
2022-02-28,UNEXPECTED_IN_REPLAY,shriramcit,2013-04-18,4942c0f021abcd6ed9702c343c2696ec44cfa8022c7e37448f8a78c075c4a16d,UNRESOLVED_MANUAL_REVIEW,Diagnostic reverse replay retains a symbol not present in the official checkpoint.
2022-02-28,UNEXPECTED_IN_REPLAY,sksmicro,2013-04-18,4942c0f021abcd6ed9702c343c2696ec44cfa8022c7e37448f8a78c075c4a16d,UNRESOLVED_MANUAL_REVIEW,Diagnostic reverse replay retains a symbol not present in the official checkpoint.
2022-02-28,UNEXPECTED_IN_REPLAY,tataglobal,2013-04-18,4942c0f021abcd6ed9702c343c2696ec44cfa8022c7e37448f8a78c075c4a16d,UNRESOLVED_MANUAL_REVIEW,Diagnostic reverse replay retains a symbol not present in the official checkpoint.
2022-02-28,UNEXPECTED_IN_REPLAY,uniphos,2013-04-18,4942c0f021abcd6ed9702c343c2696ec44cfa8022c7e37448f8a78c075c4a16d,UNRESOLVED_MANUAL_REVIEW,Diagnostic reverse replay retains a symbol not present in the official checkpoint.
2022-02-28,UNEXPECTED_IN_REPLAY,welcorp,2013-04-18,4942c0f021abcd6ed9702c343c2696ec44cfa8022c7e37448f8a78c075c4a16d,UNRESOLVED_MANUAL_REVIEW,Diagnostic reverse replay retains a symbol not present in the official checkpoint.
2022-03-31,MISSING_FROM_REPLAY,adaniports,2013-04-18,4942c0f021abcd6ed9702c343c2696ec44cfa8022c7e37448f8a78c075c4a16d,UNRESOLVED_MANUAL_REVIEW,No authoritative 2012 anchor or complete certified event chain; symbol is in the official checkpoint but absent from diagnostic replay.
2022-03-31,MISSING_FROM_REPLAY,aplltd,2013-04-18,4942c0f021abcd6ed9702c343c2696ec44cfa8022c7e37448f8a78c075c4a16d,UNRESOLVED_MANUAL_REVIEW,No authoritative 2012 anchor or complete certified event chain; symbol is in the official checkpoint but absent from diagnostic replay.
2022-03-31,MISSING_FROM_REPLAY,apollotyre,2013-04-18,4942c0f021abcd6ed9702c343c2696ec44cfa8022c7e37448f8a78c075c4a16d,UNRESOLVED_MANUAL_REVIEW,No authoritative 2012 anchor or complete certified event chain; symbol is in the official checkpoint but absent from diagnostic replay.
2022-03-31,MISSING_FROM_REPLAY,asianpaint,2013-04-18,4942c0f021abcd6ed9702c343c2696ec44cfa8022c7e37448f8a78c075c4a16d,UNRESOLVED_MANUAL_REVIEW,No authoritative 2012 anchor or complete certified event chain; symbol is in the official checkpoint but absent from diagnostic replay.
2022-03-31,MISSING_FROM_REPLAY,astral,2013-04-18,4942c0f021abcd6ed9702c343c2696ec44cfa8022c7e37448f8a78c075c4a16d,UNRESOLVED_MANUAL_REVIEW,No authoritative 2012 anchor or complete certified event chain; symbol is in the official checkpoint but absent from diagnostic replay.
2022-03-31,MISSING_FROM_REPLAY,atgl,2013-04-18,4942c0f021abcd6ed9702c343c2696ec44cfa8022c7e37448f8a78c075c4a16d,UNRESOLVED_MANUAL_REVIEW,No authoritative 2012 anchor or complete certified event chain; symbol is in the official checkpoint but absent from diagnostic replay.
2022-03-31,MISSING_FROM_REPLAY,auropharma,2013-04-18,4942c0f021abcd6ed9702c343c2696ec44cfa8022c7e37448f8a78c075c4a16d,UNRESOLVED_MANUAL_REVIEW,No authoritative 2012 anchor or complete certified event chain; symbol is in the official checkpoint but absent from diagnostic replay.
2022-03-31,MISSING_FROM_REPLAY,bajfinance,2013-04-18,4942c0f021abcd6ed9702c343c2696ec44cfa8022c7e37448f8a78c075c4a16d,UNRESOLVED_MANUAL_REVIEW,No authoritative 2012 anchor or complete certified event chain; symbol is in the official checkpoint but absent from diagnostic replay.
2022-03-31,MISSING_FROM_REPLAY,balkrisind,2013-04-18,4942c0f021abcd6ed9702c343c2696ec44cfa8022c7e37448f8a78c075c4a16d,UNRESOLVED_MANUAL_REVIEW,No authoritative 2012 anchor or complete certified event chain; symbol is in the official checkpoint but absent from diagnostic replay.
2022-03-31,MISSING_FROM_REPLAY,bergepaint,2013-04-18,4942c0f021abcd6ed9702c343c2696ec44cfa8022c7e37448f8a78c075c4a16d,UNRESOLVED_MANUAL_REVIEW,No authoritative 2012 anchor or complete certified event chain; symbol is in the official checkpoint but absent from diagnostic replay.
2022-03-31,MISSING_FROM_REPLAY,bhel,2013-04-18,4942c0f021abcd6ed9702c343c2696ec44cfa8022c7e37448f8a78c075c4a16d,UNRESOLVED_MANUAL_REVIEW,No authoritative 2012 anchor or complete certified event chain; symbol is in the official checkpoint but absent from diagnostic replay.
2022-03-31,MISSING_FROM_REPLAY,biocon,2013-04-18,4942c0f021abcd6ed9702c343c2696ec44cfa8022c7e37448f8a78c075c4a16d,UNRESOLVED_MANUAL_REVIEW,No authoritative 2012 anchor or complete certified event chain; symbol is in the official checkpoint but absent from diagnostic replay.
2022-03-31,MISSING_FROM_REPLAY,boschltd,2013-04-18,4942c0f021abcd6ed9702c343c2696ec44cfa8022c7e37448f8a78c075c4a16d,UNRESOLVED_MANUAL_REVIEW,No authoritative 2012 anchor or complete certified event chain; symbol is in the official checkpoint but absent from diagnostic replay.
2022-03-31,MISSING_FROM_REPLAY,britannia,2013-04-18,4942c0f021abcd6ed9702c343c2696ec44cfa8022c7e37448f8a78c075c4a16d,UNRESOLVED_MANUAL_REVIEW,No authoritative 2012 anchor or complete certified event chain; symbol is in the official checkpoint but absent from diagnostic replay.
2022-03-31,MISSING_FROM_REPLAY,cipla,2013-04-18,4942c0f021abcd6ed9702c343c2696ec44cfa8022c7e37448f8a78c075c4a16d,UNRESOLVED_MANUAL_REVIEW,No authoritative 2012 anchor or complete certified event chain; symbol is in the official checkpoint but absent from diagnostic replay.
2022-03-31,MISSING_FROM_REPLAY,colpal,2013-04-18,4942c0f021abcd6ed9702c343c2696ec44cfa8022c7e37448f8a78c075c4a16d,UNRESOLVED_MANUAL_REVIEW,No authoritative 2012 anchor or complete certified event chain; symbol is in the official checkpoint but absent from diagnostic replay.
2022-03-31,MISSING_FROM_REPLAY,dabur,2013-04-18,4942c0f021abcd6ed9702c343c2696ec44cfa8022c7e37448f8a78c075c4a16d,UNRESOLVED_MANUAL_REVIEW,No authoritative 2012 anchor or complete certified event chain; symbol is in the official checkpoint but absent from diagnostic replay.
2022-03-31,MISSING_FROM_REPLAY,divislab,2013-04-18,4942c0f021abcd6ed9702c343c2696ec44cfa8022c7e37448f8a78c075c4a16d,UNRESOLVED_MANUAL_REVIEW,No authoritative 2012 anchor or complete certified event chain; symbol is in the official checkpoint but absent from diagnostic replay.
2022-03-31,MISSING_FROM_REPLAY,drreddy,2013-04-18,4942c0f021abcd6ed9702c343c2696ec44cfa8022c7e37448f8a78c075c4a16d,UNRESOLVED_MANUAL_REVIEW,No authoritative 2012 anchor or complete certified event chain; symbol is in the official checkpoint but absent from diagnostic replay.
2022-03-31,MISSING_FROM_REPLAY,eichermot,2013-04-18,4942c0f021abcd6ed9702c343c2696ec44cfa8022c7e37448f8a78c075c4a16d,UNRESOLVED_MANUAL_REVIEW,No authoritative 2012 anchor or complete certified event chain; symbol is in the official checkpoint but absent from diagnostic replay.
2022-03-31,MISSING_FROM_REPLAY,exideind,2013-04-18,4942c0f021abcd6ed9702c343c2696ec44cfa8022c7e37448f8a78c075c4a16d,UNRESOLVED_MANUAL_REVIEW,No authoritative 2012 anchor or complete certified event chain; symbol is in the official checkpoint but absent from diagnostic replay.
2022-03-31,MISSING_FROM_REPLAY,godrejcp,2013-04-18,4942c0f021abcd6ed9702c343c2696ec44cfa8022c7e37448f8a78c075c4a16d,UNRESOLVED_MANUAL_REVIEW,No authoritative 2012 anchor or complete certified event chain; symbol is in the official checkpoint but absent from diagnostic replay.
2022-03-31,MISSING_FROM_REPLAY,hal,2013-04-18,4942c0f021abcd6ed9702c343c2696ec44cfa8022c7e37448f8a78c075c4a16d,UNRESOLVED_MANUAL_REVIEW,No authoritative 2012 anchor or complete certified event chain; symbol is in the official checkpoint but absent from diagnostic replay.
2022-03-31,MISSING_FROM_REPLAY,hcltech,2013-04-18,4942c0f021abcd6ed9702c343c2696ec44cfa8022c7e37448f8a78c075c4a16d,UNRESOLVED_MANUAL_REVIEW,No authoritative 2012 anchor or complete certified event chain; symbol is in the official checkpoint but absent from diagnostic replay.
2022-03-31,MISSING_FROM_REPLAY,hindalco,2013-04-18,4942c0f021abcd6ed9702c343c2696ec44cfa8022c7e37448f8a78c075c4a16d,UNRESOLVED_MANUAL_REVIEW,No authoritative 2012 anchor or complete certified event chain; symbol is in the official checkpoint but absent from diagnostic replay.
2022-03-31,MISSING_FROM_REPLAY,hindunilvr,2013-04-18,4942c0f021abcd6ed9702c343c2696ec44cfa8022c7e37448f8a78c075c4a16d,UNRESOLVED_MANUAL_REVIEW,No authoritative 2012 anchor or complete certified event chain; symbol is in the official checkpoint but absent from diagnostic replay.
2022-03-31,MISSING_FROM_REPLAY,idfcfirstb,2013-04-18,4942c0f021abcd6ed9702c343c2696ec44cfa8022c7e37448f8a78c075c4a16d,UNRESOLVED_MANUAL_REVIEW,No authoritative 2012 anchor or complete certified event chain; symbol is in the official checkpoint but absent from diagnostic replay.
2022-03-31,MISSING_FROM_REPLAY,igl,2013-04-18,4942c0f021abcd6ed9702c343c2696ec44cfa8022c7e37448f8a78c075c4a16d,UNRESOLVED_MANUAL_REVIEW,No authoritative 2012 anchor or complete certified event chain; symbol is in the official checkpoint but absent from diagnostic replay.
2022-03-31,MISSING_FROM_REPLAY,indianb,2013-04-18,4942c0f021abcd6ed9702c343c2696ec44cfa8022c7e37448f8a78c075c4a16d,UNRESOLVED_MANUAL_REVIEW,No authoritative 2012 anchor or complete certified event chain; symbol is in the official checkpoint but absent from diagnostic replay.
2022-03-31,MISSING_FROM_REPLAY,industower,2013-04-18,4942c0f021abcd6ed9702c343c2696ec44cfa8022c7e37448f8a78c075c4a16d,UNRESOLVED_MANUAL_REVIEW,No authoritative 2012 anchor or complete certified event chain; symbol is in the official checkpoint but absent from diagnostic replay.
2022-03-31,MISSING_FROM_REPLAY,irctc,2013-04-18,4942c0f021abcd6ed9702c343c2696ec44cfa8022c7e37448f8a78c075c4a16d,UNRESOLVED_MANUAL_REVIEW,No authoritative 2012 anchor or complete certified event chain; symbol is in the official checkpoint but absent from diagnostic replay.
2022-03-31,MISSING_FROM_REPLAY,isec,2013-04-18,4942c0f021abcd6ed9702c343c2696ec44cfa8022c7e37448f8a78c075c4a16d,UNRESOLVED_MANUAL_REVIEW,No authoritative 2012 anchor or complete certified event chain; symbol is in the official checkpoint but absent from diagnostic replay.
2022-03-31,MISSING_FROM_REPLAY,jindalstel,2013-04-18,4942c0f021abcd6ed9702c343c2696ec44cfa8022c7e37448f8a78c075c4a16d,UNRESOLVED_MANUAL_REVIEW,No authoritative 2012 anchor or complete certified event chain; symbol is in the official checkpoint but absent from diagnostic replay.
2022-03-31,MISSING_FROM_REPLAY,jswsteel,2013-04-18,4942c0f021abcd6ed9702c343c2696ec44cfa8022c7e37448f8a78c075c4a16d,UNRESOLVED_MANUAL_REVIEW,No authoritative 2012 anchor or complete certified event chain; symbol is in the official checkpoint but absent from diagnostic replay.
2022-03-31,MISSING_FROM_REPLAY,jublfood,2013-04-18,4942c0f021abcd6ed9702c343c2696ec44cfa8022c7e37448f8a78c075c4a16d,UNRESOLVED_MANUAL_REVIEW,No authoritative 2012 anchor or complete certified event chain; symbol is in the official checkpoint but absent from diagnostic replay.
2022-03-31,MISSING_FROM_REPLAY,lupin,2013-04-18,4942c0f021abcd6ed9702c343c2696ec44cfa8022c7e37448f8a78c075c4a16d,UNRESOLVED_MANUAL_REVIEW,No authoritative 2012 anchor or complete certified event chain; symbol is in the official checkpoint but absent from diagnostic replay.
2022-03-31,MISSING_FROM_REPLAY,m&m,2013-04-18,4942c0f021abcd6ed9702c343c2696ec44cfa8022c7e37448f8a78c075c4a16d,UNRESOLVED_MANUAL_REVIEW,No authoritative 2012 anchor or complete certified event chain; symbol is in the official checkpoint but absent from diagnostic replay.
2022-03-31,MISSING_FROM_REPLAY,maruti,2013-04-18,4942c0f021abcd6ed9702c343c2696ec44cfa8022c7e37448f8a78c075c4a16d,UNRESOLVED_MANUAL_REVIEW,No authoritative 2012 anchor or complete certified event chain; symbol is in the official checkpoint but absent from diagnostic replay.
2022-03-31,MISSING_FROM_REPLAY,muthootfin,2013-04-18,4942c0f021abcd6ed9702c343c2696ec44cfa8022c7e37448f8a78c075c4a16d,UNRESOLVED_MANUAL_REVIEW,No authoritative 2012 anchor or complete certified event chain; symbol is in the official checkpoint but absent from diagnostic replay.
2022-03-31,MISSING_FROM_REPLAY,nam-india,2013-04-18,4942c0f021abcd6ed9702c343c2696ec44cfa8022c7e37448f8a78c075c4a16d,UNRESOLVED_MANUAL_REVIEW,No authoritative 2012 anchor or complete certified event chain; symbol is in the official checkpoint but absent from diagnostic replay.
2022-03-31,MISSING_FROM_REPLAY,nationalum,2013-04-18,4942c0f021abcd6ed9702c343c2696ec44cfa8022c7e37448f8a78c075c4a16d,UNRESOLVED_MANUAL_REVIEW,No authoritative 2012 anchor or complete certified event chain; symbol is in the official checkpoint but absent from diagnostic replay.
2022-03-31,MISSING_FROM_REPLAY,naukri,2013-04-18,4942c0f021abcd6ed9702c343c2696ec44cfa8022c7e37448f8a78c075c4a16d,UNRESOLVED_MANUAL_REVIEW,No authoritative 2012 anchor or complete certified event chain; symbol is in the official checkpoint but absent from diagnostic replay.
2022-03-31,MISSING_FROM_REPLAY,navinfluor,2013-04-18,4942c0f021abcd6ed9702c343c2696ec44cfa8022c7e37448f8a78c075c4a16d,UNRESOLVED_MANUAL_REVIEW,No authoritative 2012 anchor or complete certified event chain; symbol is in the official checkpoint but absent from diagnostic replay.
2022-03-31,MISSING_FROM_REPLAY,nestleind,2013-04-18,4942c0f021abcd6ed9702c343c2696ec44cfa8022c7e37448f8a78c075c4a16d,UNRESOLVED_MANUAL_REVIEW,No authoritative 2012 anchor or complete certified event chain; symbol is in the official checkpoint but absent from diagnostic replay.
2022-03-31,MISSING_FROM_REPLAY,nmdc,2013-04-18,4942c0f021abcd6ed9702c343c2696ec44cfa8022c7e37448f8a78c075c4a16d,UNRESOLVED_MANUAL_REVIEW,No authoritative 2012 anchor or complete certified event chain; symbol is in the official checkpoint but absent from diagnostic replay.
2022-03-31,MISSING_FROM_REPLAY,oberoirlty,2013-04-18,4942c0f021abcd6ed9702c343c2696ec44cfa8022c7e37448f8a78c075c4a16d,UNRESOLVED_MANUAL_REVIEW,No authoritative 2012 anchor or complete certified event chain; symbol is in the official checkpoint but absent from diagnostic replay.
2022-03-31,MISSING_FROM_REPLAY,pageind,2013-04-18,4942c0f021abcd6ed9702c343c2696ec44cfa8022c7e37448f8a78c075c4a16d,UNRESOLVED_MANUAL_REVIEW,No authoritative 2012 anchor or complete certified event chain; symbol is in the official checkpoint but absent from diagnostic replay.
2022-03-31,MISSING_FROM_REPLAY,pidilitind,2013-04-18,4942c0f021abcd6ed9702c343c2696ec44cfa8022c7e37448f8a78c075c4a16d,UNRESOLVED_MANUAL_REVIEW,No authoritative 2012 anchor or complete certified event chain; symbol is in the official checkpoint but absent from diagnostic replay.
2022-03-31,MISSING_FROM_REPLAY,reliance,2013-04-18,4942c0f021abcd6ed9702c343c2696ec44cfa8022c7e37448f8a78c075c4a16d,UNRESOLVED_MANUAL_REVIEW,No authoritative 2012 anchor or complete certified event chain; symbol is in the official checkpoint but absent from diagnostic replay.
2022-03-31,MISSING_FROM_REPLAY,sail,2013-04-18,4942c0f021abcd6ed9702c343c2696ec44cfa8022c7e37448f8a78c075c4a16d,UNRESOLVED_MANUAL_REVIEW,No authoritative 2012 anchor or complete certified event chain; symbol is in the official checkpoint but absent from diagnostic replay.
2022-03-31,MISSING_FROM_REPLAY,shreecem,2013-04-18,4942c0f021abcd6ed9702c343c2696ec44cfa8022c7e37448f8a78c075c4a16d,UNRESOLVED_MANUAL_REVIEW,No authoritative 2012 anchor or complete certified event chain; symbol is in the official checkpoint but absent from diagnostic replay.
2022-03-31,MISSING_FROM_REPLAY,tatacomm,2013-04-18,4942c0f021abcd6ed9702c343c2696ec44cfa8022c7e37448f8a78c075c4a16d,UNRESOLVED_MANUAL_REVIEW,No authoritative 2012 anchor or complete certified event chain; symbol is in the official checkpoint but absent from diagnostic replay.
2022-03-31,MISSING_FROM_REPLAY,tataconsum,2013-04-18,4942c0f021abcd6ed9702c343c2696ec44cfa8022c7e37448f8a78c075c4a16d,UNRESOLVED_MANUAL_REVIEW,No authoritative 2012 anchor or complete certified event chain; symbol is in the official checkpoint but absent from diagnostic replay.
2022-03-31,MISSING_FROM_REPLAY,tatasteel,2013-04-18,4942c0f021abcd6ed9702c343c2696ec44cfa8022c7e37448f8a78c075c4a16d,UNRESOLVED_MANUAL_REVIEW,No authoritative 2012 anchor or complete certified event chain; symbol is in the official checkpoint but absent from diagnostic replay.
2022-03-31,MISSING_FROM_REPLAY,torntpharm,2013-04-18,4942c0f021abcd6ed9702c343c2696ec44cfa8022c7e37448f8a78c075c4a16d,UNRESOLVED_MANUAL_REVIEW,No authoritative 2012 anchor or complete certified event chain; symbol is in the official checkpoint but absent from diagnostic replay.
2022-03-31,MISSING_FROM_REPLAY,upl,2013-04-18,4942c0f021abcd6ed9702c343c2696ec44cfa8022c7e37448f8a78c075c4a16d,UNRESOLVED_MANUAL_REVIEW,No authoritative 2012 anchor or complete certified event chain; symbol is in the official checkpoint but absent from diagnostic replay.
2022-03-31,MISSING_FROM_REPLAY,voltas,2013-04-18,4942c0f021abcd6ed9702c343c2696ec44cfa8022c7e37448f8a78c075c4a16d,UNRESOLVED_MANUAL_REVIEW,No authoritative 2012 anchor or complete certified event chain; symbol is in the official checkpoint but absent from diagnostic replay.
2022-03-31,MISSING_FROM_REPLAY,yesbank,2013-04-18,4942c0f021abcd6ed9702c343c2696ec44cfa8022c7e37448f8a78c075c4a16d,UNRESOLVED_MANUAL_REVIEW,No authoritative 2012 anchor or complete certified event chain; symbol is in the official checkpoint but absent from diagnostic replay.
2022-03-31,MISSING_FROM_REPLAY,zyduslife,2013-04-18,4942c0f021abcd6ed9702c343c2696ec44cfa8022c7e37448f8a78c075c4a16d,UNRESOLVED_MANUAL_REVIEW,No authoritative 2012 anchor or complete certified event chain; symbol is in the official checkpoint but absent from diagnostic replay.
2022-03-31,UNEXPECTED_IN_REPLAY,adanigas,2013-04-18,4942c0f021abcd6ed9702c343c2696ec44cfa8022c7e37448f8a78c075c4a16d,UNRESOLVED_MANUAL_REVIEW,Diagnostic reverse replay retains a symbol not present in the official checkpoint.
2022-03-31,UNEXPECTED_IN_REPLAY,adanipower,2013-04-18,4942c0f021abcd6ed9702c343c2696ec44cfa8022c7e37448f8a78c075c4a16d,UNRESOLVED_MANUAL_REVIEW,Diagnostic reverse replay retains a symbol not present in the official checkpoint.
2022-03-31,UNEXPECTED_IN_REPLAY,bbtc,2013-04-18,4942c0f021abcd6ed9702c343c2696ec44cfa8022c7e37448f8a78c075c4a16d,UNRESOLVED_MANUAL_REVIEW,Diagnostic reverse replay retains a symbol not present in the official checkpoint.
2022-03-31,UNEXPECTED_IN_REPLAY,cesc,2013-04-18,4942c0f021abcd6ed9702c343c2696ec44cfa8022c7e37448f8a78c075c4a16d,UNRESOLVED_MANUAL_REVIEW,Diagnostic reverse replay retains a symbol not present in the official checkpoint.
2022-03-31,UNEXPECTED_IN_REPLAY,chamblfert,2013-04-18,4942c0f021abcd6ed9702c343c2696ec44cfa8022c7e37448f8a78c075c4a16d,UNRESOLVED_MANUAL_REVIEW,Diagnostic reverse replay retains a symbol not present in the official checkpoint.
2022-03-31,UNEXPECTED_IN_REPLAY,coreedutec,2013-04-18,4942c0f021abcd6ed9702c343c2696ec44cfa8022c7e37448f8a78c075c4a16d,UNRESOLVED_MANUAL_REVIEW,Diagnostic reverse replay retains a symbol not present in the official checkpoint.
2022-03-31,UNEXPECTED_IN_REPLAY,denabank,2013-04-18,4942c0f021abcd6ed9702c343c2696ec44cfa8022c7e37448f8a78c075c4a16d,UNRESOLVED_MANUAL_REVIEW,Diagnostic reverse replay retains a symbol not present in the official checkpoint.
2022-03-31,UNEXPECTED_IN_REPLAY,finantech,2013-04-18,4942c0f021abcd6ed9702c343c2696ec44cfa8022c7e37448f8a78c075c4a16d,UNRESOLVED_MANUAL_REVIEW,Diagnostic reverse replay retains a symbol not present in the official checkpoint.
2022-03-31,UNEXPECTED_IN_REPLAY,gitanjali,2013-04-18,4942c0f021abcd6ed9702c343c2696ec44cfa8022c7e37448f8a78c075c4a16d,UNRESOLVED_MANUAL_REVIEW,Diagnostic reverse replay retains a symbol not present in the official checkpoint.
2022-03-31,UNEXPECTED_IN_REPLAY,gmdcltd,2013-04-18,4942c0f021abcd6ed9702c343c2696ec44cfa8022c7e37448f8a78c075c4a16d,UNRESOLVED_MANUAL_REVIEW,Diagnostic reverse replay retains a symbol not present in the official checkpoint.
2022-03-31,UNEXPECTED_IN_REPLAY,godrejagro,2013-04-18,4942c0f021abcd6ed9702c343c2696ec44cfa8022c7e37448f8a78c075c4a16d,UNRESOLVED_MANUAL_REVIEW,Diagnostic reverse replay retains a symbol not present in the official checkpoint.
2022-03-31,UNEXPECTED_IN_REPLAY,gujratgas,2013-04-18,4942c0f021abcd6ed9702c343c2696ec44cfa8022c7e37448f8a78c075c4a16d,UNRESOLVED_MANUAL_REVIEW,Diagnostic reverse replay retains a symbol not present in the official checkpoint.
2022-03-31,UNEXPECTED_IN_REPLAY,gvkpil,2013-04-18,4942c0f021abcd6ed9702c343c2696ec44cfa8022c7e37448f8a78c075c4a16d,UNRESOLVED_MANUAL_REVIEW,Diagnostic reverse replay retains a symbol not present in the official checkpoint.
2022-03-31,UNEXPECTED_IN_REPLAY,hathway,2013-04-18,4942c0f021abcd6ed9702c343c2696ec44cfa8022c7e37448f8a78c075c4a16d,UNRESOLVED_MANUAL_REVIEW,Diagnostic reverse replay retains a symbol not present in the official checkpoint.
2022-03-31,UNEXPECTED_IN_REPLAY,hexaware,2013-04-18,4942c0f021abcd6ed9702c343c2696ec44cfa8022c7e37448f8a78c075c4a16d,UNRESOLVED_MANUAL_REVIEW,Diagnostic reverse replay retains a symbol not present in the official checkpoint.
2022-03-31,UNEXPECTED_IN_REPLAY,ibventures,2013-04-18,4942c0f021abcd6ed9702c343c2696ec44cfa8022c7e37448f8a78c075c4a16d,UNRESOLVED_MANUAL_REVIEW,Diagnostic reverse replay retains a symbol not present in the official checkpoint.
2022-03-31,UNEXPECTED_IN_REPLAY,idfcbank,2013-04-18,4942c0f021abcd6ed9702c343c2696ec44cfa8022c7e37448f8a78c075c4a16d,UNRESOLVED_MANUAL_REVIEW,Diagnostic reverse replay retains a symbol not present in the official checkpoint.
2022-03-31,UNEXPECTED_IN_REPLAY,indiainfo,2013-04-18,4942c0f021abcd6ed9702c343c2696ec44cfa8022c7e37448f8a78c075c4a16d,UNRESOLVED_MANUAL_REVIEW,Diagnostic reverse replay retains a symbol not present in the official checkpoint.
2022-03-31,UNEXPECTED_IN_REPLAY,ivrclinfra,2013-04-18,4942c0f021abcd6ed9702c343c2696ec44cfa8022c7e37448f8a78c075c4a16d,UNRESOLVED_MANUAL_REVIEW,Diagnostic reverse replay retains a symbol not present in the official checkpoint.
2022-03-31,UNEXPECTED_IN_REPLAY,jindalsaw,2013-04-18,4942c0f021abcd6ed9702c343c2696ec44cfa8022c7e37448f8a78c075c4a16d,UNRESOLVED_MANUAL_REVIEW,Diagnostic reverse replay retains a symbol not present in the official checkpoint.
2022-03-31,UNEXPECTED_IN_REPLAY,jubilant,2013-04-18,4942c0f021abcd6ed9702c343c2696ec44cfa8022c7e37448f8a78c075c4a16d,UNRESOLVED_MANUAL_REVIEW,Diagnostic reverse replay retains a symbol not present in the official checkpoint.
2022-03-31,UNEXPECTED_IN_REPLAY,litl,2013-04-18,4942c0f021abcd6ed9702c343c2696ec44cfa8022c7e37448f8a78c075c4a16d,UNRESOLVED_MANUAL_REVIEW,Diagnostic reverse replay retains a symbol not present in the official checkpoint.
2022-03-31,UNEXPECTED_IN_REPLAY,madrascem,2013-04-18,4942c0f021abcd6ed9702c343c2696ec44cfa8022c7e37448f8a78c075c4a16d,UNRESOLVED_MANUAL_REVIEW,Diagnostic reverse replay retains a symbol not present in the official checkpoint.
2022-03-31,UNEXPECTED_IN_REPLAY,mrpl,2013-04-18,4942c0f021abcd6ed9702c343c2696ec44cfa8022c7e37448f8a78c075c4a16d,UNRESOLVED_MANUAL_REVIEW,Diagnostic reverse replay retains a symbol not present in the official checkpoint.
2022-03-31,UNEXPECTED_IN_REPLAY,nhpc,2013-04-18,4942c0f021abcd6ed9702c343c2696ec44cfa8022c7e37448f8a78c075c4a16d,UNRESOLVED_MANUAL_REVIEW,Diagnostic reverse replay retains a symbol not present in the official checkpoint.
2022-03-31,UNEXPECTED_IN_REPLAY,niittech,2013-04-18,4942c0f021abcd6ed9702c343c2696ec44cfa8022c7e37448f8a78c075c4a16d,UNRESOLVED_MANUAL_REVIEW,Diagnostic reverse replay retains a symbol not present in the official checkpoint.
2022-03-31,UNEXPECTED_IN_REPLAY,optocircui,2013-04-18,4942c0f021abcd6ed9702c343c2696ec44cfa8022c7e37448f8a78c075c4a16d,UNRESOLVED_MANUAL_REVIEW,Diagnostic reverse replay retains a symbol not present in the official checkpoint.
2022-03-31,UNEXPECTED_IN_REPLAY,orissamine,2013-04-18,4942c0f021abcd6ed9702c343c2696ec44cfa8022c7e37448f8a78c075c4a16d,UNRESOLVED_MANUAL_REVIEW,Diagnostic reverse replay retains a symbol not present in the official checkpoint.
2022-03-31,UNEXPECTED_IN_REPLAY,pnbhousing,2013-04-18,4942c0f021abcd6ed9702c343c2696ec44cfa8022c7e37448f8a78c075c4a16d,UNRESOLVED_MANUAL_REVIEW,Diagnostic reverse replay retains a symbol not present in the official checkpoint.
2022-03-31,UNEXPECTED_IN_REPLAY,punjlloyd,2013-04-18,4942c0f021abcd6ed9702c343c2696ec44cfa8022c7e37448f8a78c075c4a16d,UNRESOLVED_MANUAL_REVIEW,Diagnostic reverse replay retains a symbol not present in the official checkpoint.
2022-03-31,UNEXPECTED_IN_REPLAY,quess,2013-04-18,4942c0f021abcd6ed9702c343c2696ec44cfa8022c7e37448f8a78c075c4a16d,UNRESOLVED_MANUAL_REVIEW,Diagnostic reverse replay retains a symbol not present in the official checkpoint.
2022-03-31,UNEXPECTED_IN_REPLAY,rnam,2013-04-18,4942c0f021abcd6ed9702c343c2696ec44cfa8022c7e37448f8a78c075c4a16d,UNRESOLVED_MANUAL_REVIEW,Diagnostic reverse replay retains a symbol not present in the official checkpoint.
2022-03-31,UNEXPECTED_IN_REPLAY,sesagoa,2013-04-18,4942c0f021abcd6ed9702c343c2696ec44cfa8022c7e37448f8a78c075c4a16d,UNRESOLVED_MANUAL_REVIEW,Diagnostic reverse replay retains a symbol not present in the official checkpoint.
2022-03-31,UNEXPECTED_IN_REPLAY,shriramcit,2013-04-18,4942c0f021abcd6ed9702c343c2696ec44cfa8022c7e37448f8a78c075c4a16d,UNRESOLVED_MANUAL_REVIEW,Diagnostic reverse replay retains a symbol not present in the official checkpoint.
2022-03-31,UNEXPECTED_IN_REPLAY,sksmicro,2013-04-18,4942c0f021abcd6ed9702c343c2696ec44cfa8022c7e37448f8a78c075c4a16d,UNRESOLVED_MANUAL_REVIEW,Diagnostic reverse replay retains a symbol not present in the official checkpoint.
2022-03-31,UNEXPECTED_IN_REPLAY,tataglobal,2013-04-18,4942c0f021abcd6ed9702c343c2696ec44cfa8022c7e37448f8a78c075c4a16d,UNRESOLVED_MANUAL_REVIEW,Diagnostic reverse replay retains a symbol not present in the official checkpoint.
2022-03-31,UNEXPECTED_IN_REPLAY,uniphos,2013-04-18,4942c0f021abcd6ed9702c343c2696ec44cfa8022c7e37448f8a78c075c4a16d,UNRESOLVED_MANUAL_REVIEW,Diagnostic reverse replay retains a symbol not present in the official checkpoint.
2022-03-31,UNEXPECTED_IN_REPLAY,welcorp,2013-04-18,4942c0f021abcd6ed9702c343c2696ec44cfa8022c7e37448f8a78c075c4a16d,UNRESOLVED_MANUAL_REVIEW,Diagnostic reverse replay retains a symbol not present in the official checkpoint.
